time,model_id,model_name,port_name,data
0,2,coastGuardShip,,The ship will arrive in 0 hours.
0,3,evacueeManager,,OFF SHIP: White;0;Green;475;Yellow;20;Red;5;Black;0;ON SHIP: White;0;Green;0;Yellow;0;Red;0;Evacuees to Transfer;
0,4,helipadManager,,;No helos are at ES
0,5,helicopterQueue,,;No helos are waiting to land
0,7,filterLoc,,
0,8,evacuee,,Evacuee;500;in triage state;R;is at the evacuation site
0,10,filterLoc,,
0,11,evacuee,,Evacuee;498;in triage state;R;is at the evacuation site
0,13,filterLoc,,
0,14,evacuee,,Evacuee;494;in triage state;Y;is at the evacuation site
0,16,filterLoc,,
0,17,evacuee,,Evacuee;492;in triage state;Y;is at the evacuation site
0,19,filterLoc,,
0,20,evacuee,,Evacuee;489;in triage state;Y;is at the evacuation site
0,22,filterLoc,,
0,23,evacuee,,Evacuee;486;in triage state;Y;is at the evacuation site
0,25,filterLoc,,
0,26,evacuee,,Evacuee;484;in triage state;Y;is at the evacuation site
0,28,filterLoc,,
0,29,evacuee,,Evacuee;483;in triage state;Y;is at the evacuation site
0,31,filterLoc,,
0,32,evacuee,,Evacuee;482;in triage state;Y;is at the evacuation site
0,34,filterLoc,,
0,35,evacuee,,Evacuee;499;in triage state;R;is at the evacuation site
0,37,filterLoc,,
0,38,evacuee,,Evacuee;479;in triage state;Y;is at the evacuation site
0,40,filterLoc,,
0,41,evacuee,,Evacuee;478;in triage state;Y;is at the evacuation site
0,43,filterLoc,,
0,44,evacuee,,Evacuee;476;in triage state;Y;is at the evacuation site
0,46,filterLoc,,
0,47,evacuee,,Evacuee;475;in triage state;G;is at the evacuation site
0,49,filterLoc,,
0,50,evacuee,,Evacuee;472;in triage state;G;is at the evacuation site
0,52,filterLoc,,
0,53,evacuee,,Evacuee;471;in triage state;G;is at the evacuation site
0,55,filterLoc,,
0,56,evacuee,,Evacuee;468;in triage state;G;is at the evacuation site
0,58,filterLoc,,
0,59,evacuee,,Evacuee;463;in triage state;G;is at the evacuation site
0,61,filterLoc,,
0,62,evacuee,,Evacuee;462;in triage state;G;is at the evacuation site
0,64,filterLoc,,
0,65,evacuee,,Evacuee;461;in triage state;G;is at the evacuation site
0,67,filterLoc,,
0,68,evacuee,,Evacuee;459;in triage state;G;is at the evacuation site
0,70,filterLoc,,
0,71,evacuee,,Evacuee;495;in triage state;Y;is at the evacuation site
0,73,filterLoc,,
0,74,evacuee,,Evacuee;477;in triage state;Y;is at the evacuation site
0,76,filterLoc,,
0,77,evacuee,,Evacuee;458;in triage state;G;is at the evacuation site
0,79,filterLoc,,
0,80,evacuee,,Evacuee;456;in triage state;G;is at the evacuation site
0,82,filterLoc,,
0,83,evacuee,,Evacuee;455;in triage state;G;is at the evacuation site
0,85,filterLoc,,
0,86,evacuee,,Evacuee;448;in triage state;G;is at the evacuation site
0,88,filterLoc,,
0,89,evacuee,,Evacuee;445;in triage state;G;is at the evacuation site
0,91,filterLoc,,
0,92,evacuee,,Evacuee;442;in triage state;G;is at the evacuation site
0,94,filterLoc,,
0,95,evacuee,,Evacuee;441;in triage state;G;is at the evacuation site
0,97,filterLoc,,
0,98,evacuee,,Evacuee;439;in triage state;G;is at the evacuation site
0,100,filterLoc,,
0,101,evacuee,,Evacuee;437;in triage state;G;is at the evacuation site
0,103,filterLoc,,
0,104,evacuee,,Evacuee;436;in triage state;G;is at the evacuation site
0,106,filterEvac,,
0,107,filterES,,
0,108,helicopter,,Helicopter;3;is unloading people at the FOL;;and has;0;spots taken
0,110,filterLoc,,
0,111,evacuee,,Evacuee;434;in triage state;G;is at the evacuation site
0,113,filterLoc,,
0,114,evacuee,,Evacuee;433;in triage state;G;is at the evacuation site
0,116,filterLoc,,
0,117,evacuee,,Evacuee;428;in triage state;G;is at the evacuation site
0,119,filterLoc,,
0,120,evacuee,,Evacuee;426;in triage state;G;is at the evacuation site
0,122,filterLoc,,
0,123,evacuee,,Evacuee;423;in triage state;G;is at the evacuation site
0,125,filterLoc,,
0,126,evacuee,,Evacuee;420;in triage state;G;is at the evacuation site
0,128,filterLoc,,
0,129,evacuee,,Evacuee;419;in triage state;G;is at the evacuation site
0,131,filterLoc,,
0,132,evacuee,,Evacuee;414;in triage state;G;is at the evacuation site
0,134,filterLoc,,
0,135,evacuee,,Evacuee;411;in triage state;G;is at the evacuation site
0,137,filterLoc,,
0,138,evacuee,,Evacuee;422;in triage state;G;is at the evacuation site
0,140,filterLoc,,
0,141,evacuee,,Evacuee;409;in triage state;G;is at the evacuation site
0,143,filterLoc,,
0,144,evacuee,,Evacuee;408;in triage state;G;is at the evacuation site
0,146,filterLoc,,
0,147,evacuee,,Evacuee;406;in triage state;G;is at the evacuation site
0,149,filterLoc,,
0,150,evacuee,,Evacuee;404;in triage state;G;is at the evacuation site
0,152,filterLoc,,
0,153,evacuee,,Evacuee;403;in triage state;G;is at the evacuation site
0,155,filterLoc,,
0,156,evacuee,,Evacuee;401;in triage state;G;is at the evacuation site
0,158,filterLoc,,
0,159,evacuee,,Evacuee;398;in triage state;G;is at the evacuation site
0,161,filterLoc,,
0,162,evacuee,,Evacuee;397;in triage state;G;is at the evacuation site
0,164,filterLoc,,
0,165,evacuee,,Evacuee;452;in triage state;G;is at the evacuation site
0,167,filterLoc,,
0,168,evacuee,,Evacuee;396;in triage state;G;is at the evacuation site
0,170,filterLoc,,
0,171,evacuee,,Evacuee;395;in triage state;G;is at the evacuation site
0,173,filterLoc,,
0,174,evacuee,,Evacuee;393;in triage state;G;is at the evacuation site
0,176,filterLoc,,
0,177,evacuee,,Evacuee;392;in triage state;G;is at the evacuation site
0,179,filterLoc,,
0,180,evacuee,,Evacuee;389;in triage state;G;is at the evacuation site
0,182,filterLoc,,
0,183,evacuee,,Evacuee;384;in triage state;G;is at the evacuation site
0,185,filterLoc,,
0,186,evacuee,,Evacuee;430;in triage state;G;is at the evacuation site
0,188,filterLoc,,
0,189,evacuee,,Evacuee;383;in triage state;G;is at the evacuation site
0,191,filterLoc,,
0,192,evacuee,,Evacuee;480;in triage state;Y;is at the evacuation site
0,194,filterLoc,,
0,195,evacuee,,Evacuee;382;in triage state;G;is at the evacuation site
0,197,filterLoc,,
0,198,evacuee,,Evacuee;381;in triage state;G;is at the evacuation site
0,200,filterLoc,,
0,201,evacuee,,Evacuee;427;in triage state;G;is at the evacuation site
0,203,filterLoc,,
0,204,evacuee,,Evacuee;380;in triage state;G;is at the evacuation site
0,206,filterLoc,,
0,207,evacuee,,Evacuee;379;in triage state;G;is at the evacuation site
0,209,filterLoc,,
0,210,evacuee,,Evacuee;378;in triage state;G;is at the evacuation site
0,212,filterLoc,,
0,213,evacuee,,Evacuee;377;in triage state;G;is at the evacuation site
0,215,filterLoc,,
0,216,evacuee,,Evacuee;375;in triage state;G;is at the evacuation site
0,218,filterLoc,,
0,219,evacuee,,Evacuee;374;in triage state;G;is at the evacuation site
0,221,filterLoc,,
0,222,evacuee,,Evacuee;372;in triage state;G;is at the evacuation site
0,224,filterLoc,,
0,225,evacuee,,Evacuee;371;in triage state;G;is at the evacuation site
0,226,FOL,,;Lives Saved;0
0,228,filterLoc,,
0,229,evacuee,,Evacuee;370;in triage state;G;is at the evacuation site
0,231,filterLoc,,
0,232,evacuee,,Evacuee;457;in triage state;G;is at the evacuation site
0,234,filterLoc,,
0,235,evacuee,,Evacuee;369;in triage state;G;is at the evacuation site
0,237,filterLoc,,
0,238,evacuee,,Evacuee;366;in triage state;G;is at the evacuation site
0,240,filterLoc,,
0,241,evacuee,,Evacuee;362;in triage state;G;is at the evacuation site
0,243,filterLoc,,
0,244,evacuee,,Evacuee;425;in triage state;G;is at the evacuation site
0,246,filterLoc,,
0,247,evacuee,,Evacuee;360;in triage state;G;is at the evacuation site
0,249,filterLoc,,
0,250,evacuee,,Evacuee;357;in triage state;G;is at the evacuation site
0,252,filterLoc,,
0,253,evacuee,,Evacuee;354;in triage state;G;is at the evacuation site
0,255,filterLoc,,
0,256,evacuee,,Evacuee;353;in triage state;G;is at the evacuation site
0,258,filterLoc,,
0,259,evacuee,,Evacuee;351;in triage state;G;is at the evacuation site
0,261,filterLoc,,
0,262,evacuee,,Evacuee;349;in triage state;G;is at the evacuation site
0,264,filterLoc,,
0,265,evacuee,,Evacuee;348;in triage state;G;is at the evacuation site
0,267,filterLoc,,
0,268,evacuee,,Evacuee;346;in triage state;G;is at the evacuation site
0,270,filterLoc,,
0,271,evacuee,,Evacuee;341;in triage state;G;is at the evacuation site
0,273,filterLoc,,
0,274,evacuee,,Evacuee;340;in triage state;G;is at the evacuation site
0,276,filterLoc,,
0,277,evacuee,,Evacuee;338;in triage state;G;is at the evacuation site
0,279,filterLoc,,
0,280,evacuee,,Evacuee;335;in triage state;G;is at the evacuation site
0,282,filterLoc,,
0,283,evacuee,,Evacuee;331;in triage state;G;is at the evacuation site
0,285,filterLoc,,
0,286,evacuee,,Evacuee;330;in triage state;G;is at the evacuation site
0,288,filterLoc,,
0,289,evacuee,,Evacuee;328;in triage state;G;is at the evacuation site
0,291,filterLoc,,
0,292,evacuee,,Evacuee;327;in triage state;G;is at the evacuation site
0,294,filterLoc,,
0,295,evacuee,,Evacuee;410;in triage state;G;is at the evacuation site
0,297,filterLoc,,
0,298,evacuee,,Evacuee;326;in triage state;G;is at the evacuation site
0,300,filterLoc,,
0,301,evacuee,,Evacuee;466;in triage state;G;is at the evacuation site
0,303,filterLoc,,
0,304,evacuee,,Evacuee;325;in triage state;G;is at the evacuation site
0,306,filterLoc,,
0,307,evacuee,,Evacuee;365;in triage state;G;is at the evacuation site
0,309,filterLoc,,
0,310,evacuee,,Evacuee;322;in triage state;G;is at the evacuation site
0,312,filterLoc,,
0,313,evacuee,,Evacuee;321;in triage state;G;is at the evacuation site
0,315,filterLoc,,
0,316,evacuee,,Evacuee;319;in triage state;G;is at the evacuation site
0,318,filterLoc,,
0,319,evacuee,,Evacuee;318;in triage state;G;is at the evacuation site
0,321,filterLoc,,
0,322,evacuee,,Evacuee;317;in triage state;G;is at the evacuation site
0,324,filterLoc,,
0,325,evacuee,,Evacuee;460;in triage state;G;is at the evacuation site
0,327,filterLoc,,
0,328,evacuee,,Evacuee;316;in triage state;G;is at the evacuation site
0,330,filterLoc,,
0,331,evacuee,,Evacuee;446;in triage state;G;is at the evacuation site
0,333,filterLoc,,
0,334,evacuee,,Evacuee;313;in triage state;G;is at the evacuation site
0,336,filterLoc,,
0,337,evacuee,,Evacuee;443;in triage state;G;is at the evacuation site
0,339,filterLoc,,
0,340,evacuee,,Evacuee;312;in triage state;G;is at the evacuation site
0,342,filterLoc,,
0,343,evacuee,,Evacuee;309;in triage state;G;is at the evacuation site
0,345,filterLoc,,
0,346,evacuee,,Evacuee;306;in triage state;G;is at the evacuation site
0,348,filterLoc,,
0,349,evacuee,,Evacuee;305;in triage state;G;is at the evacuation site
0,351,filterLoc,,
0,352,evacuee,,Evacuee;303;in triage state;G;is at the evacuation site
0,354,filterLoc,,
0,355,evacuee,,Evacuee;295;in triage state;G;is at the evacuation site
0,357,filterLoc,,
0,358,evacuee,,Evacuee;352;in triage state;G;is at the evacuation site
0,360,filterLoc,,
0,361,evacuee,,Evacuee;293;in triage state;G;is at the evacuation site
0,363,filterLoc,,
0,364,evacuee,,Evacuee;488;in triage state;Y;is at the evacuation site
0,366,filterLoc,,
0,367,evacuee,,Evacuee;413;in triage state;G;is at the evacuation site
0,369,filterLoc,,
0,370,evacuee,,Evacuee;292;in triage state;G;is at the evacuation site
0,372,filterLoc,,
0,373,evacuee,,Evacuee;291;in triage state;G;is at the evacuation site
0,375,filterLoc,,
0,376,evacuee,,Evacuee;290;in triage state;G;is at the evacuation site
0,378,filterLoc,,
0,379,evacuee,,Evacuee;350;in triage state;G;is at the evacuation site
0,381,filterLoc,,
0,382,evacuee,,Evacuee;288;in triage state;G;is at the evacuation site
0,384,filterLoc,,
0,385,evacuee,,Evacuee;287;in triage state;G;is at the evacuation site
0,387,filterLoc,,
0,388,evacuee,,Evacuee;415;in triage state;G;is at the evacuation site
0,390,filterLoc,,
0,391,evacuee,,Evacuee;376;in triage state;G;is at the evacuation site
0,393,filterLoc,,
0,394,evacuee,,Evacuee;284;in triage state;G;is at the evacuation site
0,396,filterLoc,,
0,397,evacuee,,Evacuee;283;in triage state;G;is at the evacuation site
0,399,filterLoc,,
0,400,evacuee,,Evacuee;282;in triage state;G;is at the evacuation site
0,402,filterLoc,,
0,403,evacuee,,Evacuee;281;in triage state;G;is at the evacuation site
0,405,filterLoc,,
0,406,evacuee,,Evacuee;280;in triage state;G;is at the evacuation site
0,408,filterLoc,,
0,409,evacuee,,Evacuee;333;in triage state;G;is at the evacuation site
0,411,filterLoc,,
0,412,evacuee,,Evacuee;279;in triage state;G;is at the evacuation site
0,414,filterLoc,,
0,415,evacuee,,Evacuee;278;in triage state;G;is at the evacuation site
0,417,filterLoc,,
0,418,evacuee,,Evacuee;277;in triage state;G;is at the evacuation site
0,420,filterLoc,,
0,421,evacuee,,Evacuee;315;in triage state;G;is at the evacuation site
0,423,filterLoc,,
0,424,evacuee,,Evacuee;274;in triage state;G;is at the evacuation site
0,426,filterLoc,,
0,427,evacuee,,Evacuee;273;in triage state;G;is at the evacuation site
0,429,filterLoc,,
0,430,evacuee,,Evacuee;337;in triage state;G;is at the evacuation site
0,432,filterLoc,,
0,433,evacuee,,Evacuee;301;in triage state;G;is at the evacuation site
0,435,filterLoc,,
0,436,evacuee,,Evacuee;272;in triage state;G;is at the evacuation site
0,438,filterLoc,,
0,439,evacuee,,Evacuee;270;in triage state;G;is at the evacuation site
0,441,filterLoc,,
0,442,evacuee,,Evacuee;264;in triage state;G;is at the evacuation site
0,444,filterLoc,,
0,445,evacuee,,Evacuee;262;in triage state;G;is at the evacuation site
0,447,filterLoc,,
0,448,evacuee,,Evacuee;260;in triage state;G;is at the evacuation site
0,450,filterLoc,,
0,451,evacuee,,Evacuee;259;in triage state;G;is at the evacuation site
0,453,filterLoc,,
0,454,evacuee,,Evacuee;125;in triage state;G;is at the evacuation site
0,456,filterLoc,,
0,457,evacuee,,Evacuee;114;in triage state;G;is at the evacuation site
0,459,filterLoc,,
0,460,evacuee,,Evacuee;289;in triage state;G;is at the evacuation site
0,462,filterLoc,,
0,463,evacuee,,Evacuee;88;in triage state;G;is at the evacuation site
0,465,filterLoc,,
0,466,evacuee,,Evacuee;449;in triage state;G;is at the evacuation site
0,468,filterLoc,,
0,469,evacuee,,Evacuee;122;in triage state;G;is at the evacuation site
0,471,filterLoc,,
0,472,evacuee,,Evacuee;108;in triage state;G;is at the evacuation site
0,474,filterLoc,,
0,475,evacuee,,Evacuee;276;in triage state;G;is at the evacuation site
0,477,filterLoc,,
0,478,evacuee,,Evacuee;121;in triage state;G;is at the evacuation site
0,480,filterLoc,,
0,481,evacuee,,Evacuee;386;in triage state;G;is at the evacuation site
0,483,filterLoc,,
0,484,evacuee,,Evacuee;117;in triage state;G;is at the evacuation site
0,486,filterLoc,,
0,487,evacuee,,Evacuee;192;in triage state;G;is at the evacuation site
0,489,filterLoc,,
0,490,evacuee,,Evacuee;432;in triage state;G;is at the evacuation site
0,492,filterLoc,,
0,493,evacuee,,Evacuee;245;in triage state;G;is at the evacuation site
0,495,filterLoc,,
0,496,evacuee,,Evacuee;310;in triage state;G;is at the evacuation site
0,498,filterLoc,,
0,499,evacuee,,Evacuee;118;in triage state;G;is at the evacuation site
0,501,filterLoc,,
0,502,evacuee,,Evacuee;491;in triage state;Y;is at the evacuation site
0,504,filterLoc,,
0,505,evacuee,,Evacuee;470;in triage state;G;is at the evacuation site
0,507,filterLoc,,
0,508,evacuee,,Evacuee;469;in triage state;G;is at the evacuation site
0,510,filterLoc,,
0,511,evacuee,,Evacuee;215;in triage state;G;is at the evacuation site
0,513,filterLoc,,
0,514,evacuee,,Evacuee;345;in triage state;G;is at the evacuation site
0,516,filterLoc,,
0,517,evacuee,,Evacuee;302;in triage state;G;is at the evacuation site
0,519,filterLoc,,
0,520,evacuee,,Evacuee;112;in triage state;G;is at the evacuation site
0,522,filterLoc,,
0,523,evacuee,,Evacuee;299;in triage state;G;is at the evacuation site
0,525,filterLoc,,
0,526,evacuee,,Evacuee;109;in triage state;G;is at the evacuation site
0,528,filterLoc,,
0,529,evacuee,,Evacuee;373;in triage state;G;is at the evacuation site
0,531,filterLoc,,
0,532,evacuee,,Evacuee;358;in triage state;G;is at the evacuation site
0,534,filterLoc,,
0,535,evacuee,,Evacuee;188;in triage state;G;is at the evacuation site
0,537,filterLoc,,
0,538,evacuee,,Evacuee;106;in triage state;G;is at the evacuation site
0,540,filterLoc,,
0,541,evacuee,,Evacuee;311;in triage state;G;is at the evacuation site
0,543,filterLoc,,
0,544,evacuee,,Evacuee;148;in triage state;G;is at the evacuation site
0,546,filterLoc,,
0,547,evacuee,,Evacuee;235;in triage state;G;is at the evacuation site
0,549,filterLoc,,
0,550,evacuee,,Evacuee;105;in triage state;G;is at the evacuation site
0,552,filterLoc,,
0,553,evacuee,,Evacuee;424;in triage state;G;is at the evacuation site
0,555,filterLoc,,
0,556,evacuee,,Evacuee;269;in triage state;G;is at the evacuation site
0,558,filterLoc,,
0,559,evacuee,,Evacuee;103;in triage state;G;is at the evacuation site
0,561,filterLoc,,
0,562,evacuee,,Evacuee;124;in triage state;G;is at the evacuation site
0,564,filterLoc,,
0,565,evacuee,,Evacuee;111;in triage state;G;is at the evacuation site
0,567,filterLoc,,
0,568,evacuee,,Evacuee;39;in triage state;G;is at the evacuation site
0,570,filterLoc,,
0,571,evacuee,,Evacuee;228;in triage state;G;is at the evacuation site
0,573,filterLoc,,
0,574,evacuee,,Evacuee;497;in triage state;R;is at the evacuation site
0,576,filterLoc,,
0,577,evacuee,,Evacuee;101;in triage state;G;is at the evacuation site
0,579,filterLoc,,
0,580,evacuee,,Evacuee;142;in triage state;G;is at the evacuation site
0,582,filterLoc,,
0,583,evacuee,,Evacuee;99;in triage state;G;is at the evacuation site
0,585,filterLoc,,
0,586,evacuee,,Evacuee;485;in triage state;Y;is at the evacuation site
0,588,filterLoc,,
0,589,evacuee,,Evacuee;324;in triage state;G;is at the evacuation site
0,591,filterLoc,,
0,592,evacuee,,Evacuee;95;in triage state;G;is at the evacuation site
0,594,filterLoc,,
0,595,evacuee,,Evacuee;447;in triage state;G;is at the evacuation site
0,597,filterLoc,,
0,598,evacuee,,Evacuee;361;in triage state;G;is at the evacuation site
0,600,filterLoc,,
0,601,evacuee,,Evacuee;342;in triage state;G;is at the evacuation site
0,603,filterLoc,,
0,604,evacuee,,Evacuee;93;in triage state;G;is at the evacuation site
0,606,filterLoc,,
0,607,evacuee,,Evacuee;136;in triage state;G;is at the evacuation site
0,609,filterLoc,,
0,610,evacuee,,Evacuee;412;in triage state;G;is at the evacuation site
0,612,filterLoc,,
0,613,evacuee,,Evacuee;90;in triage state;G;is at the evacuation site
0,615,filterLoc,,
0,616,evacuee,,Evacuee;1;in triage state;G;is at the evacuation site
0,618,filterLoc,,
0,619,evacuee,,Evacuee;83;in triage state;G;is at the evacuation site
0,621,filterLoc,,
0,622,evacuee,,Evacuee;127;in triage state;G;is at the evacuation site
0,624,filterLoc,,
0,625,evacuee,,Evacuee;49;in triage state;G;is at the evacuation site
0,627,filterLoc,,
0,628,evacuee,,Evacuee;87;in triage state;G;is at the evacuation site
0,630,filterLoc,,
0,631,evacuee,,Evacuee;297;in triage state;G;is at the evacuation site
0,633,filterLoc,,
0,634,evacuee,,Evacuee;86;in triage state;G;is at the evacuation site
0,636,filterLoc,,
0,637,evacuee,,Evacuee;51;in triage state;G;is at the evacuation site
0,639,filterLoc,,
0,640,evacuee,,Evacuee;444;in triage state;G;is at the evacuation site
0,642,filterLoc,,
0,643,evacuee,,Evacuee;80;in triage state;G;is at the evacuation site
0,645,filterLoc,,
0,646,evacuee,,Evacuee;79;in triage state;G;is at the evacuation site
0,648,filterLoc,,
0,649,evacuee,,Evacuee;115;in triage state;G;is at the evacuation site
0,651,filterLoc,,
0,652,evacuee,,Evacuee;98;in triage state;G;is at the evacuation site
0,654,filterLoc,,
0,655,evacuee,,Evacuee;356;in triage state;G;is at the evacuation site
0,657,filterLoc,,
0,658,evacuee,,Evacuee;78;in triage state;G;is at the evacuation site
0,660,filterLoc,,
0,661,evacuee,,Evacuee;213;in triage state;G;is at the evacuation site
0,663,filterLoc,,
0,664,evacuee,,Evacuee;344;in triage state;G;is at the evacuation site
0,666,filterLoc,,
0,667,evacuee,,Evacuee;77;in triage state;G;is at the evacuation site
0,669,filterLoc,,
0,670,evacuee,,Evacuee;156;in triage state;G;is at the evacuation site
0,672,filterLoc,,
0,673,evacuee,,Evacuee;300;in triage state;G;is at the evacuation site
0,675,filterLoc,,
0,676,evacuee,,Evacuee;165;in triage state;G;is at the evacuation site
0,678,filterLoc,,
0,679,evacuee,,Evacuee;454;in triage state;G;is at the evacuation site
0,681,filterLoc,,
0,682,evacuee,,Evacuee;440;in triage state;G;is at the evacuation site
0,684,filterLoc,,
0,685,evacuee,,Evacuee;76;in triage state;G;is at the evacuation site
0,687,filterLoc,,
0,688,evacuee,,Evacuee;431;in triage state;G;is at the evacuation site
0,690,filterLoc,,
0,691,evacuee,,Evacuee;74;in triage state;G;is at the evacuation site
0,693,filterLoc,,
0,694,evacuee,,Evacuee;363;in triage state;G;is at the evacuation site
0,696,filterLoc,,
0,697,evacuee,,Evacuee;251;in triage state;G;is at the evacuation site
0,699,filterLoc,,
0,700,evacuee,,Evacuee;134;in triage state;G;is at the evacuation site
0,702,filterLoc,,
0,703,evacuee,,Evacuee;199;in triage state;G;is at the evacuation site
0,705,filterLoc,,
0,706,evacuee,,Evacuee;66;in triage state;G;is at the evacuation site
0,708,filterLoc,,
0,709,evacuee,,Evacuee;62;in triage state;G;is at the evacuation site
0,711,filterLoc,,
0,712,evacuee,,Evacuee;223;in triage state;G;is at the evacuation site
0,714,filterLoc,,
0,715,evacuee,,Evacuee;465;in triage state;G;is at the evacuation site
0,717,filterLoc,,
0,718,evacuee,,Evacuee;60;in triage state;G;is at the evacuation site
0,720,filterLoc,,
0,721,evacuee,,Evacuee;385;in triage state;G;is at the evacuation site
0,723,filterLoc,,
0,724,evacuee,,Evacuee;181;in triage state;G;is at the evacuation site
0,726,filterLoc,,
0,727,evacuee,,Evacuee;135;in triage state;G;is at the evacuation site
0,729,filterLoc,,
0,730,evacuee,,Evacuee;15;in triage state;G;is at the evacuation site
0,732,filterLoc,,
0,733,evacuee,,Evacuee;474;in triage state;G;is at the evacuation site
0,735,filterLoc,,
0,736,evacuee,,Evacuee;17;in triage state;G;is at the evacuation site
0,738,filterLoc,,
0,739,evacuee,,Evacuee;481;in triage state;Y;is at the evacuation site
0,741,filterLoc,,
0,742,evacuee,,Evacuee;179;in triage state;G;is at the evacuation site
0,744,filterLoc,,
0,745,evacuee,,Evacuee;147;in triage state;G;is at the evacuation site
0,747,filterLoc,,
0,748,evacuee,,Evacuee;14;in triage state;G;is at the evacuation site
0,750,filterLoc,,
0,751,evacuee,,Evacuee;65;in triage state;G;is at the evacuation site
0,753,filterLoc,,
0,754,evacuee,,Evacuee;218;in triage state;G;is at the evacuation site
0,756,filterLoc,,
0,757,evacuee,,Evacuee;453;in triage state;G;is at the evacuation site
0,759,filterLoc,,
0,760,evacuee,,Evacuee;285;in triage state;G;is at the evacuation site
0,762,filterLoc,,
0,763,evacuee,,Evacuee;89;in triage state;G;is at the evacuation site
0,765,filterLoc,,
0,766,evacuee,,Evacuee;394;in triage state;G;is at the evacuation site
0,768,filterLoc,,
0,769,evacuee,,Evacuee;240;in triage state;G;is at the evacuation site
0,771,filterLoc,,
0,772,evacuee,,Evacuee;8;in triage state;G;is at the evacuation site
0,774,filterLoc,,
0,775,evacuee,,Evacuee;355;in triage state;G;is at the evacuation site
0,777,filterLoc,,
0,778,evacuee,,Evacuee;23;in triage state;G;is at the evacuation site
0,780,filterLoc,,
0,781,evacuee,,Evacuee;200;in triage state;G;is at the evacuation site
0,783,filterLoc,,
0,784,evacuee,,Evacuee;255;in triage state;G;is at the evacuation site
0,786,filterLoc,,
0,787,evacuee,,Evacuee;18;in triage state;G;is at the evacuation site
0,789,filterLoc,,
0,790,evacuee,,Evacuee;368;in triage state;G;is at the evacuation site
0,792,filterLoc,,
0,793,evacuee,,Evacuee;4;in triage state;G;is at the evacuation site
0,795,filterLoc,,
0,796,evacuee,,Evacuee;387;in triage state;G;is at the evacuation site
0,798,filterLoc,,
0,799,evacuee,,Evacuee;246;in triage state;G;is at the evacuation site
0,801,filterLoc,,
0,802,evacuee,,Evacuee;220;in triage state;G;is at the evacuation site
0,804,filterLoc,,
0,805,evacuee,,Evacuee;173;in triage state;G;is at the evacuation site
0,807,filterLoc,,
0,808,evacuee,,Evacuee;157;in triage state;G;is at the evacuation site
0,810,filterLoc,,
0,811,evacuee,,Evacuee;451;in triage state;G;is at the evacuation site
0,813,filterLoc,,
0,814,evacuee,,Evacuee;359;in triage state;G;is at the evacuation site
0,816,filterLoc,,
0,817,evacuee,,Evacuee;286;in triage state;G;is at the evacuation site
0,819,filterLoc,,
0,820,evacuee,,Evacuee;196;in triage state;G;is at the evacuation site
0,822,filterLoc,,
0,823,evacuee,,Evacuee;407;in triage state;G;is at the evacuation site
0,825,filterLoc,,
0,826,evacuee,,Evacuee;132;in triage state;G;is at the evacuation site
0,828,filterLoc,,
0,829,evacuee,,Evacuee;31;in triage state;G;is at the evacuation site
0,831,filterLoc,,
0,832,evacuee,,Evacuee;38;in triage state;G;is at the evacuation site
0,834,filterLoc,,
0,835,evacuee,,Evacuee;2;in triage state;G;is at the evacuation site
0,837,filterLoc,,
0,838,evacuee,,Evacuee;33;in triage state;G;is at the evacuation site
0,840,filterLoc,,
0,841,evacuee,,Evacuee;271;in triage state;G;is at the evacuation site
0,843,filterLoc,,
0,844,evacuee,,Evacuee;9;in triage state;G;is at the evacuation site
0,846,filterLoc,,
0,847,evacuee,,Evacuee;25;in triage state;G;is at the evacuation site
0,849,filterLoc,,
0,850,evacuee,,Evacuee;334;in triage state;G;is at the evacuation site
0,852,filterLoc,,
0,853,evacuee,,Evacuee;70;in triage state;G;is at the evacuation site
0,855,filterLoc,,
0,856,evacuee,,Evacuee;5;in triage state;G;is at the evacuation site
0,858,filterLoc,,
0,859,evacuee,,Evacuee;250;in triage state;G;is at the evacuation site
0,861,filterLoc,,
0,862,evacuee,,Evacuee;107;in triage state;G;is at the evacuation site
0,864,filterLoc,,
0,865,evacuee,,Evacuee;229;in triage state;G;is at the evacuation site
0,867,filterLoc,,
0,868,evacuee,,Evacuee;110;in triage state;G;is at the evacuation site
0,870,filterLoc,,
0,871,evacuee,,Evacuee;141;in triage state;G;is at the evacuation site
0,873,filterLoc,,
0,874,evacuee,,Evacuee;133;in triage state;G;is at the evacuation site
0,876,filterLoc,,
0,877,evacuee,,Evacuee;493;in triage state;Y;is at the evacuation site
0,879,filterLoc,,
0,880,evacuee,,Evacuee;473;in triage state;G;is at the evacuation site
0,882,filterLoc,,
0,883,evacuee,,Evacuee;400;in triage state;G;is at the evacuation site
0,885,filterLoc,,
0,886,evacuee,,Evacuee;268;in triage state;G;is at the evacuation site
0,888,filterLoc,,
0,889,evacuee,,Evacuee;100;in triage state;G;is at the evacuation site
0,891,filterLoc,,
0,892,evacuee,,Evacuee;29;in triage state;G;is at the evacuation site
0,894,filterLoc,,
0,895,evacuee,,Evacuee;158;in triage state;G;is at the evacuation site
0,897,filterLoc,,
0,898,evacuee,,Evacuee;187;in triage state;G;is at the evacuation site
0,900,filterLoc,,
0,901,evacuee,,Evacuee;85;in triage state;G;is at the evacuation site
0,903,filterLoc,,
0,904,evacuee,,Evacuee;487;in triage state;Y;is at the evacuation site
0,906,filterLoc,,
0,907,evacuee,,Evacuee;71;in triage state;G;is at the evacuation site
0,909,filterLoc,,
0,910,evacuee,,Evacuee;332;in triage state;G;is at the evacuation site
0,912,filterLoc,,
0,913,evacuee,,Evacuee;81;in triage state;G;is at the evacuation site
0,915,filterLoc,,
0,916,evacuee,,Evacuee;104;in triage state;G;is at the evacuation site
0,918,filterLoc,,
0,919,evacuee,,Evacuee;40;in triage state;G;is at the evacuation site
0,921,filterLoc,,
0,922,evacuee,,Evacuee;97;in triage state;G;is at the evacuation site
0,924,filterLoc,,
0,925,evacuee,,Evacuee;3;in triage state;G;is at the evacuation site
0,927,filterLoc,,
0,928,evacuee,,Evacuee;172;in triage state;G;is at the evacuation site
0,930,filterLoc,,
0,931,evacuee,,Evacuee;256;in triage state;G;is at the evacuation site
0,933,filterLoc,,
0,934,evacuee,,Evacuee;119;in triage state;G;is at the evacuation site
0,936,filterLoc,,
0,937,evacuee,,Evacuee;6;in triage state;G;is at the evacuation site
0,939,filterLoc,,
0,940,evacuee,,Evacuee;347;in triage state;G;is at the evacuation site
0,942,filterLoc,,
0,943,evacuee,,Evacuee;82;in triage state;G;is at the evacuation site
0,945,filterLoc,,
0,946,evacuee,,Evacuee;54;in triage state;G;is at the evacuation site
0,948,filterLoc,,
0,949,evacuee,,Evacuee;22;in triage state;G;is at the evacuation site
0,951,filterLoc,,
0,952,evacuee,,Evacuee;92;in triage state;G;is at the evacuation site
0,954,filterLoc,,
0,955,evacuee,,Evacuee;44;in triage state;G;is at the evacuation site
0,957,filterLoc,,
0,958,evacuee,,Evacuee;150;in triage state;G;is at the evacuation site
0,960,filterLoc,,
0,961,evacuee,,Evacuee;10;in triage state;G;is at the evacuation site
0,963,filterLoc,,
0,964,evacuee,,Evacuee;26;in triage state;G;is at the evacuation site
0,966,filterLoc,,
0,967,evacuee,,Evacuee;343;in triage state;G;is at the evacuation site
0,969,filterLoc,,
0,970,evacuee,,Evacuee;241;in triage state;G;is at the evacuation site
0,972,filterLoc,,
0,973,evacuee,,Evacuee;418;in triage state;G;is at the evacuation site
0,975,filterLoc,,
0,976,evacuee,,Evacuee;75;in triage state;G;is at the evacuation site
0,978,filterLoc,,
0,979,evacuee,,Evacuee;37;in triage state;G;is at the evacuation site
0,981,filterLoc,,
0,982,evacuee,,Evacuee;496;in triage state;R;is at the evacuation site
0,984,filterLoc,,
0,985,evacuee,,Evacuee;209;in triage state;G;is at the evacuation site
0,987,filterLoc,,
0,988,evacuee,,Evacuee;402;in triage state;G;is at the evacuation site
0,990,filterLoc,,
0,991,evacuee,,Evacuee;320;in triage state;G;is at the evacuation site
0,993,filterLoc,,
0,994,evacuee,,Evacuee;116;in triage state;G;is at the evacuation site
0,996,filterLoc,,
0,997,evacuee,,Evacuee;61;in triage state;G;is at the evacuation site
0,999,filterLoc,,
0,1000,evacuee,,Evacuee;52;in triage state;G;is at the evacuation site
0,1002,filterLoc,,
0,1003,evacuee,,Evacuee;41;in triage state;G;is at the evacuation site
0,1005,filterLoc,,
0,1006,evacuee,,Evacuee;304;in triage state;G;is at the evacuation site
0,1008,filterLoc,,
0,1009,evacuee,,Evacuee;154;in triage state;G;is at the evacuation site
0,1011,filterLoc,,
0,1012,evacuee,,Evacuee;421;in triage state;G;is at the evacuation site
0,1014,filterLoc,,
0,1015,evacuee,,Evacuee;405;in triage state;G;is at the evacuation site
0,1017,filterLoc,,
0,1018,evacuee,,Evacuee;21;in triage state;G;is at the evacuation site
0,1020,filterLoc,,
0,1021,evacuee,,Evacuee;68;in triage state;G;is at the evacuation site
0,1023,filterLoc,,
0,1024,evacuee,,Evacuee;72;in triage state;G;is at the evacuation site
0,1026,filterLoc,,
0,1027,evacuee,,Evacuee;46;in triage state;G;is at the evacuation site
0,1029,filterLoc,,
0,1030,evacuee,,Evacuee;53;in triage state;G;is at the evacuation site
0,1032,filterLoc,,
0,1033,evacuee,,Evacuee;13;in triage state;G;is at the evacuation site
0,1035,filterLoc,,
0,1036,evacuee,,Evacuee;24;in triage state;G;is at the evacuation site
0,1038,filterLoc,,
0,1039,evacuee,,Evacuee;32;in triage state;G;is at the evacuation site
0,1041,filterLoc,,
0,1042,evacuee,,Evacuee;34;in triage state;G;is at the evacuation site
0,1044,filterLoc,,
0,1045,evacuee,,Evacuee;64;in triage state;G;is at the evacuation site
0,1047,filterLoc,,
0,1048,evacuee,,Evacuee;429;in triage state;G;is at the evacuation site
0,1050,filterLoc,,
0,1051,evacuee,,Evacuee;102;in triage state;G;is at the evacuation site
0,1053,filterLoc,,
0,1054,evacuee,,Evacuee;160;in triage state;G;is at the evacuation site
0,1056,filterLoc,,
0,1057,evacuee,,Evacuee;20;in triage state;G;is at the evacuation site
0,1059,filterLoc,,
0,1060,evacuee,,Evacuee;35;in triage state;G;is at the evacuation site
0,1062,filterLoc,,
0,1063,evacuee,,Evacuee;155;in triage state;G;is at the evacuation site
0,1065,filterLoc,,
0,1066,evacuee,,Evacuee;36;in triage state;G;is at the evacuation site
0,1068,filterLoc,,
0,1069,evacuee,,Evacuee;198;in triage state;G;is at the evacuation site
0,1071,filterLoc,,
0,1072,evacuee,,Evacuee;84;in triage state;G;is at the evacuation site
0,1074,filterLoc,,
0,1075,evacuee,,Evacuee;42;in triage state;G;is at the evacuation site
0,1077,filterLoc,,
0,1078,evacuee,,Evacuee;91;in triage state;G;is at the evacuation site
0,1080,filterLoc,,
0,1081,evacuee,,Evacuee;43;in triage state;G;is at the evacuation site
0,1083,filterLoc,,
0,1084,evacuee,,Evacuee;30;in triage state;G;is at the evacuation site
0,1086,filterLoc,,
0,1087,evacuee,,Evacuee;336;in triage state;G;is at the evacuation site
0,1089,filterLoc,,
0,1090,evacuee,,Evacuee;307;in triage state;G;is at the evacuation site
0,1092,filterLoc,,
0,1093,evacuee,,Evacuee;212;in triage state;G;is at the evacuation site
0,1095,filterLoc,,
0,1096,evacuee,,Evacuee;391;in triage state;G;is at the evacuation site
0,1098,filterLoc,,
0,1099,evacuee,,Evacuee;388;in triage state;G;is at the evacuation site
0,1101,filterLoc,,
0,1102,evacuee,,Evacuee;55;in triage state;G;is at the evacuation site
0,1104,filterLoc,,
0,1105,evacuee,,Evacuee;48;in triage state;G;is at the evacuation site
0,1107,filterLoc,,
0,1108,evacuee,,Evacuee;144;in triage state;G;is at the evacuation site
0,1110,filterLoc,,
0,1111,evacuee,,Evacuee;50;in triage state;G;is at the evacuation site
0,1113,filterLoc,,
0,1114,evacuee,,Evacuee;19;in triage state;G;is at the evacuation site
0,1116,filterLoc,,
0,1117,evacuee,,Evacuee;182;in triage state;G;is at the evacuation site
0,1119,filterLoc,,
0,1120,evacuee,,Evacuee;490;in triage state;Y;is at the evacuation site
0,1122,filterLoc,,
0,1123,evacuee,,Evacuee;266;in triage state;G;is at the evacuation site
0,1125,filterLoc,,
0,1126,evacuee,,Evacuee;120;in triage state;G;is at the evacuation site
0,1128,filterEvac,,
0,1129,filterES,,
0,1130,helicopter,,Helicopter;2;is unloading people at the FOL;;and has;0;spots taken
0,1132,filterLoc,,
0,1133,evacuee,,Evacuee;94;in triage state;G;is at the evacuation site
0,1135,filterLoc,,
0,1136,evacuee,,Evacuee;63;in triage state;G;is at the evacuation site
0,1138,filterLoc,,
0,1139,evacuee,,Evacuee;175;in triage state;G;is at the evacuation site
0,1141,filterLoc,,
0,1142,evacuee,,Evacuee;47;in triage state;G;is at the evacuation site
0,1144,filterLoc,,
0,1145,evacuee,,Evacuee;56;in triage state;G;is at the evacuation site
0,1147,filterLoc,,
0,1148,evacuee,,Evacuee;367;in triage state;G;is at the evacuation site
0,1150,filterLoc,,
0,1151,evacuee,,Evacuee;364;in triage state;G;is at the evacuation site
0,1153,filterLoc,,
0,1154,evacuee,,Evacuee;208;in triage state;G;is at the evacuation site
0,1156,filterLoc,,
0,1157,evacuee,,Evacuee;57;in triage state;G;is at the evacuation site
0,1159,filterLoc,,
0,1160,evacuee,,Evacuee;231;in triage state;G;is at the evacuation site
0,1162,filterLoc,,
0,1163,evacuee,,Evacuee;261;in triage state;G;is at the evacuation site
0,1165,filterLoc,,
0,1166,evacuee,,Evacuee;45;in triage state;G;is at the evacuation site
0,1168,filterEvac,,
0,1169,filterES,,
0,1170,helicopter,,Helicopter;1;is unloading people at the FOL;;and has;0;spots taken
0,1172,filterLoc,,
0,1173,evacuee,,Evacuee;263;in triage state;G;is at the evacuation site
0,1175,filterLoc,,
0,1176,evacuee,,Evacuee;190;in triage state;G;is at the evacuation site
0,1178,filterLoc,,
0,1179,evacuee,,Evacuee;128;in triage state;G;is at the evacuation site
0,1181,filterLoc,,
0,1182,evacuee,,Evacuee;416;in triage state;G;is at the evacuation site
0,1184,filterLoc,,
0,1185,evacuee,,Evacuee;129;in triage state;G;is at the evacuation site
0,1187,filterLoc,,
0,1188,evacuee,,Evacuee;308;in triage state;G;is at the evacuation site
0,1190,filterLoc,,
0,1191,evacuee,,Evacuee;131;in triage state;G;is at the evacuation site
0,1193,filterLoc,,
0,1194,evacuee,,Evacuee;137;in triage state;G;is at the evacuation site
0,1196,filterLoc,,
0,1197,evacuee,,Evacuee;138;in triage state;G;is at the evacuation site
0,1199,filterLoc,,
0,1200,evacuee,,Evacuee;265;in triage state;G;is at the evacuation site
0,1202,filterLoc,,
0,1203,evacuee,,Evacuee;139;in triage state;G;is at the evacuation site
0,1205,filterLoc,,
0,1206,evacuee,,Evacuee;194;in triage state;G;is at the evacuation site
0,1208,filterLoc,,
0,1209,evacuee,,Evacuee;140;in triage state;G;is at the evacuation site
0,1211,filterLoc,,
0,1212,evacuee,,Evacuee;130;in triage state;G;is at the evacuation site
0,1214,filterLoc,,
0,1215,evacuee,,Evacuee;143;in triage state;G;is at the evacuation site
0,1217,filterLoc,,
0,1218,evacuee,,Evacuee;149;in triage state;G;is at the evacuation site
0,1220,filterLoc,,
0,1221,evacuee,,Evacuee;296;in triage state;G;is at the evacuation site
0,1223,filterLoc,,
0,1224,evacuee,,Evacuee;151;in triage state;G;is at the evacuation site
0,1226,filterLoc,,
0,1227,evacuee,,Evacuee;222;in triage state;G;is at the evacuation site
0,1229,filterLoc,,
0,1230,evacuee,,Evacuee;152;in triage state;G;is at the evacuation site
0,1232,filterLoc,,
0,1233,evacuee,,Evacuee;153;in triage state;G;is at the evacuation site
0,1235,filterLoc,,
0,1236,evacuee,,Evacuee;67;in triage state;G;is at the evacuation site
0,1238,filterLoc,,
0,1239,evacuee,,Evacuee;123;in triage state;G;is at the evacuation site
0,1241,filterLoc,,
0,1242,evacuee,,Evacuee;159;in triage state;G;is at the evacuation site
0,1244,filterLoc,,
0,1245,evacuee,,Evacuee;161;in triage state;G;is at the evacuation site
0,1247,filterLoc,,
0,1248,evacuee,,Evacuee;28;in triage state;G;is at the evacuation site
0,1250,filterLoc,,
0,1251,evacuee,,Evacuee;126;in triage state;G;is at the evacuation site
0,1253,filterLoc,,
0,1254,evacuee,,Evacuee;234;in triage state;G;is at the evacuation site
0,1256,filterLoc,,
0,1257,evacuee,,Evacuee;162;in triage state;G;is at the evacuation site
0,1259,filterLoc,,
0,1260,evacuee,,Evacuee;163;in triage state;G;is at the evacuation site
0,1262,filterLoc,,
0,1263,evacuee,,Evacuee;166;in triage state;G;is at the evacuation site
0,1265,filterLoc,,
0,1266,evacuee,,Evacuee;16;in triage state;G;is at the evacuation site
0,1268,filterLoc,,
0,1269,evacuee,,Evacuee;242;in triage state;G;is at the evacuation site
0,1271,filterLoc,,
0,1272,evacuee,,Evacuee;178;in triage state;G;is at the evacuation site
0,1274,filterLoc,,
0,1275,evacuee,,Evacuee;438;in triage state;G;is at the evacuation site
0,1277,filterLoc,,
0,1278,evacuee,,Evacuee;146;in triage state;G;is at the evacuation site
0,1280,filterLoc,,
0,1281,evacuee,,Evacuee;167;in triage state;G;is at the evacuation site
0,1283,filterLoc,,
0,1284,evacuee,,Evacuee;145;in triage state;G;is at the evacuation site
0,1286,filterLoc,,
0,1287,evacuee,,Evacuee;168;in triage state;G;is at the evacuation site
0,1289,filterLoc,,
0,1290,evacuee,,Evacuee;176;in triage state;G;is at the evacuation site
0,1292,filterLoc,,
0,1293,evacuee,,Evacuee;230;in triage state;G;is at the evacuation site
0,1295,filterLoc,,
0,1296,evacuee,,Evacuee;169;in triage state;G;is at the evacuation site
0,1298,filterLoc,,
0,1299,evacuee,,Evacuee;170;in triage state;G;is at the evacuation site
0,1301,filterLoc,,
0,1302,evacuee,,Evacuee;171;in triage state;G;is at the evacuation site
0,1304,filterLoc,,
0,1305,evacuee,,Evacuee;174;in triage state;G;is at the evacuation site
0,1307,filterLoc,,
0,1308,evacuee,,Evacuee;177;in triage state;G;is at the evacuation site
0,1310,filterLoc,,
0,1311,evacuee,,Evacuee;435;in triage state;G;is at the evacuation site
0,1313,filterLoc,,
0,1314,evacuee,,Evacuee;58;in triage state;G;is at the evacuation site
0,1316,filterLoc,,
0,1317,evacuee,,Evacuee;203;in triage state;G;is at the evacuation site
0,1319,filterLoc,,
0,1320,evacuee,,Evacuee;232;in triage state;G;is at the evacuation site
0,1322,filterLoc,,
0,1323,evacuee,,Evacuee;183;in triage state;G;is at the evacuation site
0,1325,filterLoc,,
0,1326,evacuee,,Evacuee;184;in triage state;G;is at the evacuation site
0,1328,filterLoc,,
0,1329,evacuee,,Evacuee;185;in triage state;G;is at the evacuation site
0,1331,filterLoc,,
0,1332,evacuee,,Evacuee;186;in triage state;G;is at the evacuation site
0,1334,filterLoc,,
0,1335,evacuee,,Evacuee;417;in triage state;G;is at the evacuation site
0,1337,filterLoc,,
0,1338,evacuee,,Evacuee;217;in triage state;G;is at the evacuation site
0,1340,filterLoc,,
0,1341,evacuee,,Evacuee;189;in triage state;G;is at the evacuation site
0,1343,filterLoc,,
0,1344,evacuee,,Evacuee;253;in triage state;G;is at the evacuation site
0,1346,filterLoc,,
0,1347,evacuee,,Evacuee;191;in triage state;G;is at the evacuation site
0,1349,filterLoc,,
0,1350,evacuee,,Evacuee;314;in triage state;G;is at the evacuation site
0,1352,filterLoc,,
0,1353,evacuee,,Evacuee;249;in triage state;G;is at the evacuation site
0,1355,filterLoc,,
0,1356,evacuee,,Evacuee;193;in triage state;G;is at the evacuation site
0,1358,filterLoc,,
0,1359,evacuee,,Evacuee;195;in triage state;G;is at the evacuation site
0,1361,filterLoc,,
0,1362,evacuee,,Evacuee;399;in triage state;G;is at the evacuation site
0,1364,filterLoc,,
0,1365,evacuee,,Evacuee;197;in triage state;G;is at the evacuation site
0,1367,filterLoc,,
0,1368,evacuee,,Evacuee;450;in triage state;G;is at the evacuation site
0,1370,filterLoc,,
0,1371,evacuee,,Evacuee;252;in triage state;G;is at the evacuation site
0,1373,filterLoc,,
0,1374,evacuee,,Evacuee;329;in triage state;G;is at the evacuation site
0,1376,filterLoc,,
0,1377,evacuee,,Evacuee;201;in triage state;G;is at the evacuation site
0,1379,filterLoc,,
0,1380,evacuee,,Evacuee;11;in triage state;G;is at the evacuation site
0,1382,filterLoc,,
0,1383,evacuee,,Evacuee;202;in triage state;G;is at the evacuation site
0,1385,filterLoc,,
0,1386,evacuee,,Evacuee;390;in triage state;G;is at the evacuation site
0,1388,filterLoc,,
0,1389,evacuee,,Evacuee;204;in triage state;G;is at the evacuation site
0,1391,filterLoc,,
0,1392,evacuee,,Evacuee;258;in triage state;G;is at the evacuation site
0,1394,filterLoc,,
0,1395,evacuee,,Evacuee;210;in triage state;G;is at the evacuation site
0,1397,filterLoc,,
0,1398,evacuee,,Evacuee;275;in triage state;G;is at the evacuation site
0,1400,filterLoc,,
0,1401,evacuee,,Evacuee;205;in triage state;G;is at the evacuation site
0,1403,filterLoc,,
0,1404,evacuee,,Evacuee;323;in triage state;G;is at the evacuation site
0,1406,filterLoc,,
0,1407,evacuee,,Evacuee;180;in triage state;G;is at the evacuation site
0,1409,filterLoc,,
0,1410,evacuee,,Evacuee;206;in triage state;G;is at the evacuation site
0,1412,filterLoc,,
0,1413,evacuee,,Evacuee;69;in triage state;G;is at the evacuation site
0,1415,filterLoc,,
0,1416,evacuee,,Evacuee;207;in triage state;G;is at the evacuation site
0,1418,filterLoc,,
0,1419,evacuee,,Evacuee;27;in triage state;G;is at the evacuation site
0,1421,filterLoc,,
0,1422,evacuee,,Evacuee;211;in triage state;G;is at the evacuation site
0,1424,filterLoc,,
0,1425,evacuee,,Evacuee;294;in triage state;G;is at the evacuation site
0,1427,filterLoc,,
0,1428,evacuee,,Evacuee;214;in triage state;G;is at the evacuation site
0,1430,filterLoc,,
0,1431,evacuee,,Evacuee;12;in triage state;G;is at the evacuation site
0,1433,filterLoc,,
0,1434,evacuee,,Evacuee;216;in triage state;G;is at the evacuation site
0,1436,filterLoc,,
0,1437,evacuee,,Evacuee;219;in triage state;G;is at the evacuation site
0,1439,filterLoc,,
0,1440,evacuee,,Evacuee;221;in triage state;G;is at the evacuation site
0,1442,filterLoc,,
0,1443,evacuee,,Evacuee;224;in triage state;G;is at the evacuation site
0,1445,filterLoc,,
0,1446,evacuee,,Evacuee;339;in triage state;G;is at the evacuation site
0,1448,filterLoc,,
0,1449,evacuee,,Evacuee;225;in triage state;G;is at the evacuation site
0,1451,filterLoc,,
0,1452,evacuee,,Evacuee;164;in triage state;G;is at the evacuation site
0,1454,filterLoc,,
0,1455,evacuee,,Evacuee;226;in triage state;G;is at the evacuation site
0,1457,filterLoc,,
0,1458,evacuee,,Evacuee;464;in triage state;G;is at the evacuation site
0,1460,filterLoc,,
0,1461,evacuee,,Evacuee;227;in triage state;G;is at the evacuation site
0,1463,filterLoc,,
0,1464,evacuee,,Evacuee;267;in triage state;G;is at the evacuation site
0,1466,filterLoc,,
0,1467,evacuee,,Evacuee;73;in triage state;G;is at the evacuation site
0,1469,filterLoc,,
0,1470,evacuee,,Evacuee;233;in triage state;G;is at the evacuation site
0,1472,filterLoc,,
0,1473,evacuee,,Evacuee;236;in triage state;G;is at the evacuation site
0,1475,filterLoc,,
0,1476,evacuee,,Evacuee;7;in triage state;G;is at the evacuation site
0,1478,filterLoc,,
0,1479,evacuee,,Evacuee;237;in triage state;G;is at the evacuation site
0,1481,filterLoc,,
0,1482,evacuee,,Evacuee;238;in triage state;G;is at the evacuation site
0,1484,filterLoc,,
0,1485,evacuee,,Evacuee;113;in triage state;G;is at the evacuation site
0,1487,filterLoc,,
0,1488,evacuee,,Evacuee;239;in triage state;G;is at the evacuation site
0,1490,filterLoc,,
0,1491,evacuee,,Evacuee;243;in triage state;G;is at the evacuation site
0,1493,filterLoc,,
0,1494,evacuee,,Evacuee;96;in triage state;G;is at the evacuation site
0,1496,filterLoc,,
0,1497,evacuee,,Evacuee;244;in triage state;G;is at the evacuation site
0,1499,filterLoc,,
0,1500,evacuee,,Evacuee;247;in triage state;G;is at the evacuation site
0,1502,filterLoc,,
0,1503,evacuee,,Evacuee;59;in triage state;G;is at the evacuation site
0,1505,filterLoc,,
0,1506,evacuee,,Evacuee;248;in triage state;G;is at the evacuation site
0,1508,filterLoc,,
0,1509,evacuee,,Evacuee;467;in triage state;G;is at the evacuation site
0,1511,filterLoc,,
0,1512,evacuee,,Evacuee;298;in triage state;G;is at the evacuation site
0,1514,filterLoc,,
0,1515,evacuee,,Evacuee;254;in triage state;G;is at the evacuation site
0,1517,filterLoc,,
0,1518,evacuee,,Evacuee;257;in triage state;G;is at the evacuation site
0,2,coastGuardShip,out,0
0,2,coastGuardShip,,The ship has arrived and is loading evacuees.
0,3,evacueeManager,,OFF SHIP: White;0;Green;425;Yellow;20;Red;5;Black;0;ON SHIP: White;0;Green;50;Yellow;0;Red;0;Evacuees to Transfer;;EvacueeID;1;HeloID;-1;OnShip;1;Triage Status;G;EvacueeID;2;HeloID;-1;OnShip;1;Triage Status;G;EvacueeID;3;HeloID;-1;OnShip;1;Triage Status;G;EvacueeID;4;HeloID;-1;OnShip;1;Triage Status;G;EvacueeID;5;HeloID;-1;OnShip;1;Triage Status;G;EvacueeID;6;HeloID;-1;OnShip;1;Triage Status;G;EvacueeID;7;HeloID;-1;OnShip;1;Triage Status;G;EvacueeID;8;HeloID;-1;OnShip;1;Triage Status;G;EvacueeID;9;HeloID;-1;OnShip;1;Triage Status;G;EvacueeID;10;HeloID;-1;OnShip;1;Triage Status;G;EvacueeID;11;HeloID;-1;OnShip;1;Triage Status;G;EvacueeID;12;HeloID;-1;OnShip;1;Triage Status;G;EvacueeID;13;HeloID;-1;OnShip;1;Triage Status;G;EvacueeID;14;HeloID;-1;OnShip;1;Triage Status;G;EvacueeID;15;HeloID;-1;OnShip;1;Triage Status;G;EvacueeID;16;HeloID;-1;OnShip;1;Triage Status;G;EvacueeID;17;HeloID;-1;OnShip;1;Triage Status;G;EvacueeID;18;HeloID;-1;OnShip;1;Triage Status;G;EvacueeID;19;HeloID;-1;OnShip;1;Triage Status;G;EvacueeID;20;HeloID;-1;OnShip;1;Triage Status;G;EvacueeID;21;HeloID;-1;OnShip;1;Triage Status;G;EvacueeID;22;HeloID;-1;OnShip;1;Triage Status;G;EvacueeID;23;HeloID;-1;OnShip;1;Triage Status;G;EvacueeID;24;HeloID;-1;OnShip;1;Triage Status;G;EvacueeID;25;HeloID;-1;OnShip;1;Triage Status;G;EvacueeID;26;HeloID;-1;OnShip;1;Triage Status;G;EvacueeID;27;HeloID;-1;OnShip;1;Triage Status;G;EvacueeID;28;HeloID;-1;OnShip;1;Triage Status;G;EvacueeID;29;HeloID;-1;OnShip;1;Triage Status;G;EvacueeID;30;HeloID;-1;OnShip;1;Triage Status;G;EvacueeID;31;HeloID;-1;OnShip;1;Triage Status;G;EvacueeID;32;HeloID;-1;OnShip;1;Triage Status;G;EvacueeID;33;HeloID;-1;OnShip;1;Triage Status;G;EvacueeID;34;HeloID;-1;OnShip;1;Triage Status;G;EvacueeID;35;HeloID;-1;OnShip;1;Triage Status;G;EvacueeID;36;HeloID;-1;OnShip;1;Triage Status;G;EvacueeID;37;HeloID;-1;OnShip;1;Triage Status;G;EvacueeID;38;HeloID;-1;OnShip;1;Triage Status;G;EvacueeID;39;HeloID;-1;OnShip;1;Triage Status;G;EvacueeID;40;HeloID;-1;OnShip;1;Triage Status;G;EvacueeID;41;HeloID;-1;OnShip;1;Triage Status;G;EvacueeID;42;HeloID;-1;OnShip;1;Triage Status;G;EvacueeID;43;HeloID;-1;OnShip;1;Triage Status;G;EvacueeID;44;HeloID;-1;OnShip;1;Triage Status;G;EvacueeID;45;HeloID;-1;OnShip;1;Triage Status;G;EvacueeID;46;HeloID;-1;OnShip;1;Triage Status;G;EvacueeID;47;HeloID;-1;OnShip;1;Triage Status;G;EvacueeID;48;HeloID;-1;OnShip;1;Triage Status;G;EvacueeID;49;HeloID;-1;OnShip;1;Triage Status;G;EvacueeID;50;HeloID;-1;OnShip;1;Triage Status;G
0,4,helipadManager,outHQ,0
0,4,helipadManager,,;No helos are at ES
0,5,helicopterQueue,,;No helos are waiting to land
0,3,evacueeManager,outEvac,Evacuee 1 in triage category G is told to board the coast guard ship
0,3,evacueeManager,outEvac,Evacuee 2 in triage category G is told to board the coast guard ship
0,3,evacueeManager,outEvac,Evacuee 3 in triage category G is told to board the coast guard ship
0,3,evacueeManager,outEvac,Evacuee 4 in triage category G is told to board the coast guard ship
0,3,evacueeManager,outEvac,Evacuee 5 in triage category G is told to board the coast guard ship
0,3,evacueeManager,outEvac,Evacuee 6 in triage category G is told to board the coast guard ship
0,3,evacueeManager,outEvac,Evacuee 7 in triage category G is told to board the coast guard ship
0,3,evacueeManager,outEvac,Evacuee 8 in triage category G is told to board the coast guard ship
0,3,evacueeManager,outEvac,Evacuee 9 in triage category G is told to board the coast guard ship
0,3,evacueeManager,outEvac,Evacuee 10 in triage category G is told to board the coast guard ship
0,3,evacueeManager,outEvac,Evacuee 11 in triage category G is told to board the coast guard ship
0,3,evacueeManager,outEvac,Evacuee 12 in triage category G is told to board the coast guard ship
0,3,evacueeManager,outEvac,Evacuee 13 in triage category G is told to board the coast guard ship
0,3,evacueeManager,outEvac,Evacuee 14 in triage category G is told to board the coast guard ship
0,3,evacueeManager,outEvac,Evacuee 15 in triage category G is told to board the coast guard ship
0,3,evacueeManager,outEvac,Evacuee 16 in triage category G is told to board the coast guard ship
0,3,evacueeManager,outEvac,Evacuee 17 in triage category G is told to board the coast guard ship
0,3,evacueeManager,outEvac,Evacuee 18 in triage category G is told to board the coast guard ship
0,3,evacueeManager,outEvac,Evacuee 19 in triage category G is told to board the coast guard ship
0,3,evacueeManager,outEvac,Evacuee 20 in triage category G is told to board the coast guard ship
0,3,evacueeManager,outEvac,Evacuee 21 in triage category G is told to board the coast guard ship
0,3,evacueeManager,outEvac,Evacuee 22 in triage category G is told to board the coast guard ship
0,3,evacueeManager,outEvac,Evacuee 23 in triage category G is told to board the coast guard ship
0,3,evacueeManager,outEvac,Evacuee 24 in triage category G is told to board the coast guard ship
0,3,evacueeManager,outEvac,Evacuee 25 in triage category G is told to board the coast guard ship
0,3,evacueeManager,outEvac,Evacuee 26 in triage category G is told to board the coast guard ship
0,3,evacueeManager,outEvac,Evacuee 27 in triage category G is told to board the coast guard ship
0,3,evacueeManager,outEvac,Evacuee 28 in triage category G is told to board the coast guard ship
0,3,evacueeManager,outEvac,Evacuee 29 in triage category G is told to board the coast guard ship
0,3,evacueeManager,outEvac,Evacuee 30 in triage category G is told to board the coast guard ship
0,3,evacueeManager,outEvac,Evacuee 31 in triage category G is told to board the coast guard ship
0,3,evacueeManager,outEvac,Evacuee 32 in triage category G is told to board the coast guard ship
0,3,evacueeManager,outEvac,Evacuee 33 in triage category G is told to board the coast guard ship
0,3,evacueeManager,outEvac,Evacuee 34 in triage category G is told to board the coast guard ship
0,3,evacueeManager,outEvac,Evacuee 35 in triage category G is told to board the coast guard ship
0,3,evacueeManager,outEvac,Evacuee 36 in triage category G is told to board the coast guard ship
0,3,evacueeManager,outEvac,Evacuee 37 in triage category G is told to board the coast guard ship
0,3,evacueeManager,outEvac,Evacuee 38 in triage category G is told to board the coast guard ship
0,3,evacueeManager,outEvac,Evacuee 39 in triage category G is told to board the coast guard ship
0,3,evacueeManager,outEvac,Evacuee 40 in triage category G is told to board the coast guard ship
0,3,evacueeManager,outEvac,Evacuee 41 in triage category G is told to board the coast guard ship
0,3,evacueeManager,outEvac,Evacuee 42 in triage category G is told to board the coast guard ship
0,3,evacueeManager,outEvac,Evacuee 43 in triage category G is told to board the coast guard ship
0,3,evacueeManager,outEvac,Evacuee 44 in triage category G is told to board the coast guard ship
0,3,evacueeManager,outEvac,Evacuee 45 in triage category G is told to board the coast guard ship
0,3,evacueeManager,outEvac,Evacuee 46 in triage category G is told to board the coast guard ship
0,3,evacueeManager,outEvac,Evacuee 47 in triage category G is told to board the coast guard ship
0,3,evacueeManager,outEvac,Evacuee 48 in triage category G is told to board the coast guard ship
0,3,evacueeManager,outEvac,Evacuee 49 in triage category G is told to board the coast guard ship
0,3,evacueeManager,outEvac,Evacuee 50 in triage category G is told to board the coast guard ship
0,3,evacueeManager,,OFF SHIP: White;0;Green;425;Yellow;20;Red;5;Black;0;ON SHIP: White;0;Green;50;Yellow;0;Red;0;Evacuees to Transfer;
0,5,helicopterQueue,,;No helos are waiting to land
0,7,filterLoc,,
0,10,filterLoc,,
0,13,filterLoc,,
0,16,filterLoc,,
0,19,filterLoc,,
0,22,filterLoc,,
0,25,filterLoc,,
0,28,filterLoc,,
0,31,filterLoc,,
0,34,filterLoc,,
0,37,filterLoc,,
0,40,filterLoc,,
0,43,filterLoc,,
0,46,filterLoc,,
0,49,filterLoc,,
0,52,filterLoc,,
0,55,filterLoc,,
0,58,filterLoc,,
0,61,filterLoc,,
0,64,filterLoc,,
0,67,filterLoc,,
0,70,filterLoc,,
0,73,filterLoc,,
0,76,filterLoc,,
0,79,filterLoc,,
0,82,filterLoc,,
0,85,filterLoc,,
0,88,filterLoc,,
0,91,filterLoc,,
0,94,filterLoc,,
0,97,filterLoc,,
0,100,filterLoc,,
0,103,filterLoc,,
0,110,filterLoc,,
0,113,filterLoc,,
0,116,filterLoc,,
0,119,filterLoc,,
0,122,filterLoc,,
0,125,filterLoc,,
0,128,filterLoc,,
0,131,filterLoc,,
0,134,filterLoc,,
0,137,filterLoc,,
0,140,filterLoc,,
0,143,filterLoc,,
0,146,filterLoc,,
0,149,filterLoc,,
0,152,filterLoc,,
0,155,filterLoc,,
0,158,filterLoc,,
0,161,filterLoc,,
0,164,filterLoc,,
0,167,filterLoc,,
0,170,filterLoc,,
0,173,filterLoc,,
0,176,filterLoc,,
0,179,filterLoc,,
0,182,filterLoc,,
0,185,filterLoc,,
0,188,filterLoc,,
0,191,filterLoc,,
0,194,filterLoc,,
0,197,filterLoc,,
0,200,filterLoc,,
0,203,filterLoc,,
0,206,filterLoc,,
0,209,filterLoc,,
0,212,filterLoc,,
0,215,filterLoc,,
0,218,filterLoc,,
0,221,filterLoc,,
0,224,filterLoc,,
0,228,filterLoc,,
0,231,filterLoc,,
0,234,filterLoc,,
0,237,filterLoc,,
0,240,filterLoc,,
0,243,filterLoc,,
0,246,filterLoc,,
0,249,filterLoc,,
0,252,filterLoc,,
0,255,filterLoc,,
0,258,filterLoc,,
0,261,filterLoc,,
0,264,filterLoc,,
0,267,filterLoc,,
0,270,filterLoc,,
0,273,filterLoc,,
0,276,filterLoc,,
0,279,filterLoc,,
0,282,filterLoc,,
0,285,filterLoc,,
0,288,filterLoc,,
0,291,filterLoc,,
0,294,filterLoc,,
0,297,filterLoc,,
0,300,filterLoc,,
0,303,filterLoc,,
0,306,filterLoc,,
0,309,filterLoc,,
0,312,filterLoc,,
0,315,filterLoc,,
0,318,filterLoc,,
0,321,filterLoc,,
0,324,filterLoc,,
0,327,filterLoc,,
0,330,filterLoc,,
0,333,filterLoc,,
0,336,filterLoc,,
0,339,filterLoc,,
0,342,filterLoc,,
0,345,filterLoc,,
0,348,filterLoc,,
0,351,filterLoc,,
0,354,filterLoc,,
0,357,filterLoc,,
0,360,filterLoc,,
0,363,filterLoc,,
0,366,filterLoc,,
0,369,filterLoc,,
0,372,filterLoc,,
0,375,filterLoc,,
0,378,filterLoc,,
0,381,filterLoc,,
0,384,filterLoc,,
0,387,filterLoc,,
0,390,filterLoc,,
0,393,filterLoc,,
0,396,filterLoc,,
0,399,filterLoc,,
0,402,filterLoc,,
0,405,filterLoc,,
0,408,filterLoc,,
0,411,filterLoc,,
0,414,filterLoc,,
0,417,filterLoc,,
0,420,filterLoc,,
0,423,filterLoc,,
0,426,filterLoc,,
0,429,filterLoc,,
0,432,filterLoc,,
0,435,filterLoc,,
0,438,filterLoc,,
0,441,filterLoc,,
0,444,filterLoc,,
0,447,filterLoc,,
0,450,filterLoc,,
0,453,filterLoc,,
0,456,filterLoc,,
0,459,filterLoc,,
0,462,filterLoc,,
0,465,filterLoc,,
0,468,filterLoc,,
0,471,filterLoc,,
0,474,filterLoc,,
0,477,filterLoc,,
0,480,filterLoc,,
0,483,filterLoc,,
0,486,filterLoc,,
0,489,filterLoc,,
0,492,filterLoc,,
0,495,filterLoc,,
0,498,filterLoc,,
0,501,filterLoc,,
0,504,filterLoc,,
0,507,filterLoc,,
0,510,filterLoc,,
0,513,filterLoc,,
0,516,filterLoc,,
0,519,filterLoc,,
0,522,filterLoc,,
0,525,filterLoc,,
0,528,filterLoc,,
0,531,filterLoc,,
0,534,filterLoc,,
0,537,filterLoc,,
0,540,filterLoc,,
0,543,filterLoc,,
0,546,filterLoc,,
0,549,filterLoc,,
0,552,filterLoc,,
0,555,filterLoc,,
0,558,filterLoc,,
0,561,filterLoc,,
0,564,filterLoc,,
0,567,filterLoc,,;Evacuee;39;in triage category;G;is entering the coast guard ship 
0,570,filterLoc,,
0,573,filterLoc,,
0,576,filterLoc,,
0,579,filterLoc,,
0,582,filterLoc,,
0,585,filterLoc,,
0,588,filterLoc,,
0,591,filterLoc,,
0,594,filterLoc,,
0,597,filterLoc,,
0,600,filterLoc,,
0,603,filterLoc,,
0,606,filterLoc,,
0,609,filterLoc,,
0,612,filterLoc,,
0,615,filterLoc,,;Evacuee;1;in triage category;G;is entering the coast guard ship 
0,618,filterLoc,,
0,621,filterLoc,,
0,624,filterLoc,,;Evacuee;49;in triage category;G;is entering the coast guard ship 
0,627,filterLoc,,
0,630,filterLoc,,
0,633,filterLoc,,
0,636,filterLoc,,
0,639,filterLoc,,
0,642,filterLoc,,
0,645,filterLoc,,
0,648,filterLoc,,
0,651,filterLoc,,
0,654,filterLoc,,
0,657,filterLoc,,
0,660,filterLoc,,
0,663,filterLoc,,
0,666,filterLoc,,
0,669,filterLoc,,
0,672,filterLoc,,
0,675,filterLoc,,
0,678,filterLoc,,
0,681,filterLoc,,
0,684,filterLoc,,
0,687,filterLoc,,
0,690,filterLoc,,
0,693,filterLoc,,
0,696,filterLoc,,
0,699,filterLoc,,
0,702,filterLoc,,
0,705,filterLoc,,
0,708,filterLoc,,
0,711,filterLoc,,
0,714,filterLoc,,
0,717,filterLoc,,
0,720,filterLoc,,
0,723,filterLoc,,
0,726,filterLoc,,
0,729,filterLoc,,;Evacuee;15;in triage category;G;is entering the coast guard ship 
0,732,filterLoc,,
0,735,filterLoc,,;Evacuee;17;in triage category;G;is entering the coast guard ship 
0,738,filterLoc,,
0,741,filterLoc,,
0,744,filterLoc,,
0,747,filterLoc,,;Evacuee;14;in triage category;G;is entering the coast guard ship 
0,750,filterLoc,,
0,753,filterLoc,,
0,756,filterLoc,,
0,759,filterLoc,,
0,762,filterLoc,,
0,765,filterLoc,,
0,768,filterLoc,,
0,771,filterLoc,,;Evacuee;8;in triage category;G;is entering the coast guard ship 
0,774,filterLoc,,
0,777,filterLoc,,;Evacuee;23;in triage category;G;is entering the coast guard ship 
0,780,filterLoc,,
0,783,filterLoc,,
0,786,filterLoc,,;Evacuee;18;in triage category;G;is entering the coast guard ship 
0,789,filterLoc,,
0,792,filterLoc,,;Evacuee;4;in triage category;G;is entering the coast guard ship 
0,795,filterLoc,,
0,798,filterLoc,,
0,801,filterLoc,,
0,804,filterLoc,,
0,807,filterLoc,,
0,810,filterLoc,,
0,813,filterLoc,,
0,816,filterLoc,,
0,819,filterLoc,,
0,822,filterLoc,,
0,825,filterLoc,,
0,828,filterLoc,,;Evacuee;31;in triage category;G;is entering the coast guard ship 
0,831,filterLoc,,;Evacuee;38;in triage category;G;is entering the coast guard ship 
0,834,filterLoc,,;Evacuee;2;in triage category;G;is entering the coast guard ship 
0,837,filterLoc,,;Evacuee;33;in triage category;G;is entering the coast guard ship 
0,840,filterLoc,,
0,843,filterLoc,,;Evacuee;9;in triage category;G;is entering the coast guard ship 
0,846,filterLoc,,;Evacuee;25;in triage category;G;is entering the coast guard ship 
0,849,filterLoc,,
0,852,filterLoc,,
0,855,filterLoc,,;Evacuee;5;in triage category;G;is entering the coast guard ship 
0,858,filterLoc,,
0,861,filterLoc,,
0,864,filterLoc,,
0,867,filterLoc,,
0,870,filterLoc,,
0,873,filterLoc,,
0,876,filterLoc,,
0,879,filterLoc,,
0,882,filterLoc,,
0,885,filterLoc,,
0,888,filterLoc,,
0,891,filterLoc,,;Evacuee;29;in triage category;G;is entering the coast guard ship 
0,894,filterLoc,,
0,897,filterLoc,,
0,900,filterLoc,,
0,903,filterLoc,,
0,906,filterLoc,,
0,909,filterLoc,,
0,912,filterLoc,,
0,915,filterLoc,,
0,918,filterLoc,,;Evacuee;40;in triage category;G;is entering the coast guard ship 
0,921,filterLoc,,
0,924,filterLoc,,;Evacuee;3;in triage category;G;is entering the coast guard ship 
0,927,filterLoc,,
0,930,filterLoc,,
0,933,filterLoc,,
0,936,filterLoc,,;Evacuee;6;in triage category;G;is entering the coast guard ship 
0,939,filterLoc,,
0,942,filterLoc,,
0,945,filterLoc,,
0,948,filterLoc,,;Evacuee;22;in triage category;G;is entering the coast guard ship 
0,951,filterLoc,,
0,954,filterLoc,,;Evacuee;44;in triage category;G;is entering the coast guard ship 
0,957,filterLoc,,
0,960,filterLoc,,;Evacuee;10;in triage category;G;is entering the coast guard ship 
0,963,filterLoc,,;Evacuee;26;in triage category;G;is entering the coast guard ship 
0,966,filterLoc,,
0,969,filterLoc,,
0,972,filterLoc,,
0,975,filterLoc,,
0,978,filterLoc,,;Evacuee;37;in triage category;G;is entering the coast guard ship 
0,981,filterLoc,,
0,984,filterLoc,,
0,987,filterLoc,,
0,990,filterLoc,,
0,993,filterLoc,,
0,996,filterLoc,,
0,999,filterLoc,,
0,1002,filterLoc,,;Evacuee;41;in triage category;G;is entering the coast guard ship 
0,1005,filterLoc,,
0,1008,filterLoc,,
0,1011,filterLoc,,
0,1014,filterLoc,,
0,1017,filterLoc,,;Evacuee;21;in triage category;G;is entering the coast guard ship 
0,1020,filterLoc,,
0,1023,filterLoc,,
0,1026,filterLoc,,;Evacuee;46;in triage category;G;is entering the coast guard ship 
0,1029,filterLoc,,
0,1032,filterLoc,,;Evacuee;13;in triage category;G;is entering the coast guard ship 
0,1035,filterLoc,,;Evacuee;24;in triage category;G;is entering the coast guard ship 
0,1038,filterLoc,,;Evacuee;32;in triage category;G;is entering the coast guard ship 
0,1041,filterLoc,,;Evacuee;34;in triage category;G;is entering the coast guard ship 
0,1044,filterLoc,,
0,1047,filterLoc,,
0,1050,filterLoc,,
0,1053,filterLoc,,
0,1056,filterLoc,,;Evacuee;20;in triage category;G;is entering the coast guard ship 
0,1059,filterLoc,,;Evacuee;35;in triage category;G;is entering the coast guard ship 
0,1062,filterLoc,,
0,1065,filterLoc,,;Evacuee;36;in triage category;G;is entering the coast guard ship 
0,1068,filterLoc,,
0,1071,filterLoc,,
0,1074,filterLoc,,;Evacuee;42;in triage category;G;is entering the coast guard ship 
0,1077,filterLoc,,
0,1080,filterLoc,,;Evacuee;43;in triage category;G;is entering the coast guard ship 
0,1083,filterLoc,,;Evacuee;30;in triage category;G;is entering the coast guard ship 
0,1086,filterLoc,,
0,1089,filterLoc,,
0,1092,filterLoc,,
0,1095,filterLoc,,
0,1098,filterLoc,,
0,1101,filterLoc,,
0,1104,filterLoc,,;Evacuee;48;in triage category;G;is entering the coast guard ship 
0,1107,filterLoc,,
0,1110,filterLoc,,;Evacuee;50;in triage category;G;is entering the coast guard ship 
0,1113,filterLoc,,;Evacuee;19;in triage category;G;is entering the coast guard ship 
0,1116,filterLoc,,
0,1119,filterLoc,,
0,1122,filterLoc,,
0,1125,filterLoc,,
0,1132,filterLoc,,
0,1135,filterLoc,,
0,1138,filterLoc,,
0,1141,filterLoc,,;Evacuee;47;in triage category;G;is entering the coast guard ship 
0,1144,filterLoc,,
0,1147,filterLoc,,
0,1150,filterLoc,,
0,1153,filterLoc,,
0,1156,filterLoc,,
0,1159,filterLoc,,
0,1162,filterLoc,,
0,1165,filterLoc,,;Evacuee;45;in triage category;G;is entering the coast guard ship 
0,1172,filterLoc,,
0,1175,filterLoc,,
0,1178,filterLoc,,
0,1181,filterLoc,,
0,1184,filterLoc,,
0,1187,filterLoc,,
0,1190,filterLoc,,
0,1193,filterLoc,,
0,1196,filterLoc,,
0,1199,filterLoc,,
0,1202,filterLoc,,
0,1205,filterLoc,,
0,1208,filterLoc,,
0,1211,filterLoc,,
0,1214,filterLoc,,
0,1217,filterLoc,,
0,1220,filterLoc,,
0,1223,filterLoc,,
0,1226,filterLoc,,
0,1229,filterLoc,,
0,1232,filterLoc,,
0,1235,filterLoc,,
0,1238,filterLoc,,
0,1241,filterLoc,,
0,1244,filterLoc,,
0,1247,filterLoc,,;Evacuee;28;in triage category;G;is entering the coast guard ship 
0,1250,filterLoc,,
0,1253,filterLoc,,
0,1256,filterLoc,,
0,1259,filterLoc,,
0,1262,filterLoc,,
0,1265,filterLoc,,;Evacuee;16;in triage category;G;is entering the coast guard ship 
0,1268,filterLoc,,
0,1271,filterLoc,,
0,1274,filterLoc,,
0,1277,filterLoc,,
0,1280,filterLoc,,
0,1283,filterLoc,,
0,1286,filterLoc,,
0,1289,filterLoc,,
0,1292,filterLoc,,
0,1295,filterLoc,,
0,1298,filterLoc,,
0,1301,filterLoc,,
0,1304,filterLoc,,
0,1307,filterLoc,,
0,1310,filterLoc,,
0,1313,filterLoc,,
0,1316,filterLoc,,
0,1319,filterLoc,,
0,1322,filterLoc,,
0,1325,filterLoc,,
0,1328,filterLoc,,
0,1331,filterLoc,,
0,1334,filterLoc,,
0,1337,filterLoc,,
0,1340,filterLoc,,
0,1343,filterLoc,,
0,1346,filterLoc,,
0,1349,filterLoc,,
0,1352,filterLoc,,
0,1355,filterLoc,,
0,1358,filterLoc,,
0,1361,filterLoc,,
0,1364,filterLoc,,
0,1367,filterLoc,,
0,1370,filterLoc,,
0,1373,filterLoc,,
0,1376,filterLoc,,
0,1379,filterLoc,,;Evacuee;11;in triage category;G;is entering the coast guard ship 
0,1382,filterLoc,,
0,1385,filterLoc,,
0,1388,filterLoc,,
0,1391,filterLoc,,
0,1394,filterLoc,,
0,1397,filterLoc,,
0,1400,filterLoc,,
0,1403,filterLoc,,
0,1406,filterLoc,,
0,1409,filterLoc,,
0,1412,filterLoc,,
0,1415,filterLoc,,
0,1418,filterLoc,,;Evacuee;27;in triage category;G;is entering the coast guard ship 
0,1421,filterLoc,,
0,1424,filterLoc,,
0,1427,filterLoc,,
0,1430,filterLoc,,;Evacuee;12;in triage category;G;is entering the coast guard ship 
0,1433,filterLoc,,
0,1436,filterLoc,,
0,1439,filterLoc,,
0,1442,filterLoc,,
0,1445,filterLoc,,
0,1448,filterLoc,,
0,1451,filterLoc,,
0,1454,filterLoc,,
0,1457,filterLoc,,
0,1460,filterLoc,,
0,1463,filterLoc,,
0,1466,filterLoc,,
0,1469,filterLoc,,
0,1472,filterLoc,,
0,1475,filterLoc,,;Evacuee;7;in triage category;G;is entering the coast guard ship 
0,1478,filterLoc,,
0,1481,filterLoc,,
0,1484,filterLoc,,
0,1487,filterLoc,,
0,1490,filterLoc,,
0,1493,filterLoc,,
0,1496,filterLoc,,
0,1499,filterLoc,,
0,1502,filterLoc,,
0,1505,filterLoc,,
0,1508,filterLoc,,
0,1511,filterLoc,,
0,1514,filterLoc,,
0,1517,filterLoc,,
0,567,filterLoc,out,Evacuee 39 in triage category G is told to board the coast guard ship
0,567,filterLoc,,
0,568,evacuee,,Evacuee;39;in triage state;G;is on board the Coast Guard Ship
0,615,filterLoc,out,Evacuee 1 in triage category G is told to board the coast guard ship
0,615,filterLoc,,
0,616,evacuee,,Evacuee;1;in triage state;G;is on board the Coast Guard Ship
0,624,filterLoc,out,Evacuee 49 in triage category G is told to board the coast guard ship
0,624,filterLoc,,
0,625,evacuee,,Evacuee;49;in triage state;G;is on board the Coast Guard Ship
0,729,filterLoc,out,Evacuee 15 in triage category G is told to board the coast guard ship
0,729,filterLoc,,
0,730,evacuee,,Evacuee;15;in triage state;G;is on board the Coast Guard Ship
0,735,filterLoc,out,Evacuee 17 in triage category G is told to board the coast guard ship
0,735,filterLoc,,
0,736,evacuee,,Evacuee;17;in triage state;G;is on board the Coast Guard Ship
0,747,filterLoc,out,Evacuee 14 in triage category G is told to board the coast guard ship
0,747,filterLoc,,
0,748,evacuee,,Evacuee;14;in triage state;G;is on board the Coast Guard Ship
0,771,filterLoc,out,Evacuee 8 in triage category G is told to board the coast guard ship
0,771,filterLoc,,
0,772,evacuee,,Evacuee;8;in triage state;G;is on board the Coast Guard Ship
0,777,filterLoc,out,Evacuee 23 in triage category G is told to board the coast guard ship
0,777,filterLoc,,
0,778,evacuee,,Evacuee;23;in triage state;G;is on board the Coast Guard Ship
0,786,filterLoc,out,Evacuee 18 in triage category G is told to board the coast guard ship
0,786,filterLoc,,
0,787,evacuee,,Evacuee;18;in triage state;G;is on board the Coast Guard Ship
0,792,filterLoc,out,Evacuee 4 in triage category G is told to board the coast guard ship
0,792,filterLoc,,
0,793,evacuee,,Evacuee;4;in triage state;G;is on board the Coast Guard Ship
0,828,filterLoc,out,Evacuee 31 in triage category G is told to board the coast guard ship
0,828,filterLoc,,
0,829,evacuee,,Evacuee;31;in triage state;G;is on board the Coast Guard Ship
0,831,filterLoc,out,Evacuee 38 in triage category G is told to board the coast guard ship
0,831,filterLoc,,
0,832,evacuee,,Evacuee;38;in triage state;G;is on board the Coast Guard Ship
0,834,filterLoc,out,Evacuee 2 in triage category G is told to board the coast guard ship
0,834,filterLoc,,
0,835,evacuee,,Evacuee;2;in triage state;G;is on board the Coast Guard Ship
0,837,filterLoc,out,Evacuee 33 in triage category G is told to board the coast guard ship
0,837,filterLoc,,
0,838,evacuee,,Evacuee;33;in triage state;G;is on board the Coast Guard Ship
0,843,filterLoc,out,Evacuee 9 in triage category G is told to board the coast guard ship
0,843,filterLoc,,
0,844,evacuee,,Evacuee;9;in triage state;G;is on board the Coast Guard Ship
0,846,filterLoc,out,Evacuee 25 in triage category G is told to board the coast guard ship
0,846,filterLoc,,
0,847,evacuee,,Evacuee;25;in triage state;G;is on board the Coast Guard Ship
0,855,filterLoc,out,Evacuee 5 in triage category G is told to board the coast guard ship
0,855,filterLoc,,
0,856,evacuee,,Evacuee;5;in triage state;G;is on board the Coast Guard Ship
0,891,filterLoc,out,Evacuee 29 in triage category G is told to board the coast guard ship
0,891,filterLoc,,
0,892,evacuee,,Evacuee;29;in triage state;G;is on board the Coast Guard Ship
0,918,filterLoc,out,Evacuee 40 in triage category G is told to board the coast guard ship
0,918,filterLoc,,
0,919,evacuee,,Evacuee;40;in triage state;G;is on board the Coast Guard Ship
0,924,filterLoc,out,Evacuee 3 in triage category G is told to board the coast guard ship
0,924,filterLoc,,
0,925,evacuee,,Evacuee;3;in triage state;G;is on board the Coast Guard Ship
0,936,filterLoc,out,Evacuee 6 in triage category G is told to board the coast guard ship
0,936,filterLoc,,
0,937,evacuee,,Evacuee;6;in triage state;G;is on board the Coast Guard Ship
0,948,filterLoc,out,Evacuee 22 in triage category G is told to board the coast guard ship
0,948,filterLoc,,
0,949,evacuee,,Evacuee;22;in triage state;G;is on board the Coast Guard Ship
0,954,filterLoc,out,Evacuee 44 in triage category G is told to board the coast guard ship
0,954,filterLoc,,
0,955,evacuee,,Evacuee;44;in triage state;G;is on board the Coast Guard Ship
0,960,filterLoc,out,Evacuee 10 in triage category G is told to board the coast guard ship
0,960,filterLoc,,
0,961,evacuee,,Evacuee;10;in triage state;G;is on board the Coast Guard Ship
0,963,filterLoc,out,Evacuee 26 in triage category G is told to board the coast guard ship
0,963,filterLoc,,
0,964,evacuee,,Evacuee;26;in triage state;G;is on board the Coast Guard Ship
0,978,filterLoc,out,Evacuee 37 in triage category G is told to board the coast guard ship
0,978,filterLoc,,
0,979,evacuee,,Evacuee;37;in triage state;G;is on board the Coast Guard Ship
0,1002,filterLoc,out,Evacuee 41 in triage category G is told to board the coast guard ship
0,1002,filterLoc,,
0,1003,evacuee,,Evacuee;41;in triage state;G;is on board the Coast Guard Ship
0,1017,filterLoc,out,Evacuee 21 in triage category G is told to board the coast guard ship
0,1017,filterLoc,,
0,1018,evacuee,,Evacuee;21;in triage state;G;is on board the Coast Guard Ship
0,1026,filterLoc,out,Evacuee 46 in triage category G is told to board the coast guard ship
0,1026,filterLoc,,
0,1027,evacuee,,Evacuee;46;in triage state;G;is on board the Coast Guard Ship
0,1032,filterLoc,out,Evacuee 13 in triage category G is told to board the coast guard ship
0,1032,filterLoc,,
0,1033,evacuee,,Evacuee;13;in triage state;G;is on board the Coast Guard Ship
0,1035,filterLoc,out,Evacuee 24 in triage category G is told to board the coast guard ship
0,1035,filterLoc,,
0,1036,evacuee,,Evacuee;24;in triage state;G;is on board the Coast Guard Ship
0,1038,filterLoc,out,Evacuee 32 in triage category G is told to board the coast guard ship
0,1038,filterLoc,,
0,1039,evacuee,,Evacuee;32;in triage state;G;is on board the Coast Guard Ship
0,1041,filterLoc,out,Evacuee 34 in triage category G is told to board the coast guard ship
0,1041,filterLoc,,
0,1042,evacuee,,Evacuee;34;in triage state;G;is on board the Coast Guard Ship
0,1056,filterLoc,out,Evacuee 20 in triage category G is told to board the coast guard ship
0,1056,filterLoc,,
0,1057,evacuee,,Evacuee;20;in triage state;G;is on board the Coast Guard Ship
0,1059,filterLoc,out,Evacuee 35 in triage category G is told to board the coast guard ship
0,1059,filterLoc,,
0,1060,evacuee,,Evacuee;35;in triage state;G;is on board the Coast Guard Ship
0,1065,filterLoc,out,Evacuee 36 in triage category G is told to board the coast guard ship
0,1065,filterLoc,,
0,1066,evacuee,,Evacuee;36;in triage state;G;is on board the Coast Guard Ship
0,1074,filterLoc,out,Evacuee 42 in triage category G is told to board the coast guard ship
0,1074,filterLoc,,
0,1075,evacuee,,Evacuee;42;in triage state;G;is on board the Coast Guard Ship
0,1080,filterLoc,out,Evacuee 43 in triage category G is told to board the coast guard ship
0,1080,filterLoc,,
0,1081,evacuee,,Evacuee;43;in triage state;G;is on board the Coast Guard Ship
0,1083,filterLoc,out,Evacuee 30 in triage category G is told to board the coast guard ship
0,1083,filterLoc,,
0,1084,evacuee,,Evacuee;30;in triage state;G;is on board the Coast Guard Ship
0,1104,filterLoc,out,Evacuee 48 in triage category G is told to board the coast guard ship
0,1104,filterLoc,,
0,1105,evacuee,,Evacuee;48;in triage state;G;is on board the Coast Guard Ship
0,1110,filterLoc,out,Evacuee 50 in triage category G is told to board the coast guard ship
0,1110,filterLoc,,
0,1111,evacuee,,Evacuee;50;in triage state;G;is on board the Coast Guard Ship
0,1113,filterLoc,out,Evacuee 19 in triage category G is told to board the coast guard ship
0,1113,filterLoc,,
0,1114,evacuee,,Evacuee;19;in triage state;G;is on board the Coast Guard Ship
0,1141,filterLoc,out,Evacuee 47 in triage category G is told to board the coast guard ship
0,1141,filterLoc,,
0,1142,evacuee,,Evacuee;47;in triage state;G;is on board the Coast Guard Ship
0,1165,filterLoc,out,Evacuee 45 in triage category G is told to board the coast guard ship
0,1165,filterLoc,,
0,1166,evacuee,,Evacuee;45;in triage state;G;is on board the Coast Guard Ship
0,1247,filterLoc,out,Evacuee 28 in triage category G is told to board the coast guard ship
0,1247,filterLoc,,
0,1248,evacuee,,Evacuee;28;in triage state;G;is on board the Coast Guard Ship
0,1265,filterLoc,out,Evacuee 16 in triage category G is told to board the coast guard ship
0,1265,filterLoc,,
0,1266,evacuee,,Evacuee;16;in triage state;G;is on board the Coast Guard Ship
0,1379,filterLoc,out,Evacuee 11 in triage category G is told to board the coast guard ship
0,1379,filterLoc,,
0,1380,evacuee,,Evacuee;11;in triage state;G;is on board the Coast Guard Ship
0,1418,filterLoc,out,Evacuee 27 in triage category G is told to board the coast guard ship
0,1418,filterLoc,,
0,1419,evacuee,,Evacuee;27;in triage state;G;is on board the Coast Guard Ship
0,1430,filterLoc,out,Evacuee 12 in triage category G is told to board the coast guard ship
0,1430,filterLoc,,
0,1431,evacuee,,Evacuee;12;in triage state;G;is on board the Coast Guard Ship
0,1475,filterLoc,out,Evacuee 7 in triage category G is told to board the coast guard ship
0,1475,filterLoc,,
0,1476,evacuee,,Evacuee;7;in triage state;G;is on board the Coast Guard Ship
0,568,evacuee,,Evacuee;39;in triage state;G;is on board the Coast Guard Ship
0,616,evacuee,,Evacuee;1;in triage state;G;is on board the Coast Guard Ship
0,625,evacuee,,Evacuee;49;in triage state;G;is on board the Coast Guard Ship
0,730,evacuee,,Evacuee;15;in triage state;G;is on board the Coast Guard Ship
0,736,evacuee,,Evacuee;17;in triage state;G;is on board the Coast Guard Ship
0,748,evacuee,,Evacuee;14;in triage state;G;is on board the Coast Guard Ship
0,772,evacuee,,Evacuee;8;in triage state;G;is on board the Coast Guard Ship
0,778,evacuee,,Evacuee;23;in triage state;G;is on board the Coast Guard Ship
0,787,evacuee,,Evacuee;18;in triage state;G;is on board the Coast Guard Ship
0,793,evacuee,,Evacuee;4;in triage state;G;is on board the Coast Guard Ship
0,829,evacuee,,Evacuee;31;in triage state;G;is on board the Coast Guard Ship
0,832,evacuee,,Evacuee;38;in triage state;G;is on board the Coast Guard Ship
0,835,evacuee,,Evacuee;2;in triage state;G;is on board the Coast Guard Ship
0,838,evacuee,,Evacuee;33;in triage state;G;is on board the Coast Guard Ship
0,844,evacuee,,Evacuee;9;in triage state;G;is on board the Coast Guard Ship
0,847,evacuee,,Evacuee;25;in triage state;G;is on board the Coast Guard Ship
0,856,evacuee,,Evacuee;5;in triage state;G;is on board the Coast Guard Ship
0,892,evacuee,,Evacuee;29;in triage state;G;is on board the Coast Guard Ship
0,919,evacuee,,Evacuee;40;in triage state;G;is on board the Coast Guard Ship
0,925,evacuee,,Evacuee;3;in triage state;G;is on board the Coast Guard Ship
0,937,evacuee,,Evacuee;6;in triage state;G;is on board the Coast Guard Ship
0,949,evacuee,,Evacuee;22;in triage state;G;is on board the Coast Guard Ship
0,955,evacuee,,Evacuee;44;in triage state;G;is on board the Coast Guard Ship
0,961,evacuee,,Evacuee;10;in triage state;G;is on board the Coast Guard Ship
0,964,evacuee,,Evacuee;26;in triage state;G;is on board the Coast Guard Ship
0,979,evacuee,,Evacuee;37;in triage state;G;is on board the Coast Guard Ship
0,1003,evacuee,,Evacuee;41;in triage state;G;is on board the Coast Guard Ship
0,1018,evacuee,,Evacuee;21;in triage state;G;is on board the Coast Guard Ship
0,1027,evacuee,,Evacuee;46;in triage state;G;is on board the Coast Guard Ship
0,1033,evacuee,,Evacuee;13;in triage state;G;is on board the Coast Guard Ship
0,1036,evacuee,,Evacuee;24;in triage state;G;is on board the Coast Guard Ship
0,1039,evacuee,,Evacuee;32;in triage state;G;is on board the Coast Guard Ship
0,1042,evacuee,,Evacuee;34;in triage state;G;is on board the Coast Guard Ship
0,1057,evacuee,,Evacuee;20;in triage state;G;is on board the Coast Guard Ship
0,1060,evacuee,,Evacuee;35;in triage state;G;is on board the Coast Guard Ship
0,1066,evacuee,,Evacuee;36;in triage state;G;is on board the Coast Guard Ship
0,1075,evacuee,,Evacuee;42;in triage state;G;is on board the Coast Guard Ship
0,1081,evacuee,,Evacuee;43;in triage state;G;is on board the Coast Guard Ship
0,1084,evacuee,,Evacuee;30;in triage state;G;is on board the Coast Guard Ship
0,1105,evacuee,,Evacuee;48;in triage state;G;is on board the Coast Guard Ship
0,1111,evacuee,,Evacuee;50;in triage state;G;is on board the Coast Guard Ship
0,1114,evacuee,,Evacuee;19;in triage state;G;is on board the Coast Guard Ship
0,1142,evacuee,,Evacuee;47;in triage state;G;is on board the Coast Guard Ship
0,1166,evacuee,,Evacuee;45;in triage state;G;is on board the Coast Guard Ship
0,1248,evacuee,,Evacuee;28;in triage state;G;is on board the Coast Guard Ship
0,1266,evacuee,,Evacuee;16;in triage state;G;is on board the Coast Guard Ship
0,1380,evacuee,,Evacuee;11;in triage state;G;is on board the Coast Guard Ship
0,1419,evacuee,,Evacuee;27;in triage state;G;is on board the Coast Guard Ship
0,1431,evacuee,,Evacuee;12;in triage state;G;is on board the Coast Guard Ship
0,1476,evacuee,,Evacuee;7;in triage state;G;is on board the Coast Guard Ship
90,3,evacueeManager,,OFF SHIP: White;0;Green;425;Yellow;20;Red;0;Black;5;ON SHIP: White;0;Green;50;Yellow;0;Red;0;Evacuees to Transfer;
90,8,evacuee,outES,Evacuee 500 in triage category R is not assigned a helicopter
90,8,evacuee,,Evacuee;500;in triage state;B;is at the evacuation site
90,11,evacuee,outES,Evacuee 498 in triage category R is not assigned a helicopter
90,11,evacuee,,Evacuee;498;in triage state;B;is at the evacuation site
90,35,evacuee,outES,Evacuee 499 in triage category R is not assigned a helicopter
90,35,evacuee,,Evacuee;499;in triage state;B;is at the evacuation site
90,574,evacuee,outES,Evacuee 497 in triage category R is not assigned a helicopter
90,574,evacuee,,Evacuee;497;in triage state;B;is at the evacuation site
90,982,evacuee,outES,Evacuee 496 in triage category R is not assigned a helicopter
90,982,evacuee,,Evacuee;496;in triage state;B;is at the evacuation site
480,3,evacueeManager,,OFF SHIP: White;0;Green;425;Yellow;0;Red;20;Black;5;ON SHIP: White;0;Green;50;Yellow;0;Red;0;Evacuees to Transfer;
480,14,evacuee,outES,Evacuee 494 in triage category Y is not assigned a helicopter
480,14,evacuee,,Evacuee;494;in triage state;R;is at the evacuation site
480,17,evacuee,outES,Evacuee 492 in triage category Y is not assigned a helicopter
480,17,evacuee,,Evacuee;492;in triage state;R;is at the evacuation site
480,20,evacuee,outES,Evacuee 489 in triage category Y is not assigned a helicopter
480,20,evacuee,,Evacuee;489;in triage state;R;is at the evacuation site
480,23,evacuee,outES,Evacuee 486 in triage category Y is not assigned a helicopter
480,23,evacuee,,Evacuee;486;in triage state;R;is at the evacuation site
480,26,evacuee,outES,Evacuee 484 in triage category Y is not assigned a helicopter
480,26,evacuee,,Evacuee;484;in triage state;R;is at the evacuation site
480,29,evacuee,outES,Evacuee 483 in triage category Y is not assigned a helicopter
480,29,evacuee,,Evacuee;483;in triage state;R;is at the evacuation site
480,32,evacuee,outES,Evacuee 482 in triage category Y is not assigned a helicopter
480,32,evacuee,,Evacuee;482;in triage state;R;is at the evacuation site
480,38,evacuee,outES,Evacuee 479 in triage category Y is not assigned a helicopter
480,38,evacuee,,Evacuee;479;in triage state;R;is at the evacuation site
480,41,evacuee,outES,Evacuee 478 in triage category Y is not assigned a helicopter
480,41,evacuee,,Evacuee;478;in triage state;R;is at the evacuation site
480,44,evacuee,outES,Evacuee 476 in triage category Y is not assigned a helicopter
480,44,evacuee,,Evacuee;476;in triage state;R;is at the evacuation site
480,71,evacuee,outES,Evacuee 495 in triage category Y is not assigned a helicopter
480,71,evacuee,,Evacuee;495;in triage state;R;is at the evacuation site
480,74,evacuee,outES,Evacuee 477 in triage category Y is not assigned a helicopter
480,74,evacuee,,Evacuee;477;in triage state;R;is at the evacuation site
480,192,evacuee,outES,Evacuee 480 in triage category Y is not assigned a helicopter
480,192,evacuee,,Evacuee;480;in triage state;R;is at the evacuation site
480,364,evacuee,outES,Evacuee 488 in triage category Y is not assigned a helicopter
480,364,evacuee,,Evacuee;488;in triage state;R;is at the evacuation site
480,502,evacuee,outES,Evacuee 491 in triage category Y is not assigned a helicopter
480,502,evacuee,,Evacuee;491;in triage state;R;is at the evacuation site
480,586,evacuee,outES,Evacuee 485 in triage category Y is not assigned a helicopter
480,586,evacuee,,Evacuee;485;in triage state;R;is at the evacuation site
480,739,evacuee,outES,Evacuee 481 in triage category Y is not assigned a helicopter
480,739,evacuee,,Evacuee;481;in triage state;R;is at the evacuation site
480,877,evacuee,outES,Evacuee 493 in triage category Y is not assigned a helicopter
480,877,evacuee,,Evacuee;493;in triage state;R;is at the evacuation site
480,904,evacuee,outES,Evacuee 487 in triage category Y is not assigned a helicopter
480,904,evacuee,,Evacuee;487;in triage state;R;is at the evacuation site
480,1120,evacuee,outES,Evacuee 490 in triage category Y is not assigned a helicopter
480,1120,evacuee,,Evacuee;490;in triage state;R;is at the evacuation site
570,3,evacueeManager,,OFF SHIP: White;0;Green;425;Yellow;0;Red;0;Black;25;ON SHIP: White;0;Green;50;Yellow;0;Red;0;Evacuees to Transfer;
570,14,evacuee,outES,Evacuee 494 in triage category R is not assigned a helicopter
570,14,evacuee,,Evacuee;494;in triage state;B;is at the evacuation site
570,17,evacuee,outES,Evacuee 492 in triage category R is not assigned a helicopter
570,17,evacuee,,Evacuee;492;in triage state;B;is at the evacuation site
570,20,evacuee,outES,Evacuee 489 in triage category R is not assigned a helicopter
570,20,evacuee,,Evacuee;489;in triage state;B;is at the evacuation site
570,23,evacuee,outES,Evacuee 486 in triage category R is not assigned a helicopter
570,23,evacuee,,Evacuee;486;in triage state;B;is at the evacuation site
570,26,evacuee,outES,Evacuee 484 in triage category R is not assigned a helicopter
570,26,evacuee,,Evacuee;484;in triage state;B;is at the evacuation site
570,29,evacuee,outES,Evacuee 483 in triage category R is not assigned a helicopter
570,29,evacuee,,Evacuee;483;in triage state;B;is at the evacuation site
570,32,evacuee,outES,Evacuee 482 in triage category R is not assigned a helicopter
570,32,evacuee,,Evacuee;482;in triage state;B;is at the evacuation site
570,38,evacuee,outES,Evacuee 479 in triage category R is not assigned a helicopter
570,38,evacuee,,Evacuee;479;in triage state;B;is at the evacuation site
570,41,evacuee,outES,Evacuee 478 in triage category R is not assigned a helicopter
570,41,evacuee,,Evacuee;478;in triage state;B;is at the evacuation site
570,44,evacuee,outES,Evacuee 476 in triage category R is not assigned a helicopter
570,44,evacuee,,Evacuee;476;in triage state;B;is at the evacuation site
570,71,evacuee,outES,Evacuee 495 in triage category R is not assigned a helicopter
570,71,evacuee,,Evacuee;495;in triage state;B;is at the evacuation site
570,74,evacuee,outES,Evacuee 477 in triage category R is not assigned a helicopter
570,74,evacuee,,Evacuee;477;in triage state;B;is at the evacuation site
570,192,evacuee,outES,Evacuee 480 in triage category R is not assigned a helicopter
570,192,evacuee,,Evacuee;480;in triage state;B;is at the evacuation site
570,364,evacuee,outES,Evacuee 488 in triage category R is not assigned a helicopter
570,364,evacuee,,Evacuee;488;in triage state;B;is at the evacuation site
570,502,evacuee,outES,Evacuee 491 in triage category R is not assigned a helicopter
570,502,evacuee,,Evacuee;491;in triage state;B;is at the evacuation site
570,586,evacuee,outES,Evacuee 485 in triage category R is not assigned a helicopter
570,586,evacuee,,Evacuee;485;in triage state;B;is at the evacuation site
570,739,evacuee,outES,Evacuee 481 in triage category R is not assigned a helicopter
570,739,evacuee,,Evacuee;481;in triage state;B;is at the evacuation site
570,877,evacuee,outES,Evacuee 493 in triage category R is not assigned a helicopter
570,877,evacuee,,Evacuee;493;in triage state;B;is at the evacuation site
570,904,evacuee,outES,Evacuee 487 in triage category R is not assigned a helicopter
570,904,evacuee,,Evacuee;487;in triage state;B;is at the evacuation site
570,1120,evacuee,outES,Evacuee 490 in triage category R is not assigned a helicopter
570,1120,evacuee,,Evacuee;490;in triage state;B;is at the evacuation site
1440,2,coastGuardShip,out,1
1440,2,coastGuardShip,,The ship has arrived and is unloading evacuees.
1440,3,evacueeManager,,OFF SHIP: White;0;Green;425;Yellow;0;Red;0;Black;25;ON SHIP: White;0;Green;50;Yellow;0;Red;0;Evacuees to Transfer;
1440,3,evacueeManager,,OFF SHIP: White;0;Green;425;Yellow;0;Red;0;Black;25;ON SHIP: White;0;Green;50;Yellow;0;Red;0;Evacuees to Transfer;
1500,2,coastGuardShip,out,0
1500,2,coastGuardShip,,The ship has arrived and is loading evacuees.
1500,3,evacueeManager,,OFF SHIP: White;0;Green;425;Yellow;0;Red;0;Black;25;ON SHIP: White;0;Green;50;Yellow;0;Red;0;Evacuees to Transfer;
1500,3,evacueeManager,,OFF SHIP: White;0;Green;425;Yellow;0;Red;0;Black;25;ON SHIP: White;0;Green;50;Yellow;0;Red;0;Evacuees to Transfer;
2790,1170,helicopter,,Helicopter;1;Is going to the evacuation site;;and has;0;spots taken
2850,1130,helicopter,,Helicopter;2;Is going to the evacuation site;;and has;0;spots taken
2865,5,helicopterQueue,,1;Helos are waiting to land;HeloID;1
2865,1170,helicopter,outES,Helicopter 1 is evacuating people1
2865,1170,helicopter,,Helicopter;1;is waiting to land at the evacuation site;;and has;0;spots taken
2865,4,helipadManager,,Helo;1;is at the ES
2865,5,helicopterQueue,outHM,Helicopter 1 is evacuating people1
2865,5,helicopterQueue,outHelo,Helicopter 1 is evacuating people1
2865,5,helicopterQueue,,;No helos are waiting to land
2865,107,filterES,,
2865,1129,filterES,,
2865,1169,filterES,,Helicopter;1;is evacuating people
2865,1169,filterES,out,Helicopter 1 is evacuating people1
2865,1169,filterES,,
2865,1170,helicopter,,Helicopter;1;is waiting to land at the evacuation site;;and has;0;spots taken
2865,1170,helicopter,,Helicopter;1;is loading people at the evacuation site;;and has;0;spots taken
2880,3,evacueeManager,,OFF SHIP: White;0;Green;0;Yellow;422;Red;0;Black;25;ON SHIP: White;50;Green;0;Yellow;0;Red;0;Evacuees to Transfer;;EvacueeID;51;HeloID;1;OnShip;0;Triage Status;Y;EvacueeID;52;HeloID;1;OnShip;0;Triage Status;Y;EvacueeID;53;HeloID;1;OnShip;0;Triage Status;Y
2880,4,helipadManager,outEM,Helicopter 1 is evacuating people1
2880,4,helipadManager,outHelo,Helicopter 1 is evacuating people1
2880,4,helipadManager,,;No helos are at ES
2880,47,evacuee,outES,Evacuee 475 in triage category G is not assigned a helicopter
2880,47,evacuee,,Evacuee;475;in triage state;Y;is at the evacuation site
2880,50,evacuee,outES,Evacuee 472 in triage category G is not assigned a helicopter
2880,50,evacuee,,Evacuee;472;in triage state;Y;is at the evacuation site
2880,53,evacuee,outES,Evacuee 471 in triage category G is not assigned a helicopter
2880,53,evacuee,,Evacuee;471;in triage state;Y;is at the evacuation site
2880,56,evacuee,outES,Evacuee 468 in triage category G is not assigned a helicopter
2880,56,evacuee,,Evacuee;468;in triage state;Y;is at the evacuation site
2880,59,evacuee,outES,Evacuee 463 in triage category G is not assigned a helicopter
2880,59,evacuee,,Evacuee;463;in triage state;Y;is at the evacuation site
2880,62,evacuee,outES,Evacuee 462 in triage category G is not assigned a helicopter
2880,62,evacuee,,Evacuee;462;in triage state;Y;is at the evacuation site
2880,65,evacuee,outES,Evacuee 461 in triage category G is not assigned a helicopter
2880,65,evacuee,,Evacuee;461;in triage state;Y;is at the evacuation site
2880,68,evacuee,outES,Evacuee 459 in triage category G is not assigned a helicopter
2880,68,evacuee,,Evacuee;459;in triage state;Y;is at the evacuation site
2880,77,evacuee,outES,Evacuee 458 in triage category G is not assigned a helicopter
2880,77,evacuee,,Evacuee;458;in triage state;Y;is at the evacuation site
2880,80,evacuee,outES,Evacuee 456 in triage category G is not assigned a helicopter
2880,80,evacuee,,Evacuee;456;in triage state;Y;is at the evacuation site
2880,83,evacuee,outES,Evacuee 455 in triage category G is not assigned a helicopter
2880,83,evacuee,,Evacuee;455;in triage state;Y;is at the evacuation site
2880,86,evacuee,outES,Evacuee 448 in triage category G is not assigned a helicopter
2880,86,evacuee,,Evacuee;448;in triage state;Y;is at the evacuation site
2880,89,evacuee,outES,Evacuee 445 in triage category G is not assigned a helicopter
2880,89,evacuee,,Evacuee;445;in triage state;Y;is at the evacuation site
2880,92,evacuee,outES,Evacuee 442 in triage category G is not assigned a helicopter
2880,92,evacuee,,Evacuee;442;in triage state;Y;is at the evacuation site
2880,95,evacuee,outES,Evacuee 441 in triage category G is not assigned a helicopter
2880,95,evacuee,,Evacuee;441;in triage state;Y;is at the evacuation site
2880,98,evacuee,outES,Evacuee 439 in triage category G is not assigned a helicopter
2880,98,evacuee,,Evacuee;439;in triage state;Y;is at the evacuation site
2880,101,evacuee,outES,Evacuee 437 in triage category G is not assigned a helicopter
2880,101,evacuee,,Evacuee;437;in triage state;Y;is at the evacuation site
2880,104,evacuee,outES,Evacuee 436 in triage category G is not assigned a helicopter
2880,104,evacuee,,Evacuee;436;in triage state;Y;is at the evacuation site
2880,107,filterES,,
2880,111,evacuee,outES,Evacuee 434 in triage category G is not assigned a helicopter
2880,111,evacuee,,Evacuee;434;in triage state;Y;is at the evacuation site
2880,114,evacuee,outES,Evacuee 433 in triage category G is not assigned a helicopter
2880,114,evacuee,,Evacuee;433;in triage state;Y;is at the evacuation site
2880,117,evacuee,outES,Evacuee 428 in triage category G is not assigned a helicopter
2880,117,evacuee,,Evacuee;428;in triage state;Y;is at the evacuation site
2880,120,evacuee,outES,Evacuee 426 in triage category G is not assigned a helicopter
2880,120,evacuee,,Evacuee;426;in triage state;Y;is at the evacuation site
2880,123,evacuee,outES,Evacuee 423 in triage category G is not assigned a helicopter
2880,123,evacuee,,Evacuee;423;in triage state;Y;is at the evacuation site
2880,126,evacuee,outES,Evacuee 420 in triage category G is not assigned a helicopter
2880,126,evacuee,,Evacuee;420;in triage state;Y;is at the evacuation site
2880,129,evacuee,outES,Evacuee 419 in triage category G is not assigned a helicopter
2880,129,evacuee,,Evacuee;419;in triage state;Y;is at the evacuation site
2880,132,evacuee,outES,Evacuee 414 in triage category G is not assigned a helicopter
2880,132,evacuee,,Evacuee;414;in triage state;Y;is at the evacuation site
2880,135,evacuee,outES,Evacuee 411 in triage category G is not assigned a helicopter
2880,135,evacuee,,Evacuee;411;in triage state;Y;is at the evacuation site
2880,138,evacuee,outES,Evacuee 422 in triage category G is not assigned a helicopter
2880,138,evacuee,,Evacuee;422;in triage state;Y;is at the evacuation site
2880,141,evacuee,outES,Evacuee 409 in triage category G is not assigned a helicopter
2880,141,evacuee,,Evacuee;409;in triage state;Y;is at the evacuation site
2880,144,evacuee,outES,Evacuee 408 in triage category G is not assigned a helicopter
2880,144,evacuee,,Evacuee;408;in triage state;Y;is at the evacuation site
2880,147,evacuee,outES,Evacuee 406 in triage category G is not assigned a helicopter
2880,147,evacuee,,Evacuee;406;in triage state;Y;is at the evacuation site
2880,150,evacuee,outES,Evacuee 404 in triage category G is not assigned a helicopter
2880,150,evacuee,,Evacuee;404;in triage state;Y;is at the evacuation site
2880,153,evacuee,outES,Evacuee 403 in triage category G is not assigned a helicopter
2880,153,evacuee,,Evacuee;403;in triage state;Y;is at the evacuation site
2880,156,evacuee,outES,Evacuee 401 in triage category G is not assigned a helicopter
2880,156,evacuee,,Evacuee;401;in triage state;Y;is at the evacuation site
2880,159,evacuee,outES,Evacuee 398 in triage category G is not assigned a helicopter
2880,159,evacuee,,Evacuee;398;in triage state;Y;is at the evacuation site
2880,162,evacuee,outES,Evacuee 397 in triage category G is not assigned a helicopter
2880,162,evacuee,,Evacuee;397;in triage state;Y;is at the evacuation site
2880,165,evacuee,outES,Evacuee 452 in triage category G is not assigned a helicopter
2880,165,evacuee,,Evacuee;452;in triage state;Y;is at the evacuation site
2880,168,evacuee,outES,Evacuee 396 in triage category G is not assigned a helicopter
2880,168,evacuee,,Evacuee;396;in triage state;Y;is at the evacuation site
2880,171,evacuee,outES,Evacuee 395 in triage category G is not assigned a helicopter
2880,171,evacuee,,Evacuee;395;in triage state;Y;is at the evacuation site
2880,174,evacuee,outES,Evacuee 393 in triage category G is not assigned a helicopter
2880,174,evacuee,,Evacuee;393;in triage state;Y;is at the evacuation site
2880,177,evacuee,outES,Evacuee 392 in triage category G is not assigned a helicopter
2880,177,evacuee,,Evacuee;392;in triage state;Y;is at the evacuation site
2880,180,evacuee,outES,Evacuee 389 in triage category G is not assigned a helicopter
2880,180,evacuee,,Evacuee;389;in triage state;Y;is at the evacuation site
2880,183,evacuee,outES,Evacuee 384 in triage category G is not assigned a helicopter
2880,183,evacuee,,Evacuee;384;in triage state;Y;is at the evacuation site
2880,186,evacuee,outES,Evacuee 430 in triage category G is not assigned a helicopter
2880,186,evacuee,,Evacuee;430;in triage state;Y;is at the evacuation site
2880,189,evacuee,outES,Evacuee 383 in triage category G is not assigned a helicopter
2880,189,evacuee,,Evacuee;383;in triage state;Y;is at the evacuation site
2880,195,evacuee,outES,Evacuee 382 in triage category G is not assigned a helicopter
2880,195,evacuee,,Evacuee;382;in triage state;Y;is at the evacuation site
2880,198,evacuee,outES,Evacuee 381 in triage category G is not assigned a helicopter
2880,198,evacuee,,Evacuee;381;in triage state;Y;is at the evacuation site
2880,201,evacuee,outES,Evacuee 427 in triage category G is not assigned a helicopter
2880,201,evacuee,,Evacuee;427;in triage state;Y;is at the evacuation site
2880,204,evacuee,outES,Evacuee 380 in triage category G is not assigned a helicopter
2880,204,evacuee,,Evacuee;380;in triage state;Y;is at the evacuation site
2880,207,evacuee,outES,Evacuee 379 in triage category G is not assigned a helicopter
2880,207,evacuee,,Evacuee;379;in triage state;Y;is at the evacuation site
2880,210,evacuee,outES,Evacuee 378 in triage category G is not assigned a helicopter
2880,210,evacuee,,Evacuee;378;in triage state;Y;is at the evacuation site
2880,213,evacuee,outES,Evacuee 377 in triage category G is not assigned a helicopter
2880,213,evacuee,,Evacuee;377;in triage state;Y;is at the evacuation site
2880,216,evacuee,outES,Evacuee 375 in triage category G is not assigned a helicopter
2880,216,evacuee,,Evacuee;375;in triage state;Y;is at the evacuation site
2880,219,evacuee,outES,Evacuee 374 in triage category G is not assigned a helicopter
2880,219,evacuee,,Evacuee;374;in triage state;Y;is at the evacuation site
2880,222,evacuee,outES,Evacuee 372 in triage category G is not assigned a helicopter
2880,222,evacuee,,Evacuee;372;in triage state;Y;is at the evacuation site
2880,225,evacuee,outES,Evacuee 371 in triage category G is not assigned a helicopter
2880,225,evacuee,,Evacuee;371;in triage state;Y;is at the evacuation site
2880,229,evacuee,outES,Evacuee 370 in triage category G is not assigned a helicopter
2880,229,evacuee,,Evacuee;370;in triage state;Y;is at the evacuation site
2880,232,evacuee,outES,Evacuee 457 in triage category G is not assigned a helicopter
2880,232,evacuee,,Evacuee;457;in triage state;Y;is at the evacuation site
2880,235,evacuee,outES,Evacuee 369 in triage category G is not assigned a helicopter
2880,235,evacuee,,Evacuee;369;in triage state;Y;is at the evacuation site
2880,238,evacuee,outES,Evacuee 366 in triage category G is not assigned a helicopter
2880,238,evacuee,,Evacuee;366;in triage state;Y;is at the evacuation site
2880,241,evacuee,outES,Evacuee 362 in triage category G is not assigned a helicopter
2880,241,evacuee,,Evacuee;362;in triage state;Y;is at the evacuation site
2880,244,evacuee,outES,Evacuee 425 in triage category G is not assigned a helicopter
2880,244,evacuee,,Evacuee;425;in triage state;Y;is at the evacuation site
2880,247,evacuee,outES,Evacuee 360 in triage category G is not assigned a helicopter
2880,247,evacuee,,Evacuee;360;in triage state;Y;is at the evacuation site
2880,250,evacuee,outES,Evacuee 357 in triage category G is not assigned a helicopter
2880,250,evacuee,,Evacuee;357;in triage state;Y;is at the evacuation site
2880,253,evacuee,outES,Evacuee 354 in triage category G is not assigned a helicopter
2880,253,evacuee,,Evacuee;354;in triage state;Y;is at the evacuation site
2880,256,evacuee,outES,Evacuee 353 in triage category G is not assigned a helicopter
2880,256,evacuee,,Evacuee;353;in triage state;Y;is at the evacuation site
2880,259,evacuee,outES,Evacuee 351 in triage category G is not assigned a helicopter
2880,259,evacuee,,Evacuee;351;in triage state;Y;is at the evacuation site
2880,262,evacuee,outES,Evacuee 349 in triage category G is not assigned a helicopter
2880,262,evacuee,,Evacuee;349;in triage state;Y;is at the evacuation site
2880,265,evacuee,outES,Evacuee 348 in triage category G is not assigned a helicopter
2880,265,evacuee,,Evacuee;348;in triage state;Y;is at the evacuation site
2880,268,evacuee,outES,Evacuee 346 in triage category G is not assigned a helicopter
2880,268,evacuee,,Evacuee;346;in triage state;Y;is at the evacuation site
2880,271,evacuee,outES,Evacuee 341 in triage category G is not assigned a helicopter
2880,271,evacuee,,Evacuee;341;in triage state;Y;is at the evacuation site
2880,274,evacuee,outES,Evacuee 340 in triage category G is not assigned a helicopter
2880,274,evacuee,,Evacuee;340;in triage state;Y;is at the evacuation site
2880,277,evacuee,outES,Evacuee 338 in triage category G is not assigned a helicopter
2880,277,evacuee,,Evacuee;338;in triage state;Y;is at the evacuation site
2880,280,evacuee,outES,Evacuee 335 in triage category G is not assigned a helicopter
2880,280,evacuee,,Evacuee;335;in triage state;Y;is at the evacuation site
2880,283,evacuee,outES,Evacuee 331 in triage category G is not assigned a helicopter
2880,283,evacuee,,Evacuee;331;in triage state;Y;is at the evacuation site
2880,286,evacuee,outES,Evacuee 330 in triage category G is not assigned a helicopter
2880,286,evacuee,,Evacuee;330;in triage state;Y;is at the evacuation site
2880,289,evacuee,outES,Evacuee 328 in triage category G is not assigned a helicopter
2880,289,evacuee,,Evacuee;328;in triage state;Y;is at the evacuation site
2880,292,evacuee,outES,Evacuee 327 in triage category G is not assigned a helicopter
2880,292,evacuee,,Evacuee;327;in triage state;Y;is at the evacuation site
2880,295,evacuee,outES,Evacuee 410 in triage category G is not assigned a helicopter
2880,295,evacuee,,Evacuee;410;in triage state;Y;is at the evacuation site
2880,298,evacuee,outES,Evacuee 326 in triage category G is not assigned a helicopter
2880,298,evacuee,,Evacuee;326;in triage state;Y;is at the evacuation site
2880,301,evacuee,outES,Evacuee 466 in triage category G is not assigned a helicopter
2880,301,evacuee,,Evacuee;466;in triage state;Y;is at the evacuation site
2880,304,evacuee,outES,Evacuee 325 in triage category G is not assigned a helicopter
2880,304,evacuee,,Evacuee;325;in triage state;Y;is at the evacuation site
2880,307,evacuee,outES,Evacuee 365 in triage category G is not assigned a helicopter
2880,307,evacuee,,Evacuee;365;in triage state;Y;is at the evacuation site
2880,310,evacuee,outES,Evacuee 322 in triage category G is not assigned a helicopter
2880,310,evacuee,,Evacuee;322;in triage state;Y;is at the evacuation site
2880,313,evacuee,outES,Evacuee 321 in triage category G is not assigned a helicopter
2880,313,evacuee,,Evacuee;321;in triage state;Y;is at the evacuation site
2880,316,evacuee,outES,Evacuee 319 in triage category G is not assigned a helicopter
2880,316,evacuee,,Evacuee;319;in triage state;Y;is at the evacuation site
2880,319,evacuee,outES,Evacuee 318 in triage category G is not assigned a helicopter
2880,319,evacuee,,Evacuee;318;in triage state;Y;is at the evacuation site
2880,322,evacuee,outES,Evacuee 317 in triage category G is not assigned a helicopter
2880,322,evacuee,,Evacuee;317;in triage state;Y;is at the evacuation site
2880,325,evacuee,outES,Evacuee 460 in triage category G is not assigned a helicopter
2880,325,evacuee,,Evacuee;460;in triage state;Y;is at the evacuation site
2880,328,evacuee,outES,Evacuee 316 in triage category G is not assigned a helicopter
2880,328,evacuee,,Evacuee;316;in triage state;Y;is at the evacuation site
2880,331,evacuee,outES,Evacuee 446 in triage category G is not assigned a helicopter
2880,331,evacuee,,Evacuee;446;in triage state;Y;is at the evacuation site
2880,334,evacuee,outES,Evacuee 313 in triage category G is not assigned a helicopter
2880,334,evacuee,,Evacuee;313;in triage state;Y;is at the evacuation site
2880,337,evacuee,outES,Evacuee 443 in triage category G is not assigned a helicopter
2880,337,evacuee,,Evacuee;443;in triage state;Y;is at the evacuation site
2880,340,evacuee,outES,Evacuee 312 in triage category G is not assigned a helicopter
2880,340,evacuee,,Evacuee;312;in triage state;Y;is at the evacuation site
2880,343,evacuee,outES,Evacuee 309 in triage category G is not assigned a helicopter
2880,343,evacuee,,Evacuee;309;in triage state;Y;is at the evacuation site
2880,346,evacuee,outES,Evacuee 306 in triage category G is not assigned a helicopter
2880,346,evacuee,,Evacuee;306;in triage state;Y;is at the evacuation site
2880,349,evacuee,outES,Evacuee 305 in triage category G is not assigned a helicopter
2880,349,evacuee,,Evacuee;305;in triage state;Y;is at the evacuation site
2880,352,evacuee,outES,Evacuee 303 in triage category G is not assigned a helicopter
2880,352,evacuee,,Evacuee;303;in triage state;Y;is at the evacuation site
2880,355,evacuee,outES,Evacuee 295 in triage category G is not assigned a helicopter
2880,355,evacuee,,Evacuee;295;in triage state;Y;is at the evacuation site
2880,358,evacuee,outES,Evacuee 352 in triage category G is not assigned a helicopter
2880,358,evacuee,,Evacuee;352;in triage state;Y;is at the evacuation site
2880,361,evacuee,outES,Evacuee 293 in triage category G is not assigned a helicopter
2880,361,evacuee,,Evacuee;293;in triage state;Y;is at the evacuation site
2880,367,evacuee,outES,Evacuee 413 in triage category G is not assigned a helicopter
2880,367,evacuee,,Evacuee;413;in triage state;Y;is at the evacuation site
2880,370,evacuee,outES,Evacuee 292 in triage category G is not assigned a helicopter
2880,370,evacuee,,Evacuee;292;in triage state;Y;is at the evacuation site
2880,373,evacuee,outES,Evacuee 291 in triage category G is not assigned a helicopter
2880,373,evacuee,,Evacuee;291;in triage state;Y;is at the evacuation site
2880,376,evacuee,outES,Evacuee 290 in triage category G is not assigned a helicopter
2880,376,evacuee,,Evacuee;290;in triage state;Y;is at the evacuation site
2880,379,evacuee,outES,Evacuee 350 in triage category G is not assigned a helicopter
2880,379,evacuee,,Evacuee;350;in triage state;Y;is at the evacuation site
2880,382,evacuee,outES,Evacuee 288 in triage category G is not assigned a helicopter
2880,382,evacuee,,Evacuee;288;in triage state;Y;is at the evacuation site
2880,385,evacuee,outES,Evacuee 287 in triage category G is not assigned a helicopter
2880,385,evacuee,,Evacuee;287;in triage state;Y;is at the evacuation site
2880,388,evacuee,outES,Evacuee 415 in triage category G is not assigned a helicopter
2880,388,evacuee,,Evacuee;415;in triage state;Y;is at the evacuation site
2880,391,evacuee,outES,Evacuee 376 in triage category G is not assigned a helicopter
2880,391,evacuee,,Evacuee;376;in triage state;Y;is at the evacuation site
2880,394,evacuee,outES,Evacuee 284 in triage category G is not assigned a helicopter
2880,394,evacuee,,Evacuee;284;in triage state;Y;is at the evacuation site
2880,397,evacuee,outES,Evacuee 283 in triage category G is not assigned a helicopter
2880,397,evacuee,,Evacuee;283;in triage state;Y;is at the evacuation site
2880,400,evacuee,outES,Evacuee 282 in triage category G is not assigned a helicopter
2880,400,evacuee,,Evacuee;282;in triage state;Y;is at the evacuation site
2880,403,evacuee,outES,Evacuee 281 in triage category G is not assigned a helicopter
2880,403,evacuee,,Evacuee;281;in triage state;Y;is at the evacuation site
2880,406,evacuee,outES,Evacuee 280 in triage category G is not assigned a helicopter
2880,406,evacuee,,Evacuee;280;in triage state;Y;is at the evacuation site
2880,409,evacuee,outES,Evacuee 333 in triage category G is not assigned a helicopter
2880,409,evacuee,,Evacuee;333;in triage state;Y;is at the evacuation site
2880,412,evacuee,outES,Evacuee 279 in triage category G is not assigned a helicopter
2880,412,evacuee,,Evacuee;279;in triage state;Y;is at the evacuation site
2880,415,evacuee,outES,Evacuee 278 in triage category G is not assigned a helicopter
2880,415,evacuee,,Evacuee;278;in triage state;Y;is at the evacuation site
2880,418,evacuee,outES,Evacuee 277 in triage category G is not assigned a helicopter
2880,418,evacuee,,Evacuee;277;in triage state;Y;is at the evacuation site
2880,421,evacuee,outES,Evacuee 315 in triage category G is not assigned a helicopter
2880,421,evacuee,,Evacuee;315;in triage state;Y;is at the evacuation site
2880,424,evacuee,outES,Evacuee 274 in triage category G is not assigned a helicopter
2880,424,evacuee,,Evacuee;274;in triage state;Y;is at the evacuation site
2880,427,evacuee,outES,Evacuee 273 in triage category G is not assigned a helicopter
2880,427,evacuee,,Evacuee;273;in triage state;Y;is at the evacuation site
2880,430,evacuee,outES,Evacuee 337 in triage category G is not assigned a helicopter
2880,430,evacuee,,Evacuee;337;in triage state;Y;is at the evacuation site
2880,433,evacuee,outES,Evacuee 301 in triage category G is not assigned a helicopter
2880,433,evacuee,,Evacuee;301;in triage state;Y;is at the evacuation site
2880,436,evacuee,outES,Evacuee 272 in triage category G is not assigned a helicopter
2880,436,evacuee,,Evacuee;272;in triage state;Y;is at the evacuation site
2880,439,evacuee,outES,Evacuee 270 in triage category G is not assigned a helicopter
2880,439,evacuee,,Evacuee;270;in triage state;Y;is at the evacuation site
2880,442,evacuee,outES,Evacuee 264 in triage category G is not assigned a helicopter
2880,442,evacuee,,Evacuee;264;in triage state;Y;is at the evacuation site
2880,445,evacuee,outES,Evacuee 262 in triage category G is not assigned a helicopter
2880,445,evacuee,,Evacuee;262;in triage state;Y;is at the evacuation site
2880,448,evacuee,outES,Evacuee 260 in triage category G is not assigned a helicopter
2880,448,evacuee,,Evacuee;260;in triage state;Y;is at the evacuation site
2880,451,evacuee,outES,Evacuee 259 in triage category G is not assigned a helicopter
2880,451,evacuee,,Evacuee;259;in triage state;Y;is at the evacuation site
2880,454,evacuee,outES,Evacuee 125 in triage category G is not assigned a helicopter
2880,454,evacuee,,Evacuee;125;in triage state;Y;is at the evacuation site
2880,457,evacuee,outES,Evacuee 114 in triage category G is not assigned a helicopter
2880,457,evacuee,,Evacuee;114;in triage state;Y;is at the evacuation site
2880,460,evacuee,outES,Evacuee 289 in triage category G is not assigned a helicopter
2880,460,evacuee,,Evacuee;289;in triage state;Y;is at the evacuation site
2880,463,evacuee,outES,Evacuee 88 in triage category G is not assigned a helicopter
2880,463,evacuee,,Evacuee;88;in triage state;Y;is at the evacuation site
2880,466,evacuee,outES,Evacuee 449 in triage category G is not assigned a helicopter
2880,466,evacuee,,Evacuee;449;in triage state;Y;is at the evacuation site
2880,469,evacuee,outES,Evacuee 122 in triage category G is not assigned a helicopter
2880,469,evacuee,,Evacuee;122;in triage state;Y;is at the evacuation site
2880,472,evacuee,outES,Evacuee 108 in triage category G is not assigned a helicopter
2880,472,evacuee,,Evacuee;108;in triage state;Y;is at the evacuation site
2880,475,evacuee,outES,Evacuee 276 in triage category G is not assigned a helicopter
2880,475,evacuee,,Evacuee;276;in triage state;Y;is at the evacuation site
2880,478,evacuee,outES,Evacuee 121 in triage category G is not assigned a helicopter
2880,478,evacuee,,Evacuee;121;in triage state;Y;is at the evacuation site
2880,481,evacuee,outES,Evacuee 386 in triage category G is not assigned a helicopter
2880,481,evacuee,,Evacuee;386;in triage state;Y;is at the evacuation site
2880,484,evacuee,outES,Evacuee 117 in triage category G is not assigned a helicopter
2880,484,evacuee,,Evacuee;117;in triage state;Y;is at the evacuation site
2880,487,evacuee,outES,Evacuee 192 in triage category G is not assigned a helicopter
2880,487,evacuee,,Evacuee;192;in triage state;Y;is at the evacuation site
2880,490,evacuee,outES,Evacuee 432 in triage category G is not assigned a helicopter
2880,490,evacuee,,Evacuee;432;in triage state;Y;is at the evacuation site
2880,493,evacuee,outES,Evacuee 245 in triage category G is not assigned a helicopter
2880,493,evacuee,,Evacuee;245;in triage state;Y;is at the evacuation site
2880,496,evacuee,outES,Evacuee 310 in triage category G is not assigned a helicopter
2880,496,evacuee,,Evacuee;310;in triage state;Y;is at the evacuation site
2880,499,evacuee,outES,Evacuee 118 in triage category G is not assigned a helicopter
2880,499,evacuee,,Evacuee;118;in triage state;Y;is at the evacuation site
2880,505,evacuee,outES,Evacuee 470 in triage category G is not assigned a helicopter
2880,505,evacuee,,Evacuee;470;in triage state;Y;is at the evacuation site
2880,508,evacuee,outES,Evacuee 469 in triage category G is not assigned a helicopter
2880,508,evacuee,,Evacuee;469;in triage state;Y;is at the evacuation site
2880,511,evacuee,outES,Evacuee 215 in triage category G is not assigned a helicopter
2880,511,evacuee,,Evacuee;215;in triage state;Y;is at the evacuation site
2880,514,evacuee,outES,Evacuee 345 in triage category G is not assigned a helicopter
2880,514,evacuee,,Evacuee;345;in triage state;Y;is at the evacuation site
2880,517,evacuee,outES,Evacuee 302 in triage category G is not assigned a helicopter
2880,517,evacuee,,Evacuee;302;in triage state;Y;is at the evacuation site
2880,520,evacuee,outES,Evacuee 112 in triage category G is not assigned a helicopter
2880,520,evacuee,,Evacuee;112;in triage state;Y;is at the evacuation site
2880,523,evacuee,outES,Evacuee 299 in triage category G is not assigned a helicopter
2880,523,evacuee,,Evacuee;299;in triage state;Y;is at the evacuation site
2880,526,evacuee,outES,Evacuee 109 in triage category G is not assigned a helicopter
2880,526,evacuee,,Evacuee;109;in triage state;Y;is at the evacuation site
2880,529,evacuee,outES,Evacuee 373 in triage category G is not assigned a helicopter
2880,529,evacuee,,Evacuee;373;in triage state;Y;is at the evacuation site
2880,532,evacuee,outES,Evacuee 358 in triage category G is not assigned a helicopter
2880,532,evacuee,,Evacuee;358;in triage state;Y;is at the evacuation site
2880,535,evacuee,outES,Evacuee 188 in triage category G is not assigned a helicopter
2880,535,evacuee,,Evacuee;188;in triage state;Y;is at the evacuation site
2880,538,evacuee,outES,Evacuee 106 in triage category G is not assigned a helicopter
2880,538,evacuee,,Evacuee;106;in triage state;Y;is at the evacuation site
2880,541,evacuee,outES,Evacuee 311 in triage category G is not assigned a helicopter
2880,541,evacuee,,Evacuee;311;in triage state;Y;is at the evacuation site
2880,544,evacuee,outES,Evacuee 148 in triage category G is not assigned a helicopter
2880,544,evacuee,,Evacuee;148;in triage state;Y;is at the evacuation site
2880,547,evacuee,outES,Evacuee 235 in triage category G is not assigned a helicopter
2880,547,evacuee,,Evacuee;235;in triage state;Y;is at the evacuation site
2880,550,evacuee,outES,Evacuee 105 in triage category G is not assigned a helicopter
2880,550,evacuee,,Evacuee;105;in triage state;Y;is at the evacuation site
2880,553,evacuee,outES,Evacuee 424 in triage category G is not assigned a helicopter
2880,553,evacuee,,Evacuee;424;in triage state;Y;is at the evacuation site
2880,556,evacuee,outES,Evacuee 269 in triage category G is not assigned a helicopter
2880,556,evacuee,,Evacuee;269;in triage state;Y;is at the evacuation site
2880,559,evacuee,outES,Evacuee 103 in triage category G is not assigned a helicopter
2880,559,evacuee,,Evacuee;103;in triage state;Y;is at the evacuation site
2880,562,evacuee,outES,Evacuee 124 in triage category G is not assigned a helicopter
2880,562,evacuee,,Evacuee;124;in triage state;Y;is at the evacuation site
2880,565,evacuee,outES,Evacuee 111 in triage category G is not assigned a helicopter
2880,565,evacuee,,Evacuee;111;in triage state;Y;is at the evacuation site
2880,568,evacuee,outES,Evacuee 39 in triage category G is told to board the coast guard ship
2880,568,evacuee,,Evacuee;39;in triage state;W;is on board the Coast Guard Ship
2880,571,evacuee,outES,Evacuee 228 in triage category G is not assigned a helicopter
2880,571,evacuee,,Evacuee;228;in triage state;Y;is at the evacuation site
2880,577,evacuee,outES,Evacuee 101 in triage category G is not assigned a helicopter
2880,577,evacuee,,Evacuee;101;in triage state;Y;is at the evacuation site
2880,580,evacuee,outES,Evacuee 142 in triage category G is not assigned a helicopter
2880,580,evacuee,,Evacuee;142;in triage state;Y;is at the evacuation site
2880,583,evacuee,outES,Evacuee 99 in triage category G is not assigned a helicopter
2880,583,evacuee,,Evacuee;99;in triage state;Y;is at the evacuation site
2880,589,evacuee,outES,Evacuee 324 in triage category G is not assigned a helicopter
2880,589,evacuee,,Evacuee;324;in triage state;Y;is at the evacuation site
2880,592,evacuee,outES,Evacuee 95 in triage category G is not assigned a helicopter
2880,592,evacuee,,Evacuee;95;in triage state;Y;is at the evacuation site
2880,595,evacuee,outES,Evacuee 447 in triage category G is not assigned a helicopter
2880,595,evacuee,,Evacuee;447;in triage state;Y;is at the evacuation site
2880,598,evacuee,outES,Evacuee 361 in triage category G is not assigned a helicopter
2880,598,evacuee,,Evacuee;361;in triage state;Y;is at the evacuation site
2880,601,evacuee,outES,Evacuee 342 in triage category G is not assigned a helicopter
2880,601,evacuee,,Evacuee;342;in triage state;Y;is at the evacuation site
2880,604,evacuee,outES,Evacuee 93 in triage category G is not assigned a helicopter
2880,604,evacuee,,Evacuee;93;in triage state;Y;is at the evacuation site
2880,607,evacuee,outES,Evacuee 136 in triage category G is not assigned a helicopter
2880,607,evacuee,,Evacuee;136;in triage state;Y;is at the evacuation site
2880,610,evacuee,outES,Evacuee 412 in triage category G is not assigned a helicopter
2880,610,evacuee,,Evacuee;412;in triage state;Y;is at the evacuation site
2880,613,evacuee,outES,Evacuee 90 in triage category G is not assigned a helicopter
2880,613,evacuee,,Evacuee;90;in triage state;Y;is at the evacuation site
2880,616,evacuee,outES,Evacuee 1 in triage category G is told to board the coast guard ship
2880,616,evacuee,,Evacuee;1;in triage state;W;is on board the Coast Guard Ship
2880,619,evacuee,outES,Evacuee 83 in triage category G is not assigned a helicopter
2880,619,evacuee,,Evacuee;83;in triage state;Y;is at the evacuation site
2880,622,evacuee,outES,Evacuee 127 in triage category G is not assigned a helicopter
2880,622,evacuee,,Evacuee;127;in triage state;Y;is at the evacuation site
2880,625,evacuee,outES,Evacuee 49 in triage category G is told to board the coast guard ship
2880,625,evacuee,,Evacuee;49;in triage state;W;is on board the Coast Guard Ship
2880,628,evacuee,outES,Evacuee 87 in triage category G is not assigned a helicopter
2880,628,evacuee,,Evacuee;87;in triage state;Y;is at the evacuation site
2880,631,evacuee,outES,Evacuee 297 in triage category G is not assigned a helicopter
2880,631,evacuee,,Evacuee;297;in triage state;Y;is at the evacuation site
2880,634,evacuee,outES,Evacuee 86 in triage category G is not assigned a helicopter
2880,634,evacuee,,Evacuee;86;in triage state;Y;is at the evacuation site
2880,637,evacuee,outES,Evacuee 51 in triage category G is not assigned a helicopter
2880,637,evacuee,,Evacuee;51;in triage state;Y;is at the evacuation site
2880,640,evacuee,outES,Evacuee 444 in triage category G is not assigned a helicopter
2880,640,evacuee,,Evacuee;444;in triage state;Y;is at the evacuation site
2880,643,evacuee,outES,Evacuee 80 in triage category G is not assigned a helicopter
2880,643,evacuee,,Evacuee;80;in triage state;Y;is at the evacuation site
2880,646,evacuee,outES,Evacuee 79 in triage category G is not assigned a helicopter
2880,646,evacuee,,Evacuee;79;in triage state;Y;is at the evacuation site
2880,649,evacuee,outES,Evacuee 115 in triage category G is not assigned a helicopter
2880,649,evacuee,,Evacuee;115;in triage state;Y;is at the evacuation site
2880,652,evacuee,outES,Evacuee 98 in triage category G is not assigned a helicopter
2880,652,evacuee,,Evacuee;98;in triage state;Y;is at the evacuation site
2880,655,evacuee,outES,Evacuee 356 in triage category G is not assigned a helicopter
2880,655,evacuee,,Evacuee;356;in triage state;Y;is at the evacuation site
2880,658,evacuee,outES,Evacuee 78 in triage category G is not assigned a helicopter
2880,658,evacuee,,Evacuee;78;in triage state;Y;is at the evacuation site
2880,661,evacuee,outES,Evacuee 213 in triage category G is not assigned a helicopter
2880,661,evacuee,,Evacuee;213;in triage state;Y;is at the evacuation site
2880,664,evacuee,outES,Evacuee 344 in triage category G is not assigned a helicopter
2880,664,evacuee,,Evacuee;344;in triage state;Y;is at the evacuation site
2880,667,evacuee,outES,Evacuee 77 in triage category G is not assigned a helicopter
2880,667,evacuee,,Evacuee;77;in triage state;Y;is at the evacuation site
2880,670,evacuee,outES,Evacuee 156 in triage category G is not assigned a helicopter
2880,670,evacuee,,Evacuee;156;in triage state;Y;is at the evacuation site
2880,673,evacuee,outES,Evacuee 300 in triage category G is not assigned a helicopter
2880,673,evacuee,,Evacuee;300;in triage state;Y;is at the evacuation site
2880,676,evacuee,outES,Evacuee 165 in triage category G is not assigned a helicopter
2880,676,evacuee,,Evacuee;165;in triage state;Y;is at the evacuation site
2880,679,evacuee,outES,Evacuee 454 in triage category G is not assigned a helicopter
2880,679,evacuee,,Evacuee;454;in triage state;Y;is at the evacuation site
2880,682,evacuee,outES,Evacuee 440 in triage category G is not assigned a helicopter
2880,682,evacuee,,Evacuee;440;in triage state;Y;is at the evacuation site
2880,685,evacuee,outES,Evacuee 76 in triage category G is not assigned a helicopter
2880,685,evacuee,,Evacuee;76;in triage state;Y;is at the evacuation site
2880,688,evacuee,outES,Evacuee 431 in triage category G is not assigned a helicopter
2880,688,evacuee,,Evacuee;431;in triage state;Y;is at the evacuation site
2880,691,evacuee,outES,Evacuee 74 in triage category G is not assigned a helicopter
2880,691,evacuee,,Evacuee;74;in triage state;Y;is at the evacuation site
2880,694,evacuee,outES,Evacuee 363 in triage category G is not assigned a helicopter
2880,694,evacuee,,Evacuee;363;in triage state;Y;is at the evacuation site
2880,697,evacuee,outES,Evacuee 251 in triage category G is not assigned a helicopter
2880,697,evacuee,,Evacuee;251;in triage state;Y;is at the evacuation site
2880,700,evacuee,outES,Evacuee 134 in triage category G is not assigned a helicopter
2880,700,evacuee,,Evacuee;134;in triage state;Y;is at the evacuation site
2880,703,evacuee,outES,Evacuee 199 in triage category G is not assigned a helicopter
2880,703,evacuee,,Evacuee;199;in triage state;Y;is at the evacuation site
2880,706,evacuee,outES,Evacuee 66 in triage category G is not assigned a helicopter
2880,706,evacuee,,Evacuee;66;in triage state;Y;is at the evacuation site
2880,709,evacuee,outES,Evacuee 62 in triage category G is not assigned a helicopter
2880,709,evacuee,,Evacuee;62;in triage state;Y;is at the evacuation site
2880,712,evacuee,outES,Evacuee 223 in triage category G is not assigned a helicopter
2880,712,evacuee,,Evacuee;223;in triage state;Y;is at the evacuation site
2880,715,evacuee,outES,Evacuee 465 in triage category G is not assigned a helicopter
2880,715,evacuee,,Evacuee;465;in triage state;Y;is at the evacuation site
2880,718,evacuee,outES,Evacuee 60 in triage category G is not assigned a helicopter
2880,718,evacuee,,Evacuee;60;in triage state;Y;is at the evacuation site
2880,721,evacuee,outES,Evacuee 385 in triage category G is not assigned a helicopter
2880,721,evacuee,,Evacuee;385;in triage state;Y;is at the evacuation site
2880,724,evacuee,outES,Evacuee 181 in triage category G is not assigned a helicopter
2880,724,evacuee,,Evacuee;181;in triage state;Y;is at the evacuation site
2880,727,evacuee,outES,Evacuee 135 in triage category G is not assigned a helicopter
2880,727,evacuee,,Evacuee;135;in triage state;Y;is at the evacuation site
2880,730,evacuee,outES,Evacuee 15 in triage category G is told to board the coast guard ship
2880,730,evacuee,,Evacuee;15;in triage state;W;is on board the Coast Guard Ship
2880,733,evacuee,outES,Evacuee 474 in triage category G is not assigned a helicopter
2880,733,evacuee,,Evacuee;474;in triage state;Y;is at the evacuation site
2880,736,evacuee,outES,Evacuee 17 in triage category G is told to board the coast guard ship
2880,736,evacuee,,Evacuee;17;in triage state;W;is on board the Coast Guard Ship
2880,742,evacuee,outES,Evacuee 179 in triage category G is not assigned a helicopter
2880,742,evacuee,,Evacuee;179;in triage state;Y;is at the evacuation site
2880,745,evacuee,outES,Evacuee 147 in triage category G is not assigned a helicopter
2880,745,evacuee,,Evacuee;147;in triage state;Y;is at the evacuation site
2880,748,evacuee,outES,Evacuee 14 in triage category G is told to board the coast guard ship
2880,748,evacuee,,Evacuee;14;in triage state;W;is on board the Coast Guard Ship
2880,751,evacuee,outES,Evacuee 65 in triage category G is not assigned a helicopter
2880,751,evacuee,,Evacuee;65;in triage state;Y;is at the evacuation site
2880,754,evacuee,outES,Evacuee 218 in triage category G is not assigned a helicopter
2880,754,evacuee,,Evacuee;218;in triage state;Y;is at the evacuation site
2880,757,evacuee,outES,Evacuee 453 in triage category G is not assigned a helicopter
2880,757,evacuee,,Evacuee;453;in triage state;Y;is at the evacuation site
2880,760,evacuee,outES,Evacuee 285 in triage category G is not assigned a helicopter
2880,760,evacuee,,Evacuee;285;in triage state;Y;is at the evacuation site
2880,763,evacuee,outES,Evacuee 89 in triage category G is not assigned a helicopter
2880,763,evacuee,,Evacuee;89;in triage state;Y;is at the evacuation site
2880,766,evacuee,outES,Evacuee 394 in triage category G is not assigned a helicopter
2880,766,evacuee,,Evacuee;394;in triage state;Y;is at the evacuation site
2880,769,evacuee,outES,Evacuee 240 in triage category G is not assigned a helicopter
2880,769,evacuee,,Evacuee;240;in triage state;Y;is at the evacuation site
2880,772,evacuee,outES,Evacuee 8 in triage category G is told to board the coast guard ship
2880,772,evacuee,,Evacuee;8;in triage state;W;is on board the Coast Guard Ship
2880,775,evacuee,outES,Evacuee 355 in triage category G is not assigned a helicopter
2880,775,evacuee,,Evacuee;355;in triage state;Y;is at the evacuation site
2880,778,evacuee,outES,Evacuee 23 in triage category G is told to board the coast guard ship
2880,778,evacuee,,Evacuee;23;in triage state;W;is on board the Coast Guard Ship
2880,781,evacuee,outES,Evacuee 200 in triage category G is not assigned a helicopter
2880,781,evacuee,,Evacuee;200;in triage state;Y;is at the evacuation site
2880,784,evacuee,outES,Evacuee 255 in triage category G is not assigned a helicopter
2880,784,evacuee,,Evacuee;255;in triage state;Y;is at the evacuation site
2880,787,evacuee,outES,Evacuee 18 in triage category G is told to board the coast guard ship
2880,787,evacuee,,Evacuee;18;in triage state;W;is on board the Coast Guard Ship
2880,790,evacuee,outES,Evacuee 368 in triage category G is not assigned a helicopter
2880,790,evacuee,,Evacuee;368;in triage state;Y;is at the evacuation site
2880,793,evacuee,outES,Evacuee 4 in triage category G is told to board the coast guard ship
2880,793,evacuee,,Evacuee;4;in triage state;W;is on board the Coast Guard Ship
2880,796,evacuee,outES,Evacuee 387 in triage category G is not assigned a helicopter
2880,796,evacuee,,Evacuee;387;in triage state;Y;is at the evacuation site
2880,799,evacuee,outES,Evacuee 246 in triage category G is not assigned a helicopter
2880,799,evacuee,,Evacuee;246;in triage state;Y;is at the evacuation site
2880,802,evacuee,outES,Evacuee 220 in triage category G is not assigned a helicopter
2880,802,evacuee,,Evacuee;220;in triage state;Y;is at the evacuation site
2880,805,evacuee,outES,Evacuee 173 in triage category G is not assigned a helicopter
2880,805,evacuee,,Evacuee;173;in triage state;Y;is at the evacuation site
2880,808,evacuee,outES,Evacuee 157 in triage category G is not assigned a helicopter
2880,808,evacuee,,Evacuee;157;in triage state;Y;is at the evacuation site
2880,811,evacuee,outES,Evacuee 451 in triage category G is not assigned a helicopter
2880,811,evacuee,,Evacuee;451;in triage state;Y;is at the evacuation site
2880,814,evacuee,outES,Evacuee 359 in triage category G is not assigned a helicopter
2880,814,evacuee,,Evacuee;359;in triage state;Y;is at the evacuation site
2880,817,evacuee,outES,Evacuee 286 in triage category G is not assigned a helicopter
2880,817,evacuee,,Evacuee;286;in triage state;Y;is at the evacuation site
2880,820,evacuee,outES,Evacuee 196 in triage category G is not assigned a helicopter
2880,820,evacuee,,Evacuee;196;in triage state;Y;is at the evacuation site
2880,823,evacuee,outES,Evacuee 407 in triage category G is not assigned a helicopter
2880,823,evacuee,,Evacuee;407;in triage state;Y;is at the evacuation site
2880,826,evacuee,outES,Evacuee 132 in triage category G is not assigned a helicopter
2880,826,evacuee,,Evacuee;132;in triage state;Y;is at the evacuation site
2880,829,evacuee,outES,Evacuee 31 in triage category G is told to board the coast guard ship
2880,829,evacuee,,Evacuee;31;in triage state;W;is on board the Coast Guard Ship
2880,832,evacuee,outES,Evacuee 38 in triage category G is told to board the coast guard ship
2880,832,evacuee,,Evacuee;38;in triage state;W;is on board the Coast Guard Ship
2880,835,evacuee,outES,Evacuee 2 in triage category G is told to board the coast guard ship
2880,835,evacuee,,Evacuee;2;in triage state;W;is on board the Coast Guard Ship
2880,838,evacuee,outES,Evacuee 33 in triage category G is told to board the coast guard ship
2880,838,evacuee,,Evacuee;33;in triage state;W;is on board the Coast Guard Ship
2880,841,evacuee,outES,Evacuee 271 in triage category G is not assigned a helicopter
2880,841,evacuee,,Evacuee;271;in triage state;Y;is at the evacuation site
2880,844,evacuee,outES,Evacuee 9 in triage category G is told to board the coast guard ship
2880,844,evacuee,,Evacuee;9;in triage state;W;is on board the Coast Guard Ship
2880,847,evacuee,outES,Evacuee 25 in triage category G is told to board the coast guard ship
2880,847,evacuee,,Evacuee;25;in triage state;W;is on board the Coast Guard Ship
2880,850,evacuee,outES,Evacuee 334 in triage category G is not assigned a helicopter
2880,850,evacuee,,Evacuee;334;in triage state;Y;is at the evacuation site
2880,853,evacuee,outES,Evacuee 70 in triage category G is not assigned a helicopter
2880,853,evacuee,,Evacuee;70;in triage state;Y;is at the evacuation site
2880,856,evacuee,outES,Evacuee 5 in triage category G is told to board the coast guard ship
2880,856,evacuee,,Evacuee;5;in triage state;W;is on board the Coast Guard Ship
2880,859,evacuee,outES,Evacuee 250 in triage category G is not assigned a helicopter
2880,859,evacuee,,Evacuee;250;in triage state;Y;is at the evacuation site
2880,862,evacuee,outES,Evacuee 107 in triage category G is not assigned a helicopter
2880,862,evacuee,,Evacuee;107;in triage state;Y;is at the evacuation site
2880,865,evacuee,outES,Evacuee 229 in triage category G is not assigned a helicopter
2880,865,evacuee,,Evacuee;229;in triage state;Y;is at the evacuation site
2880,868,evacuee,outES,Evacuee 110 in triage category G is not assigned a helicopter
2880,868,evacuee,,Evacuee;110;in triage state;Y;is at the evacuation site
2880,871,evacuee,outES,Evacuee 141 in triage category G is not assigned a helicopter
2880,871,evacuee,,Evacuee;141;in triage state;Y;is at the evacuation site
2880,874,evacuee,outES,Evacuee 133 in triage category G is not assigned a helicopter
2880,874,evacuee,,Evacuee;133;in triage state;Y;is at the evacuation site
2880,880,evacuee,outES,Evacuee 473 in triage category G is not assigned a helicopter
2880,880,evacuee,,Evacuee;473;in triage state;Y;is at the evacuation site
2880,883,evacuee,outES,Evacuee 400 in triage category G is not assigned a helicopter
2880,883,evacuee,,Evacuee;400;in triage state;Y;is at the evacuation site
2880,886,evacuee,outES,Evacuee 268 in triage category G is not assigned a helicopter
2880,886,evacuee,,Evacuee;268;in triage state;Y;is at the evacuation site
2880,889,evacuee,outES,Evacuee 100 in triage category G is not assigned a helicopter
2880,889,evacuee,,Evacuee;100;in triage state;Y;is at the evacuation site
2880,892,evacuee,outES,Evacuee 29 in triage category G is told to board the coast guard ship
2880,892,evacuee,,Evacuee;29;in triage state;W;is on board the Coast Guard Ship
2880,895,evacuee,outES,Evacuee 158 in triage category G is not assigned a helicopter
2880,895,evacuee,,Evacuee;158;in triage state;Y;is at the evacuation site
2880,898,evacuee,outES,Evacuee 187 in triage category G is not assigned a helicopter
2880,898,evacuee,,Evacuee;187;in triage state;Y;is at the evacuation site
2880,901,evacuee,outES,Evacuee 85 in triage category G is not assigned a helicopter
2880,901,evacuee,,Evacuee;85;in triage state;Y;is at the evacuation site
2880,907,evacuee,outES,Evacuee 71 in triage category G is not assigned a helicopter
2880,907,evacuee,,Evacuee;71;in triage state;Y;is at the evacuation site
2880,910,evacuee,outES,Evacuee 332 in triage category G is not assigned a helicopter
2880,910,evacuee,,Evacuee;332;in triage state;Y;is at the evacuation site
2880,913,evacuee,outES,Evacuee 81 in triage category G is not assigned a helicopter
2880,913,evacuee,,Evacuee;81;in triage state;Y;is at the evacuation site
2880,916,evacuee,outES,Evacuee 104 in triage category G is not assigned a helicopter
2880,916,evacuee,,Evacuee;104;in triage state;Y;is at the evacuation site
2880,919,evacuee,outES,Evacuee 40 in triage category G is told to board the coast guard ship
2880,919,evacuee,,Evacuee;40;in triage state;W;is on board the Coast Guard Ship
2880,922,evacuee,outES,Evacuee 97 in triage category G is not assigned a helicopter
2880,922,evacuee,,Evacuee;97;in triage state;Y;is at the evacuation site
2880,925,evacuee,outES,Evacuee 3 in triage category G is told to board the coast guard ship
2880,925,evacuee,,Evacuee;3;in triage state;W;is on board the Coast Guard Ship
2880,928,evacuee,outES,Evacuee 172 in triage category G is not assigned a helicopter
2880,928,evacuee,,Evacuee;172;in triage state;Y;is at the evacuation site
2880,931,evacuee,outES,Evacuee 256 in triage category G is not assigned a helicopter
2880,931,evacuee,,Evacuee;256;in triage state;Y;is at the evacuation site
2880,934,evacuee,outES,Evacuee 119 in triage category G is not assigned a helicopter
2880,934,evacuee,,Evacuee;119;in triage state;Y;is at the evacuation site
2880,937,evacuee,outES,Evacuee 6 in triage category G is told to board the coast guard ship
2880,937,evacuee,,Evacuee;6;in triage state;W;is on board the Coast Guard Ship
2880,940,evacuee,outES,Evacuee 347 in triage category G is not assigned a helicopter
2880,940,evacuee,,Evacuee;347;in triage state;Y;is at the evacuation site
2880,943,evacuee,outES,Evacuee 82 in triage category G is not assigned a helicopter
2880,943,evacuee,,Evacuee;82;in triage state;Y;is at the evacuation site
2880,946,evacuee,outES,Evacuee 54 in triage category G is not assigned a helicopter
2880,946,evacuee,,Evacuee;54;in triage state;Y;is at the evacuation site
2880,949,evacuee,outES,Evacuee 22 in triage category G is told to board the coast guard ship
2880,949,evacuee,,Evacuee;22;in triage state;W;is on board the Coast Guard Ship
2880,952,evacuee,outES,Evacuee 92 in triage category G is not assigned a helicopter
2880,952,evacuee,,Evacuee;92;in triage state;Y;is at the evacuation site
2880,955,evacuee,outES,Evacuee 44 in triage category G is told to board the coast guard ship
2880,955,evacuee,,Evacuee;44;in triage state;W;is on board the Coast Guard Ship
2880,958,evacuee,outES,Evacuee 150 in triage category G is not assigned a helicopter
2880,958,evacuee,,Evacuee;150;in triage state;Y;is at the evacuation site
2880,961,evacuee,outES,Evacuee 10 in triage category G is told to board the coast guard ship
2880,961,evacuee,,Evacuee;10;in triage state;W;is on board the Coast Guard Ship
2880,964,evacuee,outES,Evacuee 26 in triage category G is told to board the coast guard ship
2880,964,evacuee,,Evacuee;26;in triage state;W;is on board the Coast Guard Ship
2880,967,evacuee,outES,Evacuee 343 in triage category G is not assigned a helicopter
2880,967,evacuee,,Evacuee;343;in triage state;Y;is at the evacuation site
2880,970,evacuee,outES,Evacuee 241 in triage category G is not assigned a helicopter
2880,970,evacuee,,Evacuee;241;in triage state;Y;is at the evacuation site
2880,973,evacuee,outES,Evacuee 418 in triage category G is not assigned a helicopter
2880,973,evacuee,,Evacuee;418;in triage state;Y;is at the evacuation site
2880,976,evacuee,outES,Evacuee 75 in triage category G is not assigned a helicopter
2880,976,evacuee,,Evacuee;75;in triage state;Y;is at the evacuation site
2880,979,evacuee,outES,Evacuee 37 in triage category G is told to board the coast guard ship
2880,979,evacuee,,Evacuee;37;in triage state;W;is on board the Coast Guard Ship
2880,985,evacuee,outES,Evacuee 209 in triage category G is not assigned a helicopter
2880,985,evacuee,,Evacuee;209;in triage state;Y;is at the evacuation site
2880,988,evacuee,outES,Evacuee 402 in triage category G is not assigned a helicopter
2880,988,evacuee,,Evacuee;402;in triage state;Y;is at the evacuation site
2880,991,evacuee,outES,Evacuee 320 in triage category G is not assigned a helicopter
2880,991,evacuee,,Evacuee;320;in triage state;Y;is at the evacuation site
2880,994,evacuee,outES,Evacuee 116 in triage category G is not assigned a helicopter
2880,994,evacuee,,Evacuee;116;in triage state;Y;is at the evacuation site
2880,997,evacuee,outES,Evacuee 61 in triage category G is not assigned a helicopter
2880,997,evacuee,,Evacuee;61;in triage state;Y;is at the evacuation site
2880,1000,evacuee,outES,Evacuee 52 in triage category G is not assigned a helicopter
2880,1000,evacuee,,Evacuee;52;in triage state;Y;is at the evacuation site
2880,1003,evacuee,outES,Evacuee 41 in triage category G is told to board the coast guard ship
2880,1003,evacuee,,Evacuee;41;in triage state;W;is on board the Coast Guard Ship
2880,1006,evacuee,outES,Evacuee 304 in triage category G is not assigned a helicopter
2880,1006,evacuee,,Evacuee;304;in triage state;Y;is at the evacuation site
2880,1009,evacuee,outES,Evacuee 154 in triage category G is not assigned a helicopter
2880,1009,evacuee,,Evacuee;154;in triage state;Y;is at the evacuation site
2880,1012,evacuee,outES,Evacuee 421 in triage category G is not assigned a helicopter
2880,1012,evacuee,,Evacuee;421;in triage state;Y;is at the evacuation site
2880,1015,evacuee,outES,Evacuee 405 in triage category G is not assigned a helicopter
2880,1015,evacuee,,Evacuee;405;in triage state;Y;is at the evacuation site
2880,1018,evacuee,outES,Evacuee 21 in triage category G is told to board the coast guard ship
2880,1018,evacuee,,Evacuee;21;in triage state;W;is on board the Coast Guard Ship
2880,1021,evacuee,outES,Evacuee 68 in triage category G is not assigned a helicopter
2880,1021,evacuee,,Evacuee;68;in triage state;Y;is at the evacuation site
2880,1024,evacuee,outES,Evacuee 72 in triage category G is not assigned a helicopter
2880,1024,evacuee,,Evacuee;72;in triage state;Y;is at the evacuation site
2880,1027,evacuee,outES,Evacuee 46 in triage category G is told to board the coast guard ship
2880,1027,evacuee,,Evacuee;46;in triage state;W;is on board the Coast Guard Ship
2880,1030,evacuee,outES,Evacuee 53 in triage category G is not assigned a helicopter
2880,1030,evacuee,,Evacuee;53;in triage state;Y;is at the evacuation site
2880,1033,evacuee,outES,Evacuee 13 in triage category G is told to board the coast guard ship
2880,1033,evacuee,,Evacuee;13;in triage state;W;is on board the Coast Guard Ship
2880,1036,evacuee,outES,Evacuee 24 in triage category G is told to board the coast guard ship
2880,1036,evacuee,,Evacuee;24;in triage state;W;is on board the Coast Guard Ship
2880,1039,evacuee,outES,Evacuee 32 in triage category G is told to board the coast guard ship
2880,1039,evacuee,,Evacuee;32;in triage state;W;is on board the Coast Guard Ship
2880,1042,evacuee,outES,Evacuee 34 in triage category G is told to board the coast guard ship
2880,1042,evacuee,,Evacuee;34;in triage state;W;is on board the Coast Guard Ship
2880,1045,evacuee,outES,Evacuee 64 in triage category G is not assigned a helicopter
2880,1045,evacuee,,Evacuee;64;in triage state;Y;is at the evacuation site
2880,1048,evacuee,outES,Evacuee 429 in triage category G is not assigned a helicopter
2880,1048,evacuee,,Evacuee;429;in triage state;Y;is at the evacuation site
2880,1051,evacuee,outES,Evacuee 102 in triage category G is not assigned a helicopter
2880,1051,evacuee,,Evacuee;102;in triage state;Y;is at the evacuation site
2880,1054,evacuee,outES,Evacuee 160 in triage category G is not assigned a helicopter
2880,1054,evacuee,,Evacuee;160;in triage state;Y;is at the evacuation site
2880,1057,evacuee,outES,Evacuee 20 in triage category G is told to board the coast guard ship
2880,1057,evacuee,,Evacuee;20;in triage state;W;is on board the Coast Guard Ship
2880,1060,evacuee,outES,Evacuee 35 in triage category G is told to board the coast guard ship
2880,1060,evacuee,,Evacuee;35;in triage state;W;is on board the Coast Guard Ship
2880,1063,evacuee,outES,Evacuee 155 in triage category G is not assigned a helicopter
2880,1063,evacuee,,Evacuee;155;in triage state;Y;is at the evacuation site
2880,1066,evacuee,outES,Evacuee 36 in triage category G is told to board the coast guard ship
2880,1066,evacuee,,Evacuee;36;in triage state;W;is on board the Coast Guard Ship
2880,1069,evacuee,outES,Evacuee 198 in triage category G is not assigned a helicopter
2880,1069,evacuee,,Evacuee;198;in triage state;Y;is at the evacuation site
2880,1072,evacuee,outES,Evacuee 84 in triage category G is not assigned a helicopter
2880,1072,evacuee,,Evacuee;84;in triage state;Y;is at the evacuation site
2880,1075,evacuee,outES,Evacuee 42 in triage category G is told to board the coast guard ship
2880,1075,evacuee,,Evacuee;42;in triage state;W;is on board the Coast Guard Ship
2880,1078,evacuee,outES,Evacuee 91 in triage category G is not assigned a helicopter
2880,1078,evacuee,,Evacuee;91;in triage state;Y;is at the evacuation site
2880,1081,evacuee,outES,Evacuee 43 in triage category G is told to board the coast guard ship
2880,1081,evacuee,,Evacuee;43;in triage state;W;is on board the Coast Guard Ship
2880,1084,evacuee,outES,Evacuee 30 in triage category G is told to board the coast guard ship
2880,1084,evacuee,,Evacuee;30;in triage state;W;is on board the Coast Guard Ship
2880,1087,evacuee,outES,Evacuee 336 in triage category G is not assigned a helicopter
2880,1087,evacuee,,Evacuee;336;in triage state;Y;is at the evacuation site
2880,1090,evacuee,outES,Evacuee 307 in triage category G is not assigned a helicopter
2880,1090,evacuee,,Evacuee;307;in triage state;Y;is at the evacuation site
2880,1093,evacuee,outES,Evacuee 212 in triage category G is not assigned a helicopter
2880,1093,evacuee,,Evacuee;212;in triage state;Y;is at the evacuation site
2880,1096,evacuee,outES,Evacuee 391 in triage category G is not assigned a helicopter
2880,1096,evacuee,,Evacuee;391;in triage state;Y;is at the evacuation site
2880,1099,evacuee,outES,Evacuee 388 in triage category G is not assigned a helicopter
2880,1099,evacuee,,Evacuee;388;in triage state;Y;is at the evacuation site
2880,1102,evacuee,outES,Evacuee 55 in triage category G is not assigned a helicopter
2880,1102,evacuee,,Evacuee;55;in triage state;Y;is at the evacuation site
2880,1105,evacuee,outES,Evacuee 48 in triage category G is told to board the coast guard ship
2880,1105,evacuee,,Evacuee;48;in triage state;W;is on board the Coast Guard Ship
2880,1108,evacuee,outES,Evacuee 144 in triage category G is not assigned a helicopter
2880,1108,evacuee,,Evacuee;144;in triage state;Y;is at the evacuation site
2880,1111,evacuee,outES,Evacuee 50 in triage category G is told to board the coast guard ship
2880,1111,evacuee,,Evacuee;50;in triage state;W;is on board the Coast Guard Ship
2880,1114,evacuee,outES,Evacuee 19 in triage category G is told to board the coast guard ship
2880,1114,evacuee,,Evacuee;19;in triage state;W;is on board the Coast Guard Ship
2880,1117,evacuee,outES,Evacuee 182 in triage category G is not assigned a helicopter
2880,1117,evacuee,,Evacuee;182;in triage state;Y;is at the evacuation site
2880,1123,evacuee,outES,Evacuee 266 in triage category G is not assigned a helicopter
2880,1123,evacuee,,Evacuee;266;in triage state;Y;is at the evacuation site
2880,1126,evacuee,outES,Evacuee 120 in triage category G is not assigned a helicopter
2880,1126,evacuee,,Evacuee;120;in triage state;Y;is at the evacuation site
2880,1129,filterES,,
2880,1133,evacuee,outES,Evacuee 94 in triage category G is not assigned a helicopter
2880,1133,evacuee,,Evacuee;94;in triage state;Y;is at the evacuation site
2880,1136,evacuee,outES,Evacuee 63 in triage category G is not assigned a helicopter
2880,1136,evacuee,,Evacuee;63;in triage state;Y;is at the evacuation site
2880,1139,evacuee,outES,Evacuee 175 in triage category G is not assigned a helicopter
2880,1139,evacuee,,Evacuee;175;in triage state;Y;is at the evacuation site
2880,1142,evacuee,outES,Evacuee 47 in triage category G is told to board the coast guard ship
2880,1142,evacuee,,Evacuee;47;in triage state;W;is on board the Coast Guard Ship
2880,1145,evacuee,outES,Evacuee 56 in triage category G is not assigned a helicopter
2880,1145,evacuee,,Evacuee;56;in triage state;Y;is at the evacuation site
2880,1148,evacuee,outES,Evacuee 367 in triage category G is not assigned a helicopter
2880,1148,evacuee,,Evacuee;367;in triage state;Y;is at the evacuation site
2880,1151,evacuee,outES,Evacuee 364 in triage category G is not assigned a helicopter
2880,1151,evacuee,,Evacuee;364;in triage state;Y;is at the evacuation site
2880,1154,evacuee,outES,Evacuee 208 in triage category G is not assigned a helicopter
2880,1154,evacuee,,Evacuee;208;in triage state;Y;is at the evacuation site
2880,1157,evacuee,outES,Evacuee 57 in triage category G is not assigned a helicopter
2880,1157,evacuee,,Evacuee;57;in triage state;Y;is at the evacuation site
2880,1160,evacuee,outES,Evacuee 231 in triage category G is not assigned a helicopter
2880,1160,evacuee,,Evacuee;231;in triage state;Y;is at the evacuation site
2880,1163,evacuee,outES,Evacuee 261 in triage category G is not assigned a helicopter
2880,1163,evacuee,,Evacuee;261;in triage state;Y;is at the evacuation site
2880,1166,evacuee,outES,Evacuee 45 in triage category G is told to board the coast guard ship
2880,1166,evacuee,,Evacuee;45;in triage state;W;is on board the Coast Guard Ship
2880,1169,filterES,,Helicopter;1;is evacuating people
2880,1173,evacuee,outES,Evacuee 263 in triage category G is not assigned a helicopter
2880,1173,evacuee,,Evacuee;263;in triage state;Y;is at the evacuation site
2880,1176,evacuee,outES,Evacuee 190 in triage category G is not assigned a helicopter
2880,1176,evacuee,,Evacuee;190;in triage state;Y;is at the evacuation site
2880,1179,evacuee,outES,Evacuee 128 in triage category G is not assigned a helicopter
2880,1179,evacuee,,Evacuee;128;in triage state;Y;is at the evacuation site
2880,1182,evacuee,outES,Evacuee 416 in triage category G is not assigned a helicopter
2880,1182,evacuee,,Evacuee;416;in triage state;Y;is at the evacuation site
2880,1185,evacuee,outES,Evacuee 129 in triage category G is not assigned a helicopter
2880,1185,evacuee,,Evacuee;129;in triage state;Y;is at the evacuation site
2880,1188,evacuee,outES,Evacuee 308 in triage category G is not assigned a helicopter
2880,1188,evacuee,,Evacuee;308;in triage state;Y;is at the evacuation site
2880,1191,evacuee,outES,Evacuee 131 in triage category G is not assigned a helicopter
2880,1191,evacuee,,Evacuee;131;in triage state;Y;is at the evacuation site
2880,1194,evacuee,outES,Evacuee 137 in triage category G is not assigned a helicopter
2880,1194,evacuee,,Evacuee;137;in triage state;Y;is at the evacuation site
2880,1197,evacuee,outES,Evacuee 138 in triage category G is not assigned a helicopter
2880,1197,evacuee,,Evacuee;138;in triage state;Y;is at the evacuation site
2880,1200,evacuee,outES,Evacuee 265 in triage category G is not assigned a helicopter
2880,1200,evacuee,,Evacuee;265;in triage state;Y;is at the evacuation site
2880,1203,evacuee,outES,Evacuee 139 in triage category G is not assigned a helicopter
2880,1203,evacuee,,Evacuee;139;in triage state;Y;is at the evacuation site
2880,1206,evacuee,outES,Evacuee 194 in triage category G is not assigned a helicopter
2880,1206,evacuee,,Evacuee;194;in triage state;Y;is at the evacuation site
2880,1209,evacuee,outES,Evacuee 140 in triage category G is not assigned a helicopter
2880,1209,evacuee,,Evacuee;140;in triage state;Y;is at the evacuation site
2880,1212,evacuee,outES,Evacuee 130 in triage category G is not assigned a helicopter
2880,1212,evacuee,,Evacuee;130;in triage state;Y;is at the evacuation site
2880,1215,evacuee,outES,Evacuee 143 in triage category G is not assigned a helicopter
2880,1215,evacuee,,Evacuee;143;in triage state;Y;is at the evacuation site
2880,1218,evacuee,outES,Evacuee 149 in triage category G is not assigned a helicopter
2880,1218,evacuee,,Evacuee;149;in triage state;Y;is at the evacuation site
2880,1221,evacuee,outES,Evacuee 296 in triage category G is not assigned a helicopter
2880,1221,evacuee,,Evacuee;296;in triage state;Y;is at the evacuation site
2880,1224,evacuee,outES,Evacuee 151 in triage category G is not assigned a helicopter
2880,1224,evacuee,,Evacuee;151;in triage state;Y;is at the evacuation site
2880,1227,evacuee,outES,Evacuee 222 in triage category G is not assigned a helicopter
2880,1227,evacuee,,Evacuee;222;in triage state;Y;is at the evacuation site
2880,1230,evacuee,outES,Evacuee 152 in triage category G is not assigned a helicopter
2880,1230,evacuee,,Evacuee;152;in triage state;Y;is at the evacuation site
2880,1233,evacuee,outES,Evacuee 153 in triage category G is not assigned a helicopter
2880,1233,evacuee,,Evacuee;153;in triage state;Y;is at the evacuation site
2880,1236,evacuee,outES,Evacuee 67 in triage category G is not assigned a helicopter
2880,1236,evacuee,,Evacuee;67;in triage state;Y;is at the evacuation site
2880,1239,evacuee,outES,Evacuee 123 in triage category G is not assigned a helicopter
2880,1239,evacuee,,Evacuee;123;in triage state;Y;is at the evacuation site
2880,1242,evacuee,outES,Evacuee 159 in triage category G is not assigned a helicopter
2880,1242,evacuee,,Evacuee;159;in triage state;Y;is at the evacuation site
2880,1245,evacuee,outES,Evacuee 161 in triage category G is not assigned a helicopter
2880,1245,evacuee,,Evacuee;161;in triage state;Y;is at the evacuation site
2880,1248,evacuee,outES,Evacuee 28 in triage category G is told to board the coast guard ship
2880,1248,evacuee,,Evacuee;28;in triage state;W;is on board the Coast Guard Ship
2880,1251,evacuee,outES,Evacuee 126 in triage category G is not assigned a helicopter
2880,1251,evacuee,,Evacuee;126;in triage state;Y;is at the evacuation site
2880,1254,evacuee,outES,Evacuee 234 in triage category G is not assigned a helicopter
2880,1254,evacuee,,Evacuee;234;in triage state;Y;is at the evacuation site
2880,1257,evacuee,outES,Evacuee 162 in triage category G is not assigned a helicopter
2880,1257,evacuee,,Evacuee;162;in triage state;Y;is at the evacuation site
2880,1260,evacuee,outES,Evacuee 163 in triage category G is not assigned a helicopter
2880,1260,evacuee,,Evacuee;163;in triage state;Y;is at the evacuation site
2880,1263,evacuee,outES,Evacuee 166 in triage category G is not assigned a helicopter
2880,1263,evacuee,,Evacuee;166;in triage state;Y;is at the evacuation site
2880,1266,evacuee,outES,Evacuee 16 in triage category G is told to board the coast guard ship
2880,1266,evacuee,,Evacuee;16;in triage state;W;is on board the Coast Guard Ship
2880,1269,evacuee,outES,Evacuee 242 in triage category G is not assigned a helicopter
2880,1269,evacuee,,Evacuee;242;in triage state;Y;is at the evacuation site
2880,1272,evacuee,outES,Evacuee 178 in triage category G is not assigned a helicopter
2880,1272,evacuee,,Evacuee;178;in triage state;Y;is at the evacuation site
2880,1275,evacuee,outES,Evacuee 438 in triage category G is not assigned a helicopter
2880,1275,evacuee,,Evacuee;438;in triage state;Y;is at the evacuation site
2880,1278,evacuee,outES,Evacuee 146 in triage category G is not assigned a helicopter
2880,1278,evacuee,,Evacuee;146;in triage state;Y;is at the evacuation site
2880,1281,evacuee,outES,Evacuee 167 in triage category G is not assigned a helicopter
2880,1281,evacuee,,Evacuee;167;in triage state;Y;is at the evacuation site
2880,1284,evacuee,outES,Evacuee 145 in triage category G is not assigned a helicopter
2880,1284,evacuee,,Evacuee;145;in triage state;Y;is at the evacuation site
2880,1287,evacuee,outES,Evacuee 168 in triage category G is not assigned a helicopter
2880,1287,evacuee,,Evacuee;168;in triage state;Y;is at the evacuation site
2880,1290,evacuee,outES,Evacuee 176 in triage category G is not assigned a helicopter
2880,1290,evacuee,,Evacuee;176;in triage state;Y;is at the evacuation site
2880,1293,evacuee,outES,Evacuee 230 in triage category G is not assigned a helicopter
2880,1293,evacuee,,Evacuee;230;in triage state;Y;is at the evacuation site
2880,1296,evacuee,outES,Evacuee 169 in triage category G is not assigned a helicopter
2880,1296,evacuee,,Evacuee;169;in triage state;Y;is at the evacuation site
2880,1299,evacuee,outES,Evacuee 170 in triage category G is not assigned a helicopter
2880,1299,evacuee,,Evacuee;170;in triage state;Y;is at the evacuation site
2880,1302,evacuee,outES,Evacuee 171 in triage category G is not assigned a helicopter
2880,1302,evacuee,,Evacuee;171;in triage state;Y;is at the evacuation site
2880,1305,evacuee,outES,Evacuee 174 in triage category G is not assigned a helicopter
2880,1305,evacuee,,Evacuee;174;in triage state;Y;is at the evacuation site
2880,1308,evacuee,outES,Evacuee 177 in triage category G is not assigned a helicopter
2880,1308,evacuee,,Evacuee;177;in triage state;Y;is at the evacuation site
2880,1311,evacuee,outES,Evacuee 435 in triage category G is not assigned a helicopter
2880,1311,evacuee,,Evacuee;435;in triage state;Y;is at the evacuation site
2880,1314,evacuee,outES,Evacuee 58 in triage category G is not assigned a helicopter
2880,1314,evacuee,,Evacuee;58;in triage state;Y;is at the evacuation site
2880,1317,evacuee,outES,Evacuee 203 in triage category G is not assigned a helicopter
2880,1317,evacuee,,Evacuee;203;in triage state;Y;is at the evacuation site
2880,1320,evacuee,outES,Evacuee 232 in triage category G is not assigned a helicopter
2880,1320,evacuee,,Evacuee;232;in triage state;Y;is at the evacuation site
2880,1323,evacuee,outES,Evacuee 183 in triage category G is not assigned a helicopter
2880,1323,evacuee,,Evacuee;183;in triage state;Y;is at the evacuation site
2880,1326,evacuee,outES,Evacuee 184 in triage category G is not assigned a helicopter
2880,1326,evacuee,,Evacuee;184;in triage state;Y;is at the evacuation site
2880,1329,evacuee,outES,Evacuee 185 in triage category G is not assigned a helicopter
2880,1329,evacuee,,Evacuee;185;in triage state;Y;is at the evacuation site
2880,1332,evacuee,outES,Evacuee 186 in triage category G is not assigned a helicopter
2880,1332,evacuee,,Evacuee;186;in triage state;Y;is at the evacuation site
2880,1335,evacuee,outES,Evacuee 417 in triage category G is not assigned a helicopter
2880,1335,evacuee,,Evacuee;417;in triage state;Y;is at the evacuation site
2880,1338,evacuee,outES,Evacuee 217 in triage category G is not assigned a helicopter
2880,1338,evacuee,,Evacuee;217;in triage state;Y;is at the evacuation site
2880,1341,evacuee,outES,Evacuee 189 in triage category G is not assigned a helicopter
2880,1341,evacuee,,Evacuee;189;in triage state;Y;is at the evacuation site
2880,1344,evacuee,outES,Evacuee 253 in triage category G is not assigned a helicopter
2880,1344,evacuee,,Evacuee;253;in triage state;Y;is at the evacuation site
2880,1347,evacuee,outES,Evacuee 191 in triage category G is not assigned a helicopter
2880,1347,evacuee,,Evacuee;191;in triage state;Y;is at the evacuation site
2880,1350,evacuee,outES,Evacuee 314 in triage category G is not assigned a helicopter
2880,1350,evacuee,,Evacuee;314;in triage state;Y;is at the evacuation site
2880,1353,evacuee,outES,Evacuee 249 in triage category G is not assigned a helicopter
2880,1353,evacuee,,Evacuee;249;in triage state;Y;is at the evacuation site
2880,1356,evacuee,outES,Evacuee 193 in triage category G is not assigned a helicopter
2880,1356,evacuee,,Evacuee;193;in triage state;Y;is at the evacuation site
2880,1359,evacuee,outES,Evacuee 195 in triage category G is not assigned a helicopter
2880,1359,evacuee,,Evacuee;195;in triage state;Y;is at the evacuation site
2880,1362,evacuee,outES,Evacuee 399 in triage category G is not assigned a helicopter
2880,1362,evacuee,,Evacuee;399;in triage state;Y;is at the evacuation site
2880,1365,evacuee,outES,Evacuee 197 in triage category G is not assigned a helicopter
2880,1365,evacuee,,Evacuee;197;in triage state;Y;is at the evacuation site
2880,1368,evacuee,outES,Evacuee 450 in triage category G is not assigned a helicopter
2880,1368,evacuee,,Evacuee;450;in triage state;Y;is at the evacuation site
2880,1371,evacuee,outES,Evacuee 252 in triage category G is not assigned a helicopter
2880,1371,evacuee,,Evacuee;252;in triage state;Y;is at the evacuation site
2880,1374,evacuee,outES,Evacuee 329 in triage category G is not assigned a helicopter
2880,1374,evacuee,,Evacuee;329;in triage state;Y;is at the evacuation site
2880,1377,evacuee,outES,Evacuee 201 in triage category G is not assigned a helicopter
2880,1377,evacuee,,Evacuee;201;in triage state;Y;is at the evacuation site
2880,1380,evacuee,outES,Evacuee 11 in triage category G is told to board the coast guard ship
2880,1380,evacuee,,Evacuee;11;in triage state;W;is on board the Coast Guard Ship
2880,1383,evacuee,outES,Evacuee 202 in triage category G is not assigned a helicopter
2880,1383,evacuee,,Evacuee;202;in triage state;Y;is at the evacuation site
2880,1386,evacuee,outES,Evacuee 390 in triage category G is not assigned a helicopter
2880,1386,evacuee,,Evacuee;390;in triage state;Y;is at the evacuation site
2880,1389,evacuee,outES,Evacuee 204 in triage category G is not assigned a helicopter
2880,1389,evacuee,,Evacuee;204;in triage state;Y;is at the evacuation site
2880,1392,evacuee,outES,Evacuee 258 in triage category G is not assigned a helicopter
2880,1392,evacuee,,Evacuee;258;in triage state;Y;is at the evacuation site
2880,1395,evacuee,outES,Evacuee 210 in triage category G is not assigned a helicopter
2880,1395,evacuee,,Evacuee;210;in triage state;Y;is at the evacuation site
2880,1398,evacuee,outES,Evacuee 275 in triage category G is not assigned a helicopter
2880,1398,evacuee,,Evacuee;275;in triage state;Y;is at the evacuation site
2880,1401,evacuee,outES,Evacuee 205 in triage category G is not assigned a helicopter
2880,1401,evacuee,,Evacuee;205;in triage state;Y;is at the evacuation site
2880,1404,evacuee,outES,Evacuee 323 in triage category G is not assigned a helicopter
2880,1404,evacuee,,Evacuee;323;in triage state;Y;is at the evacuation site
2880,1407,evacuee,outES,Evacuee 180 in triage category G is not assigned a helicopter
2880,1407,evacuee,,Evacuee;180;in triage state;Y;is at the evacuation site
2880,1410,evacuee,outES,Evacuee 206 in triage category G is not assigned a helicopter
2880,1410,evacuee,,Evacuee;206;in triage state;Y;is at the evacuation site
2880,1413,evacuee,outES,Evacuee 69 in triage category G is not assigned a helicopter
2880,1413,evacuee,,Evacuee;69;in triage state;Y;is at the evacuation site
2880,1416,evacuee,outES,Evacuee 207 in triage category G is not assigned a helicopter
2880,1416,evacuee,,Evacuee;207;in triage state;Y;is at the evacuation site
2880,1419,evacuee,outES,Evacuee 27 in triage category G is told to board the coast guard ship
2880,1419,evacuee,,Evacuee;27;in triage state;W;is on board the Coast Guard Ship
2880,1422,evacuee,outES,Evacuee 211 in triage category G is not assigned a helicopter
2880,1422,evacuee,,Evacuee;211;in triage state;Y;is at the evacuation site
2880,1425,evacuee,outES,Evacuee 294 in triage category G is not assigned a helicopter
2880,1425,evacuee,,Evacuee;294;in triage state;Y;is at the evacuation site
2880,1428,evacuee,outES,Evacuee 214 in triage category G is not assigned a helicopter
2880,1428,evacuee,,Evacuee;214;in triage state;Y;is at the evacuation site
2880,1431,evacuee,outES,Evacuee 12 in triage category G is told to board the coast guard ship
2880,1431,evacuee,,Evacuee;12;in triage state;W;is on board the Coast Guard Ship
2880,1434,evacuee,outES,Evacuee 216 in triage category G is not assigned a helicopter
2880,1434,evacuee,,Evacuee;216;in triage state;Y;is at the evacuation site
2880,1437,evacuee,outES,Evacuee 219 in triage category G is not assigned a helicopter
2880,1437,evacuee,,Evacuee;219;in triage state;Y;is at the evacuation site
2880,1440,evacuee,outES,Evacuee 221 in triage category G is not assigned a helicopter
2880,1440,evacuee,,Evacuee;221;in triage state;Y;is at the evacuation site
2880,1443,evacuee,outES,Evacuee 224 in triage category G is not assigned a helicopter
2880,1443,evacuee,,Evacuee;224;in triage state;Y;is at the evacuation site
2880,1446,evacuee,outES,Evacuee 339 in triage category G is not assigned a helicopter
2880,1446,evacuee,,Evacuee;339;in triage state;Y;is at the evacuation site
2880,1449,evacuee,outES,Evacuee 225 in triage category G is not assigned a helicopter
2880,1449,evacuee,,Evacuee;225;in triage state;Y;is at the evacuation site
2880,1452,evacuee,outES,Evacuee 164 in triage category G is not assigned a helicopter
2880,1452,evacuee,,Evacuee;164;in triage state;Y;is at the evacuation site
2880,1455,evacuee,outES,Evacuee 226 in triage category G is not assigned a helicopter
2880,1455,evacuee,,Evacuee;226;in triage state;Y;is at the evacuation site
2880,1458,evacuee,outES,Evacuee 464 in triage category G is not assigned a helicopter
2880,1458,evacuee,,Evacuee;464;in triage state;Y;is at the evacuation site
2880,1461,evacuee,outES,Evacuee 227 in triage category G is not assigned a helicopter
2880,1461,evacuee,,Evacuee;227;in triage state;Y;is at the evacuation site
2880,1464,evacuee,outES,Evacuee 267 in triage category G is not assigned a helicopter
2880,1464,evacuee,,Evacuee;267;in triage state;Y;is at the evacuation site
2880,1467,evacuee,outES,Evacuee 73 in triage category G is not assigned a helicopter
2880,1467,evacuee,,Evacuee;73;in triage state;Y;is at the evacuation site
2880,1470,evacuee,outES,Evacuee 233 in triage category G is not assigned a helicopter
2880,1470,evacuee,,Evacuee;233;in triage state;Y;is at the evacuation site
2880,1473,evacuee,outES,Evacuee 236 in triage category G is not assigned a helicopter
2880,1473,evacuee,,Evacuee;236;in triage state;Y;is at the evacuation site
2880,1476,evacuee,outES,Evacuee 7 in triage category G is told to board the coast guard ship
2880,1476,evacuee,,Evacuee;7;in triage state;W;is on board the Coast Guard Ship
2880,1479,evacuee,outES,Evacuee 237 in triage category G is not assigned a helicopter
2880,1479,evacuee,,Evacuee;237;in triage state;Y;is at the evacuation site
2880,1482,evacuee,outES,Evacuee 238 in triage category G is not assigned a helicopter
2880,1482,evacuee,,Evacuee;238;in triage state;Y;is at the evacuation site
2880,1485,evacuee,outES,Evacuee 113 in triage category G is not assigned a helicopter
2880,1485,evacuee,,Evacuee;113;in triage state;Y;is at the evacuation site
2880,1488,evacuee,outES,Evacuee 239 in triage category G is not assigned a helicopter
2880,1488,evacuee,,Evacuee;239;in triage state;Y;is at the evacuation site
2880,1491,evacuee,outES,Evacuee 243 in triage category G is not assigned a helicopter
2880,1491,evacuee,,Evacuee;243;in triage state;Y;is at the evacuation site
2880,1494,evacuee,outES,Evacuee 96 in triage category G is not assigned a helicopter
2880,1494,evacuee,,Evacuee;96;in triage state;Y;is at the evacuation site
2880,1497,evacuee,outES,Evacuee 244 in triage category G is not assigned a helicopter
2880,1497,evacuee,,Evacuee;244;in triage state;Y;is at the evacuation site
2880,1500,evacuee,outES,Evacuee 247 in triage category G is not assigned a helicopter
2880,1500,evacuee,,Evacuee;247;in triage state;Y;is at the evacuation site
2880,1503,evacuee,outES,Evacuee 59 in triage category G is not assigned a helicopter
2880,1503,evacuee,,Evacuee;59;in triage state;Y;is at the evacuation site
2880,1506,evacuee,outES,Evacuee 248 in triage category G is not assigned a helicopter
2880,1506,evacuee,,Evacuee;248;in triage state;Y;is at the evacuation site
2880,1509,evacuee,outES,Evacuee 467 in triage category G is not assigned a helicopter
2880,1509,evacuee,,Evacuee;467;in triage state;Y;is at the evacuation site
2880,1512,evacuee,outES,Evacuee 298 in triage category G is not assigned a helicopter
2880,1512,evacuee,,Evacuee;298;in triage state;Y;is at the evacuation site
2880,1515,evacuee,outES,Evacuee 254 in triage category G is not assigned a helicopter
2880,1515,evacuee,,Evacuee;254;in triage state;Y;is at the evacuation site
2880,1518,evacuee,outES,Evacuee 257 in triage category G is not assigned a helicopter
2880,1518,evacuee,,Evacuee;257;in triage state;Y;is at the evacuation site
2880,3,evacueeManager,outEvac,Evacuee 51 in triage category Y is assigned helicopter 1
2880,3,evacueeManager,outEvac,Evacuee 52 in triage category Y is assigned helicopter 1
2880,3,evacueeManager,outEvac,Evacuee 53 in triage category Y is assigned helicopter 1
2880,3,evacueeManager,,OFF SHIP: White;0;Green;0;Yellow;422;Red;0;Black;25;ON SHIP: White;50;Green;0;Yellow;0;Red;0;Evacuees to Transfer;
2880,4,helipadManager,outHQ,0
2880,4,helipadManager,,;No helos are at ES
2880,5,helicopterQueue,,;No helos are waiting to land
2880,7,filterLoc,,
2880,10,filterLoc,,
2880,13,filterLoc,,
2880,16,filterLoc,,
2880,19,filterLoc,,
2880,22,filterLoc,,
2880,25,filterLoc,,
2880,28,filterLoc,,
2880,31,filterLoc,,
2880,34,filterLoc,,
2880,37,filterLoc,,
2880,40,filterLoc,,
2880,43,filterLoc,,
2880,46,filterLoc,,
2880,49,filterLoc,,
2880,52,filterLoc,,
2880,55,filterLoc,,
2880,58,filterLoc,,
2880,61,filterLoc,,
2880,64,filterLoc,,
2880,67,filterLoc,,
2880,70,filterLoc,,
2880,73,filterLoc,,
2880,76,filterLoc,,
2880,79,filterLoc,,
2880,82,filterLoc,,
2880,85,filterLoc,,
2880,88,filterLoc,,
2880,91,filterLoc,,
2880,94,filterLoc,,
2880,97,filterLoc,,
2880,100,filterLoc,,
2880,103,filterLoc,,
2880,110,filterLoc,,
2880,113,filterLoc,,
2880,116,filterLoc,,
2880,119,filterLoc,,
2880,122,filterLoc,,
2880,125,filterLoc,,
2880,128,filterLoc,,
2880,131,filterLoc,,
2880,134,filterLoc,,
2880,137,filterLoc,,
2880,140,filterLoc,,
2880,143,filterLoc,,
2880,146,filterLoc,,
2880,149,filterLoc,,
2880,152,filterLoc,,
2880,155,filterLoc,,
2880,158,filterLoc,,
2880,161,filterLoc,,
2880,164,filterLoc,,
2880,167,filterLoc,,
2880,170,filterLoc,,
2880,173,filterLoc,,
2880,176,filterLoc,,
2880,179,filterLoc,,
2880,182,filterLoc,,
2880,185,filterLoc,,
2880,188,filterLoc,,
2880,191,filterLoc,,
2880,194,filterLoc,,
2880,197,filterLoc,,
2880,200,filterLoc,,
2880,203,filterLoc,,
2880,206,filterLoc,,
2880,209,filterLoc,,
2880,212,filterLoc,,
2880,215,filterLoc,,
2880,218,filterLoc,,
2880,221,filterLoc,,
2880,224,filterLoc,,
2880,228,filterLoc,,
2880,231,filterLoc,,
2880,234,filterLoc,,
2880,237,filterLoc,,
2880,240,filterLoc,,
2880,243,filterLoc,,
2880,246,filterLoc,,
2880,249,filterLoc,,
2880,252,filterLoc,,
2880,255,filterLoc,,
2880,258,filterLoc,,
2880,261,filterLoc,,
2880,264,filterLoc,,
2880,267,filterLoc,,
2880,270,filterLoc,,
2880,273,filterLoc,,
2880,276,filterLoc,,
2880,279,filterLoc,,
2880,282,filterLoc,,
2880,285,filterLoc,,
2880,288,filterLoc,,
2880,291,filterLoc,,
2880,294,filterLoc,,
2880,297,filterLoc,,
2880,300,filterLoc,,
2880,303,filterLoc,,
2880,306,filterLoc,,
2880,309,filterLoc,,
2880,312,filterLoc,,
2880,315,filterLoc,,
2880,318,filterLoc,,
2880,321,filterLoc,,
2880,324,filterLoc,,
2880,327,filterLoc,,
2880,330,filterLoc,,
2880,333,filterLoc,,
2880,336,filterLoc,,
2880,339,filterLoc,,
2880,342,filterLoc,,
2880,345,filterLoc,,
2880,348,filterLoc,,
2880,351,filterLoc,,
2880,354,filterLoc,,
2880,357,filterLoc,,
2880,360,filterLoc,,
2880,363,filterLoc,,
2880,366,filterLoc,,
2880,369,filterLoc,,
2880,372,filterLoc,,
2880,375,filterLoc,,
2880,378,filterLoc,,
2880,381,filterLoc,,
2880,384,filterLoc,,
2880,387,filterLoc,,
2880,390,filterLoc,,
2880,393,filterLoc,,
2880,396,filterLoc,,
2880,399,filterLoc,,
2880,402,filterLoc,,
2880,405,filterLoc,,
2880,408,filterLoc,,
2880,411,filterLoc,,
2880,414,filterLoc,,
2880,417,filterLoc,,
2880,420,filterLoc,,
2880,423,filterLoc,,
2880,426,filterLoc,,
2880,429,filterLoc,,
2880,432,filterLoc,,
2880,435,filterLoc,,
2880,438,filterLoc,,
2880,441,filterLoc,,
2880,444,filterLoc,,
2880,447,filterLoc,,
2880,450,filterLoc,,
2880,453,filterLoc,,
2880,456,filterLoc,,
2880,459,filterLoc,,
2880,462,filterLoc,,
2880,465,filterLoc,,
2880,468,filterLoc,,
2880,471,filterLoc,,
2880,474,filterLoc,,
2880,477,filterLoc,,
2880,480,filterLoc,,
2880,483,filterLoc,,
2880,486,filterLoc,,
2880,489,filterLoc,,
2880,492,filterLoc,,
2880,495,filterLoc,,
2880,498,filterLoc,,
2880,501,filterLoc,,
2880,504,filterLoc,,
2880,507,filterLoc,,
2880,510,filterLoc,,
2880,513,filterLoc,,
2880,516,filterLoc,,
2880,519,filterLoc,,
2880,522,filterLoc,,
2880,525,filterLoc,,
2880,528,filterLoc,,
2880,531,filterLoc,,
2880,534,filterLoc,,
2880,537,filterLoc,,
2880,540,filterLoc,,
2880,543,filterLoc,,
2880,546,filterLoc,,
2880,549,filterLoc,,
2880,552,filterLoc,,
2880,555,filterLoc,,
2880,558,filterLoc,,
2880,561,filterLoc,,
2880,564,filterLoc,,
2880,567,filterLoc,,
2880,570,filterLoc,,
2880,573,filterLoc,,
2880,576,filterLoc,,
2880,579,filterLoc,,
2880,582,filterLoc,,
2880,585,filterLoc,,
2880,588,filterLoc,,
2880,591,filterLoc,,
2880,594,filterLoc,,
2880,597,filterLoc,,
2880,600,filterLoc,,
2880,603,filterLoc,,
2880,606,filterLoc,,
2880,609,filterLoc,,
2880,612,filterLoc,,
2880,615,filterLoc,,
2880,618,filterLoc,,
2880,621,filterLoc,,
2880,624,filterLoc,,
2880,627,filterLoc,,
2880,630,filterLoc,,
2880,633,filterLoc,,
2880,636,filterLoc,,;Evacuee;51;in triage category;Y;is entering helicopter;1
2880,639,filterLoc,,
2880,642,filterLoc,,
2880,645,filterLoc,,
2880,648,filterLoc,,
2880,651,filterLoc,,
2880,654,filterLoc,,
2880,657,filterLoc,,
2880,660,filterLoc,,
2880,663,filterLoc,,
2880,666,filterLoc,,
2880,669,filterLoc,,
2880,672,filterLoc,,
2880,675,filterLoc,,
2880,678,filterLoc,,
2880,681,filterLoc,,
2880,684,filterLoc,,
2880,687,filterLoc,,
2880,690,filterLoc,,
2880,693,filterLoc,,
2880,696,filterLoc,,
2880,699,filterLoc,,
2880,702,filterLoc,,
2880,705,filterLoc,,
2880,708,filterLoc,,
2880,711,filterLoc,,
2880,714,filterLoc,,
2880,717,filterLoc,,
2880,720,filterLoc,,
2880,723,filterLoc,,
2880,726,filterLoc,,
2880,729,filterLoc,,
2880,732,filterLoc,,
2880,735,filterLoc,,
2880,738,filterLoc,,
2880,741,filterLoc,,
2880,744,filterLoc,,
2880,747,filterLoc,,
2880,750,filterLoc,,
2880,753,filterLoc,,
2880,756,filterLoc,,
2880,759,filterLoc,,
2880,762,filterLoc,,
2880,765,filterLoc,,
2880,768,filterLoc,,
2880,771,filterLoc,,
2880,774,filterLoc,,
2880,777,filterLoc,,
2880,780,filterLoc,,
2880,783,filterLoc,,
2880,786,filterLoc,,
2880,789,filterLoc,,
2880,792,filterLoc,,
2880,795,filterLoc,,
2880,798,filterLoc,,
2880,801,filterLoc,,
2880,804,filterLoc,,
2880,807,filterLoc,,
2880,810,filterLoc,,
2880,813,filterLoc,,
2880,816,filterLoc,,
2880,819,filterLoc,,
2880,822,filterLoc,,
2880,825,filterLoc,,
2880,828,filterLoc,,
2880,831,filterLoc,,
2880,834,filterLoc,,
2880,837,filterLoc,,
2880,840,filterLoc,,
2880,843,filterLoc,,
2880,846,filterLoc,,
2880,849,filterLoc,,
2880,852,filterLoc,,
2880,855,filterLoc,,
2880,858,filterLoc,,
2880,861,filterLoc,,
2880,864,filterLoc,,
2880,867,filterLoc,,
2880,870,filterLoc,,
2880,873,filterLoc,,
2880,876,filterLoc,,
2880,879,filterLoc,,
2880,882,filterLoc,,
2880,885,filterLoc,,
2880,888,filterLoc,,
2880,891,filterLoc,,
2880,894,filterLoc,,
2880,897,filterLoc,,
2880,900,filterLoc,,
2880,903,filterLoc,,
2880,906,filterLoc,,
2880,909,filterLoc,,
2880,912,filterLoc,,
2880,915,filterLoc,,
2880,918,filterLoc,,
2880,921,filterLoc,,
2880,924,filterLoc,,
2880,927,filterLoc,,
2880,930,filterLoc,,
2880,933,filterLoc,,
2880,936,filterLoc,,
2880,939,filterLoc,,
2880,942,filterLoc,,
2880,945,filterLoc,,
2880,948,filterLoc,,
2880,951,filterLoc,,
2880,954,filterLoc,,
2880,957,filterLoc,,
2880,960,filterLoc,,
2880,963,filterLoc,,
2880,966,filterLoc,,
2880,969,filterLoc,,
2880,972,filterLoc,,
2880,975,filterLoc,,
2880,978,filterLoc,,
2880,981,filterLoc,,
2880,984,filterLoc,,
2880,987,filterLoc,,
2880,990,filterLoc,,
2880,993,filterLoc,,
2880,996,filterLoc,,
2880,999,filterLoc,,;Evacuee;52;in triage category;Y;is entering helicopter;1
2880,1002,filterLoc,,
2880,1005,filterLoc,,
2880,1008,filterLoc,,
2880,1011,filterLoc,,
2880,1014,filterLoc,,
2880,1017,filterLoc,,
2880,1020,filterLoc,,
2880,1023,filterLoc,,
2880,1026,filterLoc,,
2880,1029,filterLoc,,;Evacuee;53;in triage category;Y;is entering helicopter;1
2880,1032,filterLoc,,
2880,1035,filterLoc,,
2880,1038,filterLoc,,
2880,1041,filterLoc,,
2880,1044,filterLoc,,
2880,1047,filterLoc,,
2880,1050,filterLoc,,
2880,1053,filterLoc,,
2880,1056,filterLoc,,
2880,1059,filterLoc,,
2880,1062,filterLoc,,
2880,1065,filterLoc,,
2880,1068,filterLoc,,
2880,1071,filterLoc,,
2880,1074,filterLoc,,
2880,1077,filterLoc,,
2880,1080,filterLoc,,
2880,1083,filterLoc,,
2880,1086,filterLoc,,
2880,1089,filterLoc,,
2880,1092,filterLoc,,
2880,1095,filterLoc,,
2880,1098,filterLoc,,
2880,1101,filterLoc,,
2880,1104,filterLoc,,
2880,1107,filterLoc,,
2880,1110,filterLoc,,
2880,1113,filterLoc,,
2880,1116,filterLoc,,
2880,1119,filterLoc,,
2880,1122,filterLoc,,
2880,1125,filterLoc,,
2880,1132,filterLoc,,
2880,1135,filterLoc,,
2880,1138,filterLoc,,
2880,1141,filterLoc,,
2880,1144,filterLoc,,
2880,1147,filterLoc,,
2880,1150,filterLoc,,
2880,1153,filterLoc,,
2880,1156,filterLoc,,
2880,1159,filterLoc,,
2880,1162,filterLoc,,
2880,1165,filterLoc,,
2880,1169,filterES,out,Helicopter 1 is evacuating people1
2880,1169,filterES,,
2880,1170,helicopter,,Helicopter;1;is loading people at the evacuation site;;and has;0;spots taken
2880,1172,filterLoc,,
2880,1175,filterLoc,,
2880,1178,filterLoc,,
2880,1181,filterLoc,,
2880,1184,filterLoc,,
2880,1187,filterLoc,,
2880,1190,filterLoc,,
2880,1193,filterLoc,,
2880,1196,filterLoc,,
2880,1199,filterLoc,,
2880,1202,filterLoc,,
2880,1205,filterLoc,,
2880,1208,filterLoc,,
2880,1211,filterLoc,,
2880,1214,filterLoc,,
2880,1217,filterLoc,,
2880,1220,filterLoc,,
2880,1223,filterLoc,,
2880,1226,filterLoc,,
2880,1229,filterLoc,,
2880,1232,filterLoc,,
2880,1235,filterLoc,,
2880,1238,filterLoc,,
2880,1241,filterLoc,,
2880,1244,filterLoc,,
2880,1247,filterLoc,,
2880,1250,filterLoc,,
2880,1253,filterLoc,,
2880,1256,filterLoc,,
2880,1259,filterLoc,,
2880,1262,filterLoc,,
2880,1265,filterLoc,,
2880,1268,filterLoc,,
2880,1271,filterLoc,,
2880,1274,filterLoc,,
2880,1277,filterLoc,,
2880,1280,filterLoc,,
2880,1283,filterLoc,,
2880,1286,filterLoc,,
2880,1289,filterLoc,,
2880,1292,filterLoc,,
2880,1295,filterLoc,,
2880,1298,filterLoc,,
2880,1301,filterLoc,,
2880,1304,filterLoc,,
2880,1307,filterLoc,,
2880,1310,filterLoc,,
2880,1313,filterLoc,,
2880,1316,filterLoc,,
2880,1319,filterLoc,,
2880,1322,filterLoc,,
2880,1325,filterLoc,,
2880,1328,filterLoc,,
2880,1331,filterLoc,,
2880,1334,filterLoc,,
2880,1337,filterLoc,,
2880,1340,filterLoc,,
2880,1343,filterLoc,,
2880,1346,filterLoc,,
2880,1349,filterLoc,,
2880,1352,filterLoc,,
2880,1355,filterLoc,,
2880,1358,filterLoc,,
2880,1361,filterLoc,,
2880,1364,filterLoc,,
2880,1367,filterLoc,,
2880,1370,filterLoc,,
2880,1373,filterLoc,,
2880,1376,filterLoc,,
2880,1379,filterLoc,,
2880,1382,filterLoc,,
2880,1385,filterLoc,,
2880,1388,filterLoc,,
2880,1391,filterLoc,,
2880,1394,filterLoc,,
2880,1397,filterLoc,,
2880,1400,filterLoc,,
2880,1403,filterLoc,,
2880,1406,filterLoc,,
2880,1409,filterLoc,,
2880,1412,filterLoc,,
2880,1415,filterLoc,,
2880,1418,filterLoc,,
2880,1421,filterLoc,,
2880,1424,filterLoc,,
2880,1427,filterLoc,,
2880,1430,filterLoc,,
2880,1433,filterLoc,,
2880,1436,filterLoc,,
2880,1439,filterLoc,,
2880,1442,filterLoc,,
2880,1445,filterLoc,,
2880,1448,filterLoc,,
2880,1451,filterLoc,,
2880,1454,filterLoc,,
2880,1457,filterLoc,,
2880,1460,filterLoc,,
2880,1463,filterLoc,,
2880,1466,filterLoc,,
2880,1469,filterLoc,,
2880,1472,filterLoc,,
2880,1475,filterLoc,,
2880,1478,filterLoc,,
2880,1481,filterLoc,,
2880,1484,filterLoc,,
2880,1487,filterLoc,,
2880,1490,filterLoc,,
2880,1493,filterLoc,,
2880,1496,filterLoc,,
2880,1499,filterLoc,,
2880,1502,filterLoc,,
2880,1505,filterLoc,,
2880,1508,filterLoc,,
2880,1511,filterLoc,,
2880,1514,filterLoc,,
2880,1517,filterLoc,,
2880,5,helicopterQueue,,;No helos are waiting to land
2880,636,filterLoc,out,Evacuee 51 in triage category Y is assigned helicopter 1
2880,636,filterLoc,,
2880,637,evacuee,,Evacuee;51;in triage state;Y;is entering helicopter;1
2880,999,filterLoc,out,Evacuee 52 in triage category Y is assigned helicopter 1
2880,999,filterLoc,,
2880,1000,evacuee,,Evacuee;52;in triage state;Y;is entering helicopter;1
2880,1029,filterLoc,out,Evacuee 53 in triage category Y is assigned helicopter 1
2880,1029,filterLoc,,
2880,1030,evacuee,,Evacuee;53;in triage state;Y;is entering helicopter;1
2880,1170,helicopter,,Helicopter;1;is returning to the FOL;;and has;0;spots taken
2880,106,filterEvac,,
2880,637,evacuee,outHelo,Evacuee 51 in triage category Y is assigned helicopter 1
2880,637,evacuee,,Evacuee;51;in triage state;Y;is in helicopter;1
2880,1000,evacuee,outHelo,Evacuee 52 in triage category Y is assigned helicopter 1
2880,1000,evacuee,,Evacuee;52;in triage state;Y;is in helicopter;1
2880,1030,evacuee,outHelo,Evacuee 53 in triage category Y is assigned helicopter 1
2880,1030,evacuee,,Evacuee;53;in triage state;Y;is in helicopter;1
2880,1128,filterEvac,,
2880,1168,filterEvac,,;Evacuee;51;in triage category;Y;is entering helicopter;1;Evacuee;52;in triage category;Y;is entering helicopter;1;Evacuee;53;in triage category;Y;is entering helicopter;1
2880,1168,filterEvac,out,Evacuee 51 in triage category Y is assigned helicopter 1
2880,1168,filterEvac,out,Evacuee 52 in triage category Y is assigned helicopter 1
2880,1168,filterEvac,out,Evacuee 53 in triage category Y is assigned helicopter 1
2880,1168,filterEvac,,
2880,1170,helicopter,,Helicopter;1;is returning to the FOL;;and has;9;spots taken
2910,108,helicopter,,Helicopter;3;Is going to the evacuation site;;and has;0;spots taken
2925,5,helicopterQueue,,1;Helos are waiting to land;HeloID;2
2925,1130,helicopter,outES,Helicopter 2 is evacuating people2
2925,1130,helicopter,,Helicopter;2;is waiting to land at the evacuation site;;and has;0;spots taken
2925,4,helipadManager,,Helo;2;is at the ES
2925,5,helicopterQueue,outHM,Helicopter 2 is evacuating people2
2925,5,helicopterQueue,outHelo,Helicopter 2 is evacuating people2
2925,5,helicopterQueue,,;No helos are waiting to land
2925,107,filterES,,
2925,1129,filterES,,Helicopter;2;is evacuating people
2925,1169,filterES,,
2925,1129,filterES,out,Helicopter 2 is evacuating people2
2925,1129,filterES,,
2925,1130,helicopter,,Helicopter;2;is waiting to land at the evacuation site;;and has;0;spots taken
2925,1130,helicopter,,Helicopter;2;is loading people at the evacuation site;;and has;0;spots taken
2940,2,coastGuardShip,out,1
2940,2,coastGuardShip,,The ship has arrived and is unloading evacuees.
2940,3,evacueeManager,,OFF SHIP: White;40;Green;0;Yellow;422;Red;0;Black;25;ON SHIP: White;0;Green;0;Yellow;0;Red;0;Evacuees to Transfer;;EvacueeID;1;HeloID;-1;OnShip;1;Triage Status;W;EvacueeID;2;HeloID;-1;OnShip;1;Triage Status;W;EvacueeID;3;HeloID;-1;OnShip;1;Triage Status;W;EvacueeID;4;HeloID;-1;OnShip;1;Triage Status;W;EvacueeID;5;HeloID;-1;OnShip;1;Triage Status;W;EvacueeID;6;HeloID;-1;OnShip;1;Triage Status;W;EvacueeID;7;HeloID;-1;OnShip;1;Triage Status;W;EvacueeID;8;HeloID;-1;OnShip;1;Triage Status;W;EvacueeID;9;HeloID;-1;OnShip;1;Triage Status;W;EvacueeID;10;HeloID;-1;OnShip;1;Triage Status;W;EvacueeID;11;HeloID;-1;OnShip;1;Triage Status;W;EvacueeID;12;HeloID;-1;OnShip;1;Triage Status;W;EvacueeID;13;HeloID;-1;OnShip;1;Triage Status;W;EvacueeID;14;HeloID;-1;OnShip;1;Triage Status;W;EvacueeID;15;HeloID;-1;OnShip;1;Triage Status;W;EvacueeID;16;HeloID;-1;OnShip;1;Triage Status;W;EvacueeID;17;HeloID;-1;OnShip;1;Triage Status;W;EvacueeID;18;HeloID;-1;OnShip;1;Triage Status;W;EvacueeID;19;HeloID;-1;OnShip;1;Triage Status;W;EvacueeID;20;HeloID;-1;OnShip;1;Triage Status;W;EvacueeID;21;HeloID;-1;OnShip;1;Triage Status;W;EvacueeID;22;HeloID;-1;OnShip;1;Triage Status;W;EvacueeID;23;HeloID;-1;OnShip;1;Triage Status;W;EvacueeID;24;HeloID;-1;OnShip;1;Triage Status;W;EvacueeID;25;HeloID;-1;OnShip;1;Triage Status;W;EvacueeID;26;HeloID;-1;OnShip;1;Triage Status;W;EvacueeID;27;HeloID;-1;OnShip;1;Triage Status;W;EvacueeID;28;HeloID;-1;OnShip;1;Triage Status;W;EvacueeID;29;HeloID;-1;OnShip;1;Triage Status;W;EvacueeID;30;HeloID;-1;OnShip;1;Triage Status;W;EvacueeID;31;HeloID;-1;OnShip;1;Triage Status;W;EvacueeID;32;HeloID;-1;OnShip;1;Triage Status;W;EvacueeID;33;HeloID;-1;OnShip;1;Triage Status;W;EvacueeID;34;HeloID;-1;OnShip;1;Triage Status;W;EvacueeID;35;HeloID;-1;OnShip;1;Triage Status;W;EvacueeID;36;HeloID;-1;OnShip;1;Triage Status;W;EvacueeID;37;HeloID;-1;OnShip;1;Triage Status;W;EvacueeID;38;HeloID;-1;OnShip;1;Triage Status;W;EvacueeID;39;HeloID;-1;OnShip;1;Triage Status;W;EvacueeID;40;HeloID;-1;OnShip;1;Triage Status;W;EvacueeID;41;HeloID;-1;OnShip;1;Triage Status;W;EvacueeID;42;HeloID;-1;OnShip;1;Triage Status;W;EvacueeID;43;HeloID;-1;OnShip;1;Triage Status;W;EvacueeID;44;HeloID;-1;OnShip;1;Triage Status;W;EvacueeID;45;HeloID;-1;OnShip;1;Triage Status;W;EvacueeID;46;HeloID;-1;OnShip;1;Triage Status;W;EvacueeID;47;HeloID;-1;OnShip;1;Triage Status;W;EvacueeID;48;HeloID;-1;OnShip;1;Triage Status;W;EvacueeID;49;HeloID;-1;OnShip;1;Triage Status;W;EvacueeID;50;HeloID;-1;OnShip;1;Triage Status;W;EvacueeID;1;HeloID;2;OnShip;0;Triage Status;W;EvacueeID;2;HeloID;2;OnShip;0;Triage Status;W;EvacueeID;3;HeloID;2;OnShip;0;Triage Status;W;EvacueeID;4;HeloID;2;OnShip;0;Triage Status;W;EvacueeID;5;HeloID;2;OnShip;0;Triage Status;W;EvacueeID;6;HeloID;2;OnShip;0;Triage Status;W;EvacueeID;7;HeloID;2;OnShip;0;Triage Status;W;EvacueeID;8;HeloID;2;OnShip;0;Triage Status;W;EvacueeID;9;HeloID;2;OnShip;0;Triage Status;W;EvacueeID;10;HeloID;2;OnShip;0;Triage Status;W
2940,4,helipadManager,outEM,Helicopter 2 is evacuating people2
2940,4,helipadManager,outHelo,Helicopter 2 is evacuating people2
2940,4,helipadManager,,;No helos are at ES
2940,107,filterES,,
2940,1129,filterES,,Helicopter;2;is evacuating people
2940,1169,filterES,,
2940,3,evacueeManager,outEvac,Evacuee 1 in triage category W is told to leave the coast guard ship
2940,3,evacueeManager,outEvac,Evacuee 2 in triage category W is told to leave the coast guard ship
2940,3,evacueeManager,outEvac,Evacuee 3 in triage category W is told to leave the coast guard ship
2940,3,evacueeManager,outEvac,Evacuee 4 in triage category W is told to leave the coast guard ship
2940,3,evacueeManager,outEvac,Evacuee 5 in triage category W is told to leave the coast guard ship
2940,3,evacueeManager,outEvac,Evacuee 6 in triage category W is told to leave the coast guard ship
2940,3,evacueeManager,outEvac,Evacuee 7 in triage category W is told to leave the coast guard ship
2940,3,evacueeManager,outEvac,Evacuee 8 in triage category W is told to leave the coast guard ship
2940,3,evacueeManager,outEvac,Evacuee 9 in triage category W is told to leave the coast guard ship
2940,3,evacueeManager,outEvac,Evacuee 10 in triage category W is told to leave the coast guard ship
2940,3,evacueeManager,outEvac,Evacuee 11 in triage category W is told to leave the coast guard ship
2940,3,evacueeManager,outEvac,Evacuee 12 in triage category W is told to leave the coast guard ship
2940,3,evacueeManager,outEvac,Evacuee 13 in triage category W is told to leave the coast guard ship
2940,3,evacueeManager,outEvac,Evacuee 14 in triage category W is told to leave the coast guard ship
2940,3,evacueeManager,outEvac,Evacuee 15 in triage category W is told to leave the coast guard ship
2940,3,evacueeManager,outEvac,Evacuee 16 in triage category W is told to leave the coast guard ship
2940,3,evacueeManager,outEvac,Evacuee 17 in triage category W is told to leave the coast guard ship
2940,3,evacueeManager,outEvac,Evacuee 18 in triage category W is told to leave the coast guard ship
2940,3,evacueeManager,outEvac,Evacuee 19 in triage category W is told to leave the coast guard ship
2940,3,evacueeManager,outEvac,Evacuee 20 in triage category W is told to leave the coast guard ship
2940,3,evacueeManager,outEvac,Evacuee 21 in triage category W is told to leave the coast guard ship
2940,3,evacueeManager,outEvac,Evacuee 22 in triage category W is told to leave the coast guard ship
2940,3,evacueeManager,outEvac,Evacuee 23 in triage category W is told to leave the coast guard ship
2940,3,evacueeManager,outEvac,Evacuee 24 in triage category W is told to leave the coast guard ship
2940,3,evacueeManager,outEvac,Evacuee 25 in triage category W is told to leave the coast guard ship
2940,3,evacueeManager,outEvac,Evacuee 26 in triage category W is told to leave the coast guard ship
2940,3,evacueeManager,outEvac,Evacuee 27 in triage category W is told to leave the coast guard ship
2940,3,evacueeManager,outEvac,Evacuee 28 in triage category W is told to leave the coast guard ship
2940,3,evacueeManager,outEvac,Evacuee 29 in triage category W is told to leave the coast guard ship
2940,3,evacueeManager,outEvac,Evacuee 30 in triage category W is told to leave the coast guard ship
2940,3,evacueeManager,outEvac,Evacuee 31 in triage category W is told to leave the coast guard ship
2940,3,evacueeManager,outEvac,Evacuee 32 in triage category W is told to leave the coast guard ship
2940,3,evacueeManager,outEvac,Evacuee 33 in triage category W is told to leave the coast guard ship
2940,3,evacueeManager,outEvac,Evacuee 34 in triage category W is told to leave the coast guard ship
2940,3,evacueeManager,outEvac,Evacuee 35 in triage category W is told to leave the coast guard ship
2940,3,evacueeManager,outEvac,Evacuee 36 in triage category W is told to leave the coast guard ship
2940,3,evacueeManager,outEvac,Evacuee 37 in triage category W is told to leave the coast guard ship
2940,3,evacueeManager,outEvac,Evacuee 38 in triage category W is told to leave the coast guard ship
2940,3,evacueeManager,outEvac,Evacuee 39 in triage category W is told to leave the coast guard ship
2940,3,evacueeManager,outEvac,Evacuee 40 in triage category W is told to leave the coast guard ship
2940,3,evacueeManager,outEvac,Evacuee 41 in triage category W is told to leave the coast guard ship
2940,3,evacueeManager,outEvac,Evacuee 42 in triage category W is told to leave the coast guard ship
2940,3,evacueeManager,outEvac,Evacuee 43 in triage category W is told to leave the coast guard ship
2940,3,evacueeManager,outEvac,Evacuee 44 in triage category W is told to leave the coast guard ship
2940,3,evacueeManager,outEvac,Evacuee 45 in triage category W is told to leave the coast guard ship
2940,3,evacueeManager,outEvac,Evacuee 46 in triage category W is told to leave the coast guard ship
2940,3,evacueeManager,outEvac,Evacuee 47 in triage category W is told to leave the coast guard ship
2940,3,evacueeManager,outEvac,Evacuee 48 in triage category W is told to leave the coast guard ship
2940,3,evacueeManager,outEvac,Evacuee 49 in triage category W is told to leave the coast guard ship
2940,3,evacueeManager,outEvac,Evacuee 50 in triage category W is told to leave the coast guard ship
2940,3,evacueeManager,outEvac,Evacuee 1 in triage category W is assigned helicopter 2
2940,3,evacueeManager,outEvac,Evacuee 2 in triage category W is assigned helicopter 2
2940,3,evacueeManager,outEvac,Evacuee 3 in triage category W is assigned helicopter 2
2940,3,evacueeManager,outEvac,Evacuee 4 in triage category W is assigned helicopter 2
2940,3,evacueeManager,outEvac,Evacuee 5 in triage category W is assigned helicopter 2
2940,3,evacueeManager,outEvac,Evacuee 6 in triage category W is assigned helicopter 2
2940,3,evacueeManager,outEvac,Evacuee 7 in triage category W is assigned helicopter 2
2940,3,evacueeManager,outEvac,Evacuee 8 in triage category W is assigned helicopter 2
2940,3,evacueeManager,outEvac,Evacuee 9 in triage category W is assigned helicopter 2
2940,3,evacueeManager,outEvac,Evacuee 10 in triage category W is assigned helicopter 2
2940,3,evacueeManager,,OFF SHIP: White;40;Green;0;Yellow;422;Red;0;Black;25;ON SHIP: White;0;Green;0;Yellow;0;Red;0;Evacuees to Transfer;
2940,4,helipadManager,outHQ,0
2940,4,helipadManager,,;No helos are at ES
2940,5,helicopterQueue,,;No helos are waiting to land
2940,7,filterLoc,,
2940,10,filterLoc,,
2940,13,filterLoc,,
2940,16,filterLoc,,
2940,19,filterLoc,,
2940,22,filterLoc,,
2940,25,filterLoc,,
2940,28,filterLoc,,
2940,31,filterLoc,,
2940,34,filterLoc,,
2940,37,filterLoc,,
2940,40,filterLoc,,
2940,43,filterLoc,,
2940,46,filterLoc,,
2940,49,filterLoc,,
2940,52,filterLoc,,
2940,55,filterLoc,,
2940,58,filterLoc,,
2940,61,filterLoc,,
2940,64,filterLoc,,
2940,67,filterLoc,,
2940,70,filterLoc,,
2940,73,filterLoc,,
2940,76,filterLoc,,
2940,79,filterLoc,,
2940,82,filterLoc,,
2940,85,filterLoc,,
2940,88,filterLoc,,
2940,91,filterLoc,,
2940,94,filterLoc,,
2940,97,filterLoc,,
2940,100,filterLoc,,
2940,103,filterLoc,,
2940,110,filterLoc,,
2940,113,filterLoc,,
2940,116,filterLoc,,
2940,119,filterLoc,,
2940,122,filterLoc,,
2940,125,filterLoc,,
2940,128,filterLoc,,
2940,131,filterLoc,,
2940,134,filterLoc,,
2940,137,filterLoc,,
2940,140,filterLoc,,
2940,143,filterLoc,,
2940,146,filterLoc,,
2940,149,filterLoc,,
2940,152,filterLoc,,
2940,155,filterLoc,,
2940,158,filterLoc,,
2940,161,filterLoc,,
2940,164,filterLoc,,
2940,167,filterLoc,,
2940,170,filterLoc,,
2940,173,filterLoc,,
2940,176,filterLoc,,
2940,179,filterLoc,,
2940,182,filterLoc,,
2940,185,filterLoc,,
2940,188,filterLoc,,
2940,191,filterLoc,,
2940,194,filterLoc,,
2940,197,filterLoc,,
2940,200,filterLoc,,
2940,203,filterLoc,,
2940,206,filterLoc,,
2940,209,filterLoc,,
2940,212,filterLoc,,
2940,215,filterLoc,,
2940,218,filterLoc,,
2940,221,filterLoc,,
2940,224,filterLoc,,
2940,228,filterLoc,,
2940,231,filterLoc,,
2940,234,filterLoc,,
2940,237,filterLoc,,
2940,240,filterLoc,,
2940,243,filterLoc,,
2940,246,filterLoc,,
2940,249,filterLoc,,
2940,252,filterLoc,,
2940,255,filterLoc,,
2940,258,filterLoc,,
2940,261,filterLoc,,
2940,264,filterLoc,,
2940,267,filterLoc,,
2940,270,filterLoc,,
2940,273,filterLoc,,
2940,276,filterLoc,,
2940,279,filterLoc,,
2940,282,filterLoc,,
2940,285,filterLoc,,
2940,288,filterLoc,,
2940,291,filterLoc,,
2940,294,filterLoc,,
2940,297,filterLoc,,
2940,300,filterLoc,,
2940,303,filterLoc,,
2940,306,filterLoc,,
2940,309,filterLoc,,
2940,312,filterLoc,,
2940,315,filterLoc,,
2940,318,filterLoc,,
2940,321,filterLoc,,
2940,324,filterLoc,,
2940,327,filterLoc,,
2940,330,filterLoc,,
2940,333,filterLoc,,
2940,336,filterLoc,,
2940,339,filterLoc,,
2940,342,filterLoc,,
2940,345,filterLoc,,
2940,348,filterLoc,,
2940,351,filterLoc,,
2940,354,filterLoc,,
2940,357,filterLoc,,
2940,360,filterLoc,,
2940,363,filterLoc,,
2940,366,filterLoc,,
2940,369,filterLoc,,
2940,372,filterLoc,,
2940,375,filterLoc,,
2940,378,filterLoc,,
2940,381,filterLoc,,
2940,384,filterLoc,,
2940,387,filterLoc,,
2940,390,filterLoc,,
2940,393,filterLoc,,
2940,396,filterLoc,,
2940,399,filterLoc,,
2940,402,filterLoc,,
2940,405,filterLoc,,
2940,408,filterLoc,,
2940,411,filterLoc,,
2940,414,filterLoc,,
2940,417,filterLoc,,
2940,420,filterLoc,,
2940,423,filterLoc,,
2940,426,filterLoc,,
2940,429,filterLoc,,
2940,432,filterLoc,,
2940,435,filterLoc,,
2940,438,filterLoc,,
2940,441,filterLoc,,
2940,444,filterLoc,,
2940,447,filterLoc,,
2940,450,filterLoc,,
2940,453,filterLoc,,
2940,456,filterLoc,,
2940,459,filterLoc,,
2940,462,filterLoc,,
2940,465,filterLoc,,
2940,468,filterLoc,,
2940,471,filterLoc,,
2940,474,filterLoc,,
2940,477,filterLoc,,
2940,480,filterLoc,,
2940,483,filterLoc,,
2940,486,filterLoc,,
2940,489,filterLoc,,
2940,492,filterLoc,,
2940,495,filterLoc,,
2940,498,filterLoc,,
2940,501,filterLoc,,
2940,504,filterLoc,,
2940,507,filterLoc,,
2940,510,filterLoc,,
2940,513,filterLoc,,
2940,516,filterLoc,,
2940,519,filterLoc,,
2940,522,filterLoc,,
2940,525,filterLoc,,
2940,528,filterLoc,,
2940,531,filterLoc,,
2940,534,filterLoc,,
2940,537,filterLoc,,
2940,540,filterLoc,,
2940,543,filterLoc,,
2940,546,filterLoc,,
2940,549,filterLoc,,
2940,552,filterLoc,,
2940,555,filterLoc,,
2940,558,filterLoc,,
2940,561,filterLoc,,
2940,564,filterLoc,,
2940,567,filterLoc,,;Evacuee;39;in triage category;W;is leaving the coast guard ship 
2940,570,filterLoc,,
2940,573,filterLoc,,
2940,576,filterLoc,,
2940,579,filterLoc,,
2940,582,filterLoc,,
2940,585,filterLoc,,
2940,588,filterLoc,,
2940,591,filterLoc,,
2940,594,filterLoc,,
2940,597,filterLoc,,
2940,600,filterLoc,,
2940,603,filterLoc,,
2940,606,filterLoc,,
2940,609,filterLoc,,
2940,612,filterLoc,,
2940,615,filterLoc,,;Evacuee;1;in triage category;W;is leaving the coast guard ship ;Evacuee;1;in triage category;W;is entering helicopter;2
2940,618,filterLoc,,
2940,621,filterLoc,,
2940,624,filterLoc,,;Evacuee;49;in triage category;W;is leaving the coast guard ship 
2940,627,filterLoc,,
2940,630,filterLoc,,
2940,633,filterLoc,,
2940,636,filterLoc,,
2940,639,filterLoc,,
2940,642,filterLoc,,
2940,645,filterLoc,,
2940,648,filterLoc,,
2940,651,filterLoc,,
2940,654,filterLoc,,
2940,657,filterLoc,,
2940,660,filterLoc,,
2940,663,filterLoc,,
2940,666,filterLoc,,
2940,669,filterLoc,,
2940,672,filterLoc,,
2940,675,filterLoc,,
2940,678,filterLoc,,
2940,681,filterLoc,,
2940,684,filterLoc,,
2940,687,filterLoc,,
2940,690,filterLoc,,
2940,693,filterLoc,,
2940,696,filterLoc,,
2940,699,filterLoc,,
2940,702,filterLoc,,
2940,705,filterLoc,,
2940,708,filterLoc,,
2940,711,filterLoc,,
2940,714,filterLoc,,
2940,717,filterLoc,,
2940,720,filterLoc,,
2940,723,filterLoc,,
2940,726,filterLoc,,
2940,729,filterLoc,,;Evacuee;15;in triage category;W;is leaving the coast guard ship 
2940,732,filterLoc,,
2940,735,filterLoc,,;Evacuee;17;in triage category;W;is leaving the coast guard ship 
2940,738,filterLoc,,
2940,741,filterLoc,,
2940,744,filterLoc,,
2940,747,filterLoc,,;Evacuee;14;in triage category;W;is leaving the coast guard ship 
2940,750,filterLoc,,
2940,753,filterLoc,,
2940,756,filterLoc,,
2940,759,filterLoc,,
2940,762,filterLoc,,
2940,765,filterLoc,,
2940,768,filterLoc,,
2940,771,filterLoc,,;Evacuee;8;in triage category;W;is leaving the coast guard ship ;Evacuee;8;in triage category;W;is entering helicopter;2
2940,774,filterLoc,,
2940,777,filterLoc,,;Evacuee;23;in triage category;W;is leaving the coast guard ship 
2940,780,filterLoc,,
2940,783,filterLoc,,
2940,786,filterLoc,,;Evacuee;18;in triage category;W;is leaving the coast guard ship 
2940,789,filterLoc,,
2940,792,filterLoc,,;Evacuee;4;in triage category;W;is leaving the coast guard ship ;Evacuee;4;in triage category;W;is entering helicopter;2
2940,795,filterLoc,,
2940,798,filterLoc,,
2940,801,filterLoc,,
2940,804,filterLoc,,
2940,807,filterLoc,,
2940,810,filterLoc,,
2940,813,filterLoc,,
2940,816,filterLoc,,
2940,819,filterLoc,,
2940,822,filterLoc,,
2940,825,filterLoc,,
2940,828,filterLoc,,;Evacuee;31;in triage category;W;is leaving the coast guard ship 
2940,831,filterLoc,,;Evacuee;38;in triage category;W;is leaving the coast guard ship 
2940,834,filterLoc,,;Evacuee;2;in triage category;W;is leaving the coast guard ship ;Evacuee;2;in triage category;W;is entering helicopter;2
2940,837,filterLoc,,;Evacuee;33;in triage category;W;is leaving the coast guard ship 
2940,840,filterLoc,,
2940,843,filterLoc,,;Evacuee;9;in triage category;W;is leaving the coast guard ship ;Evacuee;9;in triage category;W;is entering helicopter;2
2940,846,filterLoc,,;Evacuee;25;in triage category;W;is leaving the coast guard ship 
2940,849,filterLoc,,
2940,852,filterLoc,,
2940,855,filterLoc,,;Evacuee;5;in triage category;W;is leaving the coast guard ship ;Evacuee;5;in triage category;W;is entering helicopter;2
2940,858,filterLoc,,
2940,861,filterLoc,,
2940,864,filterLoc,,
2940,867,filterLoc,,
2940,870,filterLoc,,
2940,873,filterLoc,,
2940,876,filterLoc,,
2940,879,filterLoc,,
2940,882,filterLoc,,
2940,885,filterLoc,,
2940,888,filterLoc,,
2940,891,filterLoc,,;Evacuee;29;in triage category;W;is leaving the coast guard ship 
2940,894,filterLoc,,
2940,897,filterLoc,,
2940,900,filterLoc,,
2940,903,filterLoc,,
2940,906,filterLoc,,
2940,909,filterLoc,,
2940,912,filterLoc,,
2940,915,filterLoc,,
2940,918,filterLoc,,;Evacuee;40;in triage category;W;is leaving the coast guard ship 
2940,921,filterLoc,,
2940,924,filterLoc,,;Evacuee;3;in triage category;W;is leaving the coast guard ship ;Evacuee;3;in triage category;W;is entering helicopter;2
2940,927,filterLoc,,
2940,930,filterLoc,,
2940,933,filterLoc,,
2940,936,filterLoc,,;Evacuee;6;in triage category;W;is leaving the coast guard ship ;Evacuee;6;in triage category;W;is entering helicopter;2
2940,939,filterLoc,,
2940,942,filterLoc,,
2940,945,filterLoc,,
2940,948,filterLoc,,;Evacuee;22;in triage category;W;is leaving the coast guard ship 
2940,951,filterLoc,,
2940,954,filterLoc,,;Evacuee;44;in triage category;W;is leaving the coast guard ship 
2940,957,filterLoc,,
2940,960,filterLoc,,;Evacuee;10;in triage category;W;is leaving the coast guard ship ;Evacuee;10;in triage category;W;is entering helicopter;2
2940,963,filterLoc,,;Evacuee;26;in triage category;W;is leaving the coast guard ship 
2940,966,filterLoc,,
2940,969,filterLoc,,
2940,972,filterLoc,,
2940,975,filterLoc,,
2940,978,filterLoc,,;Evacuee;37;in triage category;W;is leaving the coast guard ship 
2940,981,filterLoc,,
2940,984,filterLoc,,
2940,987,filterLoc,,
2940,990,filterLoc,,
2940,993,filterLoc,,
2940,996,filterLoc,,
2940,999,filterLoc,,
2940,1002,filterLoc,,;Evacuee;41;in triage category;W;is leaving the coast guard ship 
2940,1005,filterLoc,,
2940,1008,filterLoc,,
2940,1011,filterLoc,,
2940,1014,filterLoc,,
2940,1017,filterLoc,,;Evacuee;21;in triage category;W;is leaving the coast guard ship 
2940,1020,filterLoc,,
2940,1023,filterLoc,,
2940,1026,filterLoc,,;Evacuee;46;in triage category;W;is leaving the coast guard ship 
2940,1029,filterLoc,,
2940,1032,filterLoc,,;Evacuee;13;in triage category;W;is leaving the coast guard ship 
2940,1035,filterLoc,,;Evacuee;24;in triage category;W;is leaving the coast guard ship 
2940,1038,filterLoc,,;Evacuee;32;in triage category;W;is leaving the coast guard ship 
2940,1041,filterLoc,,;Evacuee;34;in triage category;W;is leaving the coast guard ship 
2940,1044,filterLoc,,
2940,1047,filterLoc,,
2940,1050,filterLoc,,
2940,1053,filterLoc,,
2940,1056,filterLoc,,;Evacuee;20;in triage category;W;is leaving the coast guard ship 
2940,1059,filterLoc,,;Evacuee;35;in triage category;W;is leaving the coast guard ship 
2940,1062,filterLoc,,
2940,1065,filterLoc,,;Evacuee;36;in triage category;W;is leaving the coast guard ship 
2940,1068,filterLoc,,
2940,1071,filterLoc,,
2940,1074,filterLoc,,;Evacuee;42;in triage category;W;is leaving the coast guard ship 
2940,1077,filterLoc,,
2940,1080,filterLoc,,;Evacuee;43;in triage category;W;is leaving the coast guard ship 
2940,1083,filterLoc,,;Evacuee;30;in triage category;W;is leaving the coast guard ship 
2940,1086,filterLoc,,
2940,1089,filterLoc,,
2940,1092,filterLoc,,
2940,1095,filterLoc,,
2940,1098,filterLoc,,
2940,1101,filterLoc,,
2940,1104,filterLoc,,;Evacuee;48;in triage category;W;is leaving the coast guard ship 
2940,1107,filterLoc,,
2940,1110,filterLoc,,;Evacuee;50;in triage category;W;is leaving the coast guard ship 
2940,1113,filterLoc,,;Evacuee;19;in triage category;W;is leaving the coast guard ship 
2940,1116,filterLoc,,
2940,1119,filterLoc,,
2940,1122,filterLoc,,
2940,1125,filterLoc,,
2940,1129,filterES,out,Helicopter 2 is evacuating people2
2940,1129,filterES,,
2940,1130,helicopter,,Helicopter;2;is loading people at the evacuation site;;and has;0;spots taken
2940,1132,filterLoc,,
2940,1135,filterLoc,,
2940,1138,filterLoc,,
2940,1141,filterLoc,,;Evacuee;47;in triage category;W;is leaving the coast guard ship 
2940,1144,filterLoc,,
2940,1147,filterLoc,,
2940,1150,filterLoc,,
2940,1153,filterLoc,,
2940,1156,filterLoc,,
2940,1159,filterLoc,,
2940,1162,filterLoc,,
2940,1165,filterLoc,,;Evacuee;45;in triage category;W;is leaving the coast guard ship 
2940,1172,filterLoc,,
2940,1175,filterLoc,,
2940,1178,filterLoc,,
2940,1181,filterLoc,,
2940,1184,filterLoc,,
2940,1187,filterLoc,,
2940,1190,filterLoc,,
2940,1193,filterLoc,,
2940,1196,filterLoc,,
2940,1199,filterLoc,,
2940,1202,filterLoc,,
2940,1205,filterLoc,,
2940,1208,filterLoc,,
2940,1211,filterLoc,,
2940,1214,filterLoc,,
2940,1217,filterLoc,,
2940,1220,filterLoc,,
2940,1223,filterLoc,,
2940,1226,filterLoc,,
2940,1229,filterLoc,,
2940,1232,filterLoc,,
2940,1235,filterLoc,,
2940,1238,filterLoc,,
2940,1241,filterLoc,,
2940,1244,filterLoc,,
2940,1247,filterLoc,,;Evacuee;28;in triage category;W;is leaving the coast guard ship 
2940,1250,filterLoc,,
2940,1253,filterLoc,,
2940,1256,filterLoc,,
2940,1259,filterLoc,,
2940,1262,filterLoc,,
2940,1265,filterLoc,,;Evacuee;16;in triage category;W;is leaving the coast guard ship 
2940,1268,filterLoc,,
2940,1271,filterLoc,,
2940,1274,filterLoc,,
2940,1277,filterLoc,,
2940,1280,filterLoc,,
2940,1283,filterLoc,,
2940,1286,filterLoc,,
2940,1289,filterLoc,,
2940,1292,filterLoc,,
2940,1295,filterLoc,,
2940,1298,filterLoc,,
2940,1301,filterLoc,,
2940,1304,filterLoc,,
2940,1307,filterLoc,,
2940,1310,filterLoc,,
2940,1313,filterLoc,,
2940,1316,filterLoc,,
2940,1319,filterLoc,,
2940,1322,filterLoc,,
2940,1325,filterLoc,,
2940,1328,filterLoc,,
2940,1331,filterLoc,,
2940,1334,filterLoc,,
2940,1337,filterLoc,,
2940,1340,filterLoc,,
2940,1343,filterLoc,,
2940,1346,filterLoc,,
2940,1349,filterLoc,,
2940,1352,filterLoc,,
2940,1355,filterLoc,,
2940,1358,filterLoc,,
2940,1361,filterLoc,,
2940,1364,filterLoc,,
2940,1367,filterLoc,,
2940,1370,filterLoc,,
2940,1373,filterLoc,,
2940,1376,filterLoc,,
2940,1379,filterLoc,,;Evacuee;11;in triage category;W;is leaving the coast guard ship 
2940,1382,filterLoc,,
2940,1385,filterLoc,,
2940,1388,filterLoc,,
2940,1391,filterLoc,,
2940,1394,filterLoc,,
2940,1397,filterLoc,,
2940,1400,filterLoc,,
2940,1403,filterLoc,,
2940,1406,filterLoc,,
2940,1409,filterLoc,,
2940,1412,filterLoc,,
2940,1415,filterLoc,,
2940,1418,filterLoc,,;Evacuee;27;in triage category;W;is leaving the coast guard ship 
2940,1421,filterLoc,,
2940,1424,filterLoc,,
2940,1427,filterLoc,,
2940,1430,filterLoc,,;Evacuee;12;in triage category;W;is leaving the coast guard ship 
2940,1433,filterLoc,,
2940,1436,filterLoc,,
2940,1439,filterLoc,,
2940,1442,filterLoc,,
2940,1445,filterLoc,,
2940,1448,filterLoc,,
2940,1451,filterLoc,,
2940,1454,filterLoc,,
2940,1457,filterLoc,,
2940,1460,filterLoc,,
2940,1463,filterLoc,,
2940,1466,filterLoc,,
2940,1469,filterLoc,,
2940,1472,filterLoc,,
2940,1475,filterLoc,,;Evacuee;7;in triage category;W;is leaving the coast guard ship ;Evacuee;7;in triage category;W;is entering helicopter;2
2940,1478,filterLoc,,
2940,1481,filterLoc,,
2940,1484,filterLoc,,
2940,1487,filterLoc,,
2940,1490,filterLoc,,
2940,1493,filterLoc,,
2940,1496,filterLoc,,
2940,1499,filterLoc,,
2940,1502,filterLoc,,
2940,1505,filterLoc,,
2940,1508,filterLoc,,
2940,1511,filterLoc,,
2940,1514,filterLoc,,
2940,1517,filterLoc,,
2940,5,helicopterQueue,,;No helos are waiting to land
2940,567,filterLoc,out,Evacuee 39 in triage category W is told to leave the coast guard ship
2940,567,filterLoc,,
2940,568,evacuee,,Evacuee;39;in triage state;W;is at the evacuation site
2940,615,filterLoc,out,Evacuee 1 in triage category W is told to leave the coast guard ship
2940,615,filterLoc,out,Evacuee 1 in triage category W is assigned helicopter 2
2940,615,filterLoc,,
2940,616,evacuee,,Evacuee;1;in triage state;W;is entering helicopter;2
2940,624,filterLoc,out,Evacuee 49 in triage category W is told to leave the coast guard ship
2940,624,filterLoc,,
2940,625,evacuee,,Evacuee;49;in triage state;W;is at the evacuation site
2940,729,filterLoc,out,Evacuee 15 in triage category W is told to leave the coast guard ship
2940,729,filterLoc,,
2940,730,evacuee,,Evacuee;15;in triage state;W;is at the evacuation site
2940,735,filterLoc,out,Evacuee 17 in triage category W is told to leave the coast guard ship
2940,735,filterLoc,,
2940,736,evacuee,,Evacuee;17;in triage state;W;is at the evacuation site
2940,747,filterLoc,out,Evacuee 14 in triage category W is told to leave the coast guard ship
2940,747,filterLoc,,
2940,748,evacuee,,Evacuee;14;in triage state;W;is at the evacuation site
2940,771,filterLoc,out,Evacuee 8 in triage category W is told to leave the coast guard ship
2940,771,filterLoc,out,Evacuee 8 in triage category W is assigned helicopter 2
2940,771,filterLoc,,
2940,772,evacuee,,Evacuee;8;in triage state;W;is entering helicopter;2
2940,777,filterLoc,out,Evacuee 23 in triage category W is told to leave the coast guard ship
2940,777,filterLoc,,
2940,778,evacuee,,Evacuee;23;in triage state;W;is at the evacuation site
2940,786,filterLoc,out,Evacuee 18 in triage category W is told to leave the coast guard ship
2940,786,filterLoc,,
2940,787,evacuee,,Evacuee;18;in triage state;W;is at the evacuation site
2940,792,filterLoc,out,Evacuee 4 in triage category W is told to leave the coast guard ship
2940,792,filterLoc,out,Evacuee 4 in triage category W is assigned helicopter 2
2940,792,filterLoc,,
2940,793,evacuee,,Evacuee;4;in triage state;W;is entering helicopter;2
2940,828,filterLoc,out,Evacuee 31 in triage category W is told to leave the coast guard ship
2940,828,filterLoc,,
2940,829,evacuee,,Evacuee;31;in triage state;W;is at the evacuation site
2940,831,filterLoc,out,Evacuee 38 in triage category W is told to leave the coast guard ship
2940,831,filterLoc,,
2940,832,evacuee,,Evacuee;38;in triage state;W;is at the evacuation site
2940,834,filterLoc,out,Evacuee 2 in triage category W is told to leave the coast guard ship
2940,834,filterLoc,out,Evacuee 2 in triage category W is assigned helicopter 2
2940,834,filterLoc,,
2940,835,evacuee,,Evacuee;2;in triage state;W;is entering helicopter;2
2940,837,filterLoc,out,Evacuee 33 in triage category W is told to leave the coast guard ship
2940,837,filterLoc,,
2940,838,evacuee,,Evacuee;33;in triage state;W;is at the evacuation site
2940,843,filterLoc,out,Evacuee 9 in triage category W is told to leave the coast guard ship
2940,843,filterLoc,out,Evacuee 9 in triage category W is assigned helicopter 2
2940,843,filterLoc,,
2940,844,evacuee,,Evacuee;9;in triage state;W;is entering helicopter;2
2940,846,filterLoc,out,Evacuee 25 in triage category W is told to leave the coast guard ship
2940,846,filterLoc,,
2940,847,evacuee,,Evacuee;25;in triage state;W;is at the evacuation site
2940,855,filterLoc,out,Evacuee 5 in triage category W is told to leave the coast guard ship
2940,855,filterLoc,out,Evacuee 5 in triage category W is assigned helicopter 2
2940,855,filterLoc,,
2940,856,evacuee,,Evacuee;5;in triage state;W;is entering helicopter;2
2940,891,filterLoc,out,Evacuee 29 in triage category W is told to leave the coast guard ship
2940,891,filterLoc,,
2940,892,evacuee,,Evacuee;29;in triage state;W;is at the evacuation site
2940,918,filterLoc,out,Evacuee 40 in triage category W is told to leave the coast guard ship
2940,918,filterLoc,,
2940,919,evacuee,,Evacuee;40;in triage state;W;is at the evacuation site
2940,924,filterLoc,out,Evacuee 3 in triage category W is told to leave the coast guard ship
2940,924,filterLoc,out,Evacuee 3 in triage category W is assigned helicopter 2
2940,924,filterLoc,,
2940,925,evacuee,,Evacuee;3;in triage state;W;is entering helicopter;2
2940,936,filterLoc,out,Evacuee 6 in triage category W is told to leave the coast guard ship
2940,936,filterLoc,out,Evacuee 6 in triage category W is assigned helicopter 2
2940,936,filterLoc,,
2940,937,evacuee,,Evacuee;6;in triage state;W;is entering helicopter;2
2940,948,filterLoc,out,Evacuee 22 in triage category W is told to leave the coast guard ship
2940,948,filterLoc,,
2940,949,evacuee,,Evacuee;22;in triage state;W;is at the evacuation site
2940,954,filterLoc,out,Evacuee 44 in triage category W is told to leave the coast guard ship
2940,954,filterLoc,,
2940,955,evacuee,,Evacuee;44;in triage state;W;is at the evacuation site
2940,960,filterLoc,out,Evacuee 10 in triage category W is told to leave the coast guard ship
2940,960,filterLoc,out,Evacuee 10 in triage category W is assigned helicopter 2
2940,960,filterLoc,,
2940,961,evacuee,,Evacuee;10;in triage state;W;is entering helicopter;2
2940,963,filterLoc,out,Evacuee 26 in triage category W is told to leave the coast guard ship
2940,963,filterLoc,,
2940,964,evacuee,,Evacuee;26;in triage state;W;is at the evacuation site
2940,978,filterLoc,out,Evacuee 37 in triage category W is told to leave the coast guard ship
2940,978,filterLoc,,
2940,979,evacuee,,Evacuee;37;in triage state;W;is at the evacuation site
2940,1002,filterLoc,out,Evacuee 41 in triage category W is told to leave the coast guard ship
2940,1002,filterLoc,,
2940,1003,evacuee,,Evacuee;41;in triage state;W;is at the evacuation site
2940,1017,filterLoc,out,Evacuee 21 in triage category W is told to leave the coast guard ship
2940,1017,filterLoc,,
2940,1018,evacuee,,Evacuee;21;in triage state;W;is at the evacuation site
2940,1026,filterLoc,out,Evacuee 46 in triage category W is told to leave the coast guard ship
2940,1026,filterLoc,,
2940,1027,evacuee,,Evacuee;46;in triage state;W;is at the evacuation site
2940,1032,filterLoc,out,Evacuee 13 in triage category W is told to leave the coast guard ship
2940,1032,filterLoc,,
2940,1033,evacuee,,Evacuee;13;in triage state;W;is at the evacuation site
2940,1035,filterLoc,out,Evacuee 24 in triage category W is told to leave the coast guard ship
2940,1035,filterLoc,,
2940,1036,evacuee,,Evacuee;24;in triage state;W;is at the evacuation site
2940,1038,filterLoc,out,Evacuee 32 in triage category W is told to leave the coast guard ship
2940,1038,filterLoc,,
2940,1039,evacuee,,Evacuee;32;in triage state;W;is at the evacuation site
2940,1041,filterLoc,out,Evacuee 34 in triage category W is told to leave the coast guard ship
2940,1041,filterLoc,,
2940,1042,evacuee,,Evacuee;34;in triage state;W;is at the evacuation site
2940,1056,filterLoc,out,Evacuee 20 in triage category W is told to leave the coast guard ship
2940,1056,filterLoc,,
2940,1057,evacuee,,Evacuee;20;in triage state;W;is at the evacuation site
2940,1059,filterLoc,out,Evacuee 35 in triage category W is told to leave the coast guard ship
2940,1059,filterLoc,,
2940,1060,evacuee,,Evacuee;35;in triage state;W;is at the evacuation site
2940,1065,filterLoc,out,Evacuee 36 in triage category W is told to leave the coast guard ship
2940,1065,filterLoc,,
2940,1066,evacuee,,Evacuee;36;in triage state;W;is at the evacuation site
2940,1074,filterLoc,out,Evacuee 42 in triage category W is told to leave the coast guard ship
2940,1074,filterLoc,,
2940,1075,evacuee,,Evacuee;42;in triage state;W;is at the evacuation site
2940,1080,filterLoc,out,Evacuee 43 in triage category W is told to leave the coast guard ship
2940,1080,filterLoc,,
2940,1081,evacuee,,Evacuee;43;in triage state;W;is at the evacuation site
2940,1083,filterLoc,out,Evacuee 30 in triage category W is told to leave the coast guard ship
2940,1083,filterLoc,,
2940,1084,evacuee,,Evacuee;30;in triage state;W;is at the evacuation site
2940,1104,filterLoc,out,Evacuee 48 in triage category W is told to leave the coast guard ship
2940,1104,filterLoc,,
2940,1105,evacuee,,Evacuee;48;in triage state;W;is at the evacuation site
2940,1110,filterLoc,out,Evacuee 50 in triage category W is told to leave the coast guard ship
2940,1110,filterLoc,,
2940,1111,evacuee,,Evacuee;50;in triage state;W;is at the evacuation site
2940,1113,filterLoc,out,Evacuee 19 in triage category W is told to leave the coast guard ship
2940,1113,filterLoc,,
2940,1114,evacuee,,Evacuee;19;in triage state;W;is at the evacuation site
2940,1130,helicopter,,Helicopter;2;is returning to the FOL;;and has;0;spots taken
2940,1141,filterLoc,out,Evacuee 47 in triage category W is told to leave the coast guard ship
2940,1141,filterLoc,,
2940,1142,evacuee,,Evacuee;47;in triage state;W;is at the evacuation site
2940,1165,filterLoc,out,Evacuee 45 in triage category W is told to leave the coast guard ship
2940,1165,filterLoc,,
2940,1166,evacuee,,Evacuee;45;in triage state;W;is at the evacuation site
2940,1247,filterLoc,out,Evacuee 28 in triage category W is told to leave the coast guard ship
2940,1247,filterLoc,,
2940,1248,evacuee,,Evacuee;28;in triage state;W;is at the evacuation site
2940,1265,filterLoc,out,Evacuee 16 in triage category W is told to leave the coast guard ship
2940,1265,filterLoc,,
2940,1266,evacuee,,Evacuee;16;in triage state;W;is at the evacuation site
2940,1379,filterLoc,out,Evacuee 11 in triage category W is told to leave the coast guard ship
2940,1379,filterLoc,,
2940,1380,evacuee,,Evacuee;11;in triage state;W;is at the evacuation site
2940,1418,filterLoc,out,Evacuee 27 in triage category W is told to leave the coast guard ship
2940,1418,filterLoc,,
2940,1419,evacuee,,Evacuee;27;in triage state;W;is at the evacuation site
2940,1430,filterLoc,out,Evacuee 12 in triage category W is told to leave the coast guard ship
2940,1430,filterLoc,,
2940,1431,evacuee,,Evacuee;12;in triage state;W;is at the evacuation site
2940,1475,filterLoc,out,Evacuee 7 in triage category W is told to leave the coast guard ship
2940,1475,filterLoc,out,Evacuee 7 in triage category W is assigned helicopter 2
2940,1475,filterLoc,,
2940,1476,evacuee,,Evacuee;7;in triage state;W;is entering helicopter;2
2940,106,filterEvac,,
2940,568,evacuee,,Evacuee;39;in triage state;W;is at the evacuation site
2940,616,evacuee,outHelo,Evacuee 1 in triage category W is assigned helicopter 2
2940,616,evacuee,,Evacuee;1;in triage state;W;is in helicopter;2
2940,625,evacuee,,Evacuee;49;in triage state;W;is at the evacuation site
2940,730,evacuee,,Evacuee;15;in triage state;W;is at the evacuation site
2940,736,evacuee,,Evacuee;17;in triage state;W;is at the evacuation site
2940,748,evacuee,,Evacuee;14;in triage state;W;is at the evacuation site
2940,772,evacuee,outHelo,Evacuee 8 in triage category W is assigned helicopter 2
2940,772,evacuee,,Evacuee;8;in triage state;W;is in helicopter;2
2940,778,evacuee,,Evacuee;23;in triage state;W;is at the evacuation site
2940,787,evacuee,,Evacuee;18;in triage state;W;is at the evacuation site
2940,793,evacuee,outHelo,Evacuee 4 in triage category W is assigned helicopter 2
2940,793,evacuee,,Evacuee;4;in triage state;W;is in helicopter;2
2940,829,evacuee,,Evacuee;31;in triage state;W;is at the evacuation site
2940,832,evacuee,,Evacuee;38;in triage state;W;is at the evacuation site
2940,835,evacuee,outHelo,Evacuee 2 in triage category W is assigned helicopter 2
2940,835,evacuee,,Evacuee;2;in triage state;W;is in helicopter;2
2940,838,evacuee,,Evacuee;33;in triage state;W;is at the evacuation site
2940,844,evacuee,outHelo,Evacuee 9 in triage category W is assigned helicopter 2
2940,844,evacuee,,Evacuee;9;in triage state;W;is in helicopter;2
2940,847,evacuee,,Evacuee;25;in triage state;W;is at the evacuation site
2940,856,evacuee,outHelo,Evacuee 5 in triage category W is assigned helicopter 2
2940,856,evacuee,,Evacuee;5;in triage state;W;is in helicopter;2
2940,892,evacuee,,Evacuee;29;in triage state;W;is at the evacuation site
2940,919,evacuee,,Evacuee;40;in triage state;W;is at the evacuation site
2940,925,evacuee,outHelo,Evacuee 3 in triage category W is assigned helicopter 2
2940,925,evacuee,,Evacuee;3;in triage state;W;is in helicopter;2
2940,937,evacuee,outHelo,Evacuee 6 in triage category W is assigned helicopter 2
2940,937,evacuee,,Evacuee;6;in triage state;W;is in helicopter;2
2940,949,evacuee,,Evacuee;22;in triage state;W;is at the evacuation site
2940,955,evacuee,,Evacuee;44;in triage state;W;is at the evacuation site
2940,961,evacuee,outHelo,Evacuee 10 in triage category W is assigned helicopter 2
2940,961,evacuee,,Evacuee;10;in triage state;W;is in helicopter;2
2940,964,evacuee,,Evacuee;26;in triage state;W;is at the evacuation site
2940,979,evacuee,,Evacuee;37;in triage state;W;is at the evacuation site
2940,1003,evacuee,,Evacuee;41;in triage state;W;is at the evacuation site
2940,1018,evacuee,,Evacuee;21;in triage state;W;is at the evacuation site
2940,1027,evacuee,,Evacuee;46;in triage state;W;is at the evacuation site
2940,1033,evacuee,,Evacuee;13;in triage state;W;is at the evacuation site
2940,1036,evacuee,,Evacuee;24;in triage state;W;is at the evacuation site
2940,1039,evacuee,,Evacuee;32;in triage state;W;is at the evacuation site
2940,1042,evacuee,,Evacuee;34;in triage state;W;is at the evacuation site
2940,1057,evacuee,,Evacuee;20;in triage state;W;is at the evacuation site
2940,1060,evacuee,,Evacuee;35;in triage state;W;is at the evacuation site
2940,1066,evacuee,,Evacuee;36;in triage state;W;is at the evacuation site
2940,1075,evacuee,,Evacuee;42;in triage state;W;is at the evacuation site
2940,1081,evacuee,,Evacuee;43;in triage state;W;is at the evacuation site
2940,1084,evacuee,,Evacuee;30;in triage state;W;is at the evacuation site
2940,1105,evacuee,,Evacuee;48;in triage state;W;is at the evacuation site
2940,1111,evacuee,,Evacuee;50;in triage state;W;is at the evacuation site
2940,1114,evacuee,,Evacuee;19;in triage state;W;is at the evacuation site
2940,1128,filterEvac,,;Evacuee;1;in triage category;W;is entering helicopter;2;Evacuee;2;in triage category;W;is entering helicopter;2;Evacuee;3;in triage category;W;is entering helicopter;2;Evacuee;4;in triage category;W;is entering helicopter;2;Evacuee;5;in triage category;W;is entering helicopter;2;Evacuee;6;in triage category;W;is entering helicopter;2;Evacuee;7;in triage category;W;is entering helicopter;2;Evacuee;8;in triage category;W;is entering helicopter;2;Evacuee;9;in triage category;W;is entering helicopter;2;Evacuee;10;in triage category;W;is entering helicopter;2
2940,1142,evacuee,,Evacuee;47;in triage state;W;is at the evacuation site
2940,1166,evacuee,,Evacuee;45;in triage state;W;is at the evacuation site
2940,1168,filterEvac,,
2940,1248,evacuee,,Evacuee;28;in triage state;W;is at the evacuation site
2940,1266,evacuee,,Evacuee;16;in triage state;W;is at the evacuation site
2940,1380,evacuee,,Evacuee;11;in triage state;W;is at the evacuation site
2940,1419,evacuee,,Evacuee;27;in triage state;W;is at the evacuation site
2940,1431,evacuee,,Evacuee;12;in triage state;W;is at the evacuation site
2940,1476,evacuee,outHelo,Evacuee 7 in triage category W is assigned helicopter 2
2940,1476,evacuee,,Evacuee;7;in triage state;W;is in helicopter;2
2940,1128,filterEvac,out,Evacuee 1 in triage category W is assigned helicopter 2
2940,1128,filterEvac,out,Evacuee 2 in triage category W is assigned helicopter 2
2940,1128,filterEvac,out,Evacuee 3 in triage category W is assigned helicopter 2
2940,1128,filterEvac,out,Evacuee 4 in triage category W is assigned helicopter 2
2940,1128,filterEvac,out,Evacuee 5 in triage category W is assigned helicopter 2
2940,1128,filterEvac,out,Evacuee 6 in triage category W is assigned helicopter 2
2940,1128,filterEvac,out,Evacuee 7 in triage category W is assigned helicopter 2
2940,1128,filterEvac,out,Evacuee 8 in triage category W is assigned helicopter 2
2940,1128,filterEvac,out,Evacuee 9 in triage category W is assigned helicopter 2
2940,1128,filterEvac,out,Evacuee 10 in triage category W is assigned helicopter 2
2940,1128,filterEvac,,
2940,1130,helicopter,,Helicopter;2;is returning to the FOL;;and has;10;spots taken
2955,7,filterLoc,,
2955,10,filterLoc,,
2955,13,filterLoc,,
2955,16,filterLoc,,
2955,19,filterLoc,,
2955,22,filterLoc,,
2955,25,filterLoc,,
2955,28,filterLoc,,
2955,31,filterLoc,,
2955,34,filterLoc,,
2955,37,filterLoc,,
2955,40,filterLoc,,
2955,43,filterLoc,,
2955,46,filterLoc,,
2955,49,filterLoc,,
2955,52,filterLoc,,
2955,55,filterLoc,,
2955,58,filterLoc,,
2955,61,filterLoc,,
2955,64,filterLoc,,
2955,67,filterLoc,,
2955,70,filterLoc,,
2955,73,filterLoc,,
2955,76,filterLoc,,
2955,79,filterLoc,,
2955,82,filterLoc,,
2955,85,filterLoc,,
2955,88,filterLoc,,
2955,91,filterLoc,,
2955,94,filterLoc,,
2955,97,filterLoc,,
2955,100,filterLoc,,
2955,103,filterLoc,,
2955,110,filterLoc,,
2955,113,filterLoc,,
2955,116,filterLoc,,
2955,119,filterLoc,,
2955,122,filterLoc,,
2955,125,filterLoc,,
2955,128,filterLoc,,
2955,131,filterLoc,,
2955,134,filterLoc,,
2955,137,filterLoc,,
2955,140,filterLoc,,
2955,143,filterLoc,,
2955,146,filterLoc,,
2955,149,filterLoc,,
2955,152,filterLoc,,
2955,155,filterLoc,,
2955,158,filterLoc,,
2955,161,filterLoc,,
2955,164,filterLoc,,
2955,167,filterLoc,,
2955,170,filterLoc,,
2955,173,filterLoc,,
2955,176,filterLoc,,
2955,179,filterLoc,,
2955,182,filterLoc,,
2955,185,filterLoc,,
2955,188,filterLoc,,
2955,191,filterLoc,,
2955,194,filterLoc,,
2955,197,filterLoc,,
2955,200,filterLoc,,
2955,203,filterLoc,,
2955,206,filterLoc,,
2955,209,filterLoc,,
2955,212,filterLoc,,
2955,215,filterLoc,,
2955,218,filterLoc,,
2955,221,filterLoc,,
2955,224,filterLoc,,
2955,228,filterLoc,,
2955,231,filterLoc,,
2955,234,filterLoc,,
2955,237,filterLoc,,
2955,240,filterLoc,,
2955,243,filterLoc,,
2955,246,filterLoc,,
2955,249,filterLoc,,
2955,252,filterLoc,,
2955,255,filterLoc,,
2955,258,filterLoc,,
2955,261,filterLoc,,
2955,264,filterLoc,,
2955,267,filterLoc,,
2955,270,filterLoc,,
2955,273,filterLoc,,
2955,276,filterLoc,,
2955,279,filterLoc,,
2955,282,filterLoc,,
2955,285,filterLoc,,
2955,288,filterLoc,,
2955,291,filterLoc,,
2955,294,filterLoc,,
2955,297,filterLoc,,
2955,300,filterLoc,,
2955,303,filterLoc,,
2955,306,filterLoc,,
2955,309,filterLoc,,
2955,312,filterLoc,,
2955,315,filterLoc,,
2955,318,filterLoc,,
2955,321,filterLoc,,
2955,324,filterLoc,,
2955,327,filterLoc,,
2955,330,filterLoc,,
2955,333,filterLoc,,
2955,336,filterLoc,,
2955,339,filterLoc,,
2955,342,filterLoc,,
2955,345,filterLoc,,
2955,348,filterLoc,,
2955,351,filterLoc,,
2955,354,filterLoc,,
2955,357,filterLoc,,
2955,360,filterLoc,,
2955,363,filterLoc,,
2955,366,filterLoc,,
2955,369,filterLoc,,
2955,372,filterLoc,,
2955,375,filterLoc,,
2955,378,filterLoc,,
2955,381,filterLoc,,
2955,384,filterLoc,,
2955,387,filterLoc,,
2955,390,filterLoc,,
2955,393,filterLoc,,
2955,396,filterLoc,,
2955,399,filterLoc,,
2955,402,filterLoc,,
2955,405,filterLoc,,
2955,408,filterLoc,,
2955,411,filterLoc,,
2955,414,filterLoc,,
2955,417,filterLoc,,
2955,420,filterLoc,,
2955,423,filterLoc,,
2955,426,filterLoc,,
2955,429,filterLoc,,
2955,432,filterLoc,,
2955,435,filterLoc,,
2955,438,filterLoc,,
2955,441,filterLoc,,
2955,444,filterLoc,,
2955,447,filterLoc,,
2955,450,filterLoc,,
2955,453,filterLoc,,
2955,456,filterLoc,,
2955,459,filterLoc,,
2955,462,filterLoc,,
2955,465,filterLoc,,
2955,468,filterLoc,,
2955,471,filterLoc,,
2955,474,filterLoc,,
2955,477,filterLoc,,
2955,480,filterLoc,,
2955,483,filterLoc,,
2955,486,filterLoc,,
2955,489,filterLoc,,
2955,492,filterLoc,,
2955,495,filterLoc,,
2955,498,filterLoc,,
2955,501,filterLoc,,
2955,504,filterLoc,,
2955,507,filterLoc,,
2955,510,filterLoc,,
2955,513,filterLoc,,
2955,516,filterLoc,,
2955,519,filterLoc,,
2955,522,filterLoc,,
2955,525,filterLoc,,
2955,528,filterLoc,,
2955,531,filterLoc,,
2955,534,filterLoc,,
2955,537,filterLoc,,
2955,540,filterLoc,,
2955,543,filterLoc,,
2955,546,filterLoc,,
2955,549,filterLoc,,
2955,552,filterLoc,,
2955,555,filterLoc,,
2955,558,filterLoc,,
2955,561,filterLoc,,
2955,564,filterLoc,,
2955,567,filterLoc,,
2955,570,filterLoc,,
2955,573,filterLoc,,
2955,576,filterLoc,,
2955,579,filterLoc,,
2955,582,filterLoc,,
2955,585,filterLoc,,
2955,588,filterLoc,,
2955,591,filterLoc,,
2955,594,filterLoc,,
2955,597,filterLoc,,
2955,600,filterLoc,,
2955,603,filterLoc,,
2955,606,filterLoc,,
2955,609,filterLoc,,
2955,612,filterLoc,,
2955,615,filterLoc,,
2955,618,filterLoc,,
2955,621,filterLoc,,
2955,624,filterLoc,,
2955,627,filterLoc,,
2955,630,filterLoc,,
2955,633,filterLoc,,
2955,636,filterLoc,,;Evacuee;51;in triage category;Y;is leaving helicopter;1
2955,639,filterLoc,,
2955,642,filterLoc,,
2955,645,filterLoc,,
2955,648,filterLoc,,
2955,651,filterLoc,,
2955,654,filterLoc,,
2955,657,filterLoc,,
2955,660,filterLoc,,
2955,663,filterLoc,,
2955,666,filterLoc,,
2955,669,filterLoc,,
2955,672,filterLoc,,
2955,675,filterLoc,,
2955,678,filterLoc,,
2955,681,filterLoc,,
2955,684,filterLoc,,
2955,687,filterLoc,,
2955,690,filterLoc,,
2955,693,filterLoc,,
2955,696,filterLoc,,
2955,699,filterLoc,,
2955,702,filterLoc,,
2955,705,filterLoc,,
2955,708,filterLoc,,
2955,711,filterLoc,,
2955,714,filterLoc,,
2955,717,filterLoc,,
2955,720,filterLoc,,
2955,723,filterLoc,,
2955,726,filterLoc,,
2955,729,filterLoc,,
2955,732,filterLoc,,
2955,735,filterLoc,,
2955,738,filterLoc,,
2955,741,filterLoc,,
2955,744,filterLoc,,
2955,747,filterLoc,,
2955,750,filterLoc,,
2955,753,filterLoc,,
2955,756,filterLoc,,
2955,759,filterLoc,,
2955,762,filterLoc,,
2955,765,filterLoc,,
2955,768,filterLoc,,
2955,771,filterLoc,,
2955,774,filterLoc,,
2955,777,filterLoc,,
2955,780,filterLoc,,
2955,783,filterLoc,,
2955,786,filterLoc,,
2955,789,filterLoc,,
2955,792,filterLoc,,
2955,795,filterLoc,,
2955,798,filterLoc,,
2955,801,filterLoc,,
2955,804,filterLoc,,
2955,807,filterLoc,,
2955,810,filterLoc,,
2955,813,filterLoc,,
2955,816,filterLoc,,
2955,819,filterLoc,,
2955,822,filterLoc,,
2955,825,filterLoc,,
2955,828,filterLoc,,
2955,831,filterLoc,,
2955,834,filterLoc,,
2955,837,filterLoc,,
2955,840,filterLoc,,
2955,843,filterLoc,,
2955,846,filterLoc,,
2955,849,filterLoc,,
2955,852,filterLoc,,
2955,855,filterLoc,,
2955,858,filterLoc,,
2955,861,filterLoc,,
2955,864,filterLoc,,
2955,867,filterLoc,,
2955,870,filterLoc,,
2955,873,filterLoc,,
2955,876,filterLoc,,
2955,879,filterLoc,,
2955,882,filterLoc,,
2955,885,filterLoc,,
2955,888,filterLoc,,
2955,891,filterLoc,,
2955,894,filterLoc,,
2955,897,filterLoc,,
2955,900,filterLoc,,
2955,903,filterLoc,,
2955,906,filterLoc,,
2955,909,filterLoc,,
2955,912,filterLoc,,
2955,915,filterLoc,,
2955,918,filterLoc,,
2955,921,filterLoc,,
2955,924,filterLoc,,
2955,927,filterLoc,,
2955,930,filterLoc,,
2955,933,filterLoc,,
2955,936,filterLoc,,
2955,939,filterLoc,,
2955,942,filterLoc,,
2955,945,filterLoc,,
2955,948,filterLoc,,
2955,951,filterLoc,,
2955,954,filterLoc,,
2955,957,filterLoc,,
2955,960,filterLoc,,
2955,963,filterLoc,,
2955,966,filterLoc,,
2955,969,filterLoc,,
2955,972,filterLoc,,
2955,975,filterLoc,,
2955,978,filterLoc,,
2955,981,filterLoc,,
2955,984,filterLoc,,
2955,987,filterLoc,,
2955,990,filterLoc,,
2955,993,filterLoc,,
2955,996,filterLoc,,
2955,999,filterLoc,,;Evacuee;52;in triage category;Y;is leaving helicopter;1
2955,1002,filterLoc,,
2955,1005,filterLoc,,
2955,1008,filterLoc,,
2955,1011,filterLoc,,
2955,1014,filterLoc,,
2955,1017,filterLoc,,
2955,1020,filterLoc,,
2955,1023,filterLoc,,
2955,1026,filterLoc,,
2955,1029,filterLoc,,;Evacuee;53;in triage category;Y;is leaving helicopter;1
2955,1032,filterLoc,,
2955,1035,filterLoc,,
2955,1038,filterLoc,,
2955,1041,filterLoc,,
2955,1044,filterLoc,,
2955,1047,filterLoc,,
2955,1050,filterLoc,,
2955,1053,filterLoc,,
2955,1056,filterLoc,,
2955,1059,filterLoc,,
2955,1062,filterLoc,,
2955,1065,filterLoc,,
2955,1068,filterLoc,,
2955,1071,filterLoc,,
2955,1074,filterLoc,,
2955,1077,filterLoc,,
2955,1080,filterLoc,,
2955,1083,filterLoc,,
2955,1086,filterLoc,,
2955,1089,filterLoc,,
2955,1092,filterLoc,,
2955,1095,filterLoc,,
2955,1098,filterLoc,,
2955,1101,filterLoc,,
2955,1104,filterLoc,,
2955,1107,filterLoc,,
2955,1110,filterLoc,,
2955,1113,filterLoc,,
2955,1116,filterLoc,,
2955,1119,filterLoc,,
2955,1122,filterLoc,,
2955,1125,filterLoc,,
2955,1132,filterLoc,,
2955,1135,filterLoc,,
2955,1138,filterLoc,,
2955,1141,filterLoc,,
2955,1144,filterLoc,,
2955,1147,filterLoc,,
2955,1150,filterLoc,,
2955,1153,filterLoc,,
2955,1156,filterLoc,,
2955,1159,filterLoc,,
2955,1162,filterLoc,,
2955,1165,filterLoc,,
2955,1170,helicopter,outEvac,Evacuee 51 in triage category Y is not assigned a helicopter
2955,1170,helicopter,outEvac,Evacuee 52 in triage category Y is not assigned a helicopter
2955,1170,helicopter,outEvac,Evacuee 53 in triage category Y is not assigned a helicopter
2955,1170,helicopter,,Helicopter;1;is unloading people at the FOL;;and has;0;spots taken
2955,1172,filterLoc,,
2955,1175,filterLoc,,
2955,1178,filterLoc,,
2955,1181,filterLoc,,
2955,1184,filterLoc,,
2955,1187,filterLoc,,
2955,1190,filterLoc,,
2955,1193,filterLoc,,
2955,1196,filterLoc,,
2955,1199,filterLoc,,
2955,1202,filterLoc,,
2955,1205,filterLoc,,
2955,1208,filterLoc,,
2955,1211,filterLoc,,
2955,1214,filterLoc,,
2955,1217,filterLoc,,
2955,1220,filterLoc,,
2955,1223,filterLoc,,
2955,1226,filterLoc,,
2955,1229,filterLoc,,
2955,1232,filterLoc,,
2955,1235,filterLoc,,
2955,1238,filterLoc,,
2955,1241,filterLoc,,
2955,1244,filterLoc,,
2955,1247,filterLoc,,
2955,1250,filterLoc,,
2955,1253,filterLoc,,
2955,1256,filterLoc,,
2955,1259,filterLoc,,
2955,1262,filterLoc,,
2955,1265,filterLoc,,
2955,1268,filterLoc,,
2955,1271,filterLoc,,
2955,1274,filterLoc,,
2955,1277,filterLoc,,
2955,1280,filterLoc,,
2955,1283,filterLoc,,
2955,1286,filterLoc,,
2955,1289,filterLoc,,
2955,1292,filterLoc,,
2955,1295,filterLoc,,
2955,1298,filterLoc,,
2955,1301,filterLoc,,
2955,1304,filterLoc,,
2955,1307,filterLoc,,
2955,1310,filterLoc,,
2955,1313,filterLoc,,
2955,1316,filterLoc,,
2955,1319,filterLoc,,
2955,1322,filterLoc,,
2955,1325,filterLoc,,
2955,1328,filterLoc,,
2955,1331,filterLoc,,
2955,1334,filterLoc,,
2955,1337,filterLoc,,
2955,1340,filterLoc,,
2955,1343,filterLoc,,
2955,1346,filterLoc,,
2955,1349,filterLoc,,
2955,1352,filterLoc,,
2955,1355,filterLoc,,
2955,1358,filterLoc,,
2955,1361,filterLoc,,
2955,1364,filterLoc,,
2955,1367,filterLoc,,
2955,1370,filterLoc,,
2955,1373,filterLoc,,
2955,1376,filterLoc,,
2955,1379,filterLoc,,
2955,1382,filterLoc,,
2955,1385,filterLoc,,
2955,1388,filterLoc,,
2955,1391,filterLoc,,
2955,1394,filterLoc,,
2955,1397,filterLoc,,
2955,1400,filterLoc,,
2955,1403,filterLoc,,
2955,1406,filterLoc,,
2955,1409,filterLoc,,
2955,1412,filterLoc,,
2955,1415,filterLoc,,
2955,1418,filterLoc,,
2955,1421,filterLoc,,
2955,1424,filterLoc,,
2955,1427,filterLoc,,
2955,1430,filterLoc,,
2955,1433,filterLoc,,
2955,1436,filterLoc,,
2955,1439,filterLoc,,
2955,1442,filterLoc,,
2955,1445,filterLoc,,
2955,1448,filterLoc,,
2955,1451,filterLoc,,
2955,1454,filterLoc,,
2955,1457,filterLoc,,
2955,1460,filterLoc,,
2955,1463,filterLoc,,
2955,1466,filterLoc,,
2955,1469,filterLoc,,
2955,1472,filterLoc,,
2955,1475,filterLoc,,
2955,1478,filterLoc,,
2955,1481,filterLoc,,
2955,1484,filterLoc,,
2955,1487,filterLoc,,
2955,1490,filterLoc,,
2955,1493,filterLoc,,
2955,1496,filterLoc,,
2955,1499,filterLoc,,
2955,1502,filterLoc,,
2955,1505,filterLoc,,
2955,1508,filterLoc,,
2955,1511,filterLoc,,
2955,1514,filterLoc,,
2955,1517,filterLoc,,
2955,636,filterLoc,out,Evacuee 51 in triage category Y is not assigned a helicopter
2955,636,filterLoc,,
2955,637,evacuee,,Evacuee;51;in triage state;Y;is entering the FOL
2955,999,filterLoc,out,Evacuee 52 in triage category Y is not assigned a helicopter
2955,999,filterLoc,,
2955,1000,evacuee,,Evacuee;52;in triage state;Y;is entering the FOL
2955,1029,filterLoc,out,Evacuee 53 in triage category Y is not assigned a helicopter
2955,1029,filterLoc,,
2955,1030,evacuee,,Evacuee;53;in triage state;Y;is entering the FOL
2955,226,FOL,,;EvacueeID;51;Triage Status;Y;EvacueeID;52;Triage Status;Y;EvacueeID;53;Triage Status;Y;Lives Saved;3
2955,637,evacuee,outFOL,Evacuee 51 in triage category Y is not assigned a helicopter
2955,637,evacuee,,Evacuee;51;in triage state;Y;is at the FOL
2955,1000,evacuee,outFOL,Evacuee 52 in triage category Y is not assigned a helicopter
2955,1000,evacuee,,Evacuee;52;in triage state;Y;is at the FOL
2955,1030,evacuee,outFOL,Evacuee 53 in triage category Y is not assigned a helicopter
2955,1030,evacuee,,Evacuee;53;in triage state;Y;is at the FOL
2955,226,FOL,,;EvacueeID;51;Triage Status;Y;EvacueeID;52;Triage Status;Y;EvacueeID;53;Triage Status;Y;Lives Saved;3
2970,1170,helicopter,,Helicopter;1;Is going to the evacuation site;;and has;0;spots taken
2982.16,3,evacueeManager,,OFF SHIP: White;39;Green;1;Yellow;422;Red;0;Black;25;ON SHIP: White;0;Green;0;Yellow;0;Red;0;Evacuees to Transfer;
2982.16,787,evacuee,outES,Evacuee 18 in triage category W is not assigned a helicopter
2982.16,787,evacuee,,Evacuee;18;in triage state;G;is at the evacuation site
2985,5,helicopterQueue,,1;Helos are waiting to land;HeloID;3
2985,108,helicopter,outES,Helicopter 3 is evacuating people3
2985,108,helicopter,,Helicopter;3;is waiting to land at the evacuation site;;and has;0;spots taken
2985,4,helipadManager,,Helo;3;is at the ES
2985,5,helicopterQueue,outHM,Helicopter 3 is evacuating people3
2985,5,helicopterQueue,outHelo,Helicopter 3 is evacuating people3
2985,5,helicopterQueue,,;No helos are waiting to land
2985,107,filterES,,Helicopter;3;is evacuating people
2985,1129,filterES,,
2985,1169,filterES,,
2985,107,filterES,out,Helicopter 3 is evacuating people3
2985,107,filterES,,
2985,108,helicopter,,Helicopter;3;is waiting to land at the evacuation site;;and has;0;spots taken
2985,108,helicopter,,Helicopter;3;is loading people at the evacuation site;;and has;0;spots taken
2990.88,3,evacueeManager,,OFF SHIP: White;38;Green;2;Yellow;422;Red;0;Black;25;ON SHIP: White;0;Green;0;Yellow;0;Red;0;Evacuees to Transfer;
2990.88,1166,evacuee,outES,Evacuee 45 in triage category W is not assigned a helicopter
2990.88,1166,evacuee,,Evacuee;45;in triage state;G;is at the evacuation site
3000,2,coastGuardShip,out,0
3000,2,coastGuardShip,,The ship has arrived and is loading evacuees.
3000,3,evacueeManager,,OFF SHIP: White;0;Green;0;Yellow;416;Red;0;Black;25;ON SHIP: White;38;Green;2;Yellow;3;Red;0;Evacuees to Transfer;;EvacueeID;18;HeloID;-1;OnShip;1;Triage Status;G;EvacueeID;45;HeloID;-1;OnShip;1;Triage Status;G;EvacueeID;11;HeloID;-1;OnShip;1;Triage Status;W;EvacueeID;12;HeloID;-1;OnShip;1;Triage Status;W;EvacueeID;13;HeloID;-1;OnShip;1;Triage Status;W;EvacueeID;14;HeloID;-1;OnShip;1;Triage Status;W;EvacueeID;15;HeloID;-1;OnShip;1;Triage Status;W;EvacueeID;16;HeloID;-1;OnShip;1;Triage Status;W;EvacueeID;17;HeloID;-1;OnShip;1;Triage Status;W;EvacueeID;19;HeloID;-1;OnShip;1;Triage Status;W;EvacueeID;20;HeloID;-1;OnShip;1;Triage Status;W;EvacueeID;21;HeloID;-1;OnShip;1;Triage Status;W;EvacueeID;22;HeloID;-1;OnShip;1;Triage Status;W;EvacueeID;23;HeloID;-1;OnShip;1;Triage Status;W;EvacueeID;24;HeloID;-1;OnShip;1;Triage Status;W;EvacueeID;25;HeloID;-1;OnShip;1;Triage Status;W;EvacueeID;26;HeloID;-1;OnShip;1;Triage Status;W;EvacueeID;27;HeloID;-1;OnShip;1;Triage Status;W;EvacueeID;28;HeloID;-1;OnShip;1;Triage Status;W;EvacueeID;29;HeloID;-1;OnShip;1;Triage Status;W;EvacueeID;30;HeloID;-1;OnShip;1;Triage Status;W;EvacueeID;31;HeloID;-1;OnShip;1;Triage Status;W;EvacueeID;32;HeloID;-1;OnShip;1;Triage Status;W;EvacueeID;33;HeloID;-1;OnShip;1;Triage Status;W;EvacueeID;34;HeloID;-1;OnShip;1;Triage Status;W;EvacueeID;35;HeloID;-1;OnShip;1;Triage Status;W;EvacueeID;36;HeloID;-1;OnShip;1;Triage Status;W;EvacueeID;37;HeloID;-1;OnShip;1;Triage Status;W;EvacueeID;38;HeloID;-1;OnShip;1;Triage Status;W;EvacueeID;39;HeloID;-1;OnShip;1;Triage Status;W;EvacueeID;40;HeloID;-1;OnShip;1;Triage Status;W;EvacueeID;41;HeloID;-1;OnShip;1;Triage Status;W;EvacueeID;42;HeloID;-1;OnShip;1;Triage Status;W;EvacueeID;43;HeloID;-1;OnShip;1;Triage Status;W;EvacueeID;44;HeloID;-1;OnShip;1;Triage Status;W;EvacueeID;46;HeloID;-1;OnShip;1;Triage Status;W;EvacueeID;47;HeloID;-1;OnShip;1;Triage Status;W;EvacueeID;48;HeloID;-1;OnShip;1;Triage Status;W;EvacueeID;49;HeloID;-1;OnShip;1;Triage Status;W;EvacueeID;50;HeloID;-1;OnShip;1;Triage Status;W;EvacueeID;54;HeloID;-1;OnShip;1;Triage Status;Y;EvacueeID;55;HeloID;-1;OnShip;1;Triage Status;Y;EvacueeID;56;HeloID;-1;OnShip;1;Triage Status;Y;EvacueeID;57;HeloID;3;OnShip;0;Triage Status;Y;EvacueeID;58;HeloID;3;OnShip;0;Triage Status;Y;EvacueeID;59;HeloID;3;OnShip;0;Triage Status;Y
3000,4,helipadManager,outEM,Helicopter 3 is evacuating people3
3000,4,helipadManager,outHelo,Helicopter 3 is evacuating people3
3000,4,helipadManager,,;No helos are at ES
3000,107,filterES,,Helicopter;3;is evacuating people
3000,1129,filterES,,
3000,1169,filterES,,
3000,3,evacueeManager,outEvac,Evacuee 18 in triage category G is told to board the coast guard ship
3000,3,evacueeManager,outEvac,Evacuee 45 in triage category G is told to board the coast guard ship
3000,3,evacueeManager,outEvac,Evacuee 11 in triage category W is told to board the coast guard ship
3000,3,evacueeManager,outEvac,Evacuee 12 in triage category W is told to board the coast guard ship
3000,3,evacueeManager,outEvac,Evacuee 13 in triage category W is told to board the coast guard ship
3000,3,evacueeManager,outEvac,Evacuee 14 in triage category W is told to board the coast guard ship
3000,3,evacueeManager,outEvac,Evacuee 15 in triage category W is told to board the coast guard ship
3000,3,evacueeManager,outEvac,Evacuee 16 in triage category W is told to board the coast guard ship
3000,3,evacueeManager,outEvac,Evacuee 17 in triage category W is told to board the coast guard ship
3000,3,evacueeManager,outEvac,Evacuee 19 in triage category W is told to board the coast guard ship
3000,3,evacueeManager,outEvac,Evacuee 20 in triage category W is told to board the coast guard ship
3000,3,evacueeManager,outEvac,Evacuee 21 in triage category W is told to board the coast guard ship
3000,3,evacueeManager,outEvac,Evacuee 22 in triage category W is told to board the coast guard ship
3000,3,evacueeManager,outEvac,Evacuee 23 in triage category W is told to board the coast guard ship
3000,3,evacueeManager,outEvac,Evacuee 24 in triage category W is told to board the coast guard ship
3000,3,evacueeManager,outEvac,Evacuee 25 in triage category W is told to board the coast guard ship
3000,3,evacueeManager,outEvac,Evacuee 26 in triage category W is told to board the coast guard ship
3000,3,evacueeManager,outEvac,Evacuee 27 in triage category W is told to board the coast guard ship
3000,3,evacueeManager,outEvac,Evacuee 28 in triage category W is told to board the coast guard ship
3000,3,evacueeManager,outEvac,Evacuee 29 in triage category W is told to board the coast guard ship
3000,3,evacueeManager,outEvac,Evacuee 30 in triage category W is told to board the coast guard ship
3000,3,evacueeManager,outEvac,Evacuee 31 in triage category W is told to board the coast guard ship
3000,3,evacueeManager,outEvac,Evacuee 32 in triage category W is told to board the coast guard ship
3000,3,evacueeManager,outEvac,Evacuee 33 in triage category W is told to board the coast guard ship
3000,3,evacueeManager,outEvac,Evacuee 34 in triage category W is told to board the coast guard ship
3000,3,evacueeManager,outEvac,Evacuee 35 in triage category W is told to board the coast guard ship
3000,3,evacueeManager,outEvac,Evacuee 36 in triage category W is told to board the coast guard ship
3000,3,evacueeManager,outEvac,Evacuee 37 in triage category W is told to board the coast guard ship
3000,3,evacueeManager,outEvac,Evacuee 38 in triage category W is told to board the coast guard ship
3000,3,evacueeManager,outEvac,Evacuee 39 in triage category W is told to board the coast guard ship
3000,3,evacueeManager,outEvac,Evacuee 40 in triage category W is told to board the coast guard ship
3000,3,evacueeManager,outEvac,Evacuee 41 in triage category W is told to board the coast guard ship
3000,3,evacueeManager,outEvac,Evacuee 42 in triage category W is told to board the coast guard ship
3000,3,evacueeManager,outEvac,Evacuee 43 in triage category W is told to board the coast guard ship
3000,3,evacueeManager,outEvac,Evacuee 44 in triage category W is told to board the coast guard ship
3000,3,evacueeManager,outEvac,Evacuee 46 in triage category W is told to board the coast guard ship
3000,3,evacueeManager,outEvac,Evacuee 47 in triage category W is told to board the coast guard ship
3000,3,evacueeManager,outEvac,Evacuee 48 in triage category W is told to board the coast guard ship
3000,3,evacueeManager,outEvac,Evacuee 49 in triage category W is told to board the coast guard ship
3000,3,evacueeManager,outEvac,Evacuee 50 in triage category W is told to board the coast guard ship
3000,3,evacueeManager,outEvac,Evacuee 54 in triage category Y is told to board the coast guard ship
3000,3,evacueeManager,outEvac,Evacuee 55 in triage category Y is told to board the coast guard ship
3000,3,evacueeManager,outEvac,Evacuee 56 in triage category Y is told to board the coast guard ship
3000,3,evacueeManager,outEvac,Evacuee 57 in triage category Y is assigned helicopter 3
3000,3,evacueeManager,outEvac,Evacuee 58 in triage category Y is assigned helicopter 3
3000,3,evacueeManager,outEvac,Evacuee 59 in triage category Y is assigned helicopter 3
3000,3,evacueeManager,,OFF SHIP: White;0;Green;0;Yellow;416;Red;0;Black;25;ON SHIP: White;38;Green;2;Yellow;3;Red;0;Evacuees to Transfer;
3000,4,helipadManager,outHQ,0
3000,4,helipadManager,,;No helos are at ES
3000,5,helicopterQueue,,;No helos are waiting to land
3000,7,filterLoc,,
3000,10,filterLoc,,
3000,13,filterLoc,,
3000,16,filterLoc,,
3000,19,filterLoc,,
3000,22,filterLoc,,
3000,25,filterLoc,,
3000,28,filterLoc,,
3000,31,filterLoc,,
3000,34,filterLoc,,
3000,37,filterLoc,,
3000,40,filterLoc,,
3000,43,filterLoc,,
3000,46,filterLoc,,
3000,49,filterLoc,,
3000,52,filterLoc,,
3000,55,filterLoc,,
3000,58,filterLoc,,
3000,61,filterLoc,,
3000,64,filterLoc,,
3000,67,filterLoc,,
3000,70,filterLoc,,
3000,73,filterLoc,,
3000,76,filterLoc,,
3000,79,filterLoc,,
3000,82,filterLoc,,
3000,85,filterLoc,,
3000,88,filterLoc,,
3000,91,filterLoc,,
3000,94,filterLoc,,
3000,97,filterLoc,,
3000,100,filterLoc,,
3000,103,filterLoc,,
3000,107,filterES,out,Helicopter 3 is evacuating people3
3000,107,filterES,,
3000,108,helicopter,,Helicopter;3;is loading people at the evacuation site;;and has;0;spots taken
3000,110,filterLoc,,
3000,113,filterLoc,,
3000,116,filterLoc,,
3000,119,filterLoc,,
3000,122,filterLoc,,
3000,125,filterLoc,,
3000,128,filterLoc,,
3000,131,filterLoc,,
3000,134,filterLoc,,
3000,137,filterLoc,,
3000,140,filterLoc,,
3000,143,filterLoc,,
3000,146,filterLoc,,
3000,149,filterLoc,,
3000,152,filterLoc,,
3000,155,filterLoc,,
3000,158,filterLoc,,
3000,161,filterLoc,,
3000,164,filterLoc,,
3000,167,filterLoc,,
3000,170,filterLoc,,
3000,173,filterLoc,,
3000,176,filterLoc,,
3000,179,filterLoc,,
3000,182,filterLoc,,
3000,185,filterLoc,,
3000,188,filterLoc,,
3000,191,filterLoc,,
3000,194,filterLoc,,
3000,197,filterLoc,,
3000,200,filterLoc,,
3000,203,filterLoc,,
3000,206,filterLoc,,
3000,209,filterLoc,,
3000,212,filterLoc,,
3000,215,filterLoc,,
3000,218,filterLoc,,
3000,221,filterLoc,,
3000,224,filterLoc,,
3000,228,filterLoc,,
3000,231,filterLoc,,
3000,234,filterLoc,,
3000,237,filterLoc,,
3000,240,filterLoc,,
3000,243,filterLoc,,
3000,246,filterLoc,,
3000,249,filterLoc,,
3000,252,filterLoc,,
3000,255,filterLoc,,
3000,258,filterLoc,,
3000,261,filterLoc,,
3000,264,filterLoc,,
3000,267,filterLoc,,
3000,270,filterLoc,,
3000,273,filterLoc,,
3000,276,filterLoc,,
3000,279,filterLoc,,
3000,282,filterLoc,,
3000,285,filterLoc,,
3000,288,filterLoc,,
3000,291,filterLoc,,
3000,294,filterLoc,,
3000,297,filterLoc,,
3000,300,filterLoc,,
3000,303,filterLoc,,
3000,306,filterLoc,,
3000,309,filterLoc,,
3000,312,filterLoc,,
3000,315,filterLoc,,
3000,318,filterLoc,,
3000,321,filterLoc,,
3000,324,filterLoc,,
3000,327,filterLoc,,
3000,330,filterLoc,,
3000,333,filterLoc,,
3000,336,filterLoc,,
3000,339,filterLoc,,
3000,342,filterLoc,,
3000,345,filterLoc,,
3000,348,filterLoc,,
3000,351,filterLoc,,
3000,354,filterLoc,,
3000,357,filterLoc,,
3000,360,filterLoc,,
3000,363,filterLoc,,
3000,366,filterLoc,,
3000,369,filterLoc,,
3000,372,filterLoc,,
3000,375,filterLoc,,
3000,378,filterLoc,,
3000,381,filterLoc,,
3000,384,filterLoc,,
3000,387,filterLoc,,
3000,390,filterLoc,,
3000,393,filterLoc,,
3000,396,filterLoc,,
3000,399,filterLoc,,
3000,402,filterLoc,,
3000,405,filterLoc,,
3000,408,filterLoc,,
3000,411,filterLoc,,
3000,414,filterLoc,,
3000,417,filterLoc,,
3000,420,filterLoc,,
3000,423,filterLoc,,
3000,426,filterLoc,,
3000,429,filterLoc,,
3000,432,filterLoc,,
3000,435,filterLoc,,
3000,438,filterLoc,,
3000,441,filterLoc,,
3000,444,filterLoc,,
3000,447,filterLoc,,
3000,450,filterLoc,,
3000,453,filterLoc,,
3000,456,filterLoc,,
3000,459,filterLoc,,
3000,462,filterLoc,,
3000,465,filterLoc,,
3000,468,filterLoc,,
3000,471,filterLoc,,
3000,474,filterLoc,,
3000,477,filterLoc,,
3000,480,filterLoc,,
3000,483,filterLoc,,
3000,486,filterLoc,,
3000,489,filterLoc,,
3000,492,filterLoc,,
3000,495,filterLoc,,
3000,498,filterLoc,,
3000,501,filterLoc,,
3000,504,filterLoc,,
3000,507,filterLoc,,
3000,510,filterLoc,,
3000,513,filterLoc,,
3000,516,filterLoc,,
3000,519,filterLoc,,
3000,522,filterLoc,,
3000,525,filterLoc,,
3000,528,filterLoc,,
3000,531,filterLoc,,
3000,534,filterLoc,,
3000,537,filterLoc,,
3000,540,filterLoc,,
3000,543,filterLoc,,
3000,546,filterLoc,,
3000,549,filterLoc,,
3000,552,filterLoc,,
3000,555,filterLoc,,
3000,558,filterLoc,,
3000,561,filterLoc,,
3000,564,filterLoc,,
3000,567,filterLoc,,;Evacuee;39;in triage category;W;is entering the coast guard ship 
3000,570,filterLoc,,
3000,573,filterLoc,,
3000,576,filterLoc,,
3000,579,filterLoc,,
3000,582,filterLoc,,
3000,585,filterLoc,,
3000,588,filterLoc,,
3000,591,filterLoc,,
3000,594,filterLoc,,
3000,597,filterLoc,,
3000,600,filterLoc,,
3000,603,filterLoc,,
3000,606,filterLoc,,
3000,609,filterLoc,,
3000,612,filterLoc,,
3000,615,filterLoc,,
3000,618,filterLoc,,
3000,621,filterLoc,,
3000,624,filterLoc,,;Evacuee;49;in triage category;W;is entering the coast guard ship 
3000,627,filterLoc,,
3000,630,filterLoc,,
3000,633,filterLoc,,
3000,636,filterLoc,,
3000,639,filterLoc,,
3000,642,filterLoc,,
3000,645,filterLoc,,
3000,648,filterLoc,,
3000,651,filterLoc,,
3000,654,filterLoc,,
3000,657,filterLoc,,
3000,660,filterLoc,,
3000,663,filterLoc,,
3000,666,filterLoc,,
3000,669,filterLoc,,
3000,672,filterLoc,,
3000,675,filterLoc,,
3000,678,filterLoc,,
3000,681,filterLoc,,
3000,684,filterLoc,,
3000,687,filterLoc,,
3000,690,filterLoc,,
3000,693,filterLoc,,
3000,696,filterLoc,,
3000,699,filterLoc,,
3000,702,filterLoc,,
3000,705,filterLoc,,
3000,708,filterLoc,,
3000,711,filterLoc,,
3000,714,filterLoc,,
3000,717,filterLoc,,
3000,720,filterLoc,,
3000,723,filterLoc,,
3000,726,filterLoc,,
3000,729,filterLoc,,;Evacuee;15;in triage category;W;is entering the coast guard ship 
3000,732,filterLoc,,
3000,735,filterLoc,,;Evacuee;17;in triage category;W;is entering the coast guard ship 
3000,738,filterLoc,,
3000,741,filterLoc,,
3000,744,filterLoc,,
3000,747,filterLoc,,;Evacuee;14;in triage category;W;is entering the coast guard ship 
3000,750,filterLoc,,
3000,753,filterLoc,,
3000,756,filterLoc,,
3000,759,filterLoc,,
3000,762,filterLoc,,
3000,765,filterLoc,,
3000,768,filterLoc,,
3000,771,filterLoc,,
3000,774,filterLoc,,
3000,777,filterLoc,,;Evacuee;23;in triage category;W;is entering the coast guard ship 
3000,780,filterLoc,,
3000,783,filterLoc,,
3000,786,filterLoc,,;Evacuee;18;in triage category;G;is entering the coast guard ship 
3000,789,filterLoc,,
3000,792,filterLoc,,
3000,795,filterLoc,,
3000,798,filterLoc,,
3000,801,filterLoc,,
3000,804,filterLoc,,
3000,807,filterLoc,,
3000,810,filterLoc,,
3000,813,filterLoc,,
3000,816,filterLoc,,
3000,819,filterLoc,,
3000,822,filterLoc,,
3000,825,filterLoc,,
3000,828,filterLoc,,;Evacuee;31;in triage category;W;is entering the coast guard ship 
3000,831,filterLoc,,;Evacuee;38;in triage category;W;is entering the coast guard ship 
3000,834,filterLoc,,
3000,837,filterLoc,,;Evacuee;33;in triage category;W;is entering the coast guard ship 
3000,840,filterLoc,,
3000,843,filterLoc,,
3000,846,filterLoc,,;Evacuee;25;in triage category;W;is entering the coast guard ship 
3000,849,filterLoc,,
3000,852,filterLoc,,
3000,855,filterLoc,,
3000,858,filterLoc,,
3000,861,filterLoc,,
3000,864,filterLoc,,
3000,867,filterLoc,,
3000,870,filterLoc,,
3000,873,filterLoc,,
3000,876,filterLoc,,
3000,879,filterLoc,,
3000,882,filterLoc,,
3000,885,filterLoc,,
3000,888,filterLoc,,
3000,891,filterLoc,,;Evacuee;29;in triage category;W;is entering the coast guard ship 
3000,894,filterLoc,,
3000,897,filterLoc,,
3000,900,filterLoc,,
3000,903,filterLoc,,
3000,906,filterLoc,,
3000,909,filterLoc,,
3000,912,filterLoc,,
3000,915,filterLoc,,
3000,918,filterLoc,,;Evacuee;40;in triage category;W;is entering the coast guard ship 
3000,921,filterLoc,,
3000,924,filterLoc,,
3000,927,filterLoc,,
3000,930,filterLoc,,
3000,933,filterLoc,,
3000,936,filterLoc,,
3000,939,filterLoc,,
3000,942,filterLoc,,
3000,945,filterLoc,,;Evacuee;54;in triage category;Y;is entering the coast guard ship 
3000,948,filterLoc,,;Evacuee;22;in triage category;W;is entering the coast guard ship 
3000,951,filterLoc,,
3000,954,filterLoc,,;Evacuee;44;in triage category;W;is entering the coast guard ship 
3000,957,filterLoc,,
3000,960,filterLoc,,
3000,963,filterLoc,,;Evacuee;26;in triage category;W;is entering the coast guard ship 
3000,966,filterLoc,,
3000,969,filterLoc,,
3000,972,filterLoc,,
3000,975,filterLoc,,
3000,978,filterLoc,,;Evacuee;37;in triage category;W;is entering the coast guard ship 
3000,981,filterLoc,,
3000,984,filterLoc,,
3000,987,filterLoc,,
3000,990,filterLoc,,
3000,993,filterLoc,,
3000,996,filterLoc,,
3000,999,filterLoc,,
3000,1002,filterLoc,,;Evacuee;41;in triage category;W;is entering the coast guard ship 
3000,1005,filterLoc,,
3000,1008,filterLoc,,
3000,1011,filterLoc,,
3000,1014,filterLoc,,
3000,1017,filterLoc,,;Evacuee;21;in triage category;W;is entering the coast guard ship 
3000,1020,filterLoc,,
3000,1023,filterLoc,,
3000,1026,filterLoc,,;Evacuee;46;in triage category;W;is entering the coast guard ship 
3000,1029,filterLoc,,
3000,1032,filterLoc,,;Evacuee;13;in triage category;W;is entering the coast guard ship 
3000,1035,filterLoc,,;Evacuee;24;in triage category;W;is entering the coast guard ship 
3000,1038,filterLoc,,;Evacuee;32;in triage category;W;is entering the coast guard ship 
3000,1041,filterLoc,,;Evacuee;34;in triage category;W;is entering the coast guard ship 
3000,1044,filterLoc,,
3000,1047,filterLoc,,
3000,1050,filterLoc,,
3000,1053,filterLoc,,
3000,1056,filterLoc,,;Evacuee;20;in triage category;W;is entering the coast guard ship 
3000,1059,filterLoc,,;Evacuee;35;in triage category;W;is entering the coast guard ship 
3000,1062,filterLoc,,
3000,1065,filterLoc,,;Evacuee;36;in triage category;W;is entering the coast guard ship 
3000,1068,filterLoc,,
3000,1071,filterLoc,,
3000,1074,filterLoc,,;Evacuee;42;in triage category;W;is entering the coast guard ship 
3000,1077,filterLoc,,
3000,1080,filterLoc,,;Evacuee;43;in triage category;W;is entering the coast guard ship 
3000,1083,filterLoc,,;Evacuee;30;in triage category;W;is entering the coast guard ship 
3000,1086,filterLoc,,
3000,1089,filterLoc,,
3000,1092,filterLoc,,
3000,1095,filterLoc,,
3000,1098,filterLoc,,
3000,1101,filterLoc,,;Evacuee;55;in triage category;Y;is entering the coast guard ship 
3000,1104,filterLoc,,;Evacuee;48;in triage category;W;is entering the coast guard ship 
3000,1107,filterLoc,,
3000,1110,filterLoc,,;Evacuee;50;in triage category;W;is entering the coast guard ship 
3000,1113,filterLoc,,;Evacuee;19;in triage category;W;is entering the coast guard ship 
3000,1116,filterLoc,,
3000,1119,filterLoc,,
3000,1122,filterLoc,,
3000,1125,filterLoc,,
3000,1132,filterLoc,,
3000,1135,filterLoc,,
3000,1138,filterLoc,,
3000,1141,filterLoc,,;Evacuee;47;in triage category;W;is entering the coast guard ship 
3000,1144,filterLoc,,;Evacuee;56;in triage category;Y;is entering the coast guard ship 
3000,1147,filterLoc,,
3000,1150,filterLoc,,
3000,1153,filterLoc,,
3000,1156,filterLoc,,;Evacuee;57;in triage category;Y;is entering helicopter;3
3000,1159,filterLoc,,
3000,1162,filterLoc,,
3000,1165,filterLoc,,;Evacuee;45;in triage category;G;is entering the coast guard ship 
3000,1172,filterLoc,,
3000,1175,filterLoc,,
3000,1178,filterLoc,,
3000,1181,filterLoc,,
3000,1184,filterLoc,,
3000,1187,filterLoc,,
3000,1190,filterLoc,,
3000,1193,filterLoc,,
3000,1196,filterLoc,,
3000,1199,filterLoc,,
3000,1202,filterLoc,,
3000,1205,filterLoc,,
3000,1208,filterLoc,,
3000,1211,filterLoc,,
3000,1214,filterLoc,,
3000,1217,filterLoc,,
3000,1220,filterLoc,,
3000,1223,filterLoc,,
3000,1226,filterLoc,,
3000,1229,filterLoc,,
3000,1232,filterLoc,,
3000,1235,filterLoc,,
3000,1238,filterLoc,,
3000,1241,filterLoc,,
3000,1244,filterLoc,,
3000,1247,filterLoc,,;Evacuee;28;in triage category;W;is entering the coast guard ship 
3000,1250,filterLoc,,
3000,1253,filterLoc,,
3000,1256,filterLoc,,
3000,1259,filterLoc,,
3000,1262,filterLoc,,
3000,1265,filterLoc,,;Evacuee;16;in triage category;W;is entering the coast guard ship 
3000,1268,filterLoc,,
3000,1271,filterLoc,,
3000,1274,filterLoc,,
3000,1277,filterLoc,,
3000,1280,filterLoc,,
3000,1283,filterLoc,,
3000,1286,filterLoc,,
3000,1289,filterLoc,,
3000,1292,filterLoc,,
3000,1295,filterLoc,,
3000,1298,filterLoc,,
3000,1301,filterLoc,,
3000,1304,filterLoc,,
3000,1307,filterLoc,,
3000,1310,filterLoc,,
3000,1313,filterLoc,,;Evacuee;58;in triage category;Y;is entering helicopter;3
3000,1316,filterLoc,,
3000,1319,filterLoc,,
3000,1322,filterLoc,,
3000,1325,filterLoc,,
3000,1328,filterLoc,,
3000,1331,filterLoc,,
3000,1334,filterLoc,,
3000,1337,filterLoc,,
3000,1340,filterLoc,,
3000,1343,filterLoc,,
3000,1346,filterLoc,,
3000,1349,filterLoc,,
3000,1352,filterLoc,,
3000,1355,filterLoc,,
3000,1358,filterLoc,,
3000,1361,filterLoc,,
3000,1364,filterLoc,,
3000,1367,filterLoc,,
3000,1370,filterLoc,,
3000,1373,filterLoc,,
3000,1376,filterLoc,,
3000,1379,filterLoc,,;Evacuee;11;in triage category;W;is entering the coast guard ship 
3000,1382,filterLoc,,
3000,1385,filterLoc,,
3000,1388,filterLoc,,
3000,1391,filterLoc,,
3000,1394,filterLoc,,
3000,1397,filterLoc,,
3000,1400,filterLoc,,
3000,1403,filterLoc,,
3000,1406,filterLoc,,
3000,1409,filterLoc,,
3000,1412,filterLoc,,
3000,1415,filterLoc,,
3000,1418,filterLoc,,;Evacuee;27;in triage category;W;is entering the coast guard ship 
3000,1421,filterLoc,,
3000,1424,filterLoc,,
3000,1427,filterLoc,,
3000,1430,filterLoc,,;Evacuee;12;in triage category;W;is entering the coast guard ship 
3000,1433,filterLoc,,
3000,1436,filterLoc,,
3000,1439,filterLoc,,
3000,1442,filterLoc,,
3000,1445,filterLoc,,
3000,1448,filterLoc,,
3000,1451,filterLoc,,
3000,1454,filterLoc,,
3000,1457,filterLoc,,
3000,1460,filterLoc,,
3000,1463,filterLoc,,
3000,1466,filterLoc,,
3000,1469,filterLoc,,
3000,1472,filterLoc,,
3000,1475,filterLoc,,
3000,1478,filterLoc,,
3000,1481,filterLoc,,
3000,1484,filterLoc,,
3000,1487,filterLoc,,
3000,1490,filterLoc,,
3000,1493,filterLoc,,
3000,1496,filterLoc,,
3000,1499,filterLoc,,
3000,1502,filterLoc,,;Evacuee;59;in triage category;Y;is entering helicopter;3
3000,1505,filterLoc,,
3000,1508,filterLoc,,
3000,1511,filterLoc,,
3000,1514,filterLoc,,
3000,1517,filterLoc,,
3000,5,helicopterQueue,,;No helos are waiting to land
3000,108,helicopter,,Helicopter;3;is returning to the FOL;;and has;0;spots taken
3000,567,filterLoc,out,Evacuee 39 in triage category W is told to board the coast guard ship
3000,567,filterLoc,,
3000,568,evacuee,,Evacuee;39;in triage state;W;is on board the Coast Guard Ship
3000,624,filterLoc,out,Evacuee 49 in triage category W is told to board the coast guard ship
3000,624,filterLoc,,
3000,625,evacuee,,Evacuee;49;in triage state;W;is on board the Coast Guard Ship
3000,729,filterLoc,out,Evacuee 15 in triage category W is told to board the coast guard ship
3000,729,filterLoc,,
3000,730,evacuee,,Evacuee;15;in triage state;W;is on board the Coast Guard Ship
3000,735,filterLoc,out,Evacuee 17 in triage category W is told to board the coast guard ship
3000,735,filterLoc,,
3000,736,evacuee,,Evacuee;17;in triage state;W;is on board the Coast Guard Ship
3000,747,filterLoc,out,Evacuee 14 in triage category W is told to board the coast guard ship
3000,747,filterLoc,,
3000,748,evacuee,,Evacuee;14;in triage state;W;is on board the Coast Guard Ship
3000,777,filterLoc,out,Evacuee 23 in triage category W is told to board the coast guard ship
3000,777,filterLoc,,
3000,778,evacuee,,Evacuee;23;in triage state;W;is on board the Coast Guard Ship
3000,786,filterLoc,out,Evacuee 18 in triage category G is told to board the coast guard ship
3000,786,filterLoc,,
3000,787,evacuee,,Evacuee;18;in triage state;G;is on board the Coast Guard Ship
3000,828,filterLoc,out,Evacuee 31 in triage category W is told to board the coast guard ship
3000,828,filterLoc,,
3000,829,evacuee,,Evacuee;31;in triage state;W;is on board the Coast Guard Ship
3000,831,filterLoc,out,Evacuee 38 in triage category W is told to board the coast guard ship
3000,831,filterLoc,,
3000,832,evacuee,,Evacuee;38;in triage state;W;is on board the Coast Guard Ship
3000,837,filterLoc,out,Evacuee 33 in triage category W is told to board the coast guard ship
3000,837,filterLoc,,
3000,838,evacuee,,Evacuee;33;in triage state;W;is on board the Coast Guard Ship
3000,846,filterLoc,out,Evacuee 25 in triage category W is told to board the coast guard ship
3000,846,filterLoc,,
3000,847,evacuee,,Evacuee;25;in triage state;W;is on board the Coast Guard Ship
3000,891,filterLoc,out,Evacuee 29 in triage category W is told to board the coast guard ship
3000,891,filterLoc,,
3000,892,evacuee,,Evacuee;29;in triage state;W;is on board the Coast Guard Ship
3000,918,filterLoc,out,Evacuee 40 in triage category W is told to board the coast guard ship
3000,918,filterLoc,,
3000,919,evacuee,,Evacuee;40;in triage state;W;is on board the Coast Guard Ship
3000,945,filterLoc,out,Evacuee 54 in triage category Y is told to board the coast guard ship
3000,945,filterLoc,,
3000,946,evacuee,,Evacuee;54;in triage state;Y;is on board the Coast Guard Ship
3000,948,filterLoc,out,Evacuee 22 in triage category W is told to board the coast guard ship
3000,948,filterLoc,,
3000,949,evacuee,,Evacuee;22;in triage state;W;is on board the Coast Guard Ship
3000,954,filterLoc,out,Evacuee 44 in triage category W is told to board the coast guard ship
3000,954,filterLoc,,
3000,955,evacuee,,Evacuee;44;in triage state;W;is on board the Coast Guard Ship
3000,963,filterLoc,out,Evacuee 26 in triage category W is told to board the coast guard ship
3000,963,filterLoc,,
3000,964,evacuee,,Evacuee;26;in triage state;W;is on board the Coast Guard Ship
3000,978,filterLoc,out,Evacuee 37 in triage category W is told to board the coast guard ship
3000,978,filterLoc,,
3000,979,evacuee,,Evacuee;37;in triage state;W;is on board the Coast Guard Ship
3000,1002,filterLoc,out,Evacuee 41 in triage category W is told to board the coast guard ship
3000,1002,filterLoc,,
3000,1003,evacuee,,Evacuee;41;in triage state;W;is on board the Coast Guard Ship
3000,1017,filterLoc,out,Evacuee 21 in triage category W is told to board the coast guard ship
3000,1017,filterLoc,,
3000,1018,evacuee,,Evacuee;21;in triage state;W;is on board the Coast Guard Ship
3000,1026,filterLoc,out,Evacuee 46 in triage category W is told to board the coast guard ship
3000,1026,filterLoc,,
3000,1027,evacuee,,Evacuee;46;in triage state;W;is on board the Coast Guard Ship
3000,1032,filterLoc,out,Evacuee 13 in triage category W is told to board the coast guard ship
3000,1032,filterLoc,,
3000,1033,evacuee,,Evacuee;13;in triage state;W;is on board the Coast Guard Ship
3000,1035,filterLoc,out,Evacuee 24 in triage category W is told to board the coast guard ship
3000,1035,filterLoc,,
3000,1036,evacuee,,Evacuee;24;in triage state;W;is on board the Coast Guard Ship
3000,1038,filterLoc,out,Evacuee 32 in triage category W is told to board the coast guard ship
3000,1038,filterLoc,,
3000,1039,evacuee,,Evacuee;32;in triage state;W;is on board the Coast Guard Ship
3000,1041,filterLoc,out,Evacuee 34 in triage category W is told to board the coast guard ship
3000,1041,filterLoc,,
3000,1042,evacuee,,Evacuee;34;in triage state;W;is on board the Coast Guard Ship
3000,1056,filterLoc,out,Evacuee 20 in triage category W is told to board the coast guard ship
3000,1056,filterLoc,,
3000,1057,evacuee,,Evacuee;20;in triage state;W;is on board the Coast Guard Ship
3000,1059,filterLoc,out,Evacuee 35 in triage category W is told to board the coast guard ship
3000,1059,filterLoc,,
3000,1060,evacuee,,Evacuee;35;in triage state;W;is on board the Coast Guard Ship
3000,1065,filterLoc,out,Evacuee 36 in triage category W is told to board the coast guard ship
3000,1065,filterLoc,,
3000,1066,evacuee,,Evacuee;36;in triage state;W;is on board the Coast Guard Ship
3000,1074,filterLoc,out,Evacuee 42 in triage category W is told to board the coast guard ship
3000,1074,filterLoc,,
3000,1075,evacuee,,Evacuee;42;in triage state;W;is on board the Coast Guard Ship
3000,1080,filterLoc,out,Evacuee 43 in triage category W is told to board the coast guard ship
3000,1080,filterLoc,,
3000,1081,evacuee,,Evacuee;43;in triage state;W;is on board the Coast Guard Ship
3000,1083,filterLoc,out,Evacuee 30 in triage category W is told to board the coast guard ship
3000,1083,filterLoc,,
3000,1084,evacuee,,Evacuee;30;in triage state;W;is on board the Coast Guard Ship
3000,1101,filterLoc,out,Evacuee 55 in triage category Y is told to board the coast guard ship
3000,1101,filterLoc,,
3000,1102,evacuee,,Evacuee;55;in triage state;Y;is on board the Coast Guard Ship
3000,1104,filterLoc,out,Evacuee 48 in triage category W is told to board the coast guard ship
3000,1104,filterLoc,,
3000,1105,evacuee,,Evacuee;48;in triage state;W;is on board the Coast Guard Ship
3000,1110,filterLoc,out,Evacuee 50 in triage category W is told to board the coast guard ship
3000,1110,filterLoc,,
3000,1111,evacuee,,Evacuee;50;in triage state;W;is on board the Coast Guard Ship
3000,1113,filterLoc,out,Evacuee 19 in triage category W is told to board the coast guard ship
3000,1113,filterLoc,,
3000,1114,evacuee,,Evacuee;19;in triage state;W;is on board the Coast Guard Ship
3000,1141,filterLoc,out,Evacuee 47 in triage category W is told to board the coast guard ship
3000,1141,filterLoc,,
3000,1142,evacuee,,Evacuee;47;in triage state;W;is on board the Coast Guard Ship
3000,1144,filterLoc,out,Evacuee 56 in triage category Y is told to board the coast guard ship
3000,1144,filterLoc,,
3000,1145,evacuee,,Evacuee;56;in triage state;Y;is on board the Coast Guard Ship
3000,1156,filterLoc,out,Evacuee 57 in triage category Y is assigned helicopter 3
3000,1156,filterLoc,,
3000,1157,evacuee,,Evacuee;57;in triage state;Y;is entering helicopter;3
3000,1165,filterLoc,out,Evacuee 45 in triage category G is told to board the coast guard ship
3000,1165,filterLoc,,
3000,1166,evacuee,,Evacuee;45;in triage state;G;is on board the Coast Guard Ship
3000,1247,filterLoc,out,Evacuee 28 in triage category W is told to board the coast guard ship
3000,1247,filterLoc,,
3000,1248,evacuee,,Evacuee;28;in triage state;W;is on board the Coast Guard Ship
3000,1265,filterLoc,out,Evacuee 16 in triage category W is told to board the coast guard ship
3000,1265,filterLoc,,
3000,1266,evacuee,,Evacuee;16;in triage state;W;is on board the Coast Guard Ship
3000,1313,filterLoc,out,Evacuee 58 in triage category Y is assigned helicopter 3
3000,1313,filterLoc,,
3000,1314,evacuee,,Evacuee;58;in triage state;Y;is entering helicopter;3
3000,1379,filterLoc,out,Evacuee 11 in triage category W is told to board the coast guard ship
3000,1379,filterLoc,,
3000,1380,evacuee,,Evacuee;11;in triage state;W;is on board the Coast Guard Ship
3000,1418,filterLoc,out,Evacuee 27 in triage category W is told to board the coast guard ship
3000,1418,filterLoc,,
3000,1419,evacuee,,Evacuee;27;in triage state;W;is on board the Coast Guard Ship
3000,1430,filterLoc,out,Evacuee 12 in triage category W is told to board the coast guard ship
3000,1430,filterLoc,,
3000,1431,evacuee,,Evacuee;12;in triage state;W;is on board the Coast Guard Ship
3000,1502,filterLoc,out,Evacuee 59 in triage category Y is assigned helicopter 3
3000,1502,filterLoc,,
3000,1503,evacuee,,Evacuee;59;in triage state;Y;is entering helicopter;3
3000,106,filterEvac,,;Evacuee;57;in triage category;Y;is entering helicopter;3;Evacuee;58;in triage category;Y;is entering helicopter;3;Evacuee;59;in triage category;Y;is entering helicopter;3
3000,568,evacuee,,Evacuee;39;in triage state;W;is on board the Coast Guard Ship
3000,625,evacuee,,Evacuee;49;in triage state;W;is on board the Coast Guard Ship
3000,730,evacuee,,Evacuee;15;in triage state;W;is on board the Coast Guard Ship
3000,736,evacuee,,Evacuee;17;in triage state;W;is on board the Coast Guard Ship
3000,748,evacuee,,Evacuee;14;in triage state;W;is on board the Coast Guard Ship
3000,778,evacuee,,Evacuee;23;in triage state;W;is on board the Coast Guard Ship
3000,787,evacuee,,Evacuee;18;in triage state;G;is on board the Coast Guard Ship
3000,829,evacuee,,Evacuee;31;in triage state;W;is on board the Coast Guard Ship
3000,832,evacuee,,Evacuee;38;in triage state;W;is on board the Coast Guard Ship
3000,838,evacuee,,Evacuee;33;in triage state;W;is on board the Coast Guard Ship
3000,847,evacuee,,Evacuee;25;in triage state;W;is on board the Coast Guard Ship
3000,892,evacuee,,Evacuee;29;in triage state;W;is on board the Coast Guard Ship
3000,919,evacuee,,Evacuee;40;in triage state;W;is on board the Coast Guard Ship
3000,946,evacuee,,Evacuee;54;in triage state;Y;is on board the Coast Guard Ship
3000,949,evacuee,,Evacuee;22;in triage state;W;is on board the Coast Guard Ship
3000,955,evacuee,,Evacuee;44;in triage state;W;is on board the Coast Guard Ship
3000,964,evacuee,,Evacuee;26;in triage state;W;is on board the Coast Guard Ship
3000,979,evacuee,,Evacuee;37;in triage state;W;is on board the Coast Guard Ship
3000,1003,evacuee,,Evacuee;41;in triage state;W;is on board the Coast Guard Ship
3000,1018,evacuee,,Evacuee;21;in triage state;W;is on board the Coast Guard Ship
3000,1027,evacuee,,Evacuee;46;in triage state;W;is on board the Coast Guard Ship
3000,1033,evacuee,,Evacuee;13;in triage state;W;is on board the Coast Guard Ship
3000,1036,evacuee,,Evacuee;24;in triage state;W;is on board the Coast Guard Ship
3000,1039,evacuee,,Evacuee;32;in triage state;W;is on board the Coast Guard Ship
3000,1042,evacuee,,Evacuee;34;in triage state;W;is on board the Coast Guard Ship
3000,1057,evacuee,,Evacuee;20;in triage state;W;is on board the Coast Guard Ship
3000,1060,evacuee,,Evacuee;35;in triage state;W;is on board the Coast Guard Ship
3000,1066,evacuee,,Evacuee;36;in triage state;W;is on board the Coast Guard Ship
3000,1075,evacuee,,Evacuee;42;in triage state;W;is on board the Coast Guard Ship
3000,1081,evacuee,,Evacuee;43;in triage state;W;is on board the Coast Guard Ship
3000,1084,evacuee,,Evacuee;30;in triage state;W;is on board the Coast Guard Ship
3000,1102,evacuee,,Evacuee;55;in triage state;Y;is on board the Coast Guard Ship
3000,1105,evacuee,,Evacuee;48;in triage state;W;is on board the Coast Guard Ship
3000,1111,evacuee,,Evacuee;50;in triage state;W;is on board the Coast Guard Ship
3000,1114,evacuee,,Evacuee;19;in triage state;W;is on board the Coast Guard Ship
3000,1128,filterEvac,,
3000,1142,evacuee,,Evacuee;47;in triage state;W;is on board the Coast Guard Ship
3000,1145,evacuee,,Evacuee;56;in triage state;Y;is on board the Coast Guard Ship
3000,1157,evacuee,outHelo,Evacuee 57 in triage category Y is assigned helicopter 3
3000,1157,evacuee,,Evacuee;57;in triage state;Y;is in helicopter;3
3000,1166,evacuee,,Evacuee;45;in triage state;G;is on board the Coast Guard Ship
3000,1168,filterEvac,,
3000,1248,evacuee,,Evacuee;28;in triage state;W;is on board the Coast Guard Ship
3000,1266,evacuee,,Evacuee;16;in triage state;W;is on board the Coast Guard Ship
3000,1314,evacuee,outHelo,Evacuee 58 in triage category Y is assigned helicopter 3
3000,1314,evacuee,,Evacuee;58;in triage state;Y;is in helicopter;3
3000,1380,evacuee,,Evacuee;11;in triage state;W;is on board the Coast Guard Ship
3000,1419,evacuee,,Evacuee;27;in triage state;W;is on board the Coast Guard Ship
3000,1431,evacuee,,Evacuee;12;in triage state;W;is on board the Coast Guard Ship
3000,1503,evacuee,outHelo,Evacuee 59 in triage category Y is assigned helicopter 3
3000,1503,evacuee,,Evacuee;59;in triage state;Y;is in helicopter;3
3000,106,filterEvac,out,Evacuee 57 in triage category Y is assigned helicopter 3
3000,106,filterEvac,out,Evacuee 58 in triage category Y is assigned helicopter 3
3000,106,filterEvac,out,Evacuee 59 in triage category Y is assigned helicopter 3
3000,106,filterEvac,,
3000,108,helicopter,,Helicopter;3;is returning to the FOL;;and has;9;spots taken
3015,7,filterLoc,,
3015,10,filterLoc,,
3015,13,filterLoc,,
3015,16,filterLoc,,
3015,19,filterLoc,,
3015,22,filterLoc,,
3015,25,filterLoc,,
3015,28,filterLoc,,
3015,31,filterLoc,,
3015,34,filterLoc,,
3015,37,filterLoc,,
3015,40,filterLoc,,
3015,43,filterLoc,,
3015,46,filterLoc,,
3015,49,filterLoc,,
3015,52,filterLoc,,
3015,55,filterLoc,,
3015,58,filterLoc,,
3015,61,filterLoc,,
3015,64,filterLoc,,
3015,67,filterLoc,,
3015,70,filterLoc,,
3015,73,filterLoc,,
3015,76,filterLoc,,
3015,79,filterLoc,,
3015,82,filterLoc,,
3015,85,filterLoc,,
3015,88,filterLoc,,
3015,91,filterLoc,,
3015,94,filterLoc,,
3015,97,filterLoc,,
3015,100,filterLoc,,
3015,103,filterLoc,,
3015,110,filterLoc,,
3015,113,filterLoc,,
3015,116,filterLoc,,
3015,119,filterLoc,,
3015,122,filterLoc,,
3015,125,filterLoc,,
3015,128,filterLoc,,
3015,131,filterLoc,,
3015,134,filterLoc,,
3015,137,filterLoc,,
3015,140,filterLoc,,
3015,143,filterLoc,,
3015,146,filterLoc,,
3015,149,filterLoc,,
3015,152,filterLoc,,
3015,155,filterLoc,,
3015,158,filterLoc,,
3015,161,filterLoc,,
3015,164,filterLoc,,
3015,167,filterLoc,,
3015,170,filterLoc,,
3015,173,filterLoc,,
3015,176,filterLoc,,
3015,179,filterLoc,,
3015,182,filterLoc,,
3015,185,filterLoc,,
3015,188,filterLoc,,
3015,191,filterLoc,,
3015,194,filterLoc,,
3015,197,filterLoc,,
3015,200,filterLoc,,
3015,203,filterLoc,,
3015,206,filterLoc,,
3015,209,filterLoc,,
3015,212,filterLoc,,
3015,215,filterLoc,,
3015,218,filterLoc,,
3015,221,filterLoc,,
3015,224,filterLoc,,
3015,228,filterLoc,,
3015,231,filterLoc,,
3015,234,filterLoc,,
3015,237,filterLoc,,
3015,240,filterLoc,,
3015,243,filterLoc,,
3015,246,filterLoc,,
3015,249,filterLoc,,
3015,252,filterLoc,,
3015,255,filterLoc,,
3015,258,filterLoc,,
3015,261,filterLoc,,
3015,264,filterLoc,,
3015,267,filterLoc,,
3015,270,filterLoc,,
3015,273,filterLoc,,
3015,276,filterLoc,,
3015,279,filterLoc,,
3015,282,filterLoc,,
3015,285,filterLoc,,
3015,288,filterLoc,,
3015,291,filterLoc,,
3015,294,filterLoc,,
3015,297,filterLoc,,
3015,300,filterLoc,,
3015,303,filterLoc,,
3015,306,filterLoc,,
3015,309,filterLoc,,
3015,312,filterLoc,,
3015,315,filterLoc,,
3015,318,filterLoc,,
3015,321,filterLoc,,
3015,324,filterLoc,,
3015,327,filterLoc,,
3015,330,filterLoc,,
3015,333,filterLoc,,
3015,336,filterLoc,,
3015,339,filterLoc,,
3015,342,filterLoc,,
3015,345,filterLoc,,
3015,348,filterLoc,,
3015,351,filterLoc,,
3015,354,filterLoc,,
3015,357,filterLoc,,
3015,360,filterLoc,,
3015,363,filterLoc,,
3015,366,filterLoc,,
3015,369,filterLoc,,
3015,372,filterLoc,,
3015,375,filterLoc,,
3015,378,filterLoc,,
3015,381,filterLoc,,
3015,384,filterLoc,,
3015,387,filterLoc,,
3015,390,filterLoc,,
3015,393,filterLoc,,
3015,396,filterLoc,,
3015,399,filterLoc,,
3015,402,filterLoc,,
3015,405,filterLoc,,
3015,408,filterLoc,,
3015,411,filterLoc,,
3015,414,filterLoc,,
3015,417,filterLoc,,
3015,420,filterLoc,,
3015,423,filterLoc,,
3015,426,filterLoc,,
3015,429,filterLoc,,
3015,432,filterLoc,,
3015,435,filterLoc,,
3015,438,filterLoc,,
3015,441,filterLoc,,
3015,444,filterLoc,,
3015,447,filterLoc,,
3015,450,filterLoc,,
3015,453,filterLoc,,
3015,456,filterLoc,,
3015,459,filterLoc,,
3015,462,filterLoc,,
3015,465,filterLoc,,
3015,468,filterLoc,,
3015,471,filterLoc,,
3015,474,filterLoc,,
3015,477,filterLoc,,
3015,480,filterLoc,,
3015,483,filterLoc,,
3015,486,filterLoc,,
3015,489,filterLoc,,
3015,492,filterLoc,,
3015,495,filterLoc,,
3015,498,filterLoc,,
3015,501,filterLoc,,
3015,504,filterLoc,,
3015,507,filterLoc,,
3015,510,filterLoc,,
3015,513,filterLoc,,
3015,516,filterLoc,,
3015,519,filterLoc,,
3015,522,filterLoc,,
3015,525,filterLoc,,
3015,528,filterLoc,,
3015,531,filterLoc,,
3015,534,filterLoc,,
3015,537,filterLoc,,
3015,540,filterLoc,,
3015,543,filterLoc,,
3015,546,filterLoc,,
3015,549,filterLoc,,
3015,552,filterLoc,,
3015,555,filterLoc,,
3015,558,filterLoc,,
3015,561,filterLoc,,
3015,564,filterLoc,,
3015,567,filterLoc,,
3015,570,filterLoc,,
3015,573,filterLoc,,
3015,576,filterLoc,,
3015,579,filterLoc,,
3015,582,filterLoc,,
3015,585,filterLoc,,
3015,588,filterLoc,,
3015,591,filterLoc,,
3015,594,filterLoc,,
3015,597,filterLoc,,
3015,600,filterLoc,,
3015,603,filterLoc,,
3015,606,filterLoc,,
3015,609,filterLoc,,
3015,612,filterLoc,,
3015,615,filterLoc,,;Evacuee;1;in triage category;W;is leaving helicopter;2
3015,618,filterLoc,,
3015,621,filterLoc,,
3015,624,filterLoc,,
3015,627,filterLoc,,
3015,630,filterLoc,,
3015,633,filterLoc,,
3015,636,filterLoc,,
3015,639,filterLoc,,
3015,642,filterLoc,,
3015,645,filterLoc,,
3015,648,filterLoc,,
3015,651,filterLoc,,
3015,654,filterLoc,,
3015,657,filterLoc,,
3015,660,filterLoc,,
3015,663,filterLoc,,
3015,666,filterLoc,,
3015,669,filterLoc,,
3015,672,filterLoc,,
3015,675,filterLoc,,
3015,678,filterLoc,,
3015,681,filterLoc,,
3015,684,filterLoc,,
3015,687,filterLoc,,
3015,690,filterLoc,,
3015,693,filterLoc,,
3015,696,filterLoc,,
3015,699,filterLoc,,
3015,702,filterLoc,,
3015,705,filterLoc,,
3015,708,filterLoc,,
3015,711,filterLoc,,
3015,714,filterLoc,,
3015,717,filterLoc,,
3015,720,filterLoc,,
3015,723,filterLoc,,
3015,726,filterLoc,,
3015,729,filterLoc,,
3015,732,filterLoc,,
3015,735,filterLoc,,
3015,738,filterLoc,,
3015,741,filterLoc,,
3015,744,filterLoc,,
3015,747,filterLoc,,
3015,750,filterLoc,,
3015,753,filterLoc,,
3015,756,filterLoc,,
3015,759,filterLoc,,
3015,762,filterLoc,,
3015,765,filterLoc,,
3015,768,filterLoc,,
3015,771,filterLoc,,;Evacuee;8;in triage category;W;is leaving helicopter;2
3015,774,filterLoc,,
3015,777,filterLoc,,
3015,780,filterLoc,,
3015,783,filterLoc,,
3015,786,filterLoc,,
3015,789,filterLoc,,
3015,792,filterLoc,,;Evacuee;4;in triage category;W;is leaving helicopter;2
3015,795,filterLoc,,
3015,798,filterLoc,,
3015,801,filterLoc,,
3015,804,filterLoc,,
3015,807,filterLoc,,
3015,810,filterLoc,,
3015,813,filterLoc,,
3015,816,filterLoc,,
3015,819,filterLoc,,
3015,822,filterLoc,,
3015,825,filterLoc,,
3015,828,filterLoc,,
3015,831,filterLoc,,
3015,834,filterLoc,,;Evacuee;2;in triage category;W;is leaving helicopter;2
3015,837,filterLoc,,
3015,840,filterLoc,,
3015,843,filterLoc,,;Evacuee;9;in triage category;W;is leaving helicopter;2
3015,846,filterLoc,,
3015,849,filterLoc,,
3015,852,filterLoc,,
3015,855,filterLoc,,;Evacuee;5;in triage category;W;is leaving helicopter;2
3015,858,filterLoc,,
3015,861,filterLoc,,
3015,864,filterLoc,,
3015,867,filterLoc,,
3015,870,filterLoc,,
3015,873,filterLoc,,
3015,876,filterLoc,,
3015,879,filterLoc,,
3015,882,filterLoc,,
3015,885,filterLoc,,
3015,888,filterLoc,,
3015,891,filterLoc,,
3015,894,filterLoc,,
3015,897,filterLoc,,
3015,900,filterLoc,,
3015,903,filterLoc,,
3015,906,filterLoc,,
3015,909,filterLoc,,
3015,912,filterLoc,,
3015,915,filterLoc,,
3015,918,filterLoc,,
3015,921,filterLoc,,
3015,924,filterLoc,,;Evacuee;3;in triage category;W;is leaving helicopter;2
3015,927,filterLoc,,
3015,930,filterLoc,,
3015,933,filterLoc,,
3015,936,filterLoc,,;Evacuee;6;in triage category;W;is leaving helicopter;2
3015,939,filterLoc,,
3015,942,filterLoc,,
3015,945,filterLoc,,
3015,948,filterLoc,,
3015,951,filterLoc,,
3015,954,filterLoc,,
3015,957,filterLoc,,
3015,960,filterLoc,,;Evacuee;10;in triage category;W;is leaving helicopter;2
3015,963,filterLoc,,
3015,966,filterLoc,,
3015,969,filterLoc,,
3015,972,filterLoc,,
3015,975,filterLoc,,
3015,978,filterLoc,,
3015,981,filterLoc,,
3015,984,filterLoc,,
3015,987,filterLoc,,
3015,990,filterLoc,,
3015,993,filterLoc,,
3015,996,filterLoc,,
3015,999,filterLoc,,
3015,1002,filterLoc,,
3015,1005,filterLoc,,
3015,1008,filterLoc,,
3015,1011,filterLoc,,
3015,1014,filterLoc,,
3015,1017,filterLoc,,
3015,1020,filterLoc,,
3015,1023,filterLoc,,
3015,1026,filterLoc,,
3015,1029,filterLoc,,
3015,1032,filterLoc,,
3015,1035,filterLoc,,
3015,1038,filterLoc,,
3015,1041,filterLoc,,
3015,1044,filterLoc,,
3015,1047,filterLoc,,
3015,1050,filterLoc,,
3015,1053,filterLoc,,
3015,1056,filterLoc,,
3015,1059,filterLoc,,
3015,1062,filterLoc,,
3015,1065,filterLoc,,
3015,1068,filterLoc,,
3015,1071,filterLoc,,
3015,1074,filterLoc,,
3015,1077,filterLoc,,
3015,1080,filterLoc,,
3015,1083,filterLoc,,
3015,1086,filterLoc,,
3015,1089,filterLoc,,
3015,1092,filterLoc,,
3015,1095,filterLoc,,
3015,1098,filterLoc,,
3015,1101,filterLoc,,
3015,1104,filterLoc,,
3015,1107,filterLoc,,
3015,1110,filterLoc,,
3015,1113,filterLoc,,
3015,1116,filterLoc,,
3015,1119,filterLoc,,
3015,1122,filterLoc,,
3015,1125,filterLoc,,
3015,1130,helicopter,outEvac,Evacuee 1 in triage category W is not assigned a helicopter
3015,1130,helicopter,outEvac,Evacuee 2 in triage category W is not assigned a helicopter
3015,1130,helicopter,outEvac,Evacuee 3 in triage category W is not assigned a helicopter
3015,1130,helicopter,outEvac,Evacuee 4 in triage category W is not assigned a helicopter
3015,1130,helicopter,outEvac,Evacuee 5 in triage category W is not assigned a helicopter
3015,1130,helicopter,outEvac,Evacuee 6 in triage category W is not assigned a helicopter
3015,1130,helicopter,outEvac,Evacuee 7 in triage category W is not assigned a helicopter
3015,1130,helicopter,outEvac,Evacuee 8 in triage category W is not assigned a helicopter
3015,1130,helicopter,outEvac,Evacuee 9 in triage category W is not assigned a helicopter
3015,1130,helicopter,outEvac,Evacuee 10 in triage category W is not assigned a helicopter
3015,1130,helicopter,,Helicopter;2;is unloading people at the FOL;;and has;0;spots taken
3015,1132,filterLoc,,
3015,1135,filterLoc,,
3015,1138,filterLoc,,
3015,1141,filterLoc,,
3015,1144,filterLoc,,
3015,1147,filterLoc,,
3015,1150,filterLoc,,
3015,1153,filterLoc,,
3015,1156,filterLoc,,
3015,1159,filterLoc,,
3015,1162,filterLoc,,
3015,1165,filterLoc,,
3015,1172,filterLoc,,
3015,1175,filterLoc,,
3015,1178,filterLoc,,
3015,1181,filterLoc,,
3015,1184,filterLoc,,
3015,1187,filterLoc,,
3015,1190,filterLoc,,
3015,1193,filterLoc,,
3015,1196,filterLoc,,
3015,1199,filterLoc,,
3015,1202,filterLoc,,
3015,1205,filterLoc,,
3015,1208,filterLoc,,
3015,1211,filterLoc,,
3015,1214,filterLoc,,
3015,1217,filterLoc,,
3015,1220,filterLoc,,
3015,1223,filterLoc,,
3015,1226,filterLoc,,
3015,1229,filterLoc,,
3015,1232,filterLoc,,
3015,1235,filterLoc,,
3015,1238,filterLoc,,
3015,1241,filterLoc,,
3015,1244,filterLoc,,
3015,1247,filterLoc,,
3015,1250,filterLoc,,
3015,1253,filterLoc,,
3015,1256,filterLoc,,
3015,1259,filterLoc,,
3015,1262,filterLoc,,
3015,1265,filterLoc,,
3015,1268,filterLoc,,
3015,1271,filterLoc,,
3015,1274,filterLoc,,
3015,1277,filterLoc,,
3015,1280,filterLoc,,
3015,1283,filterLoc,,
3015,1286,filterLoc,,
3015,1289,filterLoc,,
3015,1292,filterLoc,,
3015,1295,filterLoc,,
3015,1298,filterLoc,,
3015,1301,filterLoc,,
3015,1304,filterLoc,,
3015,1307,filterLoc,,
3015,1310,filterLoc,,
3015,1313,filterLoc,,
3015,1316,filterLoc,,
3015,1319,filterLoc,,
3015,1322,filterLoc,,
3015,1325,filterLoc,,
3015,1328,filterLoc,,
3015,1331,filterLoc,,
3015,1334,filterLoc,,
3015,1337,filterLoc,,
3015,1340,filterLoc,,
3015,1343,filterLoc,,
3015,1346,filterLoc,,
3015,1349,filterLoc,,
3015,1352,filterLoc,,
3015,1355,filterLoc,,
3015,1358,filterLoc,,
3015,1361,filterLoc,,
3015,1364,filterLoc,,
3015,1367,filterLoc,,
3015,1370,filterLoc,,
3015,1373,filterLoc,,
3015,1376,filterLoc,,
3015,1379,filterLoc,,
3015,1382,filterLoc,,
3015,1385,filterLoc,,
3015,1388,filterLoc,,
3015,1391,filterLoc,,
3015,1394,filterLoc,,
3015,1397,filterLoc,,
3015,1400,filterLoc,,
3015,1403,filterLoc,,
3015,1406,filterLoc,,
3015,1409,filterLoc,,
3015,1412,filterLoc,,
3015,1415,filterLoc,,
3015,1418,filterLoc,,
3015,1421,filterLoc,,
3015,1424,filterLoc,,
3015,1427,filterLoc,,
3015,1430,filterLoc,,
3015,1433,filterLoc,,
3015,1436,filterLoc,,
3015,1439,filterLoc,,
3015,1442,filterLoc,,
3015,1445,filterLoc,,
3015,1448,filterLoc,,
3015,1451,filterLoc,,
3015,1454,filterLoc,,
3015,1457,filterLoc,,
3015,1460,filterLoc,,
3015,1463,filterLoc,,
3015,1466,filterLoc,,
3015,1469,filterLoc,,
3015,1472,filterLoc,,
3015,1475,filterLoc,,;Evacuee;7;in triage category;W;is leaving helicopter;2
3015,1478,filterLoc,,
3015,1481,filterLoc,,
3015,1484,filterLoc,,
3015,1487,filterLoc,,
3015,1490,filterLoc,,
3015,1493,filterLoc,,
3015,1496,filterLoc,,
3015,1499,filterLoc,,
3015,1502,filterLoc,,
3015,1505,filterLoc,,
3015,1508,filterLoc,,
3015,1511,filterLoc,,
3015,1514,filterLoc,,
3015,1517,filterLoc,,
3015,615,filterLoc,out,Evacuee 1 in triage category W is not assigned a helicopter
3015,615,filterLoc,,
3015,616,evacuee,,Evacuee;1;in triage state;W;is entering the FOL
3015,771,filterLoc,out,Evacuee 8 in triage category W is not assigned a helicopter
3015,771,filterLoc,,
3015,772,evacuee,,Evacuee;8;in triage state;W;is entering the FOL
3015,792,filterLoc,out,Evacuee 4 in triage category W is not assigned a helicopter
3015,792,filterLoc,,
3015,793,evacuee,,Evacuee;4;in triage state;W;is entering the FOL
3015,834,filterLoc,out,Evacuee 2 in triage category W is not assigned a helicopter
3015,834,filterLoc,,
3015,835,evacuee,,Evacuee;2;in triage state;W;is entering the FOL
3015,843,filterLoc,out,Evacuee 9 in triage category W is not assigned a helicopter
3015,843,filterLoc,,
3015,844,evacuee,,Evacuee;9;in triage state;W;is entering the FOL
3015,855,filterLoc,out,Evacuee 5 in triage category W is not assigned a helicopter
3015,855,filterLoc,,
3015,856,evacuee,,Evacuee;5;in triage state;W;is entering the FOL
3015,924,filterLoc,out,Evacuee 3 in triage category W is not assigned a helicopter
3015,924,filterLoc,,
3015,925,evacuee,,Evacuee;3;in triage state;W;is entering the FOL
3015,936,filterLoc,out,Evacuee 6 in triage category W is not assigned a helicopter
3015,936,filterLoc,,
3015,937,evacuee,,Evacuee;6;in triage state;W;is entering the FOL
3015,960,filterLoc,out,Evacuee 10 in triage category W is not assigned a helicopter
3015,960,filterLoc,,
3015,961,evacuee,,Evacuee;10;in triage state;W;is entering the FOL
3015,1475,filterLoc,out,Evacuee 7 in triage category W is not assigned a helicopter
3015,1475,filterLoc,,
3015,1476,evacuee,,Evacuee;7;in triage state;W;is entering the FOL
3015,226,FOL,,;EvacueeID;51;Triage Status;Y;EvacueeID;52;Triage Status;Y;EvacueeID;53;Triage Status;Y;EvacueeID;1;Triage Status;W;EvacueeID;2;Triage Status;W;EvacueeID;3;Triage Status;W;EvacueeID;4;Triage Status;W;EvacueeID;5;Triage Status;W;EvacueeID;6;Triage Status;W;EvacueeID;7;Triage Status;W;EvacueeID;8;Triage Status;W;EvacueeID;9;Triage Status;W;EvacueeID;10;Triage Status;W;Lives Saved;13
3015,616,evacuee,outFOL,Evacuee 1 in triage category W is not assigned a helicopter
3015,616,evacuee,,Evacuee;1;in triage state;W;is at the FOL
3015,772,evacuee,outFOL,Evacuee 8 in triage category W is not assigned a helicopter
3015,772,evacuee,,Evacuee;8;in triage state;W;is at the FOL
3015,793,evacuee,outFOL,Evacuee 4 in triage category W is not assigned a helicopter
3015,793,evacuee,,Evacuee;4;in triage state;W;is at the FOL
3015,835,evacuee,outFOL,Evacuee 2 in triage category W is not assigned a helicopter
3015,835,evacuee,,Evacuee;2;in triage state;W;is at the FOL
3015,844,evacuee,outFOL,Evacuee 9 in triage category W is not assigned a helicopter
3015,844,evacuee,,Evacuee;9;in triage state;W;is at the FOL
3015,856,evacuee,outFOL,Evacuee 5 in triage category W is not assigned a helicopter
3015,856,evacuee,,Evacuee;5;in triage state;W;is at the FOL
3015,925,evacuee,outFOL,Evacuee 3 in triage category W is not assigned a helicopter
3015,925,evacuee,,Evacuee;3;in triage state;W;is at the FOL
3015,937,evacuee,outFOL,Evacuee 6 in triage category W is not assigned a helicopter
3015,937,evacuee,,Evacuee;6;in triage state;W;is at the FOL
3015,961,evacuee,outFOL,Evacuee 10 in triage category W is not assigned a helicopter
3015,961,evacuee,,Evacuee;10;in triage state;W;is at the FOL
3015,1476,evacuee,outFOL,Evacuee 7 in triage category W is not assigned a helicopter
3015,1476,evacuee,,Evacuee;7;in triage state;W;is at the FOL
3015,226,FOL,,;EvacueeID;51;Triage Status;Y;EvacueeID;52;Triage Status;Y;EvacueeID;53;Triage Status;Y;EvacueeID;1;Triage Status;W;EvacueeID;2;Triage Status;W;EvacueeID;3;Triage Status;W;EvacueeID;4;Triage Status;W;EvacueeID;5;Triage Status;W;EvacueeID;6;Triage Status;W;EvacueeID;7;Triage Status;W;EvacueeID;8;Triage Status;W;EvacueeID;9;Triage Status;W;EvacueeID;10;Triage Status;W;Lives Saved;13
3030,1130,helicopter,,Helicopter;2;Is going to the evacuation site;;and has;0;spots taken
3045,5,helicopterQueue,,1;Helos are waiting to land;HeloID;1
3045,1170,helicopter,outES,Helicopter 1 is evacuating people1
3045,1170,helicopter,,Helicopter;1;is waiting to land at the evacuation site;;and has;0;spots taken
3045,4,helipadManager,,Helo;1;is at the ES
3045,5,helicopterQueue,outHM,Helicopter 1 is evacuating people1
3045,5,helicopterQueue,outHelo,Helicopter 1 is evacuating people1
3045,5,helicopterQueue,,;No helos are waiting to land
3045,107,filterES,,
3045,1129,filterES,,
3045,1169,filterES,,Helicopter;1;is evacuating people
3045,1169,filterES,out,Helicopter 1 is evacuating people1
3045,1169,filterES,,
3045,1170,helicopter,,Helicopter;1;is waiting to land at the evacuation site;;and has;0;spots taken
3045,1170,helicopter,,Helicopter;1;is loading people at the evacuation site;;and has;0;spots taken
3060,3,evacueeManager,,OFF SHIP: White;0;Green;0;Yellow;413;Red;0;Black;25;ON SHIP: White;38;Green;2;Yellow;3;Red;0;Evacuees to Transfer;;EvacueeID;60;HeloID;1;OnShip;0;Triage Status;Y;EvacueeID;61;HeloID;1;OnShip;0;Triage Status;Y;EvacueeID;62;HeloID;1;OnShip;0;Triage Status;Y
3060,4,helipadManager,outEM,Helicopter 1 is evacuating people1
3060,4,helipadManager,outHelo,Helicopter 1 is evacuating people1
3060,4,helipadManager,,;No helos are at ES
3060,107,filterES,,
3060,1129,filterES,,
3060,1169,filterES,,Helicopter;1;is evacuating people
3060,3,evacueeManager,outEvac,Evacuee 60 in triage category Y is assigned helicopter 1
3060,3,evacueeManager,outEvac,Evacuee 61 in triage category Y is assigned helicopter 1
3060,3,evacueeManager,outEvac,Evacuee 62 in triage category Y is assigned helicopter 1
3060,3,evacueeManager,,OFF SHIP: White;0;Green;0;Yellow;413;Red;0;Black;25;ON SHIP: White;38;Green;2;Yellow;3;Red;0;Evacuees to Transfer;
3060,4,helipadManager,outHQ,0
3060,4,helipadManager,,;No helos are at ES
3060,5,helicopterQueue,,;No helos are waiting to land
3060,7,filterLoc,,
3060,10,filterLoc,,
3060,13,filterLoc,,
3060,16,filterLoc,,
3060,19,filterLoc,,
3060,22,filterLoc,,
3060,25,filterLoc,,
3060,28,filterLoc,,
3060,31,filterLoc,,
3060,34,filterLoc,,
3060,37,filterLoc,,
3060,40,filterLoc,,
3060,43,filterLoc,,
3060,46,filterLoc,,
3060,49,filterLoc,,
3060,52,filterLoc,,
3060,55,filterLoc,,
3060,58,filterLoc,,
3060,61,filterLoc,,
3060,64,filterLoc,,
3060,67,filterLoc,,
3060,70,filterLoc,,
3060,73,filterLoc,,
3060,76,filterLoc,,
3060,79,filterLoc,,
3060,82,filterLoc,,
3060,85,filterLoc,,
3060,88,filterLoc,,
3060,91,filterLoc,,
3060,94,filterLoc,,
3060,97,filterLoc,,
3060,100,filterLoc,,
3060,103,filterLoc,,
3060,110,filterLoc,,
3060,113,filterLoc,,
3060,116,filterLoc,,
3060,119,filterLoc,,
3060,122,filterLoc,,
3060,125,filterLoc,,
3060,128,filterLoc,,
3060,131,filterLoc,,
3060,134,filterLoc,,
3060,137,filterLoc,,
3060,140,filterLoc,,
3060,143,filterLoc,,
3060,146,filterLoc,,
3060,149,filterLoc,,
3060,152,filterLoc,,
3060,155,filterLoc,,
3060,158,filterLoc,,
3060,161,filterLoc,,
3060,164,filterLoc,,
3060,167,filterLoc,,
3060,170,filterLoc,,
3060,173,filterLoc,,
3060,176,filterLoc,,
3060,179,filterLoc,,
3060,182,filterLoc,,
3060,185,filterLoc,,
3060,188,filterLoc,,
3060,191,filterLoc,,
3060,194,filterLoc,,
3060,197,filterLoc,,
3060,200,filterLoc,,
3060,203,filterLoc,,
3060,206,filterLoc,,
3060,209,filterLoc,,
3060,212,filterLoc,,
3060,215,filterLoc,,
3060,218,filterLoc,,
3060,221,filterLoc,,
3060,224,filterLoc,,
3060,228,filterLoc,,
3060,231,filterLoc,,
3060,234,filterLoc,,
3060,237,filterLoc,,
3060,240,filterLoc,,
3060,243,filterLoc,,
3060,246,filterLoc,,
3060,249,filterLoc,,
3060,252,filterLoc,,
3060,255,filterLoc,,
3060,258,filterLoc,,
3060,261,filterLoc,,
3060,264,filterLoc,,
3060,267,filterLoc,,
3060,270,filterLoc,,
3060,273,filterLoc,,
3060,276,filterLoc,,
3060,279,filterLoc,,
3060,282,filterLoc,,
3060,285,filterLoc,,
3060,288,filterLoc,,
3060,291,filterLoc,,
3060,294,filterLoc,,
3060,297,filterLoc,,
3060,300,filterLoc,,
3060,303,filterLoc,,
3060,306,filterLoc,,
3060,309,filterLoc,,
3060,312,filterLoc,,
3060,315,filterLoc,,
3060,318,filterLoc,,
3060,321,filterLoc,,
3060,324,filterLoc,,
3060,327,filterLoc,,
3060,330,filterLoc,,
3060,333,filterLoc,,
3060,336,filterLoc,,
3060,339,filterLoc,,
3060,342,filterLoc,,
3060,345,filterLoc,,
3060,348,filterLoc,,
3060,351,filterLoc,,
3060,354,filterLoc,,
3060,357,filterLoc,,
3060,360,filterLoc,,
3060,363,filterLoc,,
3060,366,filterLoc,,
3060,369,filterLoc,,
3060,372,filterLoc,,
3060,375,filterLoc,,
3060,378,filterLoc,,
3060,381,filterLoc,,
3060,384,filterLoc,,
3060,387,filterLoc,,
3060,390,filterLoc,,
3060,393,filterLoc,,
3060,396,filterLoc,,
3060,399,filterLoc,,
3060,402,filterLoc,,
3060,405,filterLoc,,
3060,408,filterLoc,,
3060,411,filterLoc,,
3060,414,filterLoc,,
3060,417,filterLoc,,
3060,420,filterLoc,,
3060,423,filterLoc,,
3060,426,filterLoc,,
3060,429,filterLoc,,
3060,432,filterLoc,,
3060,435,filterLoc,,
3060,438,filterLoc,,
3060,441,filterLoc,,
3060,444,filterLoc,,
3060,447,filterLoc,,
3060,450,filterLoc,,
3060,453,filterLoc,,
3060,456,filterLoc,,
3060,459,filterLoc,,
3060,462,filterLoc,,
3060,465,filterLoc,,
3060,468,filterLoc,,
3060,471,filterLoc,,
3060,474,filterLoc,,
3060,477,filterLoc,,
3060,480,filterLoc,,
3060,483,filterLoc,,
3060,486,filterLoc,,
3060,489,filterLoc,,
3060,492,filterLoc,,
3060,495,filterLoc,,
3060,498,filterLoc,,
3060,501,filterLoc,,
3060,504,filterLoc,,
3060,507,filterLoc,,
3060,510,filterLoc,,
3060,513,filterLoc,,
3060,516,filterLoc,,
3060,519,filterLoc,,
3060,522,filterLoc,,
3060,525,filterLoc,,
3060,528,filterLoc,,
3060,531,filterLoc,,
3060,534,filterLoc,,
3060,537,filterLoc,,
3060,540,filterLoc,,
3060,543,filterLoc,,
3060,546,filterLoc,,
3060,549,filterLoc,,
3060,552,filterLoc,,
3060,555,filterLoc,,
3060,558,filterLoc,,
3060,561,filterLoc,,
3060,564,filterLoc,,
3060,567,filterLoc,,
3060,570,filterLoc,,
3060,573,filterLoc,,
3060,576,filterLoc,,
3060,579,filterLoc,,
3060,582,filterLoc,,
3060,585,filterLoc,,
3060,588,filterLoc,,
3060,591,filterLoc,,
3060,594,filterLoc,,
3060,597,filterLoc,,
3060,600,filterLoc,,
3060,603,filterLoc,,
3060,606,filterLoc,,
3060,609,filterLoc,,
3060,612,filterLoc,,
3060,615,filterLoc,,
3060,618,filterLoc,,
3060,621,filterLoc,,
3060,624,filterLoc,,
3060,627,filterLoc,,
3060,630,filterLoc,,
3060,633,filterLoc,,
3060,636,filterLoc,,
3060,639,filterLoc,,
3060,642,filterLoc,,
3060,645,filterLoc,,
3060,648,filterLoc,,
3060,651,filterLoc,,
3060,654,filterLoc,,
3060,657,filterLoc,,
3060,660,filterLoc,,
3060,663,filterLoc,,
3060,666,filterLoc,,
3060,669,filterLoc,,
3060,672,filterLoc,,
3060,675,filterLoc,,
3060,678,filterLoc,,
3060,681,filterLoc,,
3060,684,filterLoc,,
3060,687,filterLoc,,
3060,690,filterLoc,,
3060,693,filterLoc,,
3060,696,filterLoc,,
3060,699,filterLoc,,
3060,702,filterLoc,,
3060,705,filterLoc,,
3060,708,filterLoc,,;Evacuee;62;in triage category;Y;is entering helicopter;1
3060,711,filterLoc,,
3060,714,filterLoc,,
3060,717,filterLoc,,;Evacuee;60;in triage category;Y;is entering helicopter;1
3060,720,filterLoc,,
3060,723,filterLoc,,
3060,726,filterLoc,,
3060,729,filterLoc,,
3060,732,filterLoc,,
3060,735,filterLoc,,
3060,738,filterLoc,,
3060,741,filterLoc,,
3060,744,filterLoc,,
3060,747,filterLoc,,
3060,750,filterLoc,,
3060,753,filterLoc,,
3060,756,filterLoc,,
3060,759,filterLoc,,
3060,762,filterLoc,,
3060,765,filterLoc,,
3060,768,filterLoc,,
3060,771,filterLoc,,
3060,774,filterLoc,,
3060,777,filterLoc,,
3060,780,filterLoc,,
3060,783,filterLoc,,
3060,786,filterLoc,,
3060,789,filterLoc,,
3060,792,filterLoc,,
3060,795,filterLoc,,
3060,798,filterLoc,,
3060,801,filterLoc,,
3060,804,filterLoc,,
3060,807,filterLoc,,
3060,810,filterLoc,,
3060,813,filterLoc,,
3060,816,filterLoc,,
3060,819,filterLoc,,
3060,822,filterLoc,,
3060,825,filterLoc,,
3060,828,filterLoc,,
3060,831,filterLoc,,
3060,834,filterLoc,,
3060,837,filterLoc,,
3060,840,filterLoc,,
3060,843,filterLoc,,
3060,846,filterLoc,,
3060,849,filterLoc,,
3060,852,filterLoc,,
3060,855,filterLoc,,
3060,858,filterLoc,,
3060,861,filterLoc,,
3060,864,filterLoc,,
3060,867,filterLoc,,
3060,870,filterLoc,,
3060,873,filterLoc,,
3060,876,filterLoc,,
3060,879,filterLoc,,
3060,882,filterLoc,,
3060,885,filterLoc,,
3060,888,filterLoc,,
3060,891,filterLoc,,
3060,894,filterLoc,,
3060,897,filterLoc,,
3060,900,filterLoc,,
3060,903,filterLoc,,
3060,906,filterLoc,,
3060,909,filterLoc,,
3060,912,filterLoc,,
3060,915,filterLoc,,
3060,918,filterLoc,,
3060,921,filterLoc,,
3060,924,filterLoc,,
3060,927,filterLoc,,
3060,930,filterLoc,,
3060,933,filterLoc,,
3060,936,filterLoc,,
3060,939,filterLoc,,
3060,942,filterLoc,,
3060,945,filterLoc,,
3060,948,filterLoc,,
3060,951,filterLoc,,
3060,954,filterLoc,,
3060,957,filterLoc,,
3060,960,filterLoc,,
3060,963,filterLoc,,
3060,966,filterLoc,,
3060,969,filterLoc,,
3060,972,filterLoc,,
3060,975,filterLoc,,
3060,978,filterLoc,,
3060,981,filterLoc,,
3060,984,filterLoc,,
3060,987,filterLoc,,
3060,990,filterLoc,,
3060,993,filterLoc,,
3060,996,filterLoc,,;Evacuee;61;in triage category;Y;is entering helicopter;1
3060,999,filterLoc,,
3060,1002,filterLoc,,
3060,1005,filterLoc,,
3060,1008,filterLoc,,
3060,1011,filterLoc,,
3060,1014,filterLoc,,
3060,1017,filterLoc,,
3060,1020,filterLoc,,
3060,1023,filterLoc,,
3060,1026,filterLoc,,
3060,1029,filterLoc,,
3060,1032,filterLoc,,
3060,1035,filterLoc,,
3060,1038,filterLoc,,
3060,1041,filterLoc,,
3060,1044,filterLoc,,
3060,1047,filterLoc,,
3060,1050,filterLoc,,
3060,1053,filterLoc,,
3060,1056,filterLoc,,
3060,1059,filterLoc,,
3060,1062,filterLoc,,
3060,1065,filterLoc,,
3060,1068,filterLoc,,
3060,1071,filterLoc,,
3060,1074,filterLoc,,
3060,1077,filterLoc,,
3060,1080,filterLoc,,
3060,1083,filterLoc,,
3060,1086,filterLoc,,
3060,1089,filterLoc,,
3060,1092,filterLoc,,
3060,1095,filterLoc,,
3060,1098,filterLoc,,
3060,1101,filterLoc,,
3060,1104,filterLoc,,
3060,1107,filterLoc,,
3060,1110,filterLoc,,
3060,1113,filterLoc,,
3060,1116,filterLoc,,
3060,1119,filterLoc,,
3060,1122,filterLoc,,
3060,1125,filterLoc,,
3060,1132,filterLoc,,
3060,1135,filterLoc,,
3060,1138,filterLoc,,
3060,1141,filterLoc,,
3060,1144,filterLoc,,
3060,1147,filterLoc,,
3060,1150,filterLoc,,
3060,1153,filterLoc,,
3060,1156,filterLoc,,
3060,1159,filterLoc,,
3060,1162,filterLoc,,
3060,1165,filterLoc,,
3060,1169,filterES,out,Helicopter 1 is evacuating people1
3060,1169,filterES,,
3060,1170,helicopter,,Helicopter;1;is loading people at the evacuation site;;and has;0;spots taken
3060,1172,filterLoc,,
3060,1175,filterLoc,,
3060,1178,filterLoc,,
3060,1181,filterLoc,,
3060,1184,filterLoc,,
3060,1187,filterLoc,,
3060,1190,filterLoc,,
3060,1193,filterLoc,,
3060,1196,filterLoc,,
3060,1199,filterLoc,,
3060,1202,filterLoc,,
3060,1205,filterLoc,,
3060,1208,filterLoc,,
3060,1211,filterLoc,,
3060,1214,filterLoc,,
3060,1217,filterLoc,,
3060,1220,filterLoc,,
3060,1223,filterLoc,,
3060,1226,filterLoc,,
3060,1229,filterLoc,,
3060,1232,filterLoc,,
3060,1235,filterLoc,,
3060,1238,filterLoc,,
3060,1241,filterLoc,,
3060,1244,filterLoc,,
3060,1247,filterLoc,,
3060,1250,filterLoc,,
3060,1253,filterLoc,,
3060,1256,filterLoc,,
3060,1259,filterLoc,,
3060,1262,filterLoc,,
3060,1265,filterLoc,,
3060,1268,filterLoc,,
3060,1271,filterLoc,,
3060,1274,filterLoc,,
3060,1277,filterLoc,,
3060,1280,filterLoc,,
3060,1283,filterLoc,,
3060,1286,filterLoc,,
3060,1289,filterLoc,,
3060,1292,filterLoc,,
3060,1295,filterLoc,,
3060,1298,filterLoc,,
3060,1301,filterLoc,,
3060,1304,filterLoc,,
3060,1307,filterLoc,,
3060,1310,filterLoc,,
3060,1313,filterLoc,,
3060,1316,filterLoc,,
3060,1319,filterLoc,,
3060,1322,filterLoc,,
3060,1325,filterLoc,,
3060,1328,filterLoc,,
3060,1331,filterLoc,,
3060,1334,filterLoc,,
3060,1337,filterLoc,,
3060,1340,filterLoc,,
3060,1343,filterLoc,,
3060,1346,filterLoc,,
3060,1349,filterLoc,,
3060,1352,filterLoc,,
3060,1355,filterLoc,,
3060,1358,filterLoc,,
3060,1361,filterLoc,,
3060,1364,filterLoc,,
3060,1367,filterLoc,,
3060,1370,filterLoc,,
3060,1373,filterLoc,,
3060,1376,filterLoc,,
3060,1379,filterLoc,,
3060,1382,filterLoc,,
3060,1385,filterLoc,,
3060,1388,filterLoc,,
3060,1391,filterLoc,,
3060,1394,filterLoc,,
3060,1397,filterLoc,,
3060,1400,filterLoc,,
3060,1403,filterLoc,,
3060,1406,filterLoc,,
3060,1409,filterLoc,,
3060,1412,filterLoc,,
3060,1415,filterLoc,,
3060,1418,filterLoc,,
3060,1421,filterLoc,,
3060,1424,filterLoc,,
3060,1427,filterLoc,,
3060,1430,filterLoc,,
3060,1433,filterLoc,,
3060,1436,filterLoc,,
3060,1439,filterLoc,,
3060,1442,filterLoc,,
3060,1445,filterLoc,,
3060,1448,filterLoc,,
3060,1451,filterLoc,,
3060,1454,filterLoc,,
3060,1457,filterLoc,,
3060,1460,filterLoc,,
3060,1463,filterLoc,,
3060,1466,filterLoc,,
3060,1469,filterLoc,,
3060,1472,filterLoc,,
3060,1475,filterLoc,,
3060,1478,filterLoc,,
3060,1481,filterLoc,,
3060,1484,filterLoc,,
3060,1487,filterLoc,,
3060,1490,filterLoc,,
3060,1493,filterLoc,,
3060,1496,filterLoc,,
3060,1499,filterLoc,,
3060,1502,filterLoc,,
3060,1505,filterLoc,,
3060,1508,filterLoc,,
3060,1511,filterLoc,,
3060,1514,filterLoc,,
3060,1517,filterLoc,,
3060,5,helicopterQueue,,;No helos are waiting to land
3060,708,filterLoc,out,Evacuee 62 in triage category Y is assigned helicopter 1
3060,708,filterLoc,,
3060,709,evacuee,,Evacuee;62;in triage state;Y;is entering helicopter;1
3060,717,filterLoc,out,Evacuee 60 in triage category Y is assigned helicopter 1
3060,717,filterLoc,,
3060,718,evacuee,,Evacuee;60;in triage state;Y;is entering helicopter;1
3060,996,filterLoc,out,Evacuee 61 in triage category Y is assigned helicopter 1
3060,996,filterLoc,,
3060,997,evacuee,,Evacuee;61;in triage state;Y;is entering helicopter;1
3060,1170,helicopter,,Helicopter;1;is returning to the FOL;;and has;0;spots taken
3060,106,filterEvac,,
3060,709,evacuee,outHelo,Evacuee 62 in triage category Y is assigned helicopter 1
3060,709,evacuee,,Evacuee;62;in triage state;Y;is in helicopter;1
3060,718,evacuee,outHelo,Evacuee 60 in triage category Y is assigned helicopter 1
3060,718,evacuee,,Evacuee;60;in triage state;Y;is in helicopter;1
3060,997,evacuee,outHelo,Evacuee 61 in triage category Y is assigned helicopter 1
3060,997,evacuee,,Evacuee;61;in triage state;Y;is in helicopter;1
3060,1128,filterEvac,,
3060,1168,filterEvac,,;Evacuee;60;in triage category;Y;is entering helicopter;1;Evacuee;61;in triage category;Y;is entering helicopter;1;Evacuee;62;in triage category;Y;is entering helicopter;1
3060,1168,filterEvac,out,Evacuee 60 in triage category Y is assigned helicopter 1
3060,1168,filterEvac,out,Evacuee 61 in triage category Y is assigned helicopter 1
3060,1168,filterEvac,out,Evacuee 62 in triage category Y is assigned helicopter 1
3060,1168,filterEvac,,
3060,1170,helicopter,,Helicopter;1;is returning to the FOL;;and has;9;spots taken
3075,7,filterLoc,,
3075,10,filterLoc,,
3075,13,filterLoc,,
3075,16,filterLoc,,
3075,19,filterLoc,,
3075,22,filterLoc,,
3075,25,filterLoc,,
3075,28,filterLoc,,
3075,31,filterLoc,,
3075,34,filterLoc,,
3075,37,filterLoc,,
3075,40,filterLoc,,
3075,43,filterLoc,,
3075,46,filterLoc,,
3075,49,filterLoc,,
3075,52,filterLoc,,
3075,55,filterLoc,,
3075,58,filterLoc,,
3075,61,filterLoc,,
3075,64,filterLoc,,
3075,67,filterLoc,,
3075,70,filterLoc,,
3075,73,filterLoc,,
3075,76,filterLoc,,
3075,79,filterLoc,,
3075,82,filterLoc,,
3075,85,filterLoc,,
3075,88,filterLoc,,
3075,91,filterLoc,,
3075,94,filterLoc,,
3075,97,filterLoc,,
3075,100,filterLoc,,
3075,103,filterLoc,,
3075,108,helicopter,outEvac,Evacuee 57 in triage category Y is not assigned a helicopter
3075,108,helicopter,outEvac,Evacuee 58 in triage category Y is not assigned a helicopter
3075,108,helicopter,outEvac,Evacuee 59 in triage category Y is not assigned a helicopter
3075,108,helicopter,,Helicopter;3;is unloading people at the FOL;;and has;0;spots taken
3075,110,filterLoc,,
3075,113,filterLoc,,
3075,116,filterLoc,,
3075,119,filterLoc,,
3075,122,filterLoc,,
3075,125,filterLoc,,
3075,128,filterLoc,,
3075,131,filterLoc,,
3075,134,filterLoc,,
3075,137,filterLoc,,
3075,140,filterLoc,,
3075,143,filterLoc,,
3075,146,filterLoc,,
3075,149,filterLoc,,
3075,152,filterLoc,,
3075,155,filterLoc,,
3075,158,filterLoc,,
3075,161,filterLoc,,
3075,164,filterLoc,,
3075,167,filterLoc,,
3075,170,filterLoc,,
3075,173,filterLoc,,
3075,176,filterLoc,,
3075,179,filterLoc,,
3075,182,filterLoc,,
3075,185,filterLoc,,
3075,188,filterLoc,,
3075,191,filterLoc,,
3075,194,filterLoc,,
3075,197,filterLoc,,
3075,200,filterLoc,,
3075,203,filterLoc,,
3075,206,filterLoc,,
3075,209,filterLoc,,
3075,212,filterLoc,,
3075,215,filterLoc,,
3075,218,filterLoc,,
3075,221,filterLoc,,
3075,224,filterLoc,,
3075,228,filterLoc,,
3075,231,filterLoc,,
3075,234,filterLoc,,
3075,237,filterLoc,,
3075,240,filterLoc,,
3075,243,filterLoc,,
3075,246,filterLoc,,
3075,249,filterLoc,,
3075,252,filterLoc,,
3075,255,filterLoc,,
3075,258,filterLoc,,
3075,261,filterLoc,,
3075,264,filterLoc,,
3075,267,filterLoc,,
3075,270,filterLoc,,
3075,273,filterLoc,,
3075,276,filterLoc,,
3075,279,filterLoc,,
3075,282,filterLoc,,
3075,285,filterLoc,,
3075,288,filterLoc,,
3075,291,filterLoc,,
3075,294,filterLoc,,
3075,297,filterLoc,,
3075,300,filterLoc,,
3075,303,filterLoc,,
3075,306,filterLoc,,
3075,309,filterLoc,,
3075,312,filterLoc,,
3075,315,filterLoc,,
3075,318,filterLoc,,
3075,321,filterLoc,,
3075,324,filterLoc,,
3075,327,filterLoc,,
3075,330,filterLoc,,
3075,333,filterLoc,,
3075,336,filterLoc,,
3075,339,filterLoc,,
3075,342,filterLoc,,
3075,345,filterLoc,,
3075,348,filterLoc,,
3075,351,filterLoc,,
3075,354,filterLoc,,
3075,357,filterLoc,,
3075,360,filterLoc,,
3075,363,filterLoc,,
3075,366,filterLoc,,
3075,369,filterLoc,,
3075,372,filterLoc,,
3075,375,filterLoc,,
3075,378,filterLoc,,
3075,381,filterLoc,,
3075,384,filterLoc,,
3075,387,filterLoc,,
3075,390,filterLoc,,
3075,393,filterLoc,,
3075,396,filterLoc,,
3075,399,filterLoc,,
3075,402,filterLoc,,
3075,405,filterLoc,,
3075,408,filterLoc,,
3075,411,filterLoc,,
3075,414,filterLoc,,
3075,417,filterLoc,,
3075,420,filterLoc,,
3075,423,filterLoc,,
3075,426,filterLoc,,
3075,429,filterLoc,,
3075,432,filterLoc,,
3075,435,filterLoc,,
3075,438,filterLoc,,
3075,441,filterLoc,,
3075,444,filterLoc,,
3075,447,filterLoc,,
3075,450,filterLoc,,
3075,453,filterLoc,,
3075,456,filterLoc,,
3075,459,filterLoc,,
3075,462,filterLoc,,
3075,465,filterLoc,,
3075,468,filterLoc,,
3075,471,filterLoc,,
3075,474,filterLoc,,
3075,477,filterLoc,,
3075,480,filterLoc,,
3075,483,filterLoc,,
3075,486,filterLoc,,
3075,489,filterLoc,,
3075,492,filterLoc,,
3075,495,filterLoc,,
3075,498,filterLoc,,
3075,501,filterLoc,,
3075,504,filterLoc,,
3075,507,filterLoc,,
3075,510,filterLoc,,
3075,513,filterLoc,,
3075,516,filterLoc,,
3075,519,filterLoc,,
3075,522,filterLoc,,
3075,525,filterLoc,,
3075,528,filterLoc,,
3075,531,filterLoc,,
3075,534,filterLoc,,
3075,537,filterLoc,,
3075,540,filterLoc,,
3075,543,filterLoc,,
3075,546,filterLoc,,
3075,549,filterLoc,,
3075,552,filterLoc,,
3075,555,filterLoc,,
3075,558,filterLoc,,
3075,561,filterLoc,,
3075,564,filterLoc,,
3075,567,filterLoc,,
3075,570,filterLoc,,
3075,573,filterLoc,,
3075,576,filterLoc,,
3075,579,filterLoc,,
3075,582,filterLoc,,
3075,585,filterLoc,,
3075,588,filterLoc,,
3075,591,filterLoc,,
3075,594,filterLoc,,
3075,597,filterLoc,,
3075,600,filterLoc,,
3075,603,filterLoc,,
3075,606,filterLoc,,
3075,609,filterLoc,,
3075,612,filterLoc,,
3075,615,filterLoc,,
3075,618,filterLoc,,
3075,621,filterLoc,,
3075,624,filterLoc,,
3075,627,filterLoc,,
3075,630,filterLoc,,
3075,633,filterLoc,,
3075,636,filterLoc,,
3075,639,filterLoc,,
3075,642,filterLoc,,
3075,645,filterLoc,,
3075,648,filterLoc,,
3075,651,filterLoc,,
3075,654,filterLoc,,
3075,657,filterLoc,,
3075,660,filterLoc,,
3075,663,filterLoc,,
3075,666,filterLoc,,
3075,669,filterLoc,,
3075,672,filterLoc,,
3075,675,filterLoc,,
3075,678,filterLoc,,
3075,681,filterLoc,,
3075,684,filterLoc,,
3075,687,filterLoc,,
3075,690,filterLoc,,
3075,693,filterLoc,,
3075,696,filterLoc,,
3075,699,filterLoc,,
3075,702,filterLoc,,
3075,705,filterLoc,,
3075,708,filterLoc,,
3075,711,filterLoc,,
3075,714,filterLoc,,
3075,717,filterLoc,,
3075,720,filterLoc,,
3075,723,filterLoc,,
3075,726,filterLoc,,
3075,729,filterLoc,,
3075,732,filterLoc,,
3075,735,filterLoc,,
3075,738,filterLoc,,
3075,741,filterLoc,,
3075,744,filterLoc,,
3075,747,filterLoc,,
3075,750,filterLoc,,
3075,753,filterLoc,,
3075,756,filterLoc,,
3075,759,filterLoc,,
3075,762,filterLoc,,
3075,765,filterLoc,,
3075,768,filterLoc,,
3075,771,filterLoc,,
3075,774,filterLoc,,
3075,777,filterLoc,,
3075,780,filterLoc,,
3075,783,filterLoc,,
3075,786,filterLoc,,
3075,789,filterLoc,,
3075,792,filterLoc,,
3075,795,filterLoc,,
3075,798,filterLoc,,
3075,801,filterLoc,,
3075,804,filterLoc,,
3075,807,filterLoc,,
3075,810,filterLoc,,
3075,813,filterLoc,,
3075,816,filterLoc,,
3075,819,filterLoc,,
3075,822,filterLoc,,
3075,825,filterLoc,,
3075,828,filterLoc,,
3075,831,filterLoc,,
3075,834,filterLoc,,
3075,837,filterLoc,,
3075,840,filterLoc,,
3075,843,filterLoc,,
3075,846,filterLoc,,
3075,849,filterLoc,,
3075,852,filterLoc,,
3075,855,filterLoc,,
3075,858,filterLoc,,
3075,861,filterLoc,,
3075,864,filterLoc,,
3075,867,filterLoc,,
3075,870,filterLoc,,
3075,873,filterLoc,,
3075,876,filterLoc,,
3075,879,filterLoc,,
3075,882,filterLoc,,
3075,885,filterLoc,,
3075,888,filterLoc,,
3075,891,filterLoc,,
3075,894,filterLoc,,
3075,897,filterLoc,,
3075,900,filterLoc,,
3075,903,filterLoc,,
3075,906,filterLoc,,
3075,909,filterLoc,,
3075,912,filterLoc,,
3075,915,filterLoc,,
3075,918,filterLoc,,
3075,921,filterLoc,,
3075,924,filterLoc,,
3075,927,filterLoc,,
3075,930,filterLoc,,
3075,933,filterLoc,,
3075,936,filterLoc,,
3075,939,filterLoc,,
3075,942,filterLoc,,
3075,945,filterLoc,,
3075,948,filterLoc,,
3075,951,filterLoc,,
3075,954,filterLoc,,
3075,957,filterLoc,,
3075,960,filterLoc,,
3075,963,filterLoc,,
3075,966,filterLoc,,
3075,969,filterLoc,,
3075,972,filterLoc,,
3075,975,filterLoc,,
3075,978,filterLoc,,
3075,981,filterLoc,,
3075,984,filterLoc,,
3075,987,filterLoc,,
3075,990,filterLoc,,
3075,993,filterLoc,,
3075,996,filterLoc,,
3075,999,filterLoc,,
3075,1002,filterLoc,,
3075,1005,filterLoc,,
3075,1008,filterLoc,,
3075,1011,filterLoc,,
3075,1014,filterLoc,,
3075,1017,filterLoc,,
3075,1020,filterLoc,,
3075,1023,filterLoc,,
3075,1026,filterLoc,,
3075,1029,filterLoc,,
3075,1032,filterLoc,,
3075,1035,filterLoc,,
3075,1038,filterLoc,,
3075,1041,filterLoc,,
3075,1044,filterLoc,,
3075,1047,filterLoc,,
3075,1050,filterLoc,,
3075,1053,filterLoc,,
3075,1056,filterLoc,,
3075,1059,filterLoc,,
3075,1062,filterLoc,,
3075,1065,filterLoc,,
3075,1068,filterLoc,,
3075,1071,filterLoc,,
3075,1074,filterLoc,,
3075,1077,filterLoc,,
3075,1080,filterLoc,,
3075,1083,filterLoc,,
3075,1086,filterLoc,,
3075,1089,filterLoc,,
3075,1092,filterLoc,,
3075,1095,filterLoc,,
3075,1098,filterLoc,,
3075,1101,filterLoc,,
3075,1104,filterLoc,,
3075,1107,filterLoc,,
3075,1110,filterLoc,,
3075,1113,filterLoc,,
3075,1116,filterLoc,,
3075,1119,filterLoc,,
3075,1122,filterLoc,,
3075,1125,filterLoc,,
3075,1132,filterLoc,,
3075,1135,filterLoc,,
3075,1138,filterLoc,,
3075,1141,filterLoc,,
3075,1144,filterLoc,,
3075,1147,filterLoc,,
3075,1150,filterLoc,,
3075,1153,filterLoc,,
3075,1156,filterLoc,,;Evacuee;57;in triage category;Y;is leaving helicopter;3
3075,1159,filterLoc,,
3075,1162,filterLoc,,
3075,1165,filterLoc,,
3075,1172,filterLoc,,
3075,1175,filterLoc,,
3075,1178,filterLoc,,
3075,1181,filterLoc,,
3075,1184,filterLoc,,
3075,1187,filterLoc,,
3075,1190,filterLoc,,
3075,1193,filterLoc,,
3075,1196,filterLoc,,
3075,1199,filterLoc,,
3075,1202,filterLoc,,
3075,1205,filterLoc,,
3075,1208,filterLoc,,
3075,1211,filterLoc,,
3075,1214,filterLoc,,
3075,1217,filterLoc,,
3075,1220,filterLoc,,
3075,1223,filterLoc,,
3075,1226,filterLoc,,
3075,1229,filterLoc,,
3075,1232,filterLoc,,
3075,1235,filterLoc,,
3075,1238,filterLoc,,
3075,1241,filterLoc,,
3075,1244,filterLoc,,
3075,1247,filterLoc,,
3075,1250,filterLoc,,
3075,1253,filterLoc,,
3075,1256,filterLoc,,
3075,1259,filterLoc,,
3075,1262,filterLoc,,
3075,1265,filterLoc,,
3075,1268,filterLoc,,
3075,1271,filterLoc,,
3075,1274,filterLoc,,
3075,1277,filterLoc,,
3075,1280,filterLoc,,
3075,1283,filterLoc,,
3075,1286,filterLoc,,
3075,1289,filterLoc,,
3075,1292,filterLoc,,
3075,1295,filterLoc,,
3075,1298,filterLoc,,
3075,1301,filterLoc,,
3075,1304,filterLoc,,
3075,1307,filterLoc,,
3075,1310,filterLoc,,
3075,1313,filterLoc,,;Evacuee;58;in triage category;Y;is leaving helicopter;3
3075,1316,filterLoc,,
3075,1319,filterLoc,,
3075,1322,filterLoc,,
3075,1325,filterLoc,,
3075,1328,filterLoc,,
3075,1331,filterLoc,,
3075,1334,filterLoc,,
3075,1337,filterLoc,,
3075,1340,filterLoc,,
3075,1343,filterLoc,,
3075,1346,filterLoc,,
3075,1349,filterLoc,,
3075,1352,filterLoc,,
3075,1355,filterLoc,,
3075,1358,filterLoc,,
3075,1361,filterLoc,,
3075,1364,filterLoc,,
3075,1367,filterLoc,,
3075,1370,filterLoc,,
3075,1373,filterLoc,,
3075,1376,filterLoc,,
3075,1379,filterLoc,,
3075,1382,filterLoc,,
3075,1385,filterLoc,,
3075,1388,filterLoc,,
3075,1391,filterLoc,,
3075,1394,filterLoc,,
3075,1397,filterLoc,,
3075,1400,filterLoc,,
3075,1403,filterLoc,,
3075,1406,filterLoc,,
3075,1409,filterLoc,,
3075,1412,filterLoc,,
3075,1415,filterLoc,,
3075,1418,filterLoc,,
3075,1421,filterLoc,,
3075,1424,filterLoc,,
3075,1427,filterLoc,,
3075,1430,filterLoc,,
3075,1433,filterLoc,,
3075,1436,filterLoc,,
3075,1439,filterLoc,,
3075,1442,filterLoc,,
3075,1445,filterLoc,,
3075,1448,filterLoc,,
3075,1451,filterLoc,,
3075,1454,filterLoc,,
3075,1457,filterLoc,,
3075,1460,filterLoc,,
3075,1463,filterLoc,,
3075,1466,filterLoc,,
3075,1469,filterLoc,,
3075,1472,filterLoc,,
3075,1475,filterLoc,,
3075,1478,filterLoc,,
3075,1481,filterLoc,,
3075,1484,filterLoc,,
3075,1487,filterLoc,,
3075,1490,filterLoc,,
3075,1493,filterLoc,,
3075,1496,filterLoc,,
3075,1499,filterLoc,,
3075,1502,filterLoc,,;Evacuee;59;in triage category;Y;is leaving helicopter;3
3075,1505,filterLoc,,
3075,1508,filterLoc,,
3075,1511,filterLoc,,
3075,1514,filterLoc,,
3075,1517,filterLoc,,
3075,1156,filterLoc,out,Evacuee 57 in triage category Y is not assigned a helicopter
3075,1156,filterLoc,,
3075,1157,evacuee,,Evacuee;57;in triage state;Y;is entering the FOL
3075,1313,filterLoc,out,Evacuee 58 in triage category Y is not assigned a helicopter
3075,1313,filterLoc,,
3075,1314,evacuee,,Evacuee;58;in triage state;Y;is entering the FOL
3075,1502,filterLoc,out,Evacuee 59 in triage category Y is not assigned a helicopter
3075,1502,filterLoc,,
3075,1503,evacuee,,Evacuee;59;in triage state;Y;is entering the FOL
3075,226,FOL,,;EvacueeID;51;Triage Status;Y;EvacueeID;52;Triage Status;Y;EvacueeID;53;Triage Status;Y;EvacueeID;1;Triage Status;W;EvacueeID;2;Triage Status;W;EvacueeID;3;Triage Status;W;EvacueeID;4;Triage Status;W;EvacueeID;5;Triage Status;W;EvacueeID;6;Triage Status;W;EvacueeID;7;Triage Status;W;EvacueeID;8;Triage Status;W;EvacueeID;9;Triage Status;W;EvacueeID;10;Triage Status;W;EvacueeID;57;Triage Status;Y;EvacueeID;58;Triage Status;Y;EvacueeID;59;Triage Status;Y;Lives Saved;16
3075,1157,evacuee,outFOL,Evacuee 57 in triage category Y is not assigned a helicopter
3075,1157,evacuee,,Evacuee;57;in triage state;Y;is at the FOL
3075,1314,evacuee,outFOL,Evacuee 58 in triage category Y is not assigned a helicopter
3075,1314,evacuee,,Evacuee;58;in triage state;Y;is at the FOL
3075,1503,evacuee,outFOL,Evacuee 59 in triage category Y is not assigned a helicopter
3075,1503,evacuee,,Evacuee;59;in triage state;Y;is at the FOL
3075,226,FOL,,;EvacueeID;51;Triage Status;Y;EvacueeID;52;Triage Status;Y;EvacueeID;53;Triage Status;Y;EvacueeID;1;Triage Status;W;EvacueeID;2;Triage Status;W;EvacueeID;3;Triage Status;W;EvacueeID;4;Triage Status;W;EvacueeID;5;Triage Status;W;EvacueeID;6;Triage Status;W;EvacueeID;7;Triage Status;W;EvacueeID;8;Triage Status;W;EvacueeID;9;Triage Status;W;EvacueeID;10;Triage Status;W;EvacueeID;57;Triage Status;Y;EvacueeID;58;Triage Status;Y;EvacueeID;59;Triage Status;Y;Lives Saved;16
3090,108,helicopter,,Helicopter;3;Is going to the evacuation site;;and has;0;spots taken
3105,5,helicopterQueue,,1;Helos are waiting to land;HeloID;2
3105,1130,helicopter,outES,Helicopter 2 is evacuating people2
3105,1130,helicopter,,Helicopter;2;is waiting to land at the evacuation site;;and has;0;spots taken
3105,4,helipadManager,,Helo;2;is at the ES
3105,5,helicopterQueue,outHM,Helicopter 2 is evacuating people2
3105,5,helicopterQueue,outHelo,Helicopter 2 is evacuating people2
3105,5,helicopterQueue,,;No helos are waiting to land
3105,107,filterES,,
3105,1129,filterES,,Helicopter;2;is evacuating people
3105,1169,filterES,,
3105,1129,filterES,out,Helicopter 2 is evacuating people2
3105,1129,filterES,,
3105,1130,helicopter,,Helicopter;2;is waiting to land at the evacuation site;;and has;0;spots taken
3105,1130,helicopter,,Helicopter;2;is loading people at the evacuation site;;and has;0;spots taken
3120,3,evacueeManager,,OFF SHIP: White;0;Green;0;Yellow;410;Red;0;Black;25;ON SHIP: White;38;Green;2;Yellow;3;Red;0;Evacuees to Transfer;;EvacueeID;63;HeloID;2;OnShip;0;Triage Status;Y;EvacueeID;64;HeloID;2;OnShip;0;Triage Status;Y;EvacueeID;65;HeloID;2;OnShip;0;Triage Status;Y
3120,4,helipadManager,outEM,Helicopter 2 is evacuating people2
3120,4,helipadManager,outHelo,Helicopter 2 is evacuating people2
3120,4,helipadManager,,;No helos are at ES
3120,107,filterES,,
3120,1129,filterES,,Helicopter;2;is evacuating people
3120,1169,filterES,,
3120,3,evacueeManager,outEvac,Evacuee 63 in triage category Y is assigned helicopter 2
3120,3,evacueeManager,outEvac,Evacuee 64 in triage category Y is assigned helicopter 2
3120,3,evacueeManager,outEvac,Evacuee 65 in triage category Y is assigned helicopter 2
3120,3,evacueeManager,,OFF SHIP: White;0;Green;0;Yellow;410;Red;0;Black;25;ON SHIP: White;38;Green;2;Yellow;3;Red;0;Evacuees to Transfer;
3120,4,helipadManager,outHQ,0
3120,4,helipadManager,,;No helos are at ES
3120,5,helicopterQueue,,;No helos are waiting to land
3120,7,filterLoc,,
3120,10,filterLoc,,
3120,13,filterLoc,,
3120,16,filterLoc,,
3120,19,filterLoc,,
3120,22,filterLoc,,
3120,25,filterLoc,,
3120,28,filterLoc,,
3120,31,filterLoc,,
3120,34,filterLoc,,
3120,37,filterLoc,,
3120,40,filterLoc,,
3120,43,filterLoc,,
3120,46,filterLoc,,
3120,49,filterLoc,,
3120,52,filterLoc,,
3120,55,filterLoc,,
3120,58,filterLoc,,
3120,61,filterLoc,,
3120,64,filterLoc,,
3120,67,filterLoc,,
3120,70,filterLoc,,
3120,73,filterLoc,,
3120,76,filterLoc,,
3120,79,filterLoc,,
3120,82,filterLoc,,
3120,85,filterLoc,,
3120,88,filterLoc,,
3120,91,filterLoc,,
3120,94,filterLoc,,
3120,97,filterLoc,,
3120,100,filterLoc,,
3120,103,filterLoc,,
3120,110,filterLoc,,
3120,113,filterLoc,,
3120,116,filterLoc,,
3120,119,filterLoc,,
3120,122,filterLoc,,
3120,125,filterLoc,,
3120,128,filterLoc,,
3120,131,filterLoc,,
3120,134,filterLoc,,
3120,137,filterLoc,,
3120,140,filterLoc,,
3120,143,filterLoc,,
3120,146,filterLoc,,
3120,149,filterLoc,,
3120,152,filterLoc,,
3120,155,filterLoc,,
3120,158,filterLoc,,
3120,161,filterLoc,,
3120,164,filterLoc,,
3120,167,filterLoc,,
3120,170,filterLoc,,
3120,173,filterLoc,,
3120,176,filterLoc,,
3120,179,filterLoc,,
3120,182,filterLoc,,
3120,185,filterLoc,,
3120,188,filterLoc,,
3120,191,filterLoc,,
3120,194,filterLoc,,
3120,197,filterLoc,,
3120,200,filterLoc,,
3120,203,filterLoc,,
3120,206,filterLoc,,
3120,209,filterLoc,,
3120,212,filterLoc,,
3120,215,filterLoc,,
3120,218,filterLoc,,
3120,221,filterLoc,,
3120,224,filterLoc,,
3120,228,filterLoc,,
3120,231,filterLoc,,
3120,234,filterLoc,,
3120,237,filterLoc,,
3120,240,filterLoc,,
3120,243,filterLoc,,
3120,246,filterLoc,,
3120,249,filterLoc,,
3120,252,filterLoc,,
3120,255,filterLoc,,
3120,258,filterLoc,,
3120,261,filterLoc,,
3120,264,filterLoc,,
3120,267,filterLoc,,
3120,270,filterLoc,,
3120,273,filterLoc,,
3120,276,filterLoc,,
3120,279,filterLoc,,
3120,282,filterLoc,,
3120,285,filterLoc,,
3120,288,filterLoc,,
3120,291,filterLoc,,
3120,294,filterLoc,,
3120,297,filterLoc,,
3120,300,filterLoc,,
3120,303,filterLoc,,
3120,306,filterLoc,,
3120,309,filterLoc,,
3120,312,filterLoc,,
3120,315,filterLoc,,
3120,318,filterLoc,,
3120,321,filterLoc,,
3120,324,filterLoc,,
3120,327,filterLoc,,
3120,330,filterLoc,,
3120,333,filterLoc,,
3120,336,filterLoc,,
3120,339,filterLoc,,
3120,342,filterLoc,,
3120,345,filterLoc,,
3120,348,filterLoc,,
3120,351,filterLoc,,
3120,354,filterLoc,,
3120,357,filterLoc,,
3120,360,filterLoc,,
3120,363,filterLoc,,
3120,366,filterLoc,,
3120,369,filterLoc,,
3120,372,filterLoc,,
3120,375,filterLoc,,
3120,378,filterLoc,,
3120,381,filterLoc,,
3120,384,filterLoc,,
3120,387,filterLoc,,
3120,390,filterLoc,,
3120,393,filterLoc,,
3120,396,filterLoc,,
3120,399,filterLoc,,
3120,402,filterLoc,,
3120,405,filterLoc,,
3120,408,filterLoc,,
3120,411,filterLoc,,
3120,414,filterLoc,,
3120,417,filterLoc,,
3120,420,filterLoc,,
3120,423,filterLoc,,
3120,426,filterLoc,,
3120,429,filterLoc,,
3120,432,filterLoc,,
3120,435,filterLoc,,
3120,438,filterLoc,,
3120,441,filterLoc,,
3120,444,filterLoc,,
3120,447,filterLoc,,
3120,450,filterLoc,,
3120,453,filterLoc,,
3120,456,filterLoc,,
3120,459,filterLoc,,
3120,462,filterLoc,,
3120,465,filterLoc,,
3120,468,filterLoc,,
3120,471,filterLoc,,
3120,474,filterLoc,,
3120,477,filterLoc,,
3120,480,filterLoc,,
3120,483,filterLoc,,
3120,486,filterLoc,,
3120,489,filterLoc,,
3120,492,filterLoc,,
3120,495,filterLoc,,
3120,498,filterLoc,,
3120,501,filterLoc,,
3120,504,filterLoc,,
3120,507,filterLoc,,
3120,510,filterLoc,,
3120,513,filterLoc,,
3120,516,filterLoc,,
3120,519,filterLoc,,
3120,522,filterLoc,,
3120,525,filterLoc,,
3120,528,filterLoc,,
3120,531,filterLoc,,
3120,534,filterLoc,,
3120,537,filterLoc,,
3120,540,filterLoc,,
3120,543,filterLoc,,
3120,546,filterLoc,,
3120,549,filterLoc,,
3120,552,filterLoc,,
3120,555,filterLoc,,
3120,558,filterLoc,,
3120,561,filterLoc,,
3120,564,filterLoc,,
3120,567,filterLoc,,
3120,570,filterLoc,,
3120,573,filterLoc,,
3120,576,filterLoc,,
3120,579,filterLoc,,
3120,582,filterLoc,,
3120,585,filterLoc,,
3120,588,filterLoc,,
3120,591,filterLoc,,
3120,594,filterLoc,,
3120,597,filterLoc,,
3120,600,filterLoc,,
3120,603,filterLoc,,
3120,606,filterLoc,,
3120,609,filterLoc,,
3120,612,filterLoc,,
3120,615,filterLoc,,
3120,618,filterLoc,,
3120,621,filterLoc,,
3120,624,filterLoc,,
3120,627,filterLoc,,
3120,630,filterLoc,,
3120,633,filterLoc,,
3120,636,filterLoc,,
3120,639,filterLoc,,
3120,642,filterLoc,,
3120,645,filterLoc,,
3120,648,filterLoc,,
3120,651,filterLoc,,
3120,654,filterLoc,,
3120,657,filterLoc,,
3120,660,filterLoc,,
3120,663,filterLoc,,
3120,666,filterLoc,,
3120,669,filterLoc,,
3120,672,filterLoc,,
3120,675,filterLoc,,
3120,678,filterLoc,,
3120,681,filterLoc,,
3120,684,filterLoc,,
3120,687,filterLoc,,
3120,690,filterLoc,,
3120,693,filterLoc,,
3120,696,filterLoc,,
3120,699,filterLoc,,
3120,702,filterLoc,,
3120,705,filterLoc,,
3120,708,filterLoc,,
3120,711,filterLoc,,
3120,714,filterLoc,,
3120,717,filterLoc,,
3120,720,filterLoc,,
3120,723,filterLoc,,
3120,726,filterLoc,,
3120,729,filterLoc,,
3120,732,filterLoc,,
3120,735,filterLoc,,
3120,738,filterLoc,,
3120,741,filterLoc,,
3120,744,filterLoc,,
3120,747,filterLoc,,
3120,750,filterLoc,,;Evacuee;65;in triage category;Y;is entering helicopter;2
3120,753,filterLoc,,
3120,756,filterLoc,,
3120,759,filterLoc,,
3120,762,filterLoc,,
3120,765,filterLoc,,
3120,768,filterLoc,,
3120,771,filterLoc,,
3120,774,filterLoc,,
3120,777,filterLoc,,
3120,780,filterLoc,,
3120,783,filterLoc,,
3120,786,filterLoc,,
3120,789,filterLoc,,
3120,792,filterLoc,,
3120,795,filterLoc,,
3120,798,filterLoc,,
3120,801,filterLoc,,
3120,804,filterLoc,,
3120,807,filterLoc,,
3120,810,filterLoc,,
3120,813,filterLoc,,
3120,816,filterLoc,,
3120,819,filterLoc,,
3120,822,filterLoc,,
3120,825,filterLoc,,
3120,828,filterLoc,,
3120,831,filterLoc,,
3120,834,filterLoc,,
3120,837,filterLoc,,
3120,840,filterLoc,,
3120,843,filterLoc,,
3120,846,filterLoc,,
3120,849,filterLoc,,
3120,852,filterLoc,,
3120,855,filterLoc,,
3120,858,filterLoc,,
3120,861,filterLoc,,
3120,864,filterLoc,,
3120,867,filterLoc,,
3120,870,filterLoc,,
3120,873,filterLoc,,
3120,876,filterLoc,,
3120,879,filterLoc,,
3120,882,filterLoc,,
3120,885,filterLoc,,
3120,888,filterLoc,,
3120,891,filterLoc,,
3120,894,filterLoc,,
3120,897,filterLoc,,
3120,900,filterLoc,,
3120,903,filterLoc,,
3120,906,filterLoc,,
3120,909,filterLoc,,
3120,912,filterLoc,,
3120,915,filterLoc,,
3120,918,filterLoc,,
3120,921,filterLoc,,
3120,924,filterLoc,,
3120,927,filterLoc,,
3120,930,filterLoc,,
3120,933,filterLoc,,
3120,936,filterLoc,,
3120,939,filterLoc,,
3120,942,filterLoc,,
3120,945,filterLoc,,
3120,948,filterLoc,,
3120,951,filterLoc,,
3120,954,filterLoc,,
3120,957,filterLoc,,
3120,960,filterLoc,,
3120,963,filterLoc,,
3120,966,filterLoc,,
3120,969,filterLoc,,
3120,972,filterLoc,,
3120,975,filterLoc,,
3120,978,filterLoc,,
3120,981,filterLoc,,
3120,984,filterLoc,,
3120,987,filterLoc,,
3120,990,filterLoc,,
3120,993,filterLoc,,
3120,996,filterLoc,,
3120,999,filterLoc,,
3120,1002,filterLoc,,
3120,1005,filterLoc,,
3120,1008,filterLoc,,
3120,1011,filterLoc,,
3120,1014,filterLoc,,
3120,1017,filterLoc,,
3120,1020,filterLoc,,
3120,1023,filterLoc,,
3120,1026,filterLoc,,
3120,1029,filterLoc,,
3120,1032,filterLoc,,
3120,1035,filterLoc,,
3120,1038,filterLoc,,
3120,1041,filterLoc,,
3120,1044,filterLoc,,;Evacuee;64;in triage category;Y;is entering helicopter;2
3120,1047,filterLoc,,
3120,1050,filterLoc,,
3120,1053,filterLoc,,
3120,1056,filterLoc,,
3120,1059,filterLoc,,
3120,1062,filterLoc,,
3120,1065,filterLoc,,
3120,1068,filterLoc,,
3120,1071,filterLoc,,
3120,1074,filterLoc,,
3120,1077,filterLoc,,
3120,1080,filterLoc,,
3120,1083,filterLoc,,
3120,1086,filterLoc,,
3120,1089,filterLoc,,
3120,1092,filterLoc,,
3120,1095,filterLoc,,
3120,1098,filterLoc,,
3120,1101,filterLoc,,
3120,1104,filterLoc,,
3120,1107,filterLoc,,
3120,1110,filterLoc,,
3120,1113,filterLoc,,
3120,1116,filterLoc,,
3120,1119,filterLoc,,
3120,1122,filterLoc,,
3120,1125,filterLoc,,
3120,1129,filterES,out,Helicopter 2 is evacuating people2
3120,1129,filterES,,
3120,1130,helicopter,,Helicopter;2;is loading people at the evacuation site;;and has;0;spots taken
3120,1132,filterLoc,,
3120,1135,filterLoc,,;Evacuee;63;in triage category;Y;is entering helicopter;2
3120,1138,filterLoc,,
3120,1141,filterLoc,,
3120,1144,filterLoc,,
3120,1147,filterLoc,,
3120,1150,filterLoc,,
3120,1153,filterLoc,,
3120,1156,filterLoc,,
3120,1159,filterLoc,,
3120,1162,filterLoc,,
3120,1165,filterLoc,,
3120,1172,filterLoc,,
3120,1175,filterLoc,,
3120,1178,filterLoc,,
3120,1181,filterLoc,,
3120,1184,filterLoc,,
3120,1187,filterLoc,,
3120,1190,filterLoc,,
3120,1193,filterLoc,,
3120,1196,filterLoc,,
3120,1199,filterLoc,,
3120,1202,filterLoc,,
3120,1205,filterLoc,,
3120,1208,filterLoc,,
3120,1211,filterLoc,,
3120,1214,filterLoc,,
3120,1217,filterLoc,,
3120,1220,filterLoc,,
3120,1223,filterLoc,,
3120,1226,filterLoc,,
3120,1229,filterLoc,,
3120,1232,filterLoc,,
3120,1235,filterLoc,,
3120,1238,filterLoc,,
3120,1241,filterLoc,,
3120,1244,filterLoc,,
3120,1247,filterLoc,,
3120,1250,filterLoc,,
3120,1253,filterLoc,,
3120,1256,filterLoc,,
3120,1259,filterLoc,,
3120,1262,filterLoc,,
3120,1265,filterLoc,,
3120,1268,filterLoc,,
3120,1271,filterLoc,,
3120,1274,filterLoc,,
3120,1277,filterLoc,,
3120,1280,filterLoc,,
3120,1283,filterLoc,,
3120,1286,filterLoc,,
3120,1289,filterLoc,,
3120,1292,filterLoc,,
3120,1295,filterLoc,,
3120,1298,filterLoc,,
3120,1301,filterLoc,,
3120,1304,filterLoc,,
3120,1307,filterLoc,,
3120,1310,filterLoc,,
3120,1313,filterLoc,,
3120,1316,filterLoc,,
3120,1319,filterLoc,,
3120,1322,filterLoc,,
3120,1325,filterLoc,,
3120,1328,filterLoc,,
3120,1331,filterLoc,,
3120,1334,filterLoc,,
3120,1337,filterLoc,,
3120,1340,filterLoc,,
3120,1343,filterLoc,,
3120,1346,filterLoc,,
3120,1349,filterLoc,,
3120,1352,filterLoc,,
3120,1355,filterLoc,,
3120,1358,filterLoc,,
3120,1361,filterLoc,,
3120,1364,filterLoc,,
3120,1367,filterLoc,,
3120,1370,filterLoc,,
3120,1373,filterLoc,,
3120,1376,filterLoc,,
3120,1379,filterLoc,,
3120,1382,filterLoc,,
3120,1385,filterLoc,,
3120,1388,filterLoc,,
3120,1391,filterLoc,,
3120,1394,filterLoc,,
3120,1397,filterLoc,,
3120,1400,filterLoc,,
3120,1403,filterLoc,,
3120,1406,filterLoc,,
3120,1409,filterLoc,,
3120,1412,filterLoc,,
3120,1415,filterLoc,,
3120,1418,filterLoc,,
3120,1421,filterLoc,,
3120,1424,filterLoc,,
3120,1427,filterLoc,,
3120,1430,filterLoc,,
3120,1433,filterLoc,,
3120,1436,filterLoc,,
3120,1439,filterLoc,,
3120,1442,filterLoc,,
3120,1445,filterLoc,,
3120,1448,filterLoc,,
3120,1451,filterLoc,,
3120,1454,filterLoc,,
3120,1457,filterLoc,,
3120,1460,filterLoc,,
3120,1463,filterLoc,,
3120,1466,filterLoc,,
3120,1469,filterLoc,,
3120,1472,filterLoc,,
3120,1475,filterLoc,,
3120,1478,filterLoc,,
3120,1481,filterLoc,,
3120,1484,filterLoc,,
3120,1487,filterLoc,,
3120,1490,filterLoc,,
3120,1493,filterLoc,,
3120,1496,filterLoc,,
3120,1499,filterLoc,,
3120,1502,filterLoc,,
3120,1505,filterLoc,,
3120,1508,filterLoc,,
3120,1511,filterLoc,,
3120,1514,filterLoc,,
3120,1517,filterLoc,,
3120,5,helicopterQueue,,;No helos are waiting to land
3120,750,filterLoc,out,Evacuee 65 in triage category Y is assigned helicopter 2
3120,750,filterLoc,,
3120,751,evacuee,,Evacuee;65;in triage state;Y;is entering helicopter;2
3120,1044,filterLoc,out,Evacuee 64 in triage category Y is assigned helicopter 2
3120,1044,filterLoc,,
3120,1045,evacuee,,Evacuee;64;in triage state;Y;is entering helicopter;2
3120,1130,helicopter,,Helicopter;2;is returning to the FOL;;and has;0;spots taken
3120,1135,filterLoc,out,Evacuee 63 in triage category Y is assigned helicopter 2
3120,1135,filterLoc,,
3120,1136,evacuee,,Evacuee;63;in triage state;Y;is entering helicopter;2
3120,106,filterEvac,,
3120,751,evacuee,outHelo,Evacuee 65 in triage category Y is assigned helicopter 2
3120,751,evacuee,,Evacuee;65;in triage state;Y;is in helicopter;2
3120,1045,evacuee,outHelo,Evacuee 64 in triage category Y is assigned helicopter 2
3120,1045,evacuee,,Evacuee;64;in triage state;Y;is in helicopter;2
3120,1128,filterEvac,,;Evacuee;63;in triage category;Y;is entering helicopter;2;Evacuee;64;in triage category;Y;is entering helicopter;2;Evacuee;65;in triage category;Y;is entering helicopter;2
3120,1136,evacuee,outHelo,Evacuee 63 in triage category Y is assigned helicopter 2
3120,1136,evacuee,,Evacuee;63;in triage state;Y;is in helicopter;2
3120,1168,filterEvac,,
3120,1128,filterEvac,out,Evacuee 63 in triage category Y is assigned helicopter 2
3120,1128,filterEvac,out,Evacuee 64 in triage category Y is assigned helicopter 2
3120,1128,filterEvac,out,Evacuee 65 in triage category Y is assigned helicopter 2
3120,1128,filterEvac,,
3120,1130,helicopter,,Helicopter;2;is returning to the FOL;;and has;9;spots taken
3135,7,filterLoc,,
3135,10,filterLoc,,
3135,13,filterLoc,,
3135,16,filterLoc,,
3135,19,filterLoc,,
3135,22,filterLoc,,
3135,25,filterLoc,,
3135,28,filterLoc,,
3135,31,filterLoc,,
3135,34,filterLoc,,
3135,37,filterLoc,,
3135,40,filterLoc,,
3135,43,filterLoc,,
3135,46,filterLoc,,
3135,49,filterLoc,,
3135,52,filterLoc,,
3135,55,filterLoc,,
3135,58,filterLoc,,
3135,61,filterLoc,,
3135,64,filterLoc,,
3135,67,filterLoc,,
3135,70,filterLoc,,
3135,73,filterLoc,,
3135,76,filterLoc,,
3135,79,filterLoc,,
3135,82,filterLoc,,
3135,85,filterLoc,,
3135,88,filterLoc,,
3135,91,filterLoc,,
3135,94,filterLoc,,
3135,97,filterLoc,,
3135,100,filterLoc,,
3135,103,filterLoc,,
3135,110,filterLoc,,
3135,113,filterLoc,,
3135,116,filterLoc,,
3135,119,filterLoc,,
3135,122,filterLoc,,
3135,125,filterLoc,,
3135,128,filterLoc,,
3135,131,filterLoc,,
3135,134,filterLoc,,
3135,137,filterLoc,,
3135,140,filterLoc,,
3135,143,filterLoc,,
3135,146,filterLoc,,
3135,149,filterLoc,,
3135,152,filterLoc,,
3135,155,filterLoc,,
3135,158,filterLoc,,
3135,161,filterLoc,,
3135,164,filterLoc,,
3135,167,filterLoc,,
3135,170,filterLoc,,
3135,173,filterLoc,,
3135,176,filterLoc,,
3135,179,filterLoc,,
3135,182,filterLoc,,
3135,185,filterLoc,,
3135,188,filterLoc,,
3135,191,filterLoc,,
3135,194,filterLoc,,
3135,197,filterLoc,,
3135,200,filterLoc,,
3135,203,filterLoc,,
3135,206,filterLoc,,
3135,209,filterLoc,,
3135,212,filterLoc,,
3135,215,filterLoc,,
3135,218,filterLoc,,
3135,221,filterLoc,,
3135,224,filterLoc,,
3135,228,filterLoc,,
3135,231,filterLoc,,
3135,234,filterLoc,,
3135,237,filterLoc,,
3135,240,filterLoc,,
3135,243,filterLoc,,
3135,246,filterLoc,,
3135,249,filterLoc,,
3135,252,filterLoc,,
3135,255,filterLoc,,
3135,258,filterLoc,,
3135,261,filterLoc,,
3135,264,filterLoc,,
3135,267,filterLoc,,
3135,270,filterLoc,,
3135,273,filterLoc,,
3135,276,filterLoc,,
3135,279,filterLoc,,
3135,282,filterLoc,,
3135,285,filterLoc,,
3135,288,filterLoc,,
3135,291,filterLoc,,
3135,294,filterLoc,,
3135,297,filterLoc,,
3135,300,filterLoc,,
3135,303,filterLoc,,
3135,306,filterLoc,,
3135,309,filterLoc,,
3135,312,filterLoc,,
3135,315,filterLoc,,
3135,318,filterLoc,,
3135,321,filterLoc,,
3135,324,filterLoc,,
3135,327,filterLoc,,
3135,330,filterLoc,,
3135,333,filterLoc,,
3135,336,filterLoc,,
3135,339,filterLoc,,
3135,342,filterLoc,,
3135,345,filterLoc,,
3135,348,filterLoc,,
3135,351,filterLoc,,
3135,354,filterLoc,,
3135,357,filterLoc,,
3135,360,filterLoc,,
3135,363,filterLoc,,
3135,366,filterLoc,,
3135,369,filterLoc,,
3135,372,filterLoc,,
3135,375,filterLoc,,
3135,378,filterLoc,,
3135,381,filterLoc,,
3135,384,filterLoc,,
3135,387,filterLoc,,
3135,390,filterLoc,,
3135,393,filterLoc,,
3135,396,filterLoc,,
3135,399,filterLoc,,
3135,402,filterLoc,,
3135,405,filterLoc,,
3135,408,filterLoc,,
3135,411,filterLoc,,
3135,414,filterLoc,,
3135,417,filterLoc,,
3135,420,filterLoc,,
3135,423,filterLoc,,
3135,426,filterLoc,,
3135,429,filterLoc,,
3135,432,filterLoc,,
3135,435,filterLoc,,
3135,438,filterLoc,,
3135,441,filterLoc,,
3135,444,filterLoc,,
3135,447,filterLoc,,
3135,450,filterLoc,,
3135,453,filterLoc,,
3135,456,filterLoc,,
3135,459,filterLoc,,
3135,462,filterLoc,,
3135,465,filterLoc,,
3135,468,filterLoc,,
3135,471,filterLoc,,
3135,474,filterLoc,,
3135,477,filterLoc,,
3135,480,filterLoc,,
3135,483,filterLoc,,
3135,486,filterLoc,,
3135,489,filterLoc,,
3135,492,filterLoc,,
3135,495,filterLoc,,
3135,498,filterLoc,,
3135,501,filterLoc,,
3135,504,filterLoc,,
3135,507,filterLoc,,
3135,510,filterLoc,,
3135,513,filterLoc,,
3135,516,filterLoc,,
3135,519,filterLoc,,
3135,522,filterLoc,,
3135,525,filterLoc,,
3135,528,filterLoc,,
3135,531,filterLoc,,
3135,534,filterLoc,,
3135,537,filterLoc,,
3135,540,filterLoc,,
3135,543,filterLoc,,
3135,546,filterLoc,,
3135,549,filterLoc,,
3135,552,filterLoc,,
3135,555,filterLoc,,
3135,558,filterLoc,,
3135,561,filterLoc,,
3135,564,filterLoc,,
3135,567,filterLoc,,
3135,570,filterLoc,,
3135,573,filterLoc,,
3135,576,filterLoc,,
3135,579,filterLoc,,
3135,582,filterLoc,,
3135,585,filterLoc,,
3135,588,filterLoc,,
3135,591,filterLoc,,
3135,594,filterLoc,,
3135,597,filterLoc,,
3135,600,filterLoc,,
3135,603,filterLoc,,
3135,606,filterLoc,,
3135,609,filterLoc,,
3135,612,filterLoc,,
3135,615,filterLoc,,
3135,618,filterLoc,,
3135,621,filterLoc,,
3135,624,filterLoc,,
3135,627,filterLoc,,
3135,630,filterLoc,,
3135,633,filterLoc,,
3135,636,filterLoc,,
3135,639,filterLoc,,
3135,642,filterLoc,,
3135,645,filterLoc,,
3135,648,filterLoc,,
3135,651,filterLoc,,
3135,654,filterLoc,,
3135,657,filterLoc,,
3135,660,filterLoc,,
3135,663,filterLoc,,
3135,666,filterLoc,,
3135,669,filterLoc,,
3135,672,filterLoc,,
3135,675,filterLoc,,
3135,678,filterLoc,,
3135,681,filterLoc,,
3135,684,filterLoc,,
3135,687,filterLoc,,
3135,690,filterLoc,,
3135,693,filterLoc,,
3135,696,filterLoc,,
3135,699,filterLoc,,
3135,702,filterLoc,,
3135,705,filterLoc,,
3135,708,filterLoc,,;Evacuee;62;in triage category;Y;is leaving helicopter;1
3135,711,filterLoc,,
3135,714,filterLoc,,
3135,717,filterLoc,,;Evacuee;60;in triage category;Y;is leaving helicopter;1
3135,720,filterLoc,,
3135,723,filterLoc,,
3135,726,filterLoc,,
3135,729,filterLoc,,
3135,732,filterLoc,,
3135,735,filterLoc,,
3135,738,filterLoc,,
3135,741,filterLoc,,
3135,744,filterLoc,,
3135,747,filterLoc,,
3135,750,filterLoc,,
3135,753,filterLoc,,
3135,756,filterLoc,,
3135,759,filterLoc,,
3135,762,filterLoc,,
3135,765,filterLoc,,
3135,768,filterLoc,,
3135,771,filterLoc,,
3135,774,filterLoc,,
3135,777,filterLoc,,
3135,780,filterLoc,,
3135,783,filterLoc,,
3135,786,filterLoc,,
3135,789,filterLoc,,
3135,792,filterLoc,,
3135,795,filterLoc,,
3135,798,filterLoc,,
3135,801,filterLoc,,
3135,804,filterLoc,,
3135,807,filterLoc,,
3135,810,filterLoc,,
3135,813,filterLoc,,
3135,816,filterLoc,,
3135,819,filterLoc,,
3135,822,filterLoc,,
3135,825,filterLoc,,
3135,828,filterLoc,,
3135,831,filterLoc,,
3135,834,filterLoc,,
3135,837,filterLoc,,
3135,840,filterLoc,,
3135,843,filterLoc,,
3135,846,filterLoc,,
3135,849,filterLoc,,
3135,852,filterLoc,,
3135,855,filterLoc,,
3135,858,filterLoc,,
3135,861,filterLoc,,
3135,864,filterLoc,,
3135,867,filterLoc,,
3135,870,filterLoc,,
3135,873,filterLoc,,
3135,876,filterLoc,,
3135,879,filterLoc,,
3135,882,filterLoc,,
3135,885,filterLoc,,
3135,888,filterLoc,,
3135,891,filterLoc,,
3135,894,filterLoc,,
3135,897,filterLoc,,
3135,900,filterLoc,,
3135,903,filterLoc,,
3135,906,filterLoc,,
3135,909,filterLoc,,
3135,912,filterLoc,,
3135,915,filterLoc,,
3135,918,filterLoc,,
3135,921,filterLoc,,
3135,924,filterLoc,,
3135,927,filterLoc,,
3135,930,filterLoc,,
3135,933,filterLoc,,
3135,936,filterLoc,,
3135,939,filterLoc,,
3135,942,filterLoc,,
3135,945,filterLoc,,
3135,948,filterLoc,,
3135,951,filterLoc,,
3135,954,filterLoc,,
3135,957,filterLoc,,
3135,960,filterLoc,,
3135,963,filterLoc,,
3135,966,filterLoc,,
3135,969,filterLoc,,
3135,972,filterLoc,,
3135,975,filterLoc,,
3135,978,filterLoc,,
3135,981,filterLoc,,
3135,984,filterLoc,,
3135,987,filterLoc,,
3135,990,filterLoc,,
3135,993,filterLoc,,
3135,996,filterLoc,,;Evacuee;61;in triage category;Y;is leaving helicopter;1
3135,999,filterLoc,,
3135,1002,filterLoc,,
3135,1005,filterLoc,,
3135,1008,filterLoc,,
3135,1011,filterLoc,,
3135,1014,filterLoc,,
3135,1017,filterLoc,,
3135,1020,filterLoc,,
3135,1023,filterLoc,,
3135,1026,filterLoc,,
3135,1029,filterLoc,,
3135,1032,filterLoc,,
3135,1035,filterLoc,,
3135,1038,filterLoc,,
3135,1041,filterLoc,,
3135,1044,filterLoc,,
3135,1047,filterLoc,,
3135,1050,filterLoc,,
3135,1053,filterLoc,,
3135,1056,filterLoc,,
3135,1059,filterLoc,,
3135,1062,filterLoc,,
3135,1065,filterLoc,,
3135,1068,filterLoc,,
3135,1071,filterLoc,,
3135,1074,filterLoc,,
3135,1077,filterLoc,,
3135,1080,filterLoc,,
3135,1083,filterLoc,,
3135,1086,filterLoc,,
3135,1089,filterLoc,,
3135,1092,filterLoc,,
3135,1095,filterLoc,,
3135,1098,filterLoc,,
3135,1101,filterLoc,,
3135,1104,filterLoc,,
3135,1107,filterLoc,,
3135,1110,filterLoc,,
3135,1113,filterLoc,,
3135,1116,filterLoc,,
3135,1119,filterLoc,,
3135,1122,filterLoc,,
3135,1125,filterLoc,,
3135,1132,filterLoc,,
3135,1135,filterLoc,,
3135,1138,filterLoc,,
3135,1141,filterLoc,,
3135,1144,filterLoc,,
3135,1147,filterLoc,,
3135,1150,filterLoc,,
3135,1153,filterLoc,,
3135,1156,filterLoc,,
3135,1159,filterLoc,,
3135,1162,filterLoc,,
3135,1165,filterLoc,,
3135,1170,helicopter,outEvac,Evacuee 60 in triage category Y is not assigned a helicopter
3135,1170,helicopter,outEvac,Evacuee 61 in triage category Y is not assigned a helicopter
3135,1170,helicopter,outEvac,Evacuee 62 in triage category Y is not assigned a helicopter
3135,1170,helicopter,,Helicopter;1;is unloading people at the FOL;;and has;0;spots taken
3135,1172,filterLoc,,
3135,1175,filterLoc,,
3135,1178,filterLoc,,
3135,1181,filterLoc,,
3135,1184,filterLoc,,
3135,1187,filterLoc,,
3135,1190,filterLoc,,
3135,1193,filterLoc,,
3135,1196,filterLoc,,
3135,1199,filterLoc,,
3135,1202,filterLoc,,
3135,1205,filterLoc,,
3135,1208,filterLoc,,
3135,1211,filterLoc,,
3135,1214,filterLoc,,
3135,1217,filterLoc,,
3135,1220,filterLoc,,
3135,1223,filterLoc,,
3135,1226,filterLoc,,
3135,1229,filterLoc,,
3135,1232,filterLoc,,
3135,1235,filterLoc,,
3135,1238,filterLoc,,
3135,1241,filterLoc,,
3135,1244,filterLoc,,
3135,1247,filterLoc,,
3135,1250,filterLoc,,
3135,1253,filterLoc,,
3135,1256,filterLoc,,
3135,1259,filterLoc,,
3135,1262,filterLoc,,
3135,1265,filterLoc,,
3135,1268,filterLoc,,
3135,1271,filterLoc,,
3135,1274,filterLoc,,
3135,1277,filterLoc,,
3135,1280,filterLoc,,
3135,1283,filterLoc,,
3135,1286,filterLoc,,
3135,1289,filterLoc,,
3135,1292,filterLoc,,
3135,1295,filterLoc,,
3135,1298,filterLoc,,
3135,1301,filterLoc,,
3135,1304,filterLoc,,
3135,1307,filterLoc,,
3135,1310,filterLoc,,
3135,1313,filterLoc,,
3135,1316,filterLoc,,
3135,1319,filterLoc,,
3135,1322,filterLoc,,
3135,1325,filterLoc,,
3135,1328,filterLoc,,
3135,1331,filterLoc,,
3135,1334,filterLoc,,
3135,1337,filterLoc,,
3135,1340,filterLoc,,
3135,1343,filterLoc,,
3135,1346,filterLoc,,
3135,1349,filterLoc,,
3135,1352,filterLoc,,
3135,1355,filterLoc,,
3135,1358,filterLoc,,
3135,1361,filterLoc,,
3135,1364,filterLoc,,
3135,1367,filterLoc,,
3135,1370,filterLoc,,
3135,1373,filterLoc,,
3135,1376,filterLoc,,
3135,1379,filterLoc,,
3135,1382,filterLoc,,
3135,1385,filterLoc,,
3135,1388,filterLoc,,
3135,1391,filterLoc,,
3135,1394,filterLoc,,
3135,1397,filterLoc,,
3135,1400,filterLoc,,
3135,1403,filterLoc,,
3135,1406,filterLoc,,
3135,1409,filterLoc,,
3135,1412,filterLoc,,
3135,1415,filterLoc,,
3135,1418,filterLoc,,
3135,1421,filterLoc,,
3135,1424,filterLoc,,
3135,1427,filterLoc,,
3135,1430,filterLoc,,
3135,1433,filterLoc,,
3135,1436,filterLoc,,
3135,1439,filterLoc,,
3135,1442,filterLoc,,
3135,1445,filterLoc,,
3135,1448,filterLoc,,
3135,1451,filterLoc,,
3135,1454,filterLoc,,
3135,1457,filterLoc,,
3135,1460,filterLoc,,
3135,1463,filterLoc,,
3135,1466,filterLoc,,
3135,1469,filterLoc,,
3135,1472,filterLoc,,
3135,1475,filterLoc,,
3135,1478,filterLoc,,
3135,1481,filterLoc,,
3135,1484,filterLoc,,
3135,1487,filterLoc,,
3135,1490,filterLoc,,
3135,1493,filterLoc,,
3135,1496,filterLoc,,
3135,1499,filterLoc,,
3135,1502,filterLoc,,
3135,1505,filterLoc,,
3135,1508,filterLoc,,
3135,1511,filterLoc,,
3135,1514,filterLoc,,
3135,1517,filterLoc,,
3135,708,filterLoc,out,Evacuee 62 in triage category Y is not assigned a helicopter
3135,708,filterLoc,,
3135,709,evacuee,,Evacuee;62;in triage state;Y;is entering the FOL
3135,717,filterLoc,out,Evacuee 60 in triage category Y is not assigned a helicopter
3135,717,filterLoc,,
3135,718,evacuee,,Evacuee;60;in triage state;Y;is entering the FOL
3135,996,filterLoc,out,Evacuee 61 in triage category Y is not assigned a helicopter
3135,996,filterLoc,,
3135,997,evacuee,,Evacuee;61;in triage state;Y;is entering the FOL
3135,226,FOL,,;EvacueeID;51;Triage Status;Y;EvacueeID;52;Triage Status;Y;EvacueeID;53;Triage Status;Y;EvacueeID;1;Triage Status;W;EvacueeID;2;Triage Status;W;EvacueeID;3;Triage Status;W;EvacueeID;4;Triage Status;W;EvacueeID;5;Triage Status;W;EvacueeID;6;Triage Status;W;EvacueeID;7;Triage Status;W;EvacueeID;8;Triage Status;W;EvacueeID;9;Triage Status;W;EvacueeID;10;Triage Status;W;EvacueeID;57;Triage Status;Y;EvacueeID;58;Triage Status;Y;EvacueeID;59;Triage Status;Y;EvacueeID;60;Triage Status;Y;EvacueeID;61;Triage Status;Y;EvacueeID;62;Triage Status;Y;Lives Saved;19
3135,709,evacuee,outFOL,Evacuee 62 in triage category Y is not assigned a helicopter
3135,709,evacuee,,Evacuee;62;in triage state;Y;is at the FOL
3135,718,evacuee,outFOL,Evacuee 60 in triage category Y is not assigned a helicopter
3135,718,evacuee,,Evacuee;60;in triage state;Y;is at the FOL
3135,997,evacuee,outFOL,Evacuee 61 in triage category Y is not assigned a helicopter
3135,997,evacuee,,Evacuee;61;in triage state;Y;is at the FOL
3135,226,FOL,,;EvacueeID;51;Triage Status;Y;EvacueeID;52;Triage Status;Y;EvacueeID;53;Triage Status;Y;EvacueeID;1;Triage Status;W;EvacueeID;2;Triage Status;W;EvacueeID;3;Triage Status;W;EvacueeID;4;Triage Status;W;EvacueeID;5;Triage Status;W;EvacueeID;6;Triage Status;W;EvacueeID;7;Triage Status;W;EvacueeID;8;Triage Status;W;EvacueeID;9;Triage Status;W;EvacueeID;10;Triage Status;W;EvacueeID;57;Triage Status;Y;EvacueeID;58;Triage Status;Y;EvacueeID;59;Triage Status;Y;EvacueeID;60;Triage Status;Y;EvacueeID;61;Triage Status;Y;EvacueeID;62;Triage Status;Y;Lives Saved;19
3150,1170,helicopter,,Helicopter;1;Is going to the evacuation site;;and has;0;spots taken
3165,5,helicopterQueue,,1;Helos are waiting to land;HeloID;3
3165,108,helicopter,outES,Helicopter 3 is evacuating people3
3165,108,helicopter,,Helicopter;3;is waiting to land at the evacuation site;;and has;0;spots taken
3165,4,helipadManager,,Helo;3;is at the ES
3165,5,helicopterQueue,outHM,Helicopter 3 is evacuating people3
3165,5,helicopterQueue,outHelo,Helicopter 3 is evacuating people3
3165,5,helicopterQueue,,;No helos are waiting to land
3165,107,filterES,,Helicopter;3;is evacuating people
3165,1129,filterES,,
3165,1169,filterES,,
3165,107,filterES,out,Helicopter 3 is evacuating people3
3165,107,filterES,,
3165,108,helicopter,,Helicopter;3;is waiting to land at the evacuation site;;and has;0;spots taken
3165,108,helicopter,,Helicopter;3;is loading people at the evacuation site;;and has;0;spots taken
3180,3,evacueeManager,,OFF SHIP: White;0;Green;0;Yellow;407;Red;0;Black;25;ON SHIP: White;38;Green;2;Yellow;3;Red;0;Evacuees to Transfer;;EvacueeID;66;HeloID;3;OnShip;0;Triage Status;Y;EvacueeID;67;HeloID;3;OnShip;0;Triage Status;Y;EvacueeID;68;HeloID;3;OnShip;0;Triage Status;Y
3180,4,helipadManager,outEM,Helicopter 3 is evacuating people3
3180,4,helipadManager,outHelo,Helicopter 3 is evacuating people3
3180,4,helipadManager,,;No helos are at ES
3180,107,filterES,,Helicopter;3;is evacuating people
3180,1129,filterES,,
3180,1169,filterES,,
3180,3,evacueeManager,outEvac,Evacuee 66 in triage category Y is assigned helicopter 3
3180,3,evacueeManager,outEvac,Evacuee 67 in triage category Y is assigned helicopter 3
3180,3,evacueeManager,outEvac,Evacuee 68 in triage category Y is assigned helicopter 3
3180,3,evacueeManager,,OFF SHIP: White;0;Green;0;Yellow;407;Red;0;Black;25;ON SHIP: White;38;Green;2;Yellow;3;Red;0;Evacuees to Transfer;
3180,4,helipadManager,outHQ,0
3180,4,helipadManager,,;No helos are at ES
3180,5,helicopterQueue,,;No helos are waiting to land
3180,7,filterLoc,,
3180,10,filterLoc,,
3180,13,filterLoc,,
3180,16,filterLoc,,
3180,19,filterLoc,,
3180,22,filterLoc,,
3180,25,filterLoc,,
3180,28,filterLoc,,
3180,31,filterLoc,,
3180,34,filterLoc,,
3180,37,filterLoc,,
3180,40,filterLoc,,
3180,43,filterLoc,,
3180,46,filterLoc,,
3180,49,filterLoc,,
3180,52,filterLoc,,
3180,55,filterLoc,,
3180,58,filterLoc,,
3180,61,filterLoc,,
3180,64,filterLoc,,
3180,67,filterLoc,,
3180,70,filterLoc,,
3180,73,filterLoc,,
3180,76,filterLoc,,
3180,79,filterLoc,,
3180,82,filterLoc,,
3180,85,filterLoc,,
3180,88,filterLoc,,
3180,91,filterLoc,,
3180,94,filterLoc,,
3180,97,filterLoc,,
3180,100,filterLoc,,
3180,103,filterLoc,,
3180,107,filterES,out,Helicopter 3 is evacuating people3
3180,107,filterES,,
3180,108,helicopter,,Helicopter;3;is loading people at the evacuation site;;and has;0;spots taken
3180,110,filterLoc,,
3180,113,filterLoc,,
3180,116,filterLoc,,
3180,119,filterLoc,,
3180,122,filterLoc,,
3180,125,filterLoc,,
3180,128,filterLoc,,
3180,131,filterLoc,,
3180,134,filterLoc,,
3180,137,filterLoc,,
3180,140,filterLoc,,
3180,143,filterLoc,,
3180,146,filterLoc,,
3180,149,filterLoc,,
3180,152,filterLoc,,
3180,155,filterLoc,,
3180,158,filterLoc,,
3180,161,filterLoc,,
3180,164,filterLoc,,
3180,167,filterLoc,,
3180,170,filterLoc,,
3180,173,filterLoc,,
3180,176,filterLoc,,
3180,179,filterLoc,,
3180,182,filterLoc,,
3180,185,filterLoc,,
3180,188,filterLoc,,
3180,191,filterLoc,,
3180,194,filterLoc,,
3180,197,filterLoc,,
3180,200,filterLoc,,
3180,203,filterLoc,,
3180,206,filterLoc,,
3180,209,filterLoc,,
3180,212,filterLoc,,
3180,215,filterLoc,,
3180,218,filterLoc,,
3180,221,filterLoc,,
3180,224,filterLoc,,
3180,228,filterLoc,,
3180,231,filterLoc,,
3180,234,filterLoc,,
3180,237,filterLoc,,
3180,240,filterLoc,,
3180,243,filterLoc,,
3180,246,filterLoc,,
3180,249,filterLoc,,
3180,252,filterLoc,,
3180,255,filterLoc,,
3180,258,filterLoc,,
3180,261,filterLoc,,
3180,264,filterLoc,,
3180,267,filterLoc,,
3180,270,filterLoc,,
3180,273,filterLoc,,
3180,276,filterLoc,,
3180,279,filterLoc,,
3180,282,filterLoc,,
3180,285,filterLoc,,
3180,288,filterLoc,,
3180,291,filterLoc,,
3180,294,filterLoc,,
3180,297,filterLoc,,
3180,300,filterLoc,,
3180,303,filterLoc,,
3180,306,filterLoc,,
3180,309,filterLoc,,
3180,312,filterLoc,,
3180,315,filterLoc,,
3180,318,filterLoc,,
3180,321,filterLoc,,
3180,324,filterLoc,,
3180,327,filterLoc,,
3180,330,filterLoc,,
3180,333,filterLoc,,
3180,336,filterLoc,,
3180,339,filterLoc,,
3180,342,filterLoc,,
3180,345,filterLoc,,
3180,348,filterLoc,,
3180,351,filterLoc,,
3180,354,filterLoc,,
3180,357,filterLoc,,
3180,360,filterLoc,,
3180,363,filterLoc,,
3180,366,filterLoc,,
3180,369,filterLoc,,
3180,372,filterLoc,,
3180,375,filterLoc,,
3180,378,filterLoc,,
3180,381,filterLoc,,
3180,384,filterLoc,,
3180,387,filterLoc,,
3180,390,filterLoc,,
3180,393,filterLoc,,
3180,396,filterLoc,,
3180,399,filterLoc,,
3180,402,filterLoc,,
3180,405,filterLoc,,
3180,408,filterLoc,,
3180,411,filterLoc,,
3180,414,filterLoc,,
3180,417,filterLoc,,
3180,420,filterLoc,,
3180,423,filterLoc,,
3180,426,filterLoc,,
3180,429,filterLoc,,
3180,432,filterLoc,,
3180,435,filterLoc,,
3180,438,filterLoc,,
3180,441,filterLoc,,
3180,444,filterLoc,,
3180,447,filterLoc,,
3180,450,filterLoc,,
3180,453,filterLoc,,
3180,456,filterLoc,,
3180,459,filterLoc,,
3180,462,filterLoc,,
3180,465,filterLoc,,
3180,468,filterLoc,,
3180,471,filterLoc,,
3180,474,filterLoc,,
3180,477,filterLoc,,
3180,480,filterLoc,,
3180,483,filterLoc,,
3180,486,filterLoc,,
3180,489,filterLoc,,
3180,492,filterLoc,,
3180,495,filterLoc,,
3180,498,filterLoc,,
3180,501,filterLoc,,
3180,504,filterLoc,,
3180,507,filterLoc,,
3180,510,filterLoc,,
3180,513,filterLoc,,
3180,516,filterLoc,,
3180,519,filterLoc,,
3180,522,filterLoc,,
3180,525,filterLoc,,
3180,528,filterLoc,,
3180,531,filterLoc,,
3180,534,filterLoc,,
3180,537,filterLoc,,
3180,540,filterLoc,,
3180,543,filterLoc,,
3180,546,filterLoc,,
3180,549,filterLoc,,
3180,552,filterLoc,,
3180,555,filterLoc,,
3180,558,filterLoc,,
3180,561,filterLoc,,
3180,564,filterLoc,,
3180,567,filterLoc,,
3180,570,filterLoc,,
3180,573,filterLoc,,
3180,576,filterLoc,,
3180,579,filterLoc,,
3180,582,filterLoc,,
3180,585,filterLoc,,
3180,588,filterLoc,,
3180,591,filterLoc,,
3180,594,filterLoc,,
3180,597,filterLoc,,
3180,600,filterLoc,,
3180,603,filterLoc,,
3180,606,filterLoc,,
3180,609,filterLoc,,
3180,612,filterLoc,,
3180,615,filterLoc,,
3180,618,filterLoc,,
3180,621,filterLoc,,
3180,624,filterLoc,,
3180,627,filterLoc,,
3180,630,filterLoc,,
3180,633,filterLoc,,
3180,636,filterLoc,,
3180,639,filterLoc,,
3180,642,filterLoc,,
3180,645,filterLoc,,
3180,648,filterLoc,,
3180,651,filterLoc,,
3180,654,filterLoc,,
3180,657,filterLoc,,
3180,660,filterLoc,,
3180,663,filterLoc,,
3180,666,filterLoc,,
3180,669,filterLoc,,
3180,672,filterLoc,,
3180,675,filterLoc,,
3180,678,filterLoc,,
3180,681,filterLoc,,
3180,684,filterLoc,,
3180,687,filterLoc,,
3180,690,filterLoc,,
3180,693,filterLoc,,
3180,696,filterLoc,,
3180,699,filterLoc,,
3180,702,filterLoc,,
3180,705,filterLoc,,;Evacuee;66;in triage category;Y;is entering helicopter;3
3180,708,filterLoc,,
3180,711,filterLoc,,
3180,714,filterLoc,,
3180,717,filterLoc,,
3180,720,filterLoc,,
3180,723,filterLoc,,
3180,726,filterLoc,,
3180,729,filterLoc,,
3180,732,filterLoc,,
3180,735,filterLoc,,
3180,738,filterLoc,,
3180,741,filterLoc,,
3180,744,filterLoc,,
3180,747,filterLoc,,
3180,750,filterLoc,,
3180,753,filterLoc,,
3180,756,filterLoc,,
3180,759,filterLoc,,
3180,762,filterLoc,,
3180,765,filterLoc,,
3180,768,filterLoc,,
3180,771,filterLoc,,
3180,774,filterLoc,,
3180,777,filterLoc,,
3180,780,filterLoc,,
3180,783,filterLoc,,
3180,786,filterLoc,,
3180,789,filterLoc,,
3180,792,filterLoc,,
3180,795,filterLoc,,
3180,798,filterLoc,,
3180,801,filterLoc,,
3180,804,filterLoc,,
3180,807,filterLoc,,
3180,810,filterLoc,,
3180,813,filterLoc,,
3180,816,filterLoc,,
3180,819,filterLoc,,
3180,822,filterLoc,,
3180,825,filterLoc,,
3180,828,filterLoc,,
3180,831,filterLoc,,
3180,834,filterLoc,,
3180,837,filterLoc,,
3180,840,filterLoc,,
3180,843,filterLoc,,
3180,846,filterLoc,,
3180,849,filterLoc,,
3180,852,filterLoc,,
3180,855,filterLoc,,
3180,858,filterLoc,,
3180,861,filterLoc,,
3180,864,filterLoc,,
3180,867,filterLoc,,
3180,870,filterLoc,,
3180,873,filterLoc,,
3180,876,filterLoc,,
3180,879,filterLoc,,
3180,882,filterLoc,,
3180,885,filterLoc,,
3180,888,filterLoc,,
3180,891,filterLoc,,
3180,894,filterLoc,,
3180,897,filterLoc,,
3180,900,filterLoc,,
3180,903,filterLoc,,
3180,906,filterLoc,,
3180,909,filterLoc,,
3180,912,filterLoc,,
3180,915,filterLoc,,
3180,918,filterLoc,,
3180,921,filterLoc,,
3180,924,filterLoc,,
3180,927,filterLoc,,
3180,930,filterLoc,,
3180,933,filterLoc,,
3180,936,filterLoc,,
3180,939,filterLoc,,
3180,942,filterLoc,,
3180,945,filterLoc,,
3180,948,filterLoc,,
3180,951,filterLoc,,
3180,954,filterLoc,,
3180,957,filterLoc,,
3180,960,filterLoc,,
3180,963,filterLoc,,
3180,966,filterLoc,,
3180,969,filterLoc,,
3180,972,filterLoc,,
3180,975,filterLoc,,
3180,978,filterLoc,,
3180,981,filterLoc,,
3180,984,filterLoc,,
3180,987,filterLoc,,
3180,990,filterLoc,,
3180,993,filterLoc,,
3180,996,filterLoc,,
3180,999,filterLoc,,
3180,1002,filterLoc,,
3180,1005,filterLoc,,
3180,1008,filterLoc,,
3180,1011,filterLoc,,
3180,1014,filterLoc,,
3180,1017,filterLoc,,
3180,1020,filterLoc,,;Evacuee;68;in triage category;Y;is entering helicopter;3
3180,1023,filterLoc,,
3180,1026,filterLoc,,
3180,1029,filterLoc,,
3180,1032,filterLoc,,
3180,1035,filterLoc,,
3180,1038,filterLoc,,
3180,1041,filterLoc,,
3180,1044,filterLoc,,
3180,1047,filterLoc,,
3180,1050,filterLoc,,
3180,1053,filterLoc,,
3180,1056,filterLoc,,
3180,1059,filterLoc,,
3180,1062,filterLoc,,
3180,1065,filterLoc,,
3180,1068,filterLoc,,
3180,1071,filterLoc,,
3180,1074,filterLoc,,
3180,1077,filterLoc,,
3180,1080,filterLoc,,
3180,1083,filterLoc,,
3180,1086,filterLoc,,
3180,1089,filterLoc,,
3180,1092,filterLoc,,
3180,1095,filterLoc,,
3180,1098,filterLoc,,
3180,1101,filterLoc,,
3180,1104,filterLoc,,
3180,1107,filterLoc,,
3180,1110,filterLoc,,
3180,1113,filterLoc,,
3180,1116,filterLoc,,
3180,1119,filterLoc,,
3180,1122,filterLoc,,
3180,1125,filterLoc,,
3180,1132,filterLoc,,
3180,1135,filterLoc,,
3180,1138,filterLoc,,
3180,1141,filterLoc,,
3180,1144,filterLoc,,
3180,1147,filterLoc,,
3180,1150,filterLoc,,
3180,1153,filterLoc,,
3180,1156,filterLoc,,
3180,1159,filterLoc,,
3180,1162,filterLoc,,
3180,1165,filterLoc,,
3180,1172,filterLoc,,
3180,1175,filterLoc,,
3180,1178,filterLoc,,
3180,1181,filterLoc,,
3180,1184,filterLoc,,
3180,1187,filterLoc,,
3180,1190,filterLoc,,
3180,1193,filterLoc,,
3180,1196,filterLoc,,
3180,1199,filterLoc,,
3180,1202,filterLoc,,
3180,1205,filterLoc,,
3180,1208,filterLoc,,
3180,1211,filterLoc,,
3180,1214,filterLoc,,
3180,1217,filterLoc,,
3180,1220,filterLoc,,
3180,1223,filterLoc,,
3180,1226,filterLoc,,
3180,1229,filterLoc,,
3180,1232,filterLoc,,
3180,1235,filterLoc,,;Evacuee;67;in triage category;Y;is entering helicopter;3
3180,1238,filterLoc,,
3180,1241,filterLoc,,
3180,1244,filterLoc,,
3180,1247,filterLoc,,
3180,1250,filterLoc,,
3180,1253,filterLoc,,
3180,1256,filterLoc,,
3180,1259,filterLoc,,
3180,1262,filterLoc,,
3180,1265,filterLoc,,
3180,1268,filterLoc,,
3180,1271,filterLoc,,
3180,1274,filterLoc,,
3180,1277,filterLoc,,
3180,1280,filterLoc,,
3180,1283,filterLoc,,
3180,1286,filterLoc,,
3180,1289,filterLoc,,
3180,1292,filterLoc,,
3180,1295,filterLoc,,
3180,1298,filterLoc,,
3180,1301,filterLoc,,
3180,1304,filterLoc,,
3180,1307,filterLoc,,
3180,1310,filterLoc,,
3180,1313,filterLoc,,
3180,1316,filterLoc,,
3180,1319,filterLoc,,
3180,1322,filterLoc,,
3180,1325,filterLoc,,
3180,1328,filterLoc,,
3180,1331,filterLoc,,
3180,1334,filterLoc,,
3180,1337,filterLoc,,
3180,1340,filterLoc,,
3180,1343,filterLoc,,
3180,1346,filterLoc,,
3180,1349,filterLoc,,
3180,1352,filterLoc,,
3180,1355,filterLoc,,
3180,1358,filterLoc,,
3180,1361,filterLoc,,
3180,1364,filterLoc,,
3180,1367,filterLoc,,
3180,1370,filterLoc,,
3180,1373,filterLoc,,
3180,1376,filterLoc,,
3180,1379,filterLoc,,
3180,1382,filterLoc,,
3180,1385,filterLoc,,
3180,1388,filterLoc,,
3180,1391,filterLoc,,
3180,1394,filterLoc,,
3180,1397,filterLoc,,
3180,1400,filterLoc,,
3180,1403,filterLoc,,
3180,1406,filterLoc,,
3180,1409,filterLoc,,
3180,1412,filterLoc,,
3180,1415,filterLoc,,
3180,1418,filterLoc,,
3180,1421,filterLoc,,
3180,1424,filterLoc,,
3180,1427,filterLoc,,
3180,1430,filterLoc,,
3180,1433,filterLoc,,
3180,1436,filterLoc,,
3180,1439,filterLoc,,
3180,1442,filterLoc,,
3180,1445,filterLoc,,
3180,1448,filterLoc,,
3180,1451,filterLoc,,
3180,1454,filterLoc,,
3180,1457,filterLoc,,
3180,1460,filterLoc,,
3180,1463,filterLoc,,
3180,1466,filterLoc,,
3180,1469,filterLoc,,
3180,1472,filterLoc,,
3180,1475,filterLoc,,
3180,1478,filterLoc,,
3180,1481,filterLoc,,
3180,1484,filterLoc,,
3180,1487,filterLoc,,
3180,1490,filterLoc,,
3180,1493,filterLoc,,
3180,1496,filterLoc,,
3180,1499,filterLoc,,
3180,1502,filterLoc,,
3180,1505,filterLoc,,
3180,1508,filterLoc,,
3180,1511,filterLoc,,
3180,1514,filterLoc,,
3180,1517,filterLoc,,
3180,5,helicopterQueue,,;No helos are waiting to land
3180,108,helicopter,,Helicopter;3;is returning to the FOL;;and has;0;spots taken
3180,705,filterLoc,out,Evacuee 66 in triage category Y is assigned helicopter 3
3180,705,filterLoc,,
3180,706,evacuee,,Evacuee;66;in triage state;Y;is entering helicopter;3
3180,1020,filterLoc,out,Evacuee 68 in triage category Y is assigned helicopter 3
3180,1020,filterLoc,,
3180,1021,evacuee,,Evacuee;68;in triage state;Y;is entering helicopter;3
3180,1235,filterLoc,out,Evacuee 67 in triage category Y is assigned helicopter 3
3180,1235,filterLoc,,
3180,1236,evacuee,,Evacuee;67;in triage state;Y;is entering helicopter;3
3180,106,filterEvac,,;Evacuee;66;in triage category;Y;is entering helicopter;3;Evacuee;67;in triage category;Y;is entering helicopter;3;Evacuee;68;in triage category;Y;is entering helicopter;3
3180,706,evacuee,outHelo,Evacuee 66 in triage category Y is assigned helicopter 3
3180,706,evacuee,,Evacuee;66;in triage state;Y;is in helicopter;3
3180,1021,evacuee,outHelo,Evacuee 68 in triage category Y is assigned helicopter 3
3180,1021,evacuee,,Evacuee;68;in triage state;Y;is in helicopter;3
3180,1128,filterEvac,,
3180,1168,filterEvac,,
3180,1236,evacuee,outHelo,Evacuee 67 in triage category Y is assigned helicopter 3
3180,1236,evacuee,,Evacuee;67;in triage state;Y;is in helicopter;3
3180,106,filterEvac,out,Evacuee 66 in triage category Y is assigned helicopter 3
3180,106,filterEvac,out,Evacuee 67 in triage category Y is assigned helicopter 3
3180,106,filterEvac,out,Evacuee 68 in triage category Y is assigned helicopter 3
3180,106,filterEvac,,
3180,108,helicopter,,Helicopter;3;is returning to the FOL;;and has;9;spots taken
3195,7,filterLoc,,
3195,10,filterLoc,,
3195,13,filterLoc,,
3195,16,filterLoc,,
3195,19,filterLoc,,
3195,22,filterLoc,,
3195,25,filterLoc,,
3195,28,filterLoc,,
3195,31,filterLoc,,
3195,34,filterLoc,,
3195,37,filterLoc,,
3195,40,filterLoc,,
3195,43,filterLoc,,
3195,46,filterLoc,,
3195,49,filterLoc,,
3195,52,filterLoc,,
3195,55,filterLoc,,
3195,58,filterLoc,,
3195,61,filterLoc,,
3195,64,filterLoc,,
3195,67,filterLoc,,
3195,70,filterLoc,,
3195,73,filterLoc,,
3195,76,filterLoc,,
3195,79,filterLoc,,
3195,82,filterLoc,,
3195,85,filterLoc,,
3195,88,filterLoc,,
3195,91,filterLoc,,
3195,94,filterLoc,,
3195,97,filterLoc,,
3195,100,filterLoc,,
3195,103,filterLoc,,
3195,110,filterLoc,,
3195,113,filterLoc,,
3195,116,filterLoc,,
3195,119,filterLoc,,
3195,122,filterLoc,,
3195,125,filterLoc,,
3195,128,filterLoc,,
3195,131,filterLoc,,
3195,134,filterLoc,,
3195,137,filterLoc,,
3195,140,filterLoc,,
3195,143,filterLoc,,
3195,146,filterLoc,,
3195,149,filterLoc,,
3195,152,filterLoc,,
3195,155,filterLoc,,
3195,158,filterLoc,,
3195,161,filterLoc,,
3195,164,filterLoc,,
3195,167,filterLoc,,
3195,170,filterLoc,,
3195,173,filterLoc,,
3195,176,filterLoc,,
3195,179,filterLoc,,
3195,182,filterLoc,,
3195,185,filterLoc,,
3195,188,filterLoc,,
3195,191,filterLoc,,
3195,194,filterLoc,,
3195,197,filterLoc,,
3195,200,filterLoc,,
3195,203,filterLoc,,
3195,206,filterLoc,,
3195,209,filterLoc,,
3195,212,filterLoc,,
3195,215,filterLoc,,
3195,218,filterLoc,,
3195,221,filterLoc,,
3195,224,filterLoc,,
3195,228,filterLoc,,
3195,231,filterLoc,,
3195,234,filterLoc,,
3195,237,filterLoc,,
3195,240,filterLoc,,
3195,243,filterLoc,,
3195,246,filterLoc,,
3195,249,filterLoc,,
3195,252,filterLoc,,
3195,255,filterLoc,,
3195,258,filterLoc,,
3195,261,filterLoc,,
3195,264,filterLoc,,
3195,267,filterLoc,,
3195,270,filterLoc,,
3195,273,filterLoc,,
3195,276,filterLoc,,
3195,279,filterLoc,,
3195,282,filterLoc,,
3195,285,filterLoc,,
3195,288,filterLoc,,
3195,291,filterLoc,,
3195,294,filterLoc,,
3195,297,filterLoc,,
3195,300,filterLoc,,
3195,303,filterLoc,,
3195,306,filterLoc,,
3195,309,filterLoc,,
3195,312,filterLoc,,
3195,315,filterLoc,,
3195,318,filterLoc,,
3195,321,filterLoc,,
3195,324,filterLoc,,
3195,327,filterLoc,,
3195,330,filterLoc,,
3195,333,filterLoc,,
3195,336,filterLoc,,
3195,339,filterLoc,,
3195,342,filterLoc,,
3195,345,filterLoc,,
3195,348,filterLoc,,
3195,351,filterLoc,,
3195,354,filterLoc,,
3195,357,filterLoc,,
3195,360,filterLoc,,
3195,363,filterLoc,,
3195,366,filterLoc,,
3195,369,filterLoc,,
3195,372,filterLoc,,
3195,375,filterLoc,,
3195,378,filterLoc,,
3195,381,filterLoc,,
3195,384,filterLoc,,
3195,387,filterLoc,,
3195,390,filterLoc,,
3195,393,filterLoc,,
3195,396,filterLoc,,
3195,399,filterLoc,,
3195,402,filterLoc,,
3195,405,filterLoc,,
3195,408,filterLoc,,
3195,411,filterLoc,,
3195,414,filterLoc,,
3195,417,filterLoc,,
3195,420,filterLoc,,
3195,423,filterLoc,,
3195,426,filterLoc,,
3195,429,filterLoc,,
3195,432,filterLoc,,
3195,435,filterLoc,,
3195,438,filterLoc,,
3195,441,filterLoc,,
3195,444,filterLoc,,
3195,447,filterLoc,,
3195,450,filterLoc,,
3195,453,filterLoc,,
3195,456,filterLoc,,
3195,459,filterLoc,,
3195,462,filterLoc,,
3195,465,filterLoc,,
3195,468,filterLoc,,
3195,471,filterLoc,,
3195,474,filterLoc,,
3195,477,filterLoc,,
3195,480,filterLoc,,
3195,483,filterLoc,,
3195,486,filterLoc,,
3195,489,filterLoc,,
3195,492,filterLoc,,
3195,495,filterLoc,,
3195,498,filterLoc,,
3195,501,filterLoc,,
3195,504,filterLoc,,
3195,507,filterLoc,,
3195,510,filterLoc,,
3195,513,filterLoc,,
3195,516,filterLoc,,
3195,519,filterLoc,,
3195,522,filterLoc,,
3195,525,filterLoc,,
3195,528,filterLoc,,
3195,531,filterLoc,,
3195,534,filterLoc,,
3195,537,filterLoc,,
3195,540,filterLoc,,
3195,543,filterLoc,,
3195,546,filterLoc,,
3195,549,filterLoc,,
3195,552,filterLoc,,
3195,555,filterLoc,,
3195,558,filterLoc,,
3195,561,filterLoc,,
3195,564,filterLoc,,
3195,567,filterLoc,,
3195,570,filterLoc,,
3195,573,filterLoc,,
3195,576,filterLoc,,
3195,579,filterLoc,,
3195,582,filterLoc,,
3195,585,filterLoc,,
3195,588,filterLoc,,
3195,591,filterLoc,,
3195,594,filterLoc,,
3195,597,filterLoc,,
3195,600,filterLoc,,
3195,603,filterLoc,,
3195,606,filterLoc,,
3195,609,filterLoc,,
3195,612,filterLoc,,
3195,615,filterLoc,,
3195,618,filterLoc,,
3195,621,filterLoc,,
3195,624,filterLoc,,
3195,627,filterLoc,,
3195,630,filterLoc,,
3195,633,filterLoc,,
3195,636,filterLoc,,
3195,639,filterLoc,,
3195,642,filterLoc,,
3195,645,filterLoc,,
3195,648,filterLoc,,
3195,651,filterLoc,,
3195,654,filterLoc,,
3195,657,filterLoc,,
3195,660,filterLoc,,
3195,663,filterLoc,,
3195,666,filterLoc,,
3195,669,filterLoc,,
3195,672,filterLoc,,
3195,675,filterLoc,,
3195,678,filterLoc,,
3195,681,filterLoc,,
3195,684,filterLoc,,
3195,687,filterLoc,,
3195,690,filterLoc,,
3195,693,filterLoc,,
3195,696,filterLoc,,
3195,699,filterLoc,,
3195,702,filterLoc,,
3195,705,filterLoc,,
3195,708,filterLoc,,
3195,711,filterLoc,,
3195,714,filterLoc,,
3195,717,filterLoc,,
3195,720,filterLoc,,
3195,723,filterLoc,,
3195,726,filterLoc,,
3195,729,filterLoc,,
3195,732,filterLoc,,
3195,735,filterLoc,,
3195,738,filterLoc,,
3195,741,filterLoc,,
3195,744,filterLoc,,
3195,747,filterLoc,,
3195,750,filterLoc,,;Evacuee;65;in triage category;Y;is leaving helicopter;2
3195,753,filterLoc,,
3195,756,filterLoc,,
3195,759,filterLoc,,
3195,762,filterLoc,,
3195,765,filterLoc,,
3195,768,filterLoc,,
3195,771,filterLoc,,
3195,774,filterLoc,,
3195,777,filterLoc,,
3195,780,filterLoc,,
3195,783,filterLoc,,
3195,786,filterLoc,,
3195,789,filterLoc,,
3195,792,filterLoc,,
3195,795,filterLoc,,
3195,798,filterLoc,,
3195,801,filterLoc,,
3195,804,filterLoc,,
3195,807,filterLoc,,
3195,810,filterLoc,,
3195,813,filterLoc,,
3195,816,filterLoc,,
3195,819,filterLoc,,
3195,822,filterLoc,,
3195,825,filterLoc,,
3195,828,filterLoc,,
3195,831,filterLoc,,
3195,834,filterLoc,,
3195,837,filterLoc,,
3195,840,filterLoc,,
3195,843,filterLoc,,
3195,846,filterLoc,,
3195,849,filterLoc,,
3195,852,filterLoc,,
3195,855,filterLoc,,
3195,858,filterLoc,,
3195,861,filterLoc,,
3195,864,filterLoc,,
3195,867,filterLoc,,
3195,870,filterLoc,,
3195,873,filterLoc,,
3195,876,filterLoc,,
3195,879,filterLoc,,
3195,882,filterLoc,,
3195,885,filterLoc,,
3195,888,filterLoc,,
3195,891,filterLoc,,
3195,894,filterLoc,,
3195,897,filterLoc,,
3195,900,filterLoc,,
3195,903,filterLoc,,
3195,906,filterLoc,,
3195,909,filterLoc,,
3195,912,filterLoc,,
3195,915,filterLoc,,
3195,918,filterLoc,,
3195,921,filterLoc,,
3195,924,filterLoc,,
3195,927,filterLoc,,
3195,930,filterLoc,,
3195,933,filterLoc,,
3195,936,filterLoc,,
3195,939,filterLoc,,
3195,942,filterLoc,,
3195,945,filterLoc,,
3195,948,filterLoc,,
3195,951,filterLoc,,
3195,954,filterLoc,,
3195,957,filterLoc,,
3195,960,filterLoc,,
3195,963,filterLoc,,
3195,966,filterLoc,,
3195,969,filterLoc,,
3195,972,filterLoc,,
3195,975,filterLoc,,
3195,978,filterLoc,,
3195,981,filterLoc,,
3195,984,filterLoc,,
3195,987,filterLoc,,
3195,990,filterLoc,,
3195,993,filterLoc,,
3195,996,filterLoc,,
3195,999,filterLoc,,
3195,1002,filterLoc,,
3195,1005,filterLoc,,
3195,1008,filterLoc,,
3195,1011,filterLoc,,
3195,1014,filterLoc,,
3195,1017,filterLoc,,
3195,1020,filterLoc,,
3195,1023,filterLoc,,
3195,1026,filterLoc,,
3195,1029,filterLoc,,
3195,1032,filterLoc,,
3195,1035,filterLoc,,
3195,1038,filterLoc,,
3195,1041,filterLoc,,
3195,1044,filterLoc,,;Evacuee;64;in triage category;Y;is leaving helicopter;2
3195,1047,filterLoc,,
3195,1050,filterLoc,,
3195,1053,filterLoc,,
3195,1056,filterLoc,,
3195,1059,filterLoc,,
3195,1062,filterLoc,,
3195,1065,filterLoc,,
3195,1068,filterLoc,,
3195,1071,filterLoc,,
3195,1074,filterLoc,,
3195,1077,filterLoc,,
3195,1080,filterLoc,,
3195,1083,filterLoc,,
3195,1086,filterLoc,,
3195,1089,filterLoc,,
3195,1092,filterLoc,,
3195,1095,filterLoc,,
3195,1098,filterLoc,,
3195,1101,filterLoc,,
3195,1104,filterLoc,,
3195,1107,filterLoc,,
3195,1110,filterLoc,,
3195,1113,filterLoc,,
3195,1116,filterLoc,,
3195,1119,filterLoc,,
3195,1122,filterLoc,,
3195,1125,filterLoc,,
3195,1130,helicopter,outEvac,Evacuee 63 in triage category Y is not assigned a helicopter
3195,1130,helicopter,outEvac,Evacuee 64 in triage category Y is not assigned a helicopter
3195,1130,helicopter,outEvac,Evacuee 65 in triage category Y is not assigned a helicopter
3195,1130,helicopter,,Helicopter;2;is unloading people at the FOL;;and has;0;spots taken
3195,1132,filterLoc,,
3195,1135,filterLoc,,;Evacuee;63;in triage category;Y;is leaving helicopter;2
3195,1138,filterLoc,,
3195,1141,filterLoc,,
3195,1144,filterLoc,,
3195,1147,filterLoc,,
3195,1150,filterLoc,,
3195,1153,filterLoc,,
3195,1156,filterLoc,,
3195,1159,filterLoc,,
3195,1162,filterLoc,,
3195,1165,filterLoc,,
3195,1172,filterLoc,,
3195,1175,filterLoc,,
3195,1178,filterLoc,,
3195,1181,filterLoc,,
3195,1184,filterLoc,,
3195,1187,filterLoc,,
3195,1190,filterLoc,,
3195,1193,filterLoc,,
3195,1196,filterLoc,,
3195,1199,filterLoc,,
3195,1202,filterLoc,,
3195,1205,filterLoc,,
3195,1208,filterLoc,,
3195,1211,filterLoc,,
3195,1214,filterLoc,,
3195,1217,filterLoc,,
3195,1220,filterLoc,,
3195,1223,filterLoc,,
3195,1226,filterLoc,,
3195,1229,filterLoc,,
3195,1232,filterLoc,,
3195,1235,filterLoc,,
3195,1238,filterLoc,,
3195,1241,filterLoc,,
3195,1244,filterLoc,,
3195,1247,filterLoc,,
3195,1250,filterLoc,,
3195,1253,filterLoc,,
3195,1256,filterLoc,,
3195,1259,filterLoc,,
3195,1262,filterLoc,,
3195,1265,filterLoc,,
3195,1268,filterLoc,,
3195,1271,filterLoc,,
3195,1274,filterLoc,,
3195,1277,filterLoc,,
3195,1280,filterLoc,,
3195,1283,filterLoc,,
3195,1286,filterLoc,,
3195,1289,filterLoc,,
3195,1292,filterLoc,,
3195,1295,filterLoc,,
3195,1298,filterLoc,,
3195,1301,filterLoc,,
3195,1304,filterLoc,,
3195,1307,filterLoc,,
3195,1310,filterLoc,,
3195,1313,filterLoc,,
3195,1316,filterLoc,,
3195,1319,filterLoc,,
3195,1322,filterLoc,,
3195,1325,filterLoc,,
3195,1328,filterLoc,,
3195,1331,filterLoc,,
3195,1334,filterLoc,,
3195,1337,filterLoc,,
3195,1340,filterLoc,,
3195,1343,filterLoc,,
3195,1346,filterLoc,,
3195,1349,filterLoc,,
3195,1352,filterLoc,,
3195,1355,filterLoc,,
3195,1358,filterLoc,,
3195,1361,filterLoc,,
3195,1364,filterLoc,,
3195,1367,filterLoc,,
3195,1370,filterLoc,,
3195,1373,filterLoc,,
3195,1376,filterLoc,,
3195,1379,filterLoc,,
3195,1382,filterLoc,,
3195,1385,filterLoc,,
3195,1388,filterLoc,,
3195,1391,filterLoc,,
3195,1394,filterLoc,,
3195,1397,filterLoc,,
3195,1400,filterLoc,,
3195,1403,filterLoc,,
3195,1406,filterLoc,,
3195,1409,filterLoc,,
3195,1412,filterLoc,,
3195,1415,filterLoc,,
3195,1418,filterLoc,,
3195,1421,filterLoc,,
3195,1424,filterLoc,,
3195,1427,filterLoc,,
3195,1430,filterLoc,,
3195,1433,filterLoc,,
3195,1436,filterLoc,,
3195,1439,filterLoc,,
3195,1442,filterLoc,,
3195,1445,filterLoc,,
3195,1448,filterLoc,,
3195,1451,filterLoc,,
3195,1454,filterLoc,,
3195,1457,filterLoc,,
3195,1460,filterLoc,,
3195,1463,filterLoc,,
3195,1466,filterLoc,,
3195,1469,filterLoc,,
3195,1472,filterLoc,,
3195,1475,filterLoc,,
3195,1478,filterLoc,,
3195,1481,filterLoc,,
3195,1484,filterLoc,,
3195,1487,filterLoc,,
3195,1490,filterLoc,,
3195,1493,filterLoc,,
3195,1496,filterLoc,,
3195,1499,filterLoc,,
3195,1502,filterLoc,,
3195,1505,filterLoc,,
3195,1508,filterLoc,,
3195,1511,filterLoc,,
3195,1514,filterLoc,,
3195,1517,filterLoc,,
3195,750,filterLoc,out,Evacuee 65 in triage category Y is not assigned a helicopter
3195,750,filterLoc,,
3195,751,evacuee,,Evacuee;65;in triage state;Y;is entering the FOL
3195,1044,filterLoc,out,Evacuee 64 in triage category Y is not assigned a helicopter
3195,1044,filterLoc,,
3195,1045,evacuee,,Evacuee;64;in triage state;Y;is entering the FOL
3195,1135,filterLoc,out,Evacuee 63 in triage category Y is not assigned a helicopter
3195,1135,filterLoc,,
3195,1136,evacuee,,Evacuee;63;in triage state;Y;is entering the FOL
3195,226,FOL,,;EvacueeID;51;Triage Status;Y;EvacueeID;52;Triage Status;Y;EvacueeID;53;Triage Status;Y;EvacueeID;1;Triage Status;W;EvacueeID;2;Triage Status;W;EvacueeID;3;Triage Status;W;EvacueeID;4;Triage Status;W;EvacueeID;5;Triage Status;W;EvacueeID;6;Triage Status;W;EvacueeID;7;Triage Status;W;EvacueeID;8;Triage Status;W;EvacueeID;9;Triage Status;W;EvacueeID;10;Triage Status;W;EvacueeID;57;Triage Status;Y;EvacueeID;58;Triage Status;Y;EvacueeID;59;Triage Status;Y;EvacueeID;60;Triage Status;Y;EvacueeID;61;Triage Status;Y;EvacueeID;62;Triage Status;Y;EvacueeID;63;Triage Status;Y;EvacueeID;64;Triage Status;Y;EvacueeID;65;Triage Status;Y;Lives Saved;22
3195,751,evacuee,outFOL,Evacuee 65 in triage category Y is not assigned a helicopter
3195,751,evacuee,,Evacuee;65;in triage state;Y;is at the FOL
3195,1045,evacuee,outFOL,Evacuee 64 in triage category Y is not assigned a helicopter
3195,1045,evacuee,,Evacuee;64;in triage state;Y;is at the FOL
3195,1136,evacuee,outFOL,Evacuee 63 in triage category Y is not assigned a helicopter
3195,1136,evacuee,,Evacuee;63;in triage state;Y;is at the FOL
3195,226,FOL,,;EvacueeID;51;Triage Status;Y;EvacueeID;52;Triage Status;Y;EvacueeID;53;Triage Status;Y;EvacueeID;1;Triage Status;W;EvacueeID;2;Triage Status;W;EvacueeID;3;Triage Status;W;EvacueeID;4;Triage Status;W;EvacueeID;5;Triage Status;W;EvacueeID;6;Triage Status;W;EvacueeID;7;Triage Status;W;EvacueeID;8;Triage Status;W;EvacueeID;9;Triage Status;W;EvacueeID;10;Triage Status;W;EvacueeID;57;Triage Status;Y;EvacueeID;58;Triage Status;Y;EvacueeID;59;Triage Status;Y;EvacueeID;60;Triage Status;Y;EvacueeID;61;Triage Status;Y;EvacueeID;62;Triage Status;Y;EvacueeID;63;Triage Status;Y;EvacueeID;64;Triage Status;Y;EvacueeID;65;Triage Status;Y;Lives Saved;22
3210,1130,helicopter,,Helicopter;2;Is going to the evacuation site;;and has;0;spots taken
3225,5,helicopterQueue,,1;Helos are waiting to land;HeloID;1
3225,1170,helicopter,outES,Helicopter 1 is evacuating people1
3225,1170,helicopter,,Helicopter;1;is waiting to land at the evacuation site;;and has;0;spots taken
3225,4,helipadManager,,Helo;1;is at the ES
3225,5,helicopterQueue,outHM,Helicopter 1 is evacuating people1
3225,5,helicopterQueue,outHelo,Helicopter 1 is evacuating people1
3225,5,helicopterQueue,,;No helos are waiting to land
3225,107,filterES,,
3225,1129,filterES,,
3225,1169,filterES,,Helicopter;1;is evacuating people
3225,1169,filterES,out,Helicopter 1 is evacuating people1
3225,1169,filterES,,
3225,1170,helicopter,,Helicopter;1;is waiting to land at the evacuation site;;and has;0;spots taken
3225,1170,helicopter,,Helicopter;1;is loading people at the evacuation site;;and has;0;spots taken
3240,3,evacueeManager,,OFF SHIP: White;0;Green;0;Yellow;404;Red;0;Black;25;ON SHIP: White;38;Green;2;Yellow;3;Red;0;Evacuees to Transfer;;EvacueeID;69;HeloID;1;OnShip;0;Triage Status;Y;EvacueeID;70;HeloID;1;OnShip;0;Triage Status;Y;EvacueeID;71;HeloID;1;OnShip;0;Triage Status;Y
3240,4,helipadManager,outEM,Helicopter 1 is evacuating people1
3240,4,helipadManager,outHelo,Helicopter 1 is evacuating people1
3240,4,helipadManager,,;No helos are at ES
3240,107,filterES,,
3240,1129,filterES,,
3240,1169,filterES,,Helicopter;1;is evacuating people
3240,3,evacueeManager,outEvac,Evacuee 69 in triage category Y is assigned helicopter 1
3240,3,evacueeManager,outEvac,Evacuee 70 in triage category Y is assigned helicopter 1
3240,3,evacueeManager,outEvac,Evacuee 71 in triage category Y is assigned helicopter 1
3240,3,evacueeManager,,OFF SHIP: White;0;Green;0;Yellow;404;Red;0;Black;25;ON SHIP: White;38;Green;2;Yellow;3;Red;0;Evacuees to Transfer;
3240,4,helipadManager,outHQ,0
3240,4,helipadManager,,;No helos are at ES
3240,5,helicopterQueue,,;No helos are waiting to land
3240,7,filterLoc,,
3240,10,filterLoc,,
3240,13,filterLoc,,
3240,16,filterLoc,,
3240,19,filterLoc,,
3240,22,filterLoc,,
3240,25,filterLoc,,
3240,28,filterLoc,,
3240,31,filterLoc,,
3240,34,filterLoc,,
3240,37,filterLoc,,
3240,40,filterLoc,,
3240,43,filterLoc,,
3240,46,filterLoc,,
3240,49,filterLoc,,
3240,52,filterLoc,,
3240,55,filterLoc,,
3240,58,filterLoc,,
3240,61,filterLoc,,
3240,64,filterLoc,,
3240,67,filterLoc,,
3240,70,filterLoc,,
3240,73,filterLoc,,
3240,76,filterLoc,,
3240,79,filterLoc,,
3240,82,filterLoc,,
3240,85,filterLoc,,
3240,88,filterLoc,,
3240,91,filterLoc,,
3240,94,filterLoc,,
3240,97,filterLoc,,
3240,100,filterLoc,,
3240,103,filterLoc,,
3240,110,filterLoc,,
3240,113,filterLoc,,
3240,116,filterLoc,,
3240,119,filterLoc,,
3240,122,filterLoc,,
3240,125,filterLoc,,
3240,128,filterLoc,,
3240,131,filterLoc,,
3240,134,filterLoc,,
3240,137,filterLoc,,
3240,140,filterLoc,,
3240,143,filterLoc,,
3240,146,filterLoc,,
3240,149,filterLoc,,
3240,152,filterLoc,,
3240,155,filterLoc,,
3240,158,filterLoc,,
3240,161,filterLoc,,
3240,164,filterLoc,,
3240,167,filterLoc,,
3240,170,filterLoc,,
3240,173,filterLoc,,
3240,176,filterLoc,,
3240,179,filterLoc,,
3240,182,filterLoc,,
3240,185,filterLoc,,
3240,188,filterLoc,,
3240,191,filterLoc,,
3240,194,filterLoc,,
3240,197,filterLoc,,
3240,200,filterLoc,,
3240,203,filterLoc,,
3240,206,filterLoc,,
3240,209,filterLoc,,
3240,212,filterLoc,,
3240,215,filterLoc,,
3240,218,filterLoc,,
3240,221,filterLoc,,
3240,224,filterLoc,,
3240,228,filterLoc,,
3240,231,filterLoc,,
3240,234,filterLoc,,
3240,237,filterLoc,,
3240,240,filterLoc,,
3240,243,filterLoc,,
3240,246,filterLoc,,
3240,249,filterLoc,,
3240,252,filterLoc,,
3240,255,filterLoc,,
3240,258,filterLoc,,
3240,261,filterLoc,,
3240,264,filterLoc,,
3240,267,filterLoc,,
3240,270,filterLoc,,
3240,273,filterLoc,,
3240,276,filterLoc,,
3240,279,filterLoc,,
3240,282,filterLoc,,
3240,285,filterLoc,,
3240,288,filterLoc,,
3240,291,filterLoc,,
3240,294,filterLoc,,
3240,297,filterLoc,,
3240,300,filterLoc,,
3240,303,filterLoc,,
3240,306,filterLoc,,
3240,309,filterLoc,,
3240,312,filterLoc,,
3240,315,filterLoc,,
3240,318,filterLoc,,
3240,321,filterLoc,,
3240,324,filterLoc,,
3240,327,filterLoc,,
3240,330,filterLoc,,
3240,333,filterLoc,,
3240,336,filterLoc,,
3240,339,filterLoc,,
3240,342,filterLoc,,
3240,345,filterLoc,,
3240,348,filterLoc,,
3240,351,filterLoc,,
3240,354,filterLoc,,
3240,357,filterLoc,,
3240,360,filterLoc,,
3240,363,filterLoc,,
3240,366,filterLoc,,
3240,369,filterLoc,,
3240,372,filterLoc,,
3240,375,filterLoc,,
3240,378,filterLoc,,
3240,381,filterLoc,,
3240,384,filterLoc,,
3240,387,filterLoc,,
3240,390,filterLoc,,
3240,393,filterLoc,,
3240,396,filterLoc,,
3240,399,filterLoc,,
3240,402,filterLoc,,
3240,405,filterLoc,,
3240,408,filterLoc,,
3240,411,filterLoc,,
3240,414,filterLoc,,
3240,417,filterLoc,,
3240,420,filterLoc,,
3240,423,filterLoc,,
3240,426,filterLoc,,
3240,429,filterLoc,,
3240,432,filterLoc,,
3240,435,filterLoc,,
3240,438,filterLoc,,
3240,441,filterLoc,,
3240,444,filterLoc,,
3240,447,filterLoc,,
3240,450,filterLoc,,
3240,453,filterLoc,,
3240,456,filterLoc,,
3240,459,filterLoc,,
3240,462,filterLoc,,
3240,465,filterLoc,,
3240,468,filterLoc,,
3240,471,filterLoc,,
3240,474,filterLoc,,
3240,477,filterLoc,,
3240,480,filterLoc,,
3240,483,filterLoc,,
3240,486,filterLoc,,
3240,489,filterLoc,,
3240,492,filterLoc,,
3240,495,filterLoc,,
3240,498,filterLoc,,
3240,501,filterLoc,,
3240,504,filterLoc,,
3240,507,filterLoc,,
3240,510,filterLoc,,
3240,513,filterLoc,,
3240,516,filterLoc,,
3240,519,filterLoc,,
3240,522,filterLoc,,
3240,525,filterLoc,,
3240,528,filterLoc,,
3240,531,filterLoc,,
3240,534,filterLoc,,
3240,537,filterLoc,,
3240,540,filterLoc,,
3240,543,filterLoc,,
3240,546,filterLoc,,
3240,549,filterLoc,,
3240,552,filterLoc,,
3240,555,filterLoc,,
3240,558,filterLoc,,
3240,561,filterLoc,,
3240,564,filterLoc,,
3240,567,filterLoc,,
3240,570,filterLoc,,
3240,573,filterLoc,,
3240,576,filterLoc,,
3240,579,filterLoc,,
3240,582,filterLoc,,
3240,585,filterLoc,,
3240,588,filterLoc,,
3240,591,filterLoc,,
3240,594,filterLoc,,
3240,597,filterLoc,,
3240,600,filterLoc,,
3240,603,filterLoc,,
3240,606,filterLoc,,
3240,609,filterLoc,,
3240,612,filterLoc,,
3240,615,filterLoc,,
3240,618,filterLoc,,
3240,621,filterLoc,,
3240,624,filterLoc,,
3240,627,filterLoc,,
3240,630,filterLoc,,
3240,633,filterLoc,,
3240,636,filterLoc,,
3240,639,filterLoc,,
3240,642,filterLoc,,
3240,645,filterLoc,,
3240,648,filterLoc,,
3240,651,filterLoc,,
3240,654,filterLoc,,
3240,657,filterLoc,,
3240,660,filterLoc,,
3240,663,filterLoc,,
3240,666,filterLoc,,
3240,669,filterLoc,,
3240,672,filterLoc,,
3240,675,filterLoc,,
3240,678,filterLoc,,
3240,681,filterLoc,,
3240,684,filterLoc,,
3240,687,filterLoc,,
3240,690,filterLoc,,
3240,693,filterLoc,,
3240,696,filterLoc,,
3240,699,filterLoc,,
3240,702,filterLoc,,
3240,705,filterLoc,,
3240,708,filterLoc,,
3240,711,filterLoc,,
3240,714,filterLoc,,
3240,717,filterLoc,,
3240,720,filterLoc,,
3240,723,filterLoc,,
3240,726,filterLoc,,
3240,729,filterLoc,,
3240,732,filterLoc,,
3240,735,filterLoc,,
3240,738,filterLoc,,
3240,741,filterLoc,,
3240,744,filterLoc,,
3240,747,filterLoc,,
3240,750,filterLoc,,
3240,753,filterLoc,,
3240,756,filterLoc,,
3240,759,filterLoc,,
3240,762,filterLoc,,
3240,765,filterLoc,,
3240,768,filterLoc,,
3240,771,filterLoc,,
3240,774,filterLoc,,
3240,777,filterLoc,,
3240,780,filterLoc,,
3240,783,filterLoc,,
3240,786,filterLoc,,
3240,789,filterLoc,,
3240,792,filterLoc,,
3240,795,filterLoc,,
3240,798,filterLoc,,
3240,801,filterLoc,,
3240,804,filterLoc,,
3240,807,filterLoc,,
3240,810,filterLoc,,
3240,813,filterLoc,,
3240,816,filterLoc,,
3240,819,filterLoc,,
3240,822,filterLoc,,
3240,825,filterLoc,,
3240,828,filterLoc,,
3240,831,filterLoc,,
3240,834,filterLoc,,
3240,837,filterLoc,,
3240,840,filterLoc,,
3240,843,filterLoc,,
3240,846,filterLoc,,
3240,849,filterLoc,,
3240,852,filterLoc,,;Evacuee;70;in triage category;Y;is entering helicopter;1
3240,855,filterLoc,,
3240,858,filterLoc,,
3240,861,filterLoc,,
3240,864,filterLoc,,
3240,867,filterLoc,,
3240,870,filterLoc,,
3240,873,filterLoc,,
3240,876,filterLoc,,
3240,879,filterLoc,,
3240,882,filterLoc,,
3240,885,filterLoc,,
3240,888,filterLoc,,
3240,891,filterLoc,,
3240,894,filterLoc,,
3240,897,filterLoc,,
3240,900,filterLoc,,
3240,903,filterLoc,,
3240,906,filterLoc,,;Evacuee;71;in triage category;Y;is entering helicopter;1
3240,909,filterLoc,,
3240,912,filterLoc,,
3240,915,filterLoc,,
3240,918,filterLoc,,
3240,921,filterLoc,,
3240,924,filterLoc,,
3240,927,filterLoc,,
3240,930,filterLoc,,
3240,933,filterLoc,,
3240,936,filterLoc,,
3240,939,filterLoc,,
3240,942,filterLoc,,
3240,945,filterLoc,,
3240,948,filterLoc,,
3240,951,filterLoc,,
3240,954,filterLoc,,
3240,957,filterLoc,,
3240,960,filterLoc,,
3240,963,filterLoc,,
3240,966,filterLoc,,
3240,969,filterLoc,,
3240,972,filterLoc,,
3240,975,filterLoc,,
3240,978,filterLoc,,
3240,981,filterLoc,,
3240,984,filterLoc,,
3240,987,filterLoc,,
3240,990,filterLoc,,
3240,993,filterLoc,,
3240,996,filterLoc,,
3240,999,filterLoc,,
3240,1002,filterLoc,,
3240,1005,filterLoc,,
3240,1008,filterLoc,,
3240,1011,filterLoc,,
3240,1014,filterLoc,,
3240,1017,filterLoc,,
3240,1020,filterLoc,,
3240,1023,filterLoc,,
3240,1026,filterLoc,,
3240,1029,filterLoc,,
3240,1032,filterLoc,,
3240,1035,filterLoc,,
3240,1038,filterLoc,,
3240,1041,filterLoc,,
3240,1044,filterLoc,,
3240,1047,filterLoc,,
3240,1050,filterLoc,,
3240,1053,filterLoc,,
3240,1056,filterLoc,,
3240,1059,filterLoc,,
3240,1062,filterLoc,,
3240,1065,filterLoc,,
3240,1068,filterLoc,,
3240,1071,filterLoc,,
3240,1074,filterLoc,,
3240,1077,filterLoc,,
3240,1080,filterLoc,,
3240,1083,filterLoc,,
3240,1086,filterLoc,,
3240,1089,filterLoc,,
3240,1092,filterLoc,,
3240,1095,filterLoc,,
3240,1098,filterLoc,,
3240,1101,filterLoc,,
3240,1104,filterLoc,,
3240,1107,filterLoc,,
3240,1110,filterLoc,,
3240,1113,filterLoc,,
3240,1116,filterLoc,,
3240,1119,filterLoc,,
3240,1122,filterLoc,,
3240,1125,filterLoc,,
3240,1132,filterLoc,,
3240,1135,filterLoc,,
3240,1138,filterLoc,,
3240,1141,filterLoc,,
3240,1144,filterLoc,,
3240,1147,filterLoc,,
3240,1150,filterLoc,,
3240,1153,filterLoc,,
3240,1156,filterLoc,,
3240,1159,filterLoc,,
3240,1162,filterLoc,,
3240,1165,filterLoc,,
3240,1169,filterES,out,Helicopter 1 is evacuating people1
3240,1169,filterES,,
3240,1170,helicopter,,Helicopter;1;is loading people at the evacuation site;;and has;0;spots taken
3240,1172,filterLoc,,
3240,1175,filterLoc,,
3240,1178,filterLoc,,
3240,1181,filterLoc,,
3240,1184,filterLoc,,
3240,1187,filterLoc,,
3240,1190,filterLoc,,
3240,1193,filterLoc,,
3240,1196,filterLoc,,
3240,1199,filterLoc,,
3240,1202,filterLoc,,
3240,1205,filterLoc,,
3240,1208,filterLoc,,
3240,1211,filterLoc,,
3240,1214,filterLoc,,
3240,1217,filterLoc,,
3240,1220,filterLoc,,
3240,1223,filterLoc,,
3240,1226,filterLoc,,
3240,1229,filterLoc,,
3240,1232,filterLoc,,
3240,1235,filterLoc,,
3240,1238,filterLoc,,
3240,1241,filterLoc,,
3240,1244,filterLoc,,
3240,1247,filterLoc,,
3240,1250,filterLoc,,
3240,1253,filterLoc,,
3240,1256,filterLoc,,
3240,1259,filterLoc,,
3240,1262,filterLoc,,
3240,1265,filterLoc,,
3240,1268,filterLoc,,
3240,1271,filterLoc,,
3240,1274,filterLoc,,
3240,1277,filterLoc,,
3240,1280,filterLoc,,
3240,1283,filterLoc,,
3240,1286,filterLoc,,
3240,1289,filterLoc,,
3240,1292,filterLoc,,
3240,1295,filterLoc,,
3240,1298,filterLoc,,
3240,1301,filterLoc,,
3240,1304,filterLoc,,
3240,1307,filterLoc,,
3240,1310,filterLoc,,
3240,1313,filterLoc,,
3240,1316,filterLoc,,
3240,1319,filterLoc,,
3240,1322,filterLoc,,
3240,1325,filterLoc,,
3240,1328,filterLoc,,
3240,1331,filterLoc,,
3240,1334,filterLoc,,
3240,1337,filterLoc,,
3240,1340,filterLoc,,
3240,1343,filterLoc,,
3240,1346,filterLoc,,
3240,1349,filterLoc,,
3240,1352,filterLoc,,
3240,1355,filterLoc,,
3240,1358,filterLoc,,
3240,1361,filterLoc,,
3240,1364,filterLoc,,
3240,1367,filterLoc,,
3240,1370,filterLoc,,
3240,1373,filterLoc,,
3240,1376,filterLoc,,
3240,1379,filterLoc,,
3240,1382,filterLoc,,
3240,1385,filterLoc,,
3240,1388,filterLoc,,
3240,1391,filterLoc,,
3240,1394,filterLoc,,
3240,1397,filterLoc,,
3240,1400,filterLoc,,
3240,1403,filterLoc,,
3240,1406,filterLoc,,
3240,1409,filterLoc,,
3240,1412,filterLoc,,;Evacuee;69;in triage category;Y;is entering helicopter;1
3240,1415,filterLoc,,
3240,1418,filterLoc,,
3240,1421,filterLoc,,
3240,1424,filterLoc,,
3240,1427,filterLoc,,
3240,1430,filterLoc,,
3240,1433,filterLoc,,
3240,1436,filterLoc,,
3240,1439,filterLoc,,
3240,1442,filterLoc,,
3240,1445,filterLoc,,
3240,1448,filterLoc,,
3240,1451,filterLoc,,
3240,1454,filterLoc,,
3240,1457,filterLoc,,
3240,1460,filterLoc,,
3240,1463,filterLoc,,
3240,1466,filterLoc,,
3240,1469,filterLoc,,
3240,1472,filterLoc,,
3240,1475,filterLoc,,
3240,1478,filterLoc,,
3240,1481,filterLoc,,
3240,1484,filterLoc,,
3240,1487,filterLoc,,
3240,1490,filterLoc,,
3240,1493,filterLoc,,
3240,1496,filterLoc,,
3240,1499,filterLoc,,
3240,1502,filterLoc,,
3240,1505,filterLoc,,
3240,1508,filterLoc,,
3240,1511,filterLoc,,
3240,1514,filterLoc,,
3240,1517,filterLoc,,
3240,5,helicopterQueue,,;No helos are waiting to land
3240,852,filterLoc,out,Evacuee 70 in triage category Y is assigned helicopter 1
3240,852,filterLoc,,
3240,853,evacuee,,Evacuee;70;in triage state;Y;is entering helicopter;1
3240,906,filterLoc,out,Evacuee 71 in triage category Y is assigned helicopter 1
3240,906,filterLoc,,
3240,907,evacuee,,Evacuee;71;in triage state;Y;is entering helicopter;1
3240,1170,helicopter,,Helicopter;1;is returning to the FOL;;and has;0;spots taken
3240,1412,filterLoc,out,Evacuee 69 in triage category Y is assigned helicopter 1
3240,1412,filterLoc,,
3240,1413,evacuee,,Evacuee;69;in triage state;Y;is entering helicopter;1
3240,106,filterEvac,,
3240,853,evacuee,outHelo,Evacuee 70 in triage category Y is assigned helicopter 1
3240,853,evacuee,,Evacuee;70;in triage state;Y;is in helicopter;1
3240,907,evacuee,outHelo,Evacuee 71 in triage category Y is assigned helicopter 1
3240,907,evacuee,,Evacuee;71;in triage state;Y;is in helicopter;1
3240,1128,filterEvac,,
3240,1168,filterEvac,,;Evacuee;69;in triage category;Y;is entering helicopter;1;Evacuee;70;in triage category;Y;is entering helicopter;1;Evacuee;71;in triage category;Y;is entering helicopter;1
3240,1413,evacuee,outHelo,Evacuee 69 in triage category Y is assigned helicopter 1
3240,1413,evacuee,,Evacuee;69;in triage state;Y;is in helicopter;1
3240,1168,filterEvac,out,Evacuee 69 in triage category Y is assigned helicopter 1
3240,1168,filterEvac,out,Evacuee 70 in triage category Y is assigned helicopter 1
3240,1168,filterEvac,out,Evacuee 71 in triage category Y is assigned helicopter 1
3240,1168,filterEvac,,
3240,1170,helicopter,,Helicopter;1;is returning to the FOL;;and has;9;spots taken
3255,7,filterLoc,,
3255,10,filterLoc,,
3255,13,filterLoc,,
3255,16,filterLoc,,
3255,19,filterLoc,,
3255,22,filterLoc,,
3255,25,filterLoc,,
3255,28,filterLoc,,
3255,31,filterLoc,,
3255,34,filterLoc,,
3255,37,filterLoc,,
3255,40,filterLoc,,
3255,43,filterLoc,,
3255,46,filterLoc,,
3255,49,filterLoc,,
3255,52,filterLoc,,
3255,55,filterLoc,,
3255,58,filterLoc,,
3255,61,filterLoc,,
3255,64,filterLoc,,
3255,67,filterLoc,,
3255,70,filterLoc,,
3255,73,filterLoc,,
3255,76,filterLoc,,
3255,79,filterLoc,,
3255,82,filterLoc,,
3255,85,filterLoc,,
3255,88,filterLoc,,
3255,91,filterLoc,,
3255,94,filterLoc,,
3255,97,filterLoc,,
3255,100,filterLoc,,
3255,103,filterLoc,,
3255,108,helicopter,outEvac,Evacuee 66 in triage category Y is not assigned a helicopter
3255,108,helicopter,outEvac,Evacuee 67 in triage category Y is not assigned a helicopter
3255,108,helicopter,outEvac,Evacuee 68 in triage category Y is not assigned a helicopter
3255,108,helicopter,,Helicopter;3;is unloading people at the FOL;;and has;0;spots taken
3255,110,filterLoc,,
3255,113,filterLoc,,
3255,116,filterLoc,,
3255,119,filterLoc,,
3255,122,filterLoc,,
3255,125,filterLoc,,
3255,128,filterLoc,,
3255,131,filterLoc,,
3255,134,filterLoc,,
3255,137,filterLoc,,
3255,140,filterLoc,,
3255,143,filterLoc,,
3255,146,filterLoc,,
3255,149,filterLoc,,
3255,152,filterLoc,,
3255,155,filterLoc,,
3255,158,filterLoc,,
3255,161,filterLoc,,
3255,164,filterLoc,,
3255,167,filterLoc,,
3255,170,filterLoc,,
3255,173,filterLoc,,
3255,176,filterLoc,,
3255,179,filterLoc,,
3255,182,filterLoc,,
3255,185,filterLoc,,
3255,188,filterLoc,,
3255,191,filterLoc,,
3255,194,filterLoc,,
3255,197,filterLoc,,
3255,200,filterLoc,,
3255,203,filterLoc,,
3255,206,filterLoc,,
3255,209,filterLoc,,
3255,212,filterLoc,,
3255,215,filterLoc,,
3255,218,filterLoc,,
3255,221,filterLoc,,
3255,224,filterLoc,,
3255,228,filterLoc,,
3255,231,filterLoc,,
3255,234,filterLoc,,
3255,237,filterLoc,,
3255,240,filterLoc,,
3255,243,filterLoc,,
3255,246,filterLoc,,
3255,249,filterLoc,,
3255,252,filterLoc,,
3255,255,filterLoc,,
3255,258,filterLoc,,
3255,261,filterLoc,,
3255,264,filterLoc,,
3255,267,filterLoc,,
3255,270,filterLoc,,
3255,273,filterLoc,,
3255,276,filterLoc,,
3255,279,filterLoc,,
3255,282,filterLoc,,
3255,285,filterLoc,,
3255,288,filterLoc,,
3255,291,filterLoc,,
3255,294,filterLoc,,
3255,297,filterLoc,,
3255,300,filterLoc,,
3255,303,filterLoc,,
3255,306,filterLoc,,
3255,309,filterLoc,,
3255,312,filterLoc,,
3255,315,filterLoc,,
3255,318,filterLoc,,
3255,321,filterLoc,,
3255,324,filterLoc,,
3255,327,filterLoc,,
3255,330,filterLoc,,
3255,333,filterLoc,,
3255,336,filterLoc,,
3255,339,filterLoc,,
3255,342,filterLoc,,
3255,345,filterLoc,,
3255,348,filterLoc,,
3255,351,filterLoc,,
3255,354,filterLoc,,
3255,357,filterLoc,,
3255,360,filterLoc,,
3255,363,filterLoc,,
3255,366,filterLoc,,
3255,369,filterLoc,,
3255,372,filterLoc,,
3255,375,filterLoc,,
3255,378,filterLoc,,
3255,381,filterLoc,,
3255,384,filterLoc,,
3255,387,filterLoc,,
3255,390,filterLoc,,
3255,393,filterLoc,,
3255,396,filterLoc,,
3255,399,filterLoc,,
3255,402,filterLoc,,
3255,405,filterLoc,,
3255,408,filterLoc,,
3255,411,filterLoc,,
3255,414,filterLoc,,
3255,417,filterLoc,,
3255,420,filterLoc,,
3255,423,filterLoc,,
3255,426,filterLoc,,
3255,429,filterLoc,,
3255,432,filterLoc,,
3255,435,filterLoc,,
3255,438,filterLoc,,
3255,441,filterLoc,,
3255,444,filterLoc,,
3255,447,filterLoc,,
3255,450,filterLoc,,
3255,453,filterLoc,,
3255,456,filterLoc,,
3255,459,filterLoc,,
3255,462,filterLoc,,
3255,465,filterLoc,,
3255,468,filterLoc,,
3255,471,filterLoc,,
3255,474,filterLoc,,
3255,477,filterLoc,,
3255,480,filterLoc,,
3255,483,filterLoc,,
3255,486,filterLoc,,
3255,489,filterLoc,,
3255,492,filterLoc,,
3255,495,filterLoc,,
3255,498,filterLoc,,
3255,501,filterLoc,,
3255,504,filterLoc,,
3255,507,filterLoc,,
3255,510,filterLoc,,
3255,513,filterLoc,,
3255,516,filterLoc,,
3255,519,filterLoc,,
3255,522,filterLoc,,
3255,525,filterLoc,,
3255,528,filterLoc,,
3255,531,filterLoc,,
3255,534,filterLoc,,
3255,537,filterLoc,,
3255,540,filterLoc,,
3255,543,filterLoc,,
3255,546,filterLoc,,
3255,549,filterLoc,,
3255,552,filterLoc,,
3255,555,filterLoc,,
3255,558,filterLoc,,
3255,561,filterLoc,,
3255,564,filterLoc,,
3255,567,filterLoc,,
3255,570,filterLoc,,
3255,573,filterLoc,,
3255,576,filterLoc,,
3255,579,filterLoc,,
3255,582,filterLoc,,
3255,585,filterLoc,,
3255,588,filterLoc,,
3255,591,filterLoc,,
3255,594,filterLoc,,
3255,597,filterLoc,,
3255,600,filterLoc,,
3255,603,filterLoc,,
3255,606,filterLoc,,
3255,609,filterLoc,,
3255,612,filterLoc,,
3255,615,filterLoc,,
3255,618,filterLoc,,
3255,621,filterLoc,,
3255,624,filterLoc,,
3255,627,filterLoc,,
3255,630,filterLoc,,
3255,633,filterLoc,,
3255,636,filterLoc,,
3255,639,filterLoc,,
3255,642,filterLoc,,
3255,645,filterLoc,,
3255,648,filterLoc,,
3255,651,filterLoc,,
3255,654,filterLoc,,
3255,657,filterLoc,,
3255,660,filterLoc,,
3255,663,filterLoc,,
3255,666,filterLoc,,
3255,669,filterLoc,,
3255,672,filterLoc,,
3255,675,filterLoc,,
3255,678,filterLoc,,
3255,681,filterLoc,,
3255,684,filterLoc,,
3255,687,filterLoc,,
3255,690,filterLoc,,
3255,693,filterLoc,,
3255,696,filterLoc,,
3255,699,filterLoc,,
3255,702,filterLoc,,
3255,705,filterLoc,,;Evacuee;66;in triage category;Y;is leaving helicopter;3
3255,708,filterLoc,,
3255,711,filterLoc,,
3255,714,filterLoc,,
3255,717,filterLoc,,
3255,720,filterLoc,,
3255,723,filterLoc,,
3255,726,filterLoc,,
3255,729,filterLoc,,
3255,732,filterLoc,,
3255,735,filterLoc,,
3255,738,filterLoc,,
3255,741,filterLoc,,
3255,744,filterLoc,,
3255,747,filterLoc,,
3255,750,filterLoc,,
3255,753,filterLoc,,
3255,756,filterLoc,,
3255,759,filterLoc,,
3255,762,filterLoc,,
3255,765,filterLoc,,
3255,768,filterLoc,,
3255,771,filterLoc,,
3255,774,filterLoc,,
3255,777,filterLoc,,
3255,780,filterLoc,,
3255,783,filterLoc,,
3255,786,filterLoc,,
3255,789,filterLoc,,
3255,792,filterLoc,,
3255,795,filterLoc,,
3255,798,filterLoc,,
3255,801,filterLoc,,
3255,804,filterLoc,,
3255,807,filterLoc,,
3255,810,filterLoc,,
3255,813,filterLoc,,
3255,816,filterLoc,,
3255,819,filterLoc,,
3255,822,filterLoc,,
3255,825,filterLoc,,
3255,828,filterLoc,,
3255,831,filterLoc,,
3255,834,filterLoc,,
3255,837,filterLoc,,
3255,840,filterLoc,,
3255,843,filterLoc,,
3255,846,filterLoc,,
3255,849,filterLoc,,
3255,852,filterLoc,,
3255,855,filterLoc,,
3255,858,filterLoc,,
3255,861,filterLoc,,
3255,864,filterLoc,,
3255,867,filterLoc,,
3255,870,filterLoc,,
3255,873,filterLoc,,
3255,876,filterLoc,,
3255,879,filterLoc,,
3255,882,filterLoc,,
3255,885,filterLoc,,
3255,888,filterLoc,,
3255,891,filterLoc,,
3255,894,filterLoc,,
3255,897,filterLoc,,
3255,900,filterLoc,,
3255,903,filterLoc,,
3255,906,filterLoc,,
3255,909,filterLoc,,
3255,912,filterLoc,,
3255,915,filterLoc,,
3255,918,filterLoc,,
3255,921,filterLoc,,
3255,924,filterLoc,,
3255,927,filterLoc,,
3255,930,filterLoc,,
3255,933,filterLoc,,
3255,936,filterLoc,,
3255,939,filterLoc,,
3255,942,filterLoc,,
3255,945,filterLoc,,
3255,948,filterLoc,,
3255,951,filterLoc,,
3255,954,filterLoc,,
3255,957,filterLoc,,
3255,960,filterLoc,,
3255,963,filterLoc,,
3255,966,filterLoc,,
3255,969,filterLoc,,
3255,972,filterLoc,,
3255,975,filterLoc,,
3255,978,filterLoc,,
3255,981,filterLoc,,
3255,984,filterLoc,,
3255,987,filterLoc,,
3255,990,filterLoc,,
3255,993,filterLoc,,
3255,996,filterLoc,,
3255,999,filterLoc,,
3255,1002,filterLoc,,
3255,1005,filterLoc,,
3255,1008,filterLoc,,
3255,1011,filterLoc,,
3255,1014,filterLoc,,
3255,1017,filterLoc,,
3255,1020,filterLoc,,;Evacuee;68;in triage category;Y;is leaving helicopter;3
3255,1023,filterLoc,,
3255,1026,filterLoc,,
3255,1029,filterLoc,,
3255,1032,filterLoc,,
3255,1035,filterLoc,,
3255,1038,filterLoc,,
3255,1041,filterLoc,,
3255,1044,filterLoc,,
3255,1047,filterLoc,,
3255,1050,filterLoc,,
3255,1053,filterLoc,,
3255,1056,filterLoc,,
3255,1059,filterLoc,,
3255,1062,filterLoc,,
3255,1065,filterLoc,,
3255,1068,filterLoc,,
3255,1071,filterLoc,,
3255,1074,filterLoc,,
3255,1077,filterLoc,,
3255,1080,filterLoc,,
3255,1083,filterLoc,,
3255,1086,filterLoc,,
3255,1089,filterLoc,,
3255,1092,filterLoc,,
3255,1095,filterLoc,,
3255,1098,filterLoc,,
3255,1101,filterLoc,,
3255,1104,filterLoc,,
3255,1107,filterLoc,,
3255,1110,filterLoc,,
3255,1113,filterLoc,,
3255,1116,filterLoc,,
3255,1119,filterLoc,,
3255,1122,filterLoc,,
3255,1125,filterLoc,,
3255,1132,filterLoc,,
3255,1135,filterLoc,,
3255,1138,filterLoc,,
3255,1141,filterLoc,,
3255,1144,filterLoc,,
3255,1147,filterLoc,,
3255,1150,filterLoc,,
3255,1153,filterLoc,,
3255,1156,filterLoc,,
3255,1159,filterLoc,,
3255,1162,filterLoc,,
3255,1165,filterLoc,,
3255,1172,filterLoc,,
3255,1175,filterLoc,,
3255,1178,filterLoc,,
3255,1181,filterLoc,,
3255,1184,filterLoc,,
3255,1187,filterLoc,,
3255,1190,filterLoc,,
3255,1193,filterLoc,,
3255,1196,filterLoc,,
3255,1199,filterLoc,,
3255,1202,filterLoc,,
3255,1205,filterLoc,,
3255,1208,filterLoc,,
3255,1211,filterLoc,,
3255,1214,filterLoc,,
3255,1217,filterLoc,,
3255,1220,filterLoc,,
3255,1223,filterLoc,,
3255,1226,filterLoc,,
3255,1229,filterLoc,,
3255,1232,filterLoc,,
3255,1235,filterLoc,,;Evacuee;67;in triage category;Y;is leaving helicopter;3
3255,1238,filterLoc,,
3255,1241,filterLoc,,
3255,1244,filterLoc,,
3255,1247,filterLoc,,
3255,1250,filterLoc,,
3255,1253,filterLoc,,
3255,1256,filterLoc,,
3255,1259,filterLoc,,
3255,1262,filterLoc,,
3255,1265,filterLoc,,
3255,1268,filterLoc,,
3255,1271,filterLoc,,
3255,1274,filterLoc,,
3255,1277,filterLoc,,
3255,1280,filterLoc,,
3255,1283,filterLoc,,
3255,1286,filterLoc,,
3255,1289,filterLoc,,
3255,1292,filterLoc,,
3255,1295,filterLoc,,
3255,1298,filterLoc,,
3255,1301,filterLoc,,
3255,1304,filterLoc,,
3255,1307,filterLoc,,
3255,1310,filterLoc,,
3255,1313,filterLoc,,
3255,1316,filterLoc,,
3255,1319,filterLoc,,
3255,1322,filterLoc,,
3255,1325,filterLoc,,
3255,1328,filterLoc,,
3255,1331,filterLoc,,
3255,1334,filterLoc,,
3255,1337,filterLoc,,
3255,1340,filterLoc,,
3255,1343,filterLoc,,
3255,1346,filterLoc,,
3255,1349,filterLoc,,
3255,1352,filterLoc,,
3255,1355,filterLoc,,
3255,1358,filterLoc,,
3255,1361,filterLoc,,
3255,1364,filterLoc,,
3255,1367,filterLoc,,
3255,1370,filterLoc,,
3255,1373,filterLoc,,
3255,1376,filterLoc,,
3255,1379,filterLoc,,
3255,1382,filterLoc,,
3255,1385,filterLoc,,
3255,1388,filterLoc,,
3255,1391,filterLoc,,
3255,1394,filterLoc,,
3255,1397,filterLoc,,
3255,1400,filterLoc,,
3255,1403,filterLoc,,
3255,1406,filterLoc,,
3255,1409,filterLoc,,
3255,1412,filterLoc,,
3255,1415,filterLoc,,
3255,1418,filterLoc,,
3255,1421,filterLoc,,
3255,1424,filterLoc,,
3255,1427,filterLoc,,
3255,1430,filterLoc,,
3255,1433,filterLoc,,
3255,1436,filterLoc,,
3255,1439,filterLoc,,
3255,1442,filterLoc,,
3255,1445,filterLoc,,
3255,1448,filterLoc,,
3255,1451,filterLoc,,
3255,1454,filterLoc,,
3255,1457,filterLoc,,
3255,1460,filterLoc,,
3255,1463,filterLoc,,
3255,1466,filterLoc,,
3255,1469,filterLoc,,
3255,1472,filterLoc,,
3255,1475,filterLoc,,
3255,1478,filterLoc,,
3255,1481,filterLoc,,
3255,1484,filterLoc,,
3255,1487,filterLoc,,
3255,1490,filterLoc,,
3255,1493,filterLoc,,
3255,1496,filterLoc,,
3255,1499,filterLoc,,
3255,1502,filterLoc,,
3255,1505,filterLoc,,
3255,1508,filterLoc,,
3255,1511,filterLoc,,
3255,1514,filterLoc,,
3255,1517,filterLoc,,
3255,705,filterLoc,out,Evacuee 66 in triage category Y is not assigned a helicopter
3255,705,filterLoc,,
3255,706,evacuee,,Evacuee;66;in triage state;Y;is entering the FOL
3255,1020,filterLoc,out,Evacuee 68 in triage category Y is not assigned a helicopter
3255,1020,filterLoc,,
3255,1021,evacuee,,Evacuee;68;in triage state;Y;is entering the FOL
3255,1235,filterLoc,out,Evacuee 67 in triage category Y is not assigned a helicopter
3255,1235,filterLoc,,
3255,1236,evacuee,,Evacuee;67;in triage state;Y;is entering the FOL
3255,226,FOL,,;EvacueeID;51;Triage Status;Y;EvacueeID;52;Triage Status;Y;EvacueeID;53;Triage Status;Y;EvacueeID;1;Triage Status;W;EvacueeID;2;Triage Status;W;EvacueeID;3;Triage Status;W;EvacueeID;4;Triage Status;W;EvacueeID;5;Triage Status;W;EvacueeID;6;Triage Status;W;EvacueeID;7;Triage Status;W;EvacueeID;8;Triage Status;W;EvacueeID;9;Triage Status;W;EvacueeID;10;Triage Status;W;EvacueeID;57;Triage Status;Y;EvacueeID;58;Triage Status;Y;EvacueeID;59;Triage Status;Y;EvacueeID;60;Triage Status;Y;EvacueeID;61;Triage Status;Y;EvacueeID;62;Triage Status;Y;EvacueeID;63;Triage Status;Y;EvacueeID;64;Triage Status;Y;EvacueeID;65;Triage Status;Y;EvacueeID;66;Triage Status;Y;EvacueeID;67;Triage Status;Y;EvacueeID;68;Triage Status;Y;Lives Saved;25
3255,706,evacuee,outFOL,Evacuee 66 in triage category Y is not assigned a helicopter
3255,706,evacuee,,Evacuee;66;in triage state;Y;is at the FOL
3255,1021,evacuee,outFOL,Evacuee 68 in triage category Y is not assigned a helicopter
3255,1021,evacuee,,Evacuee;68;in triage state;Y;is at the FOL
3255,1236,evacuee,outFOL,Evacuee 67 in triage category Y is not assigned a helicopter
3255,1236,evacuee,,Evacuee;67;in triage state;Y;is at the FOL
3255,226,FOL,,;EvacueeID;51;Triage Status;Y;EvacueeID;52;Triage Status;Y;EvacueeID;53;Triage Status;Y;EvacueeID;1;Triage Status;W;EvacueeID;2;Triage Status;W;EvacueeID;3;Triage Status;W;EvacueeID;4;Triage Status;W;EvacueeID;5;Triage Status;W;EvacueeID;6;Triage Status;W;EvacueeID;7;Triage Status;W;EvacueeID;8;Triage Status;W;EvacueeID;9;Triage Status;W;EvacueeID;10;Triage Status;W;EvacueeID;57;Triage Status;Y;EvacueeID;58;Triage Status;Y;EvacueeID;59;Triage Status;Y;EvacueeID;60;Triage Status;Y;EvacueeID;61;Triage Status;Y;EvacueeID;62;Triage Status;Y;EvacueeID;63;Triage Status;Y;EvacueeID;64;Triage Status;Y;EvacueeID;65;Triage Status;Y;EvacueeID;66;Triage Status;Y;EvacueeID;67;Triage Status;Y;EvacueeID;68;Triage Status;Y;Lives Saved;25
3270,108,helicopter,,Helicopter;3;Is going to the evacuation site;;and has;0;spots taken
3285,5,helicopterQueue,,1;Helos are waiting to land;HeloID;2
3285,1130,helicopter,outES,Helicopter 2 is evacuating people2
3285,1130,helicopter,,Helicopter;2;is waiting to land at the evacuation site;;and has;0;spots taken
3285,4,helipadManager,,Helo;2;is at the ES
3285,5,helicopterQueue,outHM,Helicopter 2 is evacuating people2
3285,5,helicopterQueue,outHelo,Helicopter 2 is evacuating people2
3285,5,helicopterQueue,,;No helos are waiting to land
3285,107,filterES,,
3285,1129,filterES,,Helicopter;2;is evacuating people
3285,1169,filterES,,
3285,1129,filterES,out,Helicopter 2 is evacuating people2
3285,1129,filterES,,
3285,1130,helicopter,,Helicopter;2;is waiting to land at the evacuation site;;and has;0;spots taken
3285,1130,helicopter,,Helicopter;2;is loading people at the evacuation site;;and has;0;spots taken
3300,3,evacueeManager,,OFF SHIP: White;0;Green;0;Yellow;401;Red;0;Black;25;ON SHIP: White;38;Green;2;Yellow;3;Red;0;Evacuees to Transfer;;EvacueeID;72;HeloID;2;OnShip;0;Triage Status;Y;EvacueeID;73;HeloID;2;OnShip;0;Triage Status;Y;EvacueeID;74;HeloID;2;OnShip;0;Triage Status;Y
3300,4,helipadManager,outEM,Helicopter 2 is evacuating people2
3300,4,helipadManager,outHelo,Helicopter 2 is evacuating people2
3300,4,helipadManager,,;No helos are at ES
3300,107,filterES,,
3300,1129,filterES,,Helicopter;2;is evacuating people
3300,1169,filterES,,
3300,3,evacueeManager,outEvac,Evacuee 72 in triage category Y is assigned helicopter 2
3300,3,evacueeManager,outEvac,Evacuee 73 in triage category Y is assigned helicopter 2
3300,3,evacueeManager,outEvac,Evacuee 74 in triage category Y is assigned helicopter 2
3300,3,evacueeManager,,OFF SHIP: White;0;Green;0;Yellow;401;Red;0;Black;25;ON SHIP: White;38;Green;2;Yellow;3;Red;0;Evacuees to Transfer;
3300,4,helipadManager,outHQ,0
3300,4,helipadManager,,;No helos are at ES
3300,5,helicopterQueue,,;No helos are waiting to land
3300,7,filterLoc,,
3300,10,filterLoc,,
3300,13,filterLoc,,
3300,16,filterLoc,,
3300,19,filterLoc,,
3300,22,filterLoc,,
3300,25,filterLoc,,
3300,28,filterLoc,,
3300,31,filterLoc,,
3300,34,filterLoc,,
3300,37,filterLoc,,
3300,40,filterLoc,,
3300,43,filterLoc,,
3300,46,filterLoc,,
3300,49,filterLoc,,
3300,52,filterLoc,,
3300,55,filterLoc,,
3300,58,filterLoc,,
3300,61,filterLoc,,
3300,64,filterLoc,,
3300,67,filterLoc,,
3300,70,filterLoc,,
3300,73,filterLoc,,
3300,76,filterLoc,,
3300,79,filterLoc,,
3300,82,filterLoc,,
3300,85,filterLoc,,
3300,88,filterLoc,,
3300,91,filterLoc,,
3300,94,filterLoc,,
3300,97,filterLoc,,
3300,100,filterLoc,,
3300,103,filterLoc,,
3300,110,filterLoc,,
3300,113,filterLoc,,
3300,116,filterLoc,,
3300,119,filterLoc,,
3300,122,filterLoc,,
3300,125,filterLoc,,
3300,128,filterLoc,,
3300,131,filterLoc,,
3300,134,filterLoc,,
3300,137,filterLoc,,
3300,140,filterLoc,,
3300,143,filterLoc,,
3300,146,filterLoc,,
3300,149,filterLoc,,
3300,152,filterLoc,,
3300,155,filterLoc,,
3300,158,filterLoc,,
3300,161,filterLoc,,
3300,164,filterLoc,,
3300,167,filterLoc,,
3300,170,filterLoc,,
3300,173,filterLoc,,
3300,176,filterLoc,,
3300,179,filterLoc,,
3300,182,filterLoc,,
3300,185,filterLoc,,
3300,188,filterLoc,,
3300,191,filterLoc,,
3300,194,filterLoc,,
3300,197,filterLoc,,
3300,200,filterLoc,,
3300,203,filterLoc,,
3300,206,filterLoc,,
3300,209,filterLoc,,
3300,212,filterLoc,,
3300,215,filterLoc,,
3300,218,filterLoc,,
3300,221,filterLoc,,
3300,224,filterLoc,,
3300,228,filterLoc,,
3300,231,filterLoc,,
3300,234,filterLoc,,
3300,237,filterLoc,,
3300,240,filterLoc,,
3300,243,filterLoc,,
3300,246,filterLoc,,
3300,249,filterLoc,,
3300,252,filterLoc,,
3300,255,filterLoc,,
3300,258,filterLoc,,
3300,261,filterLoc,,
3300,264,filterLoc,,
3300,267,filterLoc,,
3300,270,filterLoc,,
3300,273,filterLoc,,
3300,276,filterLoc,,
3300,279,filterLoc,,
3300,282,filterLoc,,
3300,285,filterLoc,,
3300,288,filterLoc,,
3300,291,filterLoc,,
3300,294,filterLoc,,
3300,297,filterLoc,,
3300,300,filterLoc,,
3300,303,filterLoc,,
3300,306,filterLoc,,
3300,309,filterLoc,,
3300,312,filterLoc,,
3300,315,filterLoc,,
3300,318,filterLoc,,
3300,321,filterLoc,,
3300,324,filterLoc,,
3300,327,filterLoc,,
3300,330,filterLoc,,
3300,333,filterLoc,,
3300,336,filterLoc,,
3300,339,filterLoc,,
3300,342,filterLoc,,
3300,345,filterLoc,,
3300,348,filterLoc,,
3300,351,filterLoc,,
3300,354,filterLoc,,
3300,357,filterLoc,,
3300,360,filterLoc,,
3300,363,filterLoc,,
3300,366,filterLoc,,
3300,369,filterLoc,,
3300,372,filterLoc,,
3300,375,filterLoc,,
3300,378,filterLoc,,
3300,381,filterLoc,,
3300,384,filterLoc,,
3300,387,filterLoc,,
3300,390,filterLoc,,
3300,393,filterLoc,,
3300,396,filterLoc,,
3300,399,filterLoc,,
3300,402,filterLoc,,
3300,405,filterLoc,,
3300,408,filterLoc,,
3300,411,filterLoc,,
3300,414,filterLoc,,
3300,417,filterLoc,,
3300,420,filterLoc,,
3300,423,filterLoc,,
3300,426,filterLoc,,
3300,429,filterLoc,,
3300,432,filterLoc,,
3300,435,filterLoc,,
3300,438,filterLoc,,
3300,441,filterLoc,,
3300,444,filterLoc,,
3300,447,filterLoc,,
3300,450,filterLoc,,
3300,453,filterLoc,,
3300,456,filterLoc,,
3300,459,filterLoc,,
3300,462,filterLoc,,
3300,465,filterLoc,,
3300,468,filterLoc,,
3300,471,filterLoc,,
3300,474,filterLoc,,
3300,477,filterLoc,,
3300,480,filterLoc,,
3300,483,filterLoc,,
3300,486,filterLoc,,
3300,489,filterLoc,,
3300,492,filterLoc,,
3300,495,filterLoc,,
3300,498,filterLoc,,
3300,501,filterLoc,,
3300,504,filterLoc,,
3300,507,filterLoc,,
3300,510,filterLoc,,
3300,513,filterLoc,,
3300,516,filterLoc,,
3300,519,filterLoc,,
3300,522,filterLoc,,
3300,525,filterLoc,,
3300,528,filterLoc,,
3300,531,filterLoc,,
3300,534,filterLoc,,
3300,537,filterLoc,,
3300,540,filterLoc,,
3300,543,filterLoc,,
3300,546,filterLoc,,
3300,549,filterLoc,,
3300,552,filterLoc,,
3300,555,filterLoc,,
3300,558,filterLoc,,
3300,561,filterLoc,,
3300,564,filterLoc,,
3300,567,filterLoc,,
3300,570,filterLoc,,
3300,573,filterLoc,,
3300,576,filterLoc,,
3300,579,filterLoc,,
3300,582,filterLoc,,
3300,585,filterLoc,,
3300,588,filterLoc,,
3300,591,filterLoc,,
3300,594,filterLoc,,
3300,597,filterLoc,,
3300,600,filterLoc,,
3300,603,filterLoc,,
3300,606,filterLoc,,
3300,609,filterLoc,,
3300,612,filterLoc,,
3300,615,filterLoc,,
3300,618,filterLoc,,
3300,621,filterLoc,,
3300,624,filterLoc,,
3300,627,filterLoc,,
3300,630,filterLoc,,
3300,633,filterLoc,,
3300,636,filterLoc,,
3300,639,filterLoc,,
3300,642,filterLoc,,
3300,645,filterLoc,,
3300,648,filterLoc,,
3300,651,filterLoc,,
3300,654,filterLoc,,
3300,657,filterLoc,,
3300,660,filterLoc,,
3300,663,filterLoc,,
3300,666,filterLoc,,
3300,669,filterLoc,,
3300,672,filterLoc,,
3300,675,filterLoc,,
3300,678,filterLoc,,
3300,681,filterLoc,,
3300,684,filterLoc,,
3300,687,filterLoc,,
3300,690,filterLoc,,;Evacuee;74;in triage category;Y;is entering helicopter;2
3300,693,filterLoc,,
3300,696,filterLoc,,
3300,699,filterLoc,,
3300,702,filterLoc,,
3300,705,filterLoc,,
3300,708,filterLoc,,
3300,711,filterLoc,,
3300,714,filterLoc,,
3300,717,filterLoc,,
3300,720,filterLoc,,
3300,723,filterLoc,,
3300,726,filterLoc,,
3300,729,filterLoc,,
3300,732,filterLoc,,
3300,735,filterLoc,,
3300,738,filterLoc,,
3300,741,filterLoc,,
3300,744,filterLoc,,
3300,747,filterLoc,,
3300,750,filterLoc,,
3300,753,filterLoc,,
3300,756,filterLoc,,
3300,759,filterLoc,,
3300,762,filterLoc,,
3300,765,filterLoc,,
3300,768,filterLoc,,
3300,771,filterLoc,,
3300,774,filterLoc,,
3300,777,filterLoc,,
3300,780,filterLoc,,
3300,783,filterLoc,,
3300,786,filterLoc,,
3300,789,filterLoc,,
3300,792,filterLoc,,
3300,795,filterLoc,,
3300,798,filterLoc,,
3300,801,filterLoc,,
3300,804,filterLoc,,
3300,807,filterLoc,,
3300,810,filterLoc,,
3300,813,filterLoc,,
3300,816,filterLoc,,
3300,819,filterLoc,,
3300,822,filterLoc,,
3300,825,filterLoc,,
3300,828,filterLoc,,
3300,831,filterLoc,,
3300,834,filterLoc,,
3300,837,filterLoc,,
3300,840,filterLoc,,
3300,843,filterLoc,,
3300,846,filterLoc,,
3300,849,filterLoc,,
3300,852,filterLoc,,
3300,855,filterLoc,,
3300,858,filterLoc,,
3300,861,filterLoc,,
3300,864,filterLoc,,
3300,867,filterLoc,,
3300,870,filterLoc,,
3300,873,filterLoc,,
3300,876,filterLoc,,
3300,879,filterLoc,,
3300,882,filterLoc,,
3300,885,filterLoc,,
3300,888,filterLoc,,
3300,891,filterLoc,,
3300,894,filterLoc,,
3300,897,filterLoc,,
3300,900,filterLoc,,
3300,903,filterLoc,,
3300,906,filterLoc,,
3300,909,filterLoc,,
3300,912,filterLoc,,
3300,915,filterLoc,,
3300,918,filterLoc,,
3300,921,filterLoc,,
3300,924,filterLoc,,
3300,927,filterLoc,,
3300,930,filterLoc,,
3300,933,filterLoc,,
3300,936,filterLoc,,
3300,939,filterLoc,,
3300,942,filterLoc,,
3300,945,filterLoc,,
3300,948,filterLoc,,
3300,951,filterLoc,,
3300,954,filterLoc,,
3300,957,filterLoc,,
3300,960,filterLoc,,
3300,963,filterLoc,,
3300,966,filterLoc,,
3300,969,filterLoc,,
3300,972,filterLoc,,
3300,975,filterLoc,,
3300,978,filterLoc,,
3300,981,filterLoc,,
3300,984,filterLoc,,
3300,987,filterLoc,,
3300,990,filterLoc,,
3300,993,filterLoc,,
3300,996,filterLoc,,
3300,999,filterLoc,,
3300,1002,filterLoc,,
3300,1005,filterLoc,,
3300,1008,filterLoc,,
3300,1011,filterLoc,,
3300,1014,filterLoc,,
3300,1017,filterLoc,,
3300,1020,filterLoc,,
3300,1023,filterLoc,,;Evacuee;72;in triage category;Y;is entering helicopter;2
3300,1026,filterLoc,,
3300,1029,filterLoc,,
3300,1032,filterLoc,,
3300,1035,filterLoc,,
3300,1038,filterLoc,,
3300,1041,filterLoc,,
3300,1044,filterLoc,,
3300,1047,filterLoc,,
3300,1050,filterLoc,,
3300,1053,filterLoc,,
3300,1056,filterLoc,,
3300,1059,filterLoc,,
3300,1062,filterLoc,,
3300,1065,filterLoc,,
3300,1068,filterLoc,,
3300,1071,filterLoc,,
3300,1074,filterLoc,,
3300,1077,filterLoc,,
3300,1080,filterLoc,,
3300,1083,filterLoc,,
3300,1086,filterLoc,,
3300,1089,filterLoc,,
3300,1092,filterLoc,,
3300,1095,filterLoc,,
3300,1098,filterLoc,,
3300,1101,filterLoc,,
3300,1104,filterLoc,,
3300,1107,filterLoc,,
3300,1110,filterLoc,,
3300,1113,filterLoc,,
3300,1116,filterLoc,,
3300,1119,filterLoc,,
3300,1122,filterLoc,,
3300,1125,filterLoc,,
3300,1129,filterES,out,Helicopter 2 is evacuating people2
3300,1129,filterES,,
3300,1130,helicopter,,Helicopter;2;is loading people at the evacuation site;;and has;0;spots taken
3300,1132,filterLoc,,
3300,1135,filterLoc,,
3300,1138,filterLoc,,
3300,1141,filterLoc,,
3300,1144,filterLoc,,
3300,1147,filterLoc,,
3300,1150,filterLoc,,
3300,1153,filterLoc,,
3300,1156,filterLoc,,
3300,1159,filterLoc,,
3300,1162,filterLoc,,
3300,1165,filterLoc,,
3300,1172,filterLoc,,
3300,1175,filterLoc,,
3300,1178,filterLoc,,
3300,1181,filterLoc,,
3300,1184,filterLoc,,
3300,1187,filterLoc,,
3300,1190,filterLoc,,
3300,1193,filterLoc,,
3300,1196,filterLoc,,
3300,1199,filterLoc,,
3300,1202,filterLoc,,
3300,1205,filterLoc,,
3300,1208,filterLoc,,
3300,1211,filterLoc,,
3300,1214,filterLoc,,
3300,1217,filterLoc,,
3300,1220,filterLoc,,
3300,1223,filterLoc,,
3300,1226,filterLoc,,
3300,1229,filterLoc,,
3300,1232,filterLoc,,
3300,1235,filterLoc,,
3300,1238,filterLoc,,
3300,1241,filterLoc,,
3300,1244,filterLoc,,
3300,1247,filterLoc,,
3300,1250,filterLoc,,
3300,1253,filterLoc,,
3300,1256,filterLoc,,
3300,1259,filterLoc,,
3300,1262,filterLoc,,
3300,1265,filterLoc,,
3300,1268,filterLoc,,
3300,1271,filterLoc,,
3300,1274,filterLoc,,
3300,1277,filterLoc,,
3300,1280,filterLoc,,
3300,1283,filterLoc,,
3300,1286,filterLoc,,
3300,1289,filterLoc,,
3300,1292,filterLoc,,
3300,1295,filterLoc,,
3300,1298,filterLoc,,
3300,1301,filterLoc,,
3300,1304,filterLoc,,
3300,1307,filterLoc,,
3300,1310,filterLoc,,
3300,1313,filterLoc,,
3300,1316,filterLoc,,
3300,1319,filterLoc,,
3300,1322,filterLoc,,
3300,1325,filterLoc,,
3300,1328,filterLoc,,
3300,1331,filterLoc,,
3300,1334,filterLoc,,
3300,1337,filterLoc,,
3300,1340,filterLoc,,
3300,1343,filterLoc,,
3300,1346,filterLoc,,
3300,1349,filterLoc,,
3300,1352,filterLoc,,
3300,1355,filterLoc,,
3300,1358,filterLoc,,
3300,1361,filterLoc,,
3300,1364,filterLoc,,
3300,1367,filterLoc,,
3300,1370,filterLoc,,
3300,1373,filterLoc,,
3300,1376,filterLoc,,
3300,1379,filterLoc,,
3300,1382,filterLoc,,
3300,1385,filterLoc,,
3300,1388,filterLoc,,
3300,1391,filterLoc,,
3300,1394,filterLoc,,
3300,1397,filterLoc,,
3300,1400,filterLoc,,
3300,1403,filterLoc,,
3300,1406,filterLoc,,
3300,1409,filterLoc,,
3300,1412,filterLoc,,
3300,1415,filterLoc,,
3300,1418,filterLoc,,
3300,1421,filterLoc,,
3300,1424,filterLoc,,
3300,1427,filterLoc,,
3300,1430,filterLoc,,
3300,1433,filterLoc,,
3300,1436,filterLoc,,
3300,1439,filterLoc,,
3300,1442,filterLoc,,
3300,1445,filterLoc,,
3300,1448,filterLoc,,
3300,1451,filterLoc,,
3300,1454,filterLoc,,
3300,1457,filterLoc,,
3300,1460,filterLoc,,
3300,1463,filterLoc,,
3300,1466,filterLoc,,;Evacuee;73;in triage category;Y;is entering helicopter;2
3300,1469,filterLoc,,
3300,1472,filterLoc,,
3300,1475,filterLoc,,
3300,1478,filterLoc,,
3300,1481,filterLoc,,
3300,1484,filterLoc,,
3300,1487,filterLoc,,
3300,1490,filterLoc,,
3300,1493,filterLoc,,
3300,1496,filterLoc,,
3300,1499,filterLoc,,
3300,1502,filterLoc,,
3300,1505,filterLoc,,
3300,1508,filterLoc,,
3300,1511,filterLoc,,
3300,1514,filterLoc,,
3300,1517,filterLoc,,
3300,5,helicopterQueue,,;No helos are waiting to land
3300,690,filterLoc,out,Evacuee 74 in triage category Y is assigned helicopter 2
3300,690,filterLoc,,
3300,691,evacuee,,Evacuee;74;in triage state;Y;is entering helicopter;2
3300,1023,filterLoc,out,Evacuee 72 in triage category Y is assigned helicopter 2
3300,1023,filterLoc,,
3300,1024,evacuee,,Evacuee;72;in triage state;Y;is entering helicopter;2
3300,1130,helicopter,,Helicopter;2;is returning to the FOL;;and has;0;spots taken
3300,1466,filterLoc,out,Evacuee 73 in triage category Y is assigned helicopter 2
3300,1466,filterLoc,,
3300,1467,evacuee,,Evacuee;73;in triage state;Y;is entering helicopter;2
3300,106,filterEvac,,
3300,691,evacuee,outHelo,Evacuee 74 in triage category Y is assigned helicopter 2
3300,691,evacuee,,Evacuee;74;in triage state;Y;is in helicopter;2
3300,1024,evacuee,outHelo,Evacuee 72 in triage category Y is assigned helicopter 2
3300,1024,evacuee,,Evacuee;72;in triage state;Y;is in helicopter;2
3300,1128,filterEvac,,;Evacuee;72;in triage category;Y;is entering helicopter;2;Evacuee;73;in triage category;Y;is entering helicopter;2;Evacuee;74;in triage category;Y;is entering helicopter;2
3300,1168,filterEvac,,
3300,1467,evacuee,outHelo,Evacuee 73 in triage category Y is assigned helicopter 2
3300,1467,evacuee,,Evacuee;73;in triage state;Y;is in helicopter;2
3300,1128,filterEvac,out,Evacuee 72 in triage category Y is assigned helicopter 2
3300,1128,filterEvac,out,Evacuee 73 in triage category Y is assigned helicopter 2
3300,1128,filterEvac,out,Evacuee 74 in triage category Y is assigned helicopter 2
3300,1128,filterEvac,,
3300,1130,helicopter,,Helicopter;2;is returning to the FOL;;and has;9;spots taken
3315,7,filterLoc,,
3315,10,filterLoc,,
3315,13,filterLoc,,
3315,16,filterLoc,,
3315,19,filterLoc,,
3315,22,filterLoc,,
3315,25,filterLoc,,
3315,28,filterLoc,,
3315,31,filterLoc,,
3315,34,filterLoc,,
3315,37,filterLoc,,
3315,40,filterLoc,,
3315,43,filterLoc,,
3315,46,filterLoc,,
3315,49,filterLoc,,
3315,52,filterLoc,,
3315,55,filterLoc,,
3315,58,filterLoc,,
3315,61,filterLoc,,
3315,64,filterLoc,,
3315,67,filterLoc,,
3315,70,filterLoc,,
3315,73,filterLoc,,
3315,76,filterLoc,,
3315,79,filterLoc,,
3315,82,filterLoc,,
3315,85,filterLoc,,
3315,88,filterLoc,,
3315,91,filterLoc,,
3315,94,filterLoc,,
3315,97,filterLoc,,
3315,100,filterLoc,,
3315,103,filterLoc,,
3315,110,filterLoc,,
3315,113,filterLoc,,
3315,116,filterLoc,,
3315,119,filterLoc,,
3315,122,filterLoc,,
3315,125,filterLoc,,
3315,128,filterLoc,,
3315,131,filterLoc,,
3315,134,filterLoc,,
3315,137,filterLoc,,
3315,140,filterLoc,,
3315,143,filterLoc,,
3315,146,filterLoc,,
3315,149,filterLoc,,
3315,152,filterLoc,,
3315,155,filterLoc,,
3315,158,filterLoc,,
3315,161,filterLoc,,
3315,164,filterLoc,,
3315,167,filterLoc,,
3315,170,filterLoc,,
3315,173,filterLoc,,
3315,176,filterLoc,,
3315,179,filterLoc,,
3315,182,filterLoc,,
3315,185,filterLoc,,
3315,188,filterLoc,,
3315,191,filterLoc,,
3315,194,filterLoc,,
3315,197,filterLoc,,
3315,200,filterLoc,,
3315,203,filterLoc,,
3315,206,filterLoc,,
3315,209,filterLoc,,
3315,212,filterLoc,,
3315,215,filterLoc,,
3315,218,filterLoc,,
3315,221,filterLoc,,
3315,224,filterLoc,,
3315,228,filterLoc,,
3315,231,filterLoc,,
3315,234,filterLoc,,
3315,237,filterLoc,,
3315,240,filterLoc,,
3315,243,filterLoc,,
3315,246,filterLoc,,
3315,249,filterLoc,,
3315,252,filterLoc,,
3315,255,filterLoc,,
3315,258,filterLoc,,
3315,261,filterLoc,,
3315,264,filterLoc,,
3315,267,filterLoc,,
3315,270,filterLoc,,
3315,273,filterLoc,,
3315,276,filterLoc,,
3315,279,filterLoc,,
3315,282,filterLoc,,
3315,285,filterLoc,,
3315,288,filterLoc,,
3315,291,filterLoc,,
3315,294,filterLoc,,
3315,297,filterLoc,,
3315,300,filterLoc,,
3315,303,filterLoc,,
3315,306,filterLoc,,
3315,309,filterLoc,,
3315,312,filterLoc,,
3315,315,filterLoc,,
3315,318,filterLoc,,
3315,321,filterLoc,,
3315,324,filterLoc,,
3315,327,filterLoc,,
3315,330,filterLoc,,
3315,333,filterLoc,,
3315,336,filterLoc,,
3315,339,filterLoc,,
3315,342,filterLoc,,
3315,345,filterLoc,,
3315,348,filterLoc,,
3315,351,filterLoc,,
3315,354,filterLoc,,
3315,357,filterLoc,,
3315,360,filterLoc,,
3315,363,filterLoc,,
3315,366,filterLoc,,
3315,369,filterLoc,,
3315,372,filterLoc,,
3315,375,filterLoc,,
3315,378,filterLoc,,
3315,381,filterLoc,,
3315,384,filterLoc,,
3315,387,filterLoc,,
3315,390,filterLoc,,
3315,393,filterLoc,,
3315,396,filterLoc,,
3315,399,filterLoc,,
3315,402,filterLoc,,
3315,405,filterLoc,,
3315,408,filterLoc,,
3315,411,filterLoc,,
3315,414,filterLoc,,
3315,417,filterLoc,,
3315,420,filterLoc,,
3315,423,filterLoc,,
3315,426,filterLoc,,
3315,429,filterLoc,,
3315,432,filterLoc,,
3315,435,filterLoc,,
3315,438,filterLoc,,
3315,441,filterLoc,,
3315,444,filterLoc,,
3315,447,filterLoc,,
3315,450,filterLoc,,
3315,453,filterLoc,,
3315,456,filterLoc,,
3315,459,filterLoc,,
3315,462,filterLoc,,
3315,465,filterLoc,,
3315,468,filterLoc,,
3315,471,filterLoc,,
3315,474,filterLoc,,
3315,477,filterLoc,,
3315,480,filterLoc,,
3315,483,filterLoc,,
3315,486,filterLoc,,
3315,489,filterLoc,,
3315,492,filterLoc,,
3315,495,filterLoc,,
3315,498,filterLoc,,
3315,501,filterLoc,,
3315,504,filterLoc,,
3315,507,filterLoc,,
3315,510,filterLoc,,
3315,513,filterLoc,,
3315,516,filterLoc,,
3315,519,filterLoc,,
3315,522,filterLoc,,
3315,525,filterLoc,,
3315,528,filterLoc,,
3315,531,filterLoc,,
3315,534,filterLoc,,
3315,537,filterLoc,,
3315,540,filterLoc,,
3315,543,filterLoc,,
3315,546,filterLoc,,
3315,549,filterLoc,,
3315,552,filterLoc,,
3315,555,filterLoc,,
3315,558,filterLoc,,
3315,561,filterLoc,,
3315,564,filterLoc,,
3315,567,filterLoc,,
3315,570,filterLoc,,
3315,573,filterLoc,,
3315,576,filterLoc,,
3315,579,filterLoc,,
3315,582,filterLoc,,
3315,585,filterLoc,,
3315,588,filterLoc,,
3315,591,filterLoc,,
3315,594,filterLoc,,
3315,597,filterLoc,,
3315,600,filterLoc,,
3315,603,filterLoc,,
3315,606,filterLoc,,
3315,609,filterLoc,,
3315,612,filterLoc,,
3315,615,filterLoc,,
3315,618,filterLoc,,
3315,621,filterLoc,,
3315,624,filterLoc,,
3315,627,filterLoc,,
3315,630,filterLoc,,
3315,633,filterLoc,,
3315,636,filterLoc,,
3315,639,filterLoc,,
3315,642,filterLoc,,
3315,645,filterLoc,,
3315,648,filterLoc,,
3315,651,filterLoc,,
3315,654,filterLoc,,
3315,657,filterLoc,,
3315,660,filterLoc,,
3315,663,filterLoc,,
3315,666,filterLoc,,
3315,669,filterLoc,,
3315,672,filterLoc,,
3315,675,filterLoc,,
3315,678,filterLoc,,
3315,681,filterLoc,,
3315,684,filterLoc,,
3315,687,filterLoc,,
3315,690,filterLoc,,
3315,693,filterLoc,,
3315,696,filterLoc,,
3315,699,filterLoc,,
3315,702,filterLoc,,
3315,705,filterLoc,,
3315,708,filterLoc,,
3315,711,filterLoc,,
3315,714,filterLoc,,
3315,717,filterLoc,,
3315,720,filterLoc,,
3315,723,filterLoc,,
3315,726,filterLoc,,
3315,729,filterLoc,,
3315,732,filterLoc,,
3315,735,filterLoc,,
3315,738,filterLoc,,
3315,741,filterLoc,,
3315,744,filterLoc,,
3315,747,filterLoc,,
3315,750,filterLoc,,
3315,753,filterLoc,,
3315,756,filterLoc,,
3315,759,filterLoc,,
3315,762,filterLoc,,
3315,765,filterLoc,,
3315,768,filterLoc,,
3315,771,filterLoc,,
3315,774,filterLoc,,
3315,777,filterLoc,,
3315,780,filterLoc,,
3315,783,filterLoc,,
3315,786,filterLoc,,
3315,789,filterLoc,,
3315,792,filterLoc,,
3315,795,filterLoc,,
3315,798,filterLoc,,
3315,801,filterLoc,,
3315,804,filterLoc,,
3315,807,filterLoc,,
3315,810,filterLoc,,
3315,813,filterLoc,,
3315,816,filterLoc,,
3315,819,filterLoc,,
3315,822,filterLoc,,
3315,825,filterLoc,,
3315,828,filterLoc,,
3315,831,filterLoc,,
3315,834,filterLoc,,
3315,837,filterLoc,,
3315,840,filterLoc,,
3315,843,filterLoc,,
3315,846,filterLoc,,
3315,849,filterLoc,,
3315,852,filterLoc,,;Evacuee;70;in triage category;Y;is leaving helicopter;1
3315,855,filterLoc,,
3315,858,filterLoc,,
3315,861,filterLoc,,
3315,864,filterLoc,,
3315,867,filterLoc,,
3315,870,filterLoc,,
3315,873,filterLoc,,
3315,876,filterLoc,,
3315,879,filterLoc,,
3315,882,filterLoc,,
3315,885,filterLoc,,
3315,888,filterLoc,,
3315,891,filterLoc,,
3315,894,filterLoc,,
3315,897,filterLoc,,
3315,900,filterLoc,,
3315,903,filterLoc,,
3315,906,filterLoc,,;Evacuee;71;in triage category;Y;is leaving helicopter;1
3315,909,filterLoc,,
3315,912,filterLoc,,
3315,915,filterLoc,,
3315,918,filterLoc,,
3315,921,filterLoc,,
3315,924,filterLoc,,
3315,927,filterLoc,,
3315,930,filterLoc,,
3315,933,filterLoc,,
3315,936,filterLoc,,
3315,939,filterLoc,,
3315,942,filterLoc,,
3315,945,filterLoc,,
3315,948,filterLoc,,
3315,951,filterLoc,,
3315,954,filterLoc,,
3315,957,filterLoc,,
3315,960,filterLoc,,
3315,963,filterLoc,,
3315,966,filterLoc,,
3315,969,filterLoc,,
3315,972,filterLoc,,
3315,975,filterLoc,,
3315,978,filterLoc,,
3315,981,filterLoc,,
3315,984,filterLoc,,
3315,987,filterLoc,,
3315,990,filterLoc,,
3315,993,filterLoc,,
3315,996,filterLoc,,
3315,999,filterLoc,,
3315,1002,filterLoc,,
3315,1005,filterLoc,,
3315,1008,filterLoc,,
3315,1011,filterLoc,,
3315,1014,filterLoc,,
3315,1017,filterLoc,,
3315,1020,filterLoc,,
3315,1023,filterLoc,,
3315,1026,filterLoc,,
3315,1029,filterLoc,,
3315,1032,filterLoc,,
3315,1035,filterLoc,,
3315,1038,filterLoc,,
3315,1041,filterLoc,,
3315,1044,filterLoc,,
3315,1047,filterLoc,,
3315,1050,filterLoc,,
3315,1053,filterLoc,,
3315,1056,filterLoc,,
3315,1059,filterLoc,,
3315,1062,filterLoc,,
3315,1065,filterLoc,,
3315,1068,filterLoc,,
3315,1071,filterLoc,,
3315,1074,filterLoc,,
3315,1077,filterLoc,,
3315,1080,filterLoc,,
3315,1083,filterLoc,,
3315,1086,filterLoc,,
3315,1089,filterLoc,,
3315,1092,filterLoc,,
3315,1095,filterLoc,,
3315,1098,filterLoc,,
3315,1101,filterLoc,,
3315,1104,filterLoc,,
3315,1107,filterLoc,,
3315,1110,filterLoc,,
3315,1113,filterLoc,,
3315,1116,filterLoc,,
3315,1119,filterLoc,,
3315,1122,filterLoc,,
3315,1125,filterLoc,,
3315,1132,filterLoc,,
3315,1135,filterLoc,,
3315,1138,filterLoc,,
3315,1141,filterLoc,,
3315,1144,filterLoc,,
3315,1147,filterLoc,,
3315,1150,filterLoc,,
3315,1153,filterLoc,,
3315,1156,filterLoc,,
3315,1159,filterLoc,,
3315,1162,filterLoc,,
3315,1165,filterLoc,,
3315,1170,helicopter,outEvac,Evacuee 69 in triage category Y is not assigned a helicopter
3315,1170,helicopter,outEvac,Evacuee 70 in triage category Y is not assigned a helicopter
3315,1170,helicopter,outEvac,Evacuee 71 in triage category Y is not assigned a helicopter
3315,1170,helicopter,,Helicopter;1;is unloading people at the FOL;;and has;0;spots taken
3315,1172,filterLoc,,
3315,1175,filterLoc,,
3315,1178,filterLoc,,
3315,1181,filterLoc,,
3315,1184,filterLoc,,
3315,1187,filterLoc,,
3315,1190,filterLoc,,
3315,1193,filterLoc,,
3315,1196,filterLoc,,
3315,1199,filterLoc,,
3315,1202,filterLoc,,
3315,1205,filterLoc,,
3315,1208,filterLoc,,
3315,1211,filterLoc,,
3315,1214,filterLoc,,
3315,1217,filterLoc,,
3315,1220,filterLoc,,
3315,1223,filterLoc,,
3315,1226,filterLoc,,
3315,1229,filterLoc,,
3315,1232,filterLoc,,
3315,1235,filterLoc,,
3315,1238,filterLoc,,
3315,1241,filterLoc,,
3315,1244,filterLoc,,
3315,1247,filterLoc,,
3315,1250,filterLoc,,
3315,1253,filterLoc,,
3315,1256,filterLoc,,
3315,1259,filterLoc,,
3315,1262,filterLoc,,
3315,1265,filterLoc,,
3315,1268,filterLoc,,
3315,1271,filterLoc,,
3315,1274,filterLoc,,
3315,1277,filterLoc,,
3315,1280,filterLoc,,
3315,1283,filterLoc,,
3315,1286,filterLoc,,
3315,1289,filterLoc,,
3315,1292,filterLoc,,
3315,1295,filterLoc,,
3315,1298,filterLoc,,
3315,1301,filterLoc,,
3315,1304,filterLoc,,
3315,1307,filterLoc,,
3315,1310,filterLoc,,
3315,1313,filterLoc,,
3315,1316,filterLoc,,
3315,1319,filterLoc,,
3315,1322,filterLoc,,
3315,1325,filterLoc,,
3315,1328,filterLoc,,
3315,1331,filterLoc,,
3315,1334,filterLoc,,
3315,1337,filterLoc,,
3315,1340,filterLoc,,
3315,1343,filterLoc,,
3315,1346,filterLoc,,
3315,1349,filterLoc,,
3315,1352,filterLoc,,
3315,1355,filterLoc,,
3315,1358,filterLoc,,
3315,1361,filterLoc,,
3315,1364,filterLoc,,
3315,1367,filterLoc,,
3315,1370,filterLoc,,
3315,1373,filterLoc,,
3315,1376,filterLoc,,
3315,1379,filterLoc,,
3315,1382,filterLoc,,
3315,1385,filterLoc,,
3315,1388,filterLoc,,
3315,1391,filterLoc,,
3315,1394,filterLoc,,
3315,1397,filterLoc,,
3315,1400,filterLoc,,
3315,1403,filterLoc,,
3315,1406,filterLoc,,
3315,1409,filterLoc,,
3315,1412,filterLoc,,;Evacuee;69;in triage category;Y;is leaving helicopter;1
3315,1415,filterLoc,,
3315,1418,filterLoc,,
3315,1421,filterLoc,,
3315,1424,filterLoc,,
3315,1427,filterLoc,,
3315,1430,filterLoc,,
3315,1433,filterLoc,,
3315,1436,filterLoc,,
3315,1439,filterLoc,,
3315,1442,filterLoc,,
3315,1445,filterLoc,,
3315,1448,filterLoc,,
3315,1451,filterLoc,,
3315,1454,filterLoc,,
3315,1457,filterLoc,,
3315,1460,filterLoc,,
3315,1463,filterLoc,,
3315,1466,filterLoc,,
3315,1469,filterLoc,,
3315,1472,filterLoc,,
3315,1475,filterLoc,,
3315,1478,filterLoc,,
3315,1481,filterLoc,,
3315,1484,filterLoc,,
3315,1487,filterLoc,,
3315,1490,filterLoc,,
3315,1493,filterLoc,,
3315,1496,filterLoc,,
3315,1499,filterLoc,,
3315,1502,filterLoc,,
3315,1505,filterLoc,,
3315,1508,filterLoc,,
3315,1511,filterLoc,,
3315,1514,filterLoc,,
3315,1517,filterLoc,,
3315,852,filterLoc,out,Evacuee 70 in triage category Y is not assigned a helicopter
3315,852,filterLoc,,
3315,853,evacuee,,Evacuee;70;in triage state;Y;is entering the FOL
3315,906,filterLoc,out,Evacuee 71 in triage category Y is not assigned a helicopter
3315,906,filterLoc,,
3315,907,evacuee,,Evacuee;71;in triage state;Y;is entering the FOL
3315,1412,filterLoc,out,Evacuee 69 in triage category Y is not assigned a helicopter
3315,1412,filterLoc,,
3315,1413,evacuee,,Evacuee;69;in triage state;Y;is entering the FOL
3315,226,FOL,,;EvacueeID;51;Triage Status;Y;EvacueeID;52;Triage Status;Y;EvacueeID;53;Triage Status;Y;EvacueeID;1;Triage Status;W;EvacueeID;2;Triage Status;W;EvacueeID;3;Triage Status;W;EvacueeID;4;Triage Status;W;EvacueeID;5;Triage Status;W;EvacueeID;6;Triage Status;W;EvacueeID;7;Triage Status;W;EvacueeID;8;Triage Status;W;EvacueeID;9;Triage Status;W;EvacueeID;10;Triage Status;W;EvacueeID;57;Triage Status;Y;EvacueeID;58;Triage Status;Y;EvacueeID;59;Triage Status;Y;EvacueeID;60;Triage Status;Y;EvacueeID;61;Triage Status;Y;EvacueeID;62;Triage Status;Y;EvacueeID;63;Triage Status;Y;EvacueeID;64;Triage Status;Y;EvacueeID;65;Triage Status;Y;EvacueeID;66;Triage Status;Y;EvacueeID;67;Triage Status;Y;EvacueeID;68;Triage Status;Y;EvacueeID;69;Triage Status;Y;EvacueeID;70;Triage Status;Y;EvacueeID;71;Triage Status;Y;Lives Saved;28
3315,853,evacuee,outFOL,Evacuee 70 in triage category Y is not assigned a helicopter
3315,853,evacuee,,Evacuee;70;in triage state;Y;is at the FOL
3315,907,evacuee,outFOL,Evacuee 71 in triage category Y is not assigned a helicopter
3315,907,evacuee,,Evacuee;71;in triage state;Y;is at the FOL
3315,1413,evacuee,outFOL,Evacuee 69 in triage category Y is not assigned a helicopter
3315,1413,evacuee,,Evacuee;69;in triage state;Y;is at the FOL
3315,226,FOL,,;EvacueeID;51;Triage Status;Y;EvacueeID;52;Triage Status;Y;EvacueeID;53;Triage Status;Y;EvacueeID;1;Triage Status;W;EvacueeID;2;Triage Status;W;EvacueeID;3;Triage Status;W;EvacueeID;4;Triage Status;W;EvacueeID;5;Triage Status;W;EvacueeID;6;Triage Status;W;EvacueeID;7;Triage Status;W;EvacueeID;8;Triage Status;W;EvacueeID;9;Triage Status;W;EvacueeID;10;Triage Status;W;EvacueeID;57;Triage Status;Y;EvacueeID;58;Triage Status;Y;EvacueeID;59;Triage Status;Y;EvacueeID;60;Triage Status;Y;EvacueeID;61;Triage Status;Y;EvacueeID;62;Triage Status;Y;EvacueeID;63;Triage Status;Y;EvacueeID;64;Triage Status;Y;EvacueeID;65;Triage Status;Y;EvacueeID;66;Triage Status;Y;EvacueeID;67;Triage Status;Y;EvacueeID;68;Triage Status;Y;EvacueeID;69;Triage Status;Y;EvacueeID;70;Triage Status;Y;EvacueeID;71;Triage Status;Y;Lives Saved;28
3330,1170,helicopter,,Helicopter;1;Is going to the evacuation site;;and has;0;spots taken
3345,5,helicopterQueue,,1;Helos are waiting to land;HeloID;3
3345,108,helicopter,outES,Helicopter 3 is evacuating people3
3345,108,helicopter,,Helicopter;3;is waiting to land at the evacuation site;;and has;0;spots taken
3345,4,helipadManager,,Helo;3;is at the ES
3345,5,helicopterQueue,outHM,Helicopter 3 is evacuating people3
3345,5,helicopterQueue,outHelo,Helicopter 3 is evacuating people3
3345,5,helicopterQueue,,;No helos are waiting to land
3345,107,filterES,,Helicopter;3;is evacuating people
3345,1129,filterES,,
3345,1169,filterES,,
3345,107,filterES,out,Helicopter 3 is evacuating people3
3345,107,filterES,,
3345,108,helicopter,,Helicopter;3;is waiting to land at the evacuation site;;and has;0;spots taken
3345,108,helicopter,,Helicopter;3;is loading people at the evacuation site;;and has;0;spots taken
3360,3,evacueeManager,,OFF SHIP: White;0;Green;0;Yellow;0;Red;398;Black;25;ON SHIP: White;38;Green;2;Yellow;3;Red;0;Evacuees to Transfer;;EvacueeID;75;HeloID;3;OnShip;0;Triage Status;R;EvacueeID;76;HeloID;3;OnShip;0;Triage Status;R;EvacueeID;77;HeloID;3;OnShip;0;Triage Status;R
3360,4,helipadManager,outEM,Helicopter 3 is evacuating people3
3360,4,helipadManager,outHelo,Helicopter 3 is evacuating people3
3360,4,helipadManager,,;No helos are at ES
3360,47,evacuee,outES,Evacuee 475 in triage category Y is not assigned a helicopter
3360,47,evacuee,,Evacuee;475;in triage state;R;is at the evacuation site
3360,50,evacuee,outES,Evacuee 472 in triage category Y is not assigned a helicopter
3360,50,evacuee,,Evacuee;472;in triage state;R;is at the evacuation site
3360,53,evacuee,outES,Evacuee 471 in triage category Y is not assigned a helicopter
3360,53,evacuee,,Evacuee;471;in triage state;R;is at the evacuation site
3360,56,evacuee,outES,Evacuee 468 in triage category Y is not assigned a helicopter
3360,56,evacuee,,Evacuee;468;in triage state;R;is at the evacuation site
3360,59,evacuee,outES,Evacuee 463 in triage category Y is not assigned a helicopter
3360,59,evacuee,,Evacuee;463;in triage state;R;is at the evacuation site
3360,62,evacuee,outES,Evacuee 462 in triage category Y is not assigned a helicopter
3360,62,evacuee,,Evacuee;462;in triage state;R;is at the evacuation site
3360,65,evacuee,outES,Evacuee 461 in triage category Y is not assigned a helicopter
3360,65,evacuee,,Evacuee;461;in triage state;R;is at the evacuation site
3360,68,evacuee,outES,Evacuee 459 in triage category Y is not assigned a helicopter
3360,68,evacuee,,Evacuee;459;in triage state;R;is at the evacuation site
3360,77,evacuee,outES,Evacuee 458 in triage category Y is not assigned a helicopter
3360,77,evacuee,,Evacuee;458;in triage state;R;is at the evacuation site
3360,80,evacuee,outES,Evacuee 456 in triage category Y is not assigned a helicopter
3360,80,evacuee,,Evacuee;456;in triage state;R;is at the evacuation site
3360,83,evacuee,outES,Evacuee 455 in triage category Y is not assigned a helicopter
3360,83,evacuee,,Evacuee;455;in triage state;R;is at the evacuation site
3360,86,evacuee,outES,Evacuee 448 in triage category Y is not assigned a helicopter
3360,86,evacuee,,Evacuee;448;in triage state;R;is at the evacuation site
3360,89,evacuee,outES,Evacuee 445 in triage category Y is not assigned a helicopter
3360,89,evacuee,,Evacuee;445;in triage state;R;is at the evacuation site
3360,92,evacuee,outES,Evacuee 442 in triage category Y is not assigned a helicopter
3360,92,evacuee,,Evacuee;442;in triage state;R;is at the evacuation site
3360,95,evacuee,outES,Evacuee 441 in triage category Y is not assigned a helicopter
3360,95,evacuee,,Evacuee;441;in triage state;R;is at the evacuation site
3360,98,evacuee,outES,Evacuee 439 in triage category Y is not assigned a helicopter
3360,98,evacuee,,Evacuee;439;in triage state;R;is at the evacuation site
3360,101,evacuee,outES,Evacuee 437 in triage category Y is not assigned a helicopter
3360,101,evacuee,,Evacuee;437;in triage state;R;is at the evacuation site
3360,104,evacuee,outES,Evacuee 436 in triage category Y is not assigned a helicopter
3360,104,evacuee,,Evacuee;436;in triage state;R;is at the evacuation site
3360,107,filterES,,Helicopter;3;is evacuating people
3360,111,evacuee,outES,Evacuee 434 in triage category Y is not assigned a helicopter
3360,111,evacuee,,Evacuee;434;in triage state;R;is at the evacuation site
3360,114,evacuee,outES,Evacuee 433 in triage category Y is not assigned a helicopter
3360,114,evacuee,,Evacuee;433;in triage state;R;is at the evacuation site
3360,117,evacuee,outES,Evacuee 428 in triage category Y is not assigned a helicopter
3360,117,evacuee,,Evacuee;428;in triage state;R;is at the evacuation site
3360,120,evacuee,outES,Evacuee 426 in triage category Y is not assigned a helicopter
3360,120,evacuee,,Evacuee;426;in triage state;R;is at the evacuation site
3360,123,evacuee,outES,Evacuee 423 in triage category Y is not assigned a helicopter
3360,123,evacuee,,Evacuee;423;in triage state;R;is at the evacuation site
3360,126,evacuee,outES,Evacuee 420 in triage category Y is not assigned a helicopter
3360,126,evacuee,,Evacuee;420;in triage state;R;is at the evacuation site
3360,129,evacuee,outES,Evacuee 419 in triage category Y is not assigned a helicopter
3360,129,evacuee,,Evacuee;419;in triage state;R;is at the evacuation site
3360,132,evacuee,outES,Evacuee 414 in triage category Y is not assigned a helicopter
3360,132,evacuee,,Evacuee;414;in triage state;R;is at the evacuation site
3360,135,evacuee,outES,Evacuee 411 in triage category Y is not assigned a helicopter
3360,135,evacuee,,Evacuee;411;in triage state;R;is at the evacuation site
3360,138,evacuee,outES,Evacuee 422 in triage category Y is not assigned a helicopter
3360,138,evacuee,,Evacuee;422;in triage state;R;is at the evacuation site
3360,141,evacuee,outES,Evacuee 409 in triage category Y is not assigned a helicopter
3360,141,evacuee,,Evacuee;409;in triage state;R;is at the evacuation site
3360,144,evacuee,outES,Evacuee 408 in triage category Y is not assigned a helicopter
3360,144,evacuee,,Evacuee;408;in triage state;R;is at the evacuation site
3360,147,evacuee,outES,Evacuee 406 in triage category Y is not assigned a helicopter
3360,147,evacuee,,Evacuee;406;in triage state;R;is at the evacuation site
3360,150,evacuee,outES,Evacuee 404 in triage category Y is not assigned a helicopter
3360,150,evacuee,,Evacuee;404;in triage state;R;is at the evacuation site
3360,153,evacuee,outES,Evacuee 403 in triage category Y is not assigned a helicopter
3360,153,evacuee,,Evacuee;403;in triage state;R;is at the evacuation site
3360,156,evacuee,outES,Evacuee 401 in triage category Y is not assigned a helicopter
3360,156,evacuee,,Evacuee;401;in triage state;R;is at the evacuation site
3360,159,evacuee,outES,Evacuee 398 in triage category Y is not assigned a helicopter
3360,159,evacuee,,Evacuee;398;in triage state;R;is at the evacuation site
3360,162,evacuee,outES,Evacuee 397 in triage category Y is not assigned a helicopter
3360,162,evacuee,,Evacuee;397;in triage state;R;is at the evacuation site
3360,165,evacuee,outES,Evacuee 452 in triage category Y is not assigned a helicopter
3360,165,evacuee,,Evacuee;452;in triage state;R;is at the evacuation site
3360,168,evacuee,outES,Evacuee 396 in triage category Y is not assigned a helicopter
3360,168,evacuee,,Evacuee;396;in triage state;R;is at the evacuation site
3360,171,evacuee,outES,Evacuee 395 in triage category Y is not assigned a helicopter
3360,171,evacuee,,Evacuee;395;in triage state;R;is at the evacuation site
3360,174,evacuee,outES,Evacuee 393 in triage category Y is not assigned a helicopter
3360,174,evacuee,,Evacuee;393;in triage state;R;is at the evacuation site
3360,177,evacuee,outES,Evacuee 392 in triage category Y is not assigned a helicopter
3360,177,evacuee,,Evacuee;392;in triage state;R;is at the evacuation site
3360,180,evacuee,outES,Evacuee 389 in triage category Y is not assigned a helicopter
3360,180,evacuee,,Evacuee;389;in triage state;R;is at the evacuation site
3360,183,evacuee,outES,Evacuee 384 in triage category Y is not assigned a helicopter
3360,183,evacuee,,Evacuee;384;in triage state;R;is at the evacuation site
3360,186,evacuee,outES,Evacuee 430 in triage category Y is not assigned a helicopter
3360,186,evacuee,,Evacuee;430;in triage state;R;is at the evacuation site
3360,189,evacuee,outES,Evacuee 383 in triage category Y is not assigned a helicopter
3360,189,evacuee,,Evacuee;383;in triage state;R;is at the evacuation site
3360,195,evacuee,outES,Evacuee 382 in triage category Y is not assigned a helicopter
3360,195,evacuee,,Evacuee;382;in triage state;R;is at the evacuation site
3360,198,evacuee,outES,Evacuee 381 in triage category Y is not assigned a helicopter
3360,198,evacuee,,Evacuee;381;in triage state;R;is at the evacuation site
3360,201,evacuee,outES,Evacuee 427 in triage category Y is not assigned a helicopter
3360,201,evacuee,,Evacuee;427;in triage state;R;is at the evacuation site
3360,204,evacuee,outES,Evacuee 380 in triage category Y is not assigned a helicopter
3360,204,evacuee,,Evacuee;380;in triage state;R;is at the evacuation site
3360,207,evacuee,outES,Evacuee 379 in triage category Y is not assigned a helicopter
3360,207,evacuee,,Evacuee;379;in triage state;R;is at the evacuation site
3360,210,evacuee,outES,Evacuee 378 in triage category Y is not assigned a helicopter
3360,210,evacuee,,Evacuee;378;in triage state;R;is at the evacuation site
3360,213,evacuee,outES,Evacuee 377 in triage category Y is not assigned a helicopter
3360,213,evacuee,,Evacuee;377;in triage state;R;is at the evacuation site
3360,216,evacuee,outES,Evacuee 375 in triage category Y is not assigned a helicopter
3360,216,evacuee,,Evacuee;375;in triage state;R;is at the evacuation site
3360,219,evacuee,outES,Evacuee 374 in triage category Y is not assigned a helicopter
3360,219,evacuee,,Evacuee;374;in triage state;R;is at the evacuation site
3360,222,evacuee,outES,Evacuee 372 in triage category Y is not assigned a helicopter
3360,222,evacuee,,Evacuee;372;in triage state;R;is at the evacuation site
3360,225,evacuee,outES,Evacuee 371 in triage category Y is not assigned a helicopter
3360,225,evacuee,,Evacuee;371;in triage state;R;is at the evacuation site
3360,229,evacuee,outES,Evacuee 370 in triage category Y is not assigned a helicopter
3360,229,evacuee,,Evacuee;370;in triage state;R;is at the evacuation site
3360,232,evacuee,outES,Evacuee 457 in triage category Y is not assigned a helicopter
3360,232,evacuee,,Evacuee;457;in triage state;R;is at the evacuation site
3360,235,evacuee,outES,Evacuee 369 in triage category Y is not assigned a helicopter
3360,235,evacuee,,Evacuee;369;in triage state;R;is at the evacuation site
3360,238,evacuee,outES,Evacuee 366 in triage category Y is not assigned a helicopter
3360,238,evacuee,,Evacuee;366;in triage state;R;is at the evacuation site
3360,241,evacuee,outES,Evacuee 362 in triage category Y is not assigned a helicopter
3360,241,evacuee,,Evacuee;362;in triage state;R;is at the evacuation site
3360,244,evacuee,outES,Evacuee 425 in triage category Y is not assigned a helicopter
3360,244,evacuee,,Evacuee;425;in triage state;R;is at the evacuation site
3360,247,evacuee,outES,Evacuee 360 in triage category Y is not assigned a helicopter
3360,247,evacuee,,Evacuee;360;in triage state;R;is at the evacuation site
3360,250,evacuee,outES,Evacuee 357 in triage category Y is not assigned a helicopter
3360,250,evacuee,,Evacuee;357;in triage state;R;is at the evacuation site
3360,253,evacuee,outES,Evacuee 354 in triage category Y is not assigned a helicopter
3360,253,evacuee,,Evacuee;354;in triage state;R;is at the evacuation site
3360,256,evacuee,outES,Evacuee 353 in triage category Y is not assigned a helicopter
3360,256,evacuee,,Evacuee;353;in triage state;R;is at the evacuation site
3360,259,evacuee,outES,Evacuee 351 in triage category Y is not assigned a helicopter
3360,259,evacuee,,Evacuee;351;in triage state;R;is at the evacuation site
3360,262,evacuee,outES,Evacuee 349 in triage category Y is not assigned a helicopter
3360,262,evacuee,,Evacuee;349;in triage state;R;is at the evacuation site
3360,265,evacuee,outES,Evacuee 348 in triage category Y is not assigned a helicopter
3360,265,evacuee,,Evacuee;348;in triage state;R;is at the evacuation site
3360,268,evacuee,outES,Evacuee 346 in triage category Y is not assigned a helicopter
3360,268,evacuee,,Evacuee;346;in triage state;R;is at the evacuation site
3360,271,evacuee,outES,Evacuee 341 in triage category Y is not assigned a helicopter
3360,271,evacuee,,Evacuee;341;in triage state;R;is at the evacuation site
3360,274,evacuee,outES,Evacuee 340 in triage category Y is not assigned a helicopter
3360,274,evacuee,,Evacuee;340;in triage state;R;is at the evacuation site
3360,277,evacuee,outES,Evacuee 338 in triage category Y is not assigned a helicopter
3360,277,evacuee,,Evacuee;338;in triage state;R;is at the evacuation site
3360,280,evacuee,outES,Evacuee 335 in triage category Y is not assigned a helicopter
3360,280,evacuee,,Evacuee;335;in triage state;R;is at the evacuation site
3360,283,evacuee,outES,Evacuee 331 in triage category Y is not assigned a helicopter
3360,283,evacuee,,Evacuee;331;in triage state;R;is at the evacuation site
3360,286,evacuee,outES,Evacuee 330 in triage category Y is not assigned a helicopter
3360,286,evacuee,,Evacuee;330;in triage state;R;is at the evacuation site
3360,289,evacuee,outES,Evacuee 328 in triage category Y is not assigned a helicopter
3360,289,evacuee,,Evacuee;328;in triage state;R;is at the evacuation site
3360,292,evacuee,outES,Evacuee 327 in triage category Y is not assigned a helicopter
3360,292,evacuee,,Evacuee;327;in triage state;R;is at the evacuation site
3360,295,evacuee,outES,Evacuee 410 in triage category Y is not assigned a helicopter
3360,295,evacuee,,Evacuee;410;in triage state;R;is at the evacuation site
3360,298,evacuee,outES,Evacuee 326 in triage category Y is not assigned a helicopter
3360,298,evacuee,,Evacuee;326;in triage state;R;is at the evacuation site
3360,301,evacuee,outES,Evacuee 466 in triage category Y is not assigned a helicopter
3360,301,evacuee,,Evacuee;466;in triage state;R;is at the evacuation site
3360,304,evacuee,outES,Evacuee 325 in triage category Y is not assigned a helicopter
3360,304,evacuee,,Evacuee;325;in triage state;R;is at the evacuation site
3360,307,evacuee,outES,Evacuee 365 in triage category Y is not assigned a helicopter
3360,307,evacuee,,Evacuee;365;in triage state;R;is at the evacuation site
3360,310,evacuee,outES,Evacuee 322 in triage category Y is not assigned a helicopter
3360,310,evacuee,,Evacuee;322;in triage state;R;is at the evacuation site
3360,313,evacuee,outES,Evacuee 321 in triage category Y is not assigned a helicopter
3360,313,evacuee,,Evacuee;321;in triage state;R;is at the evacuation site
3360,316,evacuee,outES,Evacuee 319 in triage category Y is not assigned a helicopter
3360,316,evacuee,,Evacuee;319;in triage state;R;is at the evacuation site
3360,319,evacuee,outES,Evacuee 318 in triage category Y is not assigned a helicopter
3360,319,evacuee,,Evacuee;318;in triage state;R;is at the evacuation site
3360,322,evacuee,outES,Evacuee 317 in triage category Y is not assigned a helicopter
3360,322,evacuee,,Evacuee;317;in triage state;R;is at the evacuation site
3360,325,evacuee,outES,Evacuee 460 in triage category Y is not assigned a helicopter
3360,325,evacuee,,Evacuee;460;in triage state;R;is at the evacuation site
3360,328,evacuee,outES,Evacuee 316 in triage category Y is not assigned a helicopter
3360,328,evacuee,,Evacuee;316;in triage state;R;is at the evacuation site
3360,331,evacuee,outES,Evacuee 446 in triage category Y is not assigned a helicopter
3360,331,evacuee,,Evacuee;446;in triage state;R;is at the evacuation site
3360,334,evacuee,outES,Evacuee 313 in triage category Y is not assigned a helicopter
3360,334,evacuee,,Evacuee;313;in triage state;R;is at the evacuation site
3360,337,evacuee,outES,Evacuee 443 in triage category Y is not assigned a helicopter
3360,337,evacuee,,Evacuee;443;in triage state;R;is at the evacuation site
3360,340,evacuee,outES,Evacuee 312 in triage category Y is not assigned a helicopter
3360,340,evacuee,,Evacuee;312;in triage state;R;is at the evacuation site
3360,343,evacuee,outES,Evacuee 309 in triage category Y is not assigned a helicopter
3360,343,evacuee,,Evacuee;309;in triage state;R;is at the evacuation site
3360,346,evacuee,outES,Evacuee 306 in triage category Y is not assigned a helicopter
3360,346,evacuee,,Evacuee;306;in triage state;R;is at the evacuation site
3360,349,evacuee,outES,Evacuee 305 in triage category Y is not assigned a helicopter
3360,349,evacuee,,Evacuee;305;in triage state;R;is at the evacuation site
3360,352,evacuee,outES,Evacuee 303 in triage category Y is not assigned a helicopter
3360,352,evacuee,,Evacuee;303;in triage state;R;is at the evacuation site
3360,355,evacuee,outES,Evacuee 295 in triage category Y is not assigned a helicopter
3360,355,evacuee,,Evacuee;295;in triage state;R;is at the evacuation site
3360,358,evacuee,outES,Evacuee 352 in triage category Y is not assigned a helicopter
3360,358,evacuee,,Evacuee;352;in triage state;R;is at the evacuation site
3360,361,evacuee,outES,Evacuee 293 in triage category Y is not assigned a helicopter
3360,361,evacuee,,Evacuee;293;in triage state;R;is at the evacuation site
3360,367,evacuee,outES,Evacuee 413 in triage category Y is not assigned a helicopter
3360,367,evacuee,,Evacuee;413;in triage state;R;is at the evacuation site
3360,370,evacuee,outES,Evacuee 292 in triage category Y is not assigned a helicopter
3360,370,evacuee,,Evacuee;292;in triage state;R;is at the evacuation site
3360,373,evacuee,outES,Evacuee 291 in triage category Y is not assigned a helicopter
3360,373,evacuee,,Evacuee;291;in triage state;R;is at the evacuation site
3360,376,evacuee,outES,Evacuee 290 in triage category Y is not assigned a helicopter
3360,376,evacuee,,Evacuee;290;in triage state;R;is at the evacuation site
3360,379,evacuee,outES,Evacuee 350 in triage category Y is not assigned a helicopter
3360,379,evacuee,,Evacuee;350;in triage state;R;is at the evacuation site
3360,382,evacuee,outES,Evacuee 288 in triage category Y is not assigned a helicopter
3360,382,evacuee,,Evacuee;288;in triage state;R;is at the evacuation site
3360,385,evacuee,outES,Evacuee 287 in triage category Y is not assigned a helicopter
3360,385,evacuee,,Evacuee;287;in triage state;R;is at the evacuation site
3360,388,evacuee,outES,Evacuee 415 in triage category Y is not assigned a helicopter
3360,388,evacuee,,Evacuee;415;in triage state;R;is at the evacuation site
3360,391,evacuee,outES,Evacuee 376 in triage category Y is not assigned a helicopter
3360,391,evacuee,,Evacuee;376;in triage state;R;is at the evacuation site
3360,394,evacuee,outES,Evacuee 284 in triage category Y is not assigned a helicopter
3360,394,evacuee,,Evacuee;284;in triage state;R;is at the evacuation site
3360,397,evacuee,outES,Evacuee 283 in triage category Y is not assigned a helicopter
3360,397,evacuee,,Evacuee;283;in triage state;R;is at the evacuation site
3360,400,evacuee,outES,Evacuee 282 in triage category Y is not assigned a helicopter
3360,400,evacuee,,Evacuee;282;in triage state;R;is at the evacuation site
3360,403,evacuee,outES,Evacuee 281 in triage category Y is not assigned a helicopter
3360,403,evacuee,,Evacuee;281;in triage state;R;is at the evacuation site
3360,406,evacuee,outES,Evacuee 280 in triage category Y is not assigned a helicopter
3360,406,evacuee,,Evacuee;280;in triage state;R;is at the evacuation site
3360,409,evacuee,outES,Evacuee 333 in triage category Y is not assigned a helicopter
3360,409,evacuee,,Evacuee;333;in triage state;R;is at the evacuation site
3360,412,evacuee,outES,Evacuee 279 in triage category Y is not assigned a helicopter
3360,412,evacuee,,Evacuee;279;in triage state;R;is at the evacuation site
3360,415,evacuee,outES,Evacuee 278 in triage category Y is not assigned a helicopter
3360,415,evacuee,,Evacuee;278;in triage state;R;is at the evacuation site
3360,418,evacuee,outES,Evacuee 277 in triage category Y is not assigned a helicopter
3360,418,evacuee,,Evacuee;277;in triage state;R;is at the evacuation site
3360,421,evacuee,outES,Evacuee 315 in triage category Y is not assigned a helicopter
3360,421,evacuee,,Evacuee;315;in triage state;R;is at the evacuation site
3360,424,evacuee,outES,Evacuee 274 in triage category Y is not assigned a helicopter
3360,424,evacuee,,Evacuee;274;in triage state;R;is at the evacuation site
3360,427,evacuee,outES,Evacuee 273 in triage category Y is not assigned a helicopter
3360,427,evacuee,,Evacuee;273;in triage state;R;is at the evacuation site
3360,430,evacuee,outES,Evacuee 337 in triage category Y is not assigned a helicopter
3360,430,evacuee,,Evacuee;337;in triage state;R;is at the evacuation site
3360,433,evacuee,outES,Evacuee 301 in triage category Y is not assigned a helicopter
3360,433,evacuee,,Evacuee;301;in triage state;R;is at the evacuation site
3360,436,evacuee,outES,Evacuee 272 in triage category Y is not assigned a helicopter
3360,436,evacuee,,Evacuee;272;in triage state;R;is at the evacuation site
3360,439,evacuee,outES,Evacuee 270 in triage category Y is not assigned a helicopter
3360,439,evacuee,,Evacuee;270;in triage state;R;is at the evacuation site
3360,442,evacuee,outES,Evacuee 264 in triage category Y is not assigned a helicopter
3360,442,evacuee,,Evacuee;264;in triage state;R;is at the evacuation site
3360,445,evacuee,outES,Evacuee 262 in triage category Y is not assigned a helicopter
3360,445,evacuee,,Evacuee;262;in triage state;R;is at the evacuation site
3360,448,evacuee,outES,Evacuee 260 in triage category Y is not assigned a helicopter
3360,448,evacuee,,Evacuee;260;in triage state;R;is at the evacuation site
3360,451,evacuee,outES,Evacuee 259 in triage category Y is not assigned a helicopter
3360,451,evacuee,,Evacuee;259;in triage state;R;is at the evacuation site
3360,454,evacuee,outES,Evacuee 125 in triage category Y is not assigned a helicopter
3360,454,evacuee,,Evacuee;125;in triage state;R;is at the evacuation site
3360,457,evacuee,outES,Evacuee 114 in triage category Y is not assigned a helicopter
3360,457,evacuee,,Evacuee;114;in triage state;R;is at the evacuation site
3360,460,evacuee,outES,Evacuee 289 in triage category Y is not assigned a helicopter
3360,460,evacuee,,Evacuee;289;in triage state;R;is at the evacuation site
3360,463,evacuee,outES,Evacuee 88 in triage category Y is not assigned a helicopter
3360,463,evacuee,,Evacuee;88;in triage state;R;is at the evacuation site
3360,466,evacuee,outES,Evacuee 449 in triage category Y is not assigned a helicopter
3360,466,evacuee,,Evacuee;449;in triage state;R;is at the evacuation site
3360,469,evacuee,outES,Evacuee 122 in triage category Y is not assigned a helicopter
3360,469,evacuee,,Evacuee;122;in triage state;R;is at the evacuation site
3360,472,evacuee,outES,Evacuee 108 in triage category Y is not assigned a helicopter
3360,472,evacuee,,Evacuee;108;in triage state;R;is at the evacuation site
3360,475,evacuee,outES,Evacuee 276 in triage category Y is not assigned a helicopter
3360,475,evacuee,,Evacuee;276;in triage state;R;is at the evacuation site
3360,478,evacuee,outES,Evacuee 121 in triage category Y is not assigned a helicopter
3360,478,evacuee,,Evacuee;121;in triage state;R;is at the evacuation site
3360,481,evacuee,outES,Evacuee 386 in triage category Y is not assigned a helicopter
3360,481,evacuee,,Evacuee;386;in triage state;R;is at the evacuation site
3360,484,evacuee,outES,Evacuee 117 in triage category Y is not assigned a helicopter
3360,484,evacuee,,Evacuee;117;in triage state;R;is at the evacuation site
3360,487,evacuee,outES,Evacuee 192 in triage category Y is not assigned a helicopter
3360,487,evacuee,,Evacuee;192;in triage state;R;is at the evacuation site
3360,490,evacuee,outES,Evacuee 432 in triage category Y is not assigned a helicopter
3360,490,evacuee,,Evacuee;432;in triage state;R;is at the evacuation site
3360,493,evacuee,outES,Evacuee 245 in triage category Y is not assigned a helicopter
3360,493,evacuee,,Evacuee;245;in triage state;R;is at the evacuation site
3360,496,evacuee,outES,Evacuee 310 in triage category Y is not assigned a helicopter
3360,496,evacuee,,Evacuee;310;in triage state;R;is at the evacuation site
3360,499,evacuee,outES,Evacuee 118 in triage category Y is not assigned a helicopter
3360,499,evacuee,,Evacuee;118;in triage state;R;is at the evacuation site
3360,505,evacuee,outES,Evacuee 470 in triage category Y is not assigned a helicopter
3360,505,evacuee,,Evacuee;470;in triage state;R;is at the evacuation site
3360,508,evacuee,outES,Evacuee 469 in triage category Y is not assigned a helicopter
3360,508,evacuee,,Evacuee;469;in triage state;R;is at the evacuation site
3360,511,evacuee,outES,Evacuee 215 in triage category Y is not assigned a helicopter
3360,511,evacuee,,Evacuee;215;in triage state;R;is at the evacuation site
3360,514,evacuee,outES,Evacuee 345 in triage category Y is not assigned a helicopter
3360,514,evacuee,,Evacuee;345;in triage state;R;is at the evacuation site
3360,517,evacuee,outES,Evacuee 302 in triage category Y is not assigned a helicopter
3360,517,evacuee,,Evacuee;302;in triage state;R;is at the evacuation site
3360,520,evacuee,outES,Evacuee 112 in triage category Y is not assigned a helicopter
3360,520,evacuee,,Evacuee;112;in triage state;R;is at the evacuation site
3360,523,evacuee,outES,Evacuee 299 in triage category Y is not assigned a helicopter
3360,523,evacuee,,Evacuee;299;in triage state;R;is at the evacuation site
3360,526,evacuee,outES,Evacuee 109 in triage category Y is not assigned a helicopter
3360,526,evacuee,,Evacuee;109;in triage state;R;is at the evacuation site
3360,529,evacuee,outES,Evacuee 373 in triage category Y is not assigned a helicopter
3360,529,evacuee,,Evacuee;373;in triage state;R;is at the evacuation site
3360,532,evacuee,outES,Evacuee 358 in triage category Y is not assigned a helicopter
3360,532,evacuee,,Evacuee;358;in triage state;R;is at the evacuation site
3360,535,evacuee,outES,Evacuee 188 in triage category Y is not assigned a helicopter
3360,535,evacuee,,Evacuee;188;in triage state;R;is at the evacuation site
3360,538,evacuee,outES,Evacuee 106 in triage category Y is not assigned a helicopter
3360,538,evacuee,,Evacuee;106;in triage state;R;is at the evacuation site
3360,541,evacuee,outES,Evacuee 311 in triage category Y is not assigned a helicopter
3360,541,evacuee,,Evacuee;311;in triage state;R;is at the evacuation site
3360,544,evacuee,outES,Evacuee 148 in triage category Y is not assigned a helicopter
3360,544,evacuee,,Evacuee;148;in triage state;R;is at the evacuation site
3360,547,evacuee,outES,Evacuee 235 in triage category Y is not assigned a helicopter
3360,547,evacuee,,Evacuee;235;in triage state;R;is at the evacuation site
3360,550,evacuee,outES,Evacuee 105 in triage category Y is not assigned a helicopter
3360,550,evacuee,,Evacuee;105;in triage state;R;is at the evacuation site
3360,553,evacuee,outES,Evacuee 424 in triage category Y is not assigned a helicopter
3360,553,evacuee,,Evacuee;424;in triage state;R;is at the evacuation site
3360,556,evacuee,outES,Evacuee 269 in triage category Y is not assigned a helicopter
3360,556,evacuee,,Evacuee;269;in triage state;R;is at the evacuation site
3360,559,evacuee,outES,Evacuee 103 in triage category Y is not assigned a helicopter
3360,559,evacuee,,Evacuee;103;in triage state;R;is at the evacuation site
3360,562,evacuee,outES,Evacuee 124 in triage category Y is not assigned a helicopter
3360,562,evacuee,,Evacuee;124;in triage state;R;is at the evacuation site
3360,565,evacuee,outES,Evacuee 111 in triage category Y is not assigned a helicopter
3360,565,evacuee,,Evacuee;111;in triage state;R;is at the evacuation site
3360,571,evacuee,outES,Evacuee 228 in triage category Y is not assigned a helicopter
3360,571,evacuee,,Evacuee;228;in triage state;R;is at the evacuation site
3360,577,evacuee,outES,Evacuee 101 in triage category Y is not assigned a helicopter
3360,577,evacuee,,Evacuee;101;in triage state;R;is at the evacuation site
3360,580,evacuee,outES,Evacuee 142 in triage category Y is not assigned a helicopter
3360,580,evacuee,,Evacuee;142;in triage state;R;is at the evacuation site
3360,583,evacuee,outES,Evacuee 99 in triage category Y is not assigned a helicopter
3360,583,evacuee,,Evacuee;99;in triage state;R;is at the evacuation site
3360,589,evacuee,outES,Evacuee 324 in triage category Y is not assigned a helicopter
3360,589,evacuee,,Evacuee;324;in triage state;R;is at the evacuation site
3360,592,evacuee,outES,Evacuee 95 in triage category Y is not assigned a helicopter
3360,592,evacuee,,Evacuee;95;in triage state;R;is at the evacuation site
3360,595,evacuee,outES,Evacuee 447 in triage category Y is not assigned a helicopter
3360,595,evacuee,,Evacuee;447;in triage state;R;is at the evacuation site
3360,598,evacuee,outES,Evacuee 361 in triage category Y is not assigned a helicopter
3360,598,evacuee,,Evacuee;361;in triage state;R;is at the evacuation site
3360,601,evacuee,outES,Evacuee 342 in triage category Y is not assigned a helicopter
3360,601,evacuee,,Evacuee;342;in triage state;R;is at the evacuation site
3360,604,evacuee,outES,Evacuee 93 in triage category Y is not assigned a helicopter
3360,604,evacuee,,Evacuee;93;in triage state;R;is at the evacuation site
3360,607,evacuee,outES,Evacuee 136 in triage category Y is not assigned a helicopter
3360,607,evacuee,,Evacuee;136;in triage state;R;is at the evacuation site
3360,610,evacuee,outES,Evacuee 412 in triage category Y is not assigned a helicopter
3360,610,evacuee,,Evacuee;412;in triage state;R;is at the evacuation site
3360,613,evacuee,outES,Evacuee 90 in triage category Y is not assigned a helicopter
3360,613,evacuee,,Evacuee;90;in triage state;R;is at the evacuation site
3360,619,evacuee,outES,Evacuee 83 in triage category Y is not assigned a helicopter
3360,619,evacuee,,Evacuee;83;in triage state;R;is at the evacuation site
3360,622,evacuee,outES,Evacuee 127 in triage category Y is not assigned a helicopter
3360,622,evacuee,,Evacuee;127;in triage state;R;is at the evacuation site
3360,628,evacuee,outES,Evacuee 87 in triage category Y is not assigned a helicopter
3360,628,evacuee,,Evacuee;87;in triage state;R;is at the evacuation site
3360,631,evacuee,outES,Evacuee 297 in triage category Y is not assigned a helicopter
3360,631,evacuee,,Evacuee;297;in triage state;R;is at the evacuation site
3360,634,evacuee,outES,Evacuee 86 in triage category Y is not assigned a helicopter
3360,634,evacuee,,Evacuee;86;in triage state;R;is at the evacuation site
3360,640,evacuee,outES,Evacuee 444 in triage category Y is not assigned a helicopter
3360,640,evacuee,,Evacuee;444;in triage state;R;is at the evacuation site
3360,643,evacuee,outES,Evacuee 80 in triage category Y is not assigned a helicopter
3360,643,evacuee,,Evacuee;80;in triage state;R;is at the evacuation site
3360,646,evacuee,outES,Evacuee 79 in triage category Y is not assigned a helicopter
3360,646,evacuee,,Evacuee;79;in triage state;R;is at the evacuation site
3360,649,evacuee,outES,Evacuee 115 in triage category Y is not assigned a helicopter
3360,649,evacuee,,Evacuee;115;in triage state;R;is at the evacuation site
3360,652,evacuee,outES,Evacuee 98 in triage category Y is not assigned a helicopter
3360,652,evacuee,,Evacuee;98;in triage state;R;is at the evacuation site
3360,655,evacuee,outES,Evacuee 356 in triage category Y is not assigned a helicopter
3360,655,evacuee,,Evacuee;356;in triage state;R;is at the evacuation site
3360,658,evacuee,outES,Evacuee 78 in triage category Y is not assigned a helicopter
3360,658,evacuee,,Evacuee;78;in triage state;R;is at the evacuation site
3360,661,evacuee,outES,Evacuee 213 in triage category Y is not assigned a helicopter
3360,661,evacuee,,Evacuee;213;in triage state;R;is at the evacuation site
3360,664,evacuee,outES,Evacuee 344 in triage category Y is not assigned a helicopter
3360,664,evacuee,,Evacuee;344;in triage state;R;is at the evacuation site
3360,667,evacuee,outES,Evacuee 77 in triage category Y is not assigned a helicopter
3360,667,evacuee,,Evacuee;77;in triage state;R;is at the evacuation site
3360,670,evacuee,outES,Evacuee 156 in triage category Y is not assigned a helicopter
3360,670,evacuee,,Evacuee;156;in triage state;R;is at the evacuation site
3360,673,evacuee,outES,Evacuee 300 in triage category Y is not assigned a helicopter
3360,673,evacuee,,Evacuee;300;in triage state;R;is at the evacuation site
3360,676,evacuee,outES,Evacuee 165 in triage category Y is not assigned a helicopter
3360,676,evacuee,,Evacuee;165;in triage state;R;is at the evacuation site
3360,679,evacuee,outES,Evacuee 454 in triage category Y is not assigned a helicopter
3360,679,evacuee,,Evacuee;454;in triage state;R;is at the evacuation site
3360,682,evacuee,outES,Evacuee 440 in triage category Y is not assigned a helicopter
3360,682,evacuee,,Evacuee;440;in triage state;R;is at the evacuation site
3360,685,evacuee,outES,Evacuee 76 in triage category Y is not assigned a helicopter
3360,685,evacuee,,Evacuee;76;in triage state;R;is at the evacuation site
3360,688,evacuee,outES,Evacuee 431 in triage category Y is not assigned a helicopter
3360,688,evacuee,,Evacuee;431;in triage state;R;is at the evacuation site
3360,694,evacuee,outES,Evacuee 363 in triage category Y is not assigned a helicopter
3360,694,evacuee,,Evacuee;363;in triage state;R;is at the evacuation site
3360,697,evacuee,outES,Evacuee 251 in triage category Y is not assigned a helicopter
3360,697,evacuee,,Evacuee;251;in triage state;R;is at the evacuation site
3360,700,evacuee,outES,Evacuee 134 in triage category Y is not assigned a helicopter
3360,700,evacuee,,Evacuee;134;in triage state;R;is at the evacuation site
3360,703,evacuee,outES,Evacuee 199 in triage category Y is not assigned a helicopter
3360,703,evacuee,,Evacuee;199;in triage state;R;is at the evacuation site
3360,712,evacuee,outES,Evacuee 223 in triage category Y is not assigned a helicopter
3360,712,evacuee,,Evacuee;223;in triage state;R;is at the evacuation site
3360,715,evacuee,outES,Evacuee 465 in triage category Y is not assigned a helicopter
3360,715,evacuee,,Evacuee;465;in triage state;R;is at the evacuation site
3360,721,evacuee,outES,Evacuee 385 in triage category Y is not assigned a helicopter
3360,721,evacuee,,Evacuee;385;in triage state;R;is at the evacuation site
3360,724,evacuee,outES,Evacuee 181 in triage category Y is not assigned a helicopter
3360,724,evacuee,,Evacuee;181;in triage state;R;is at the evacuation site
3360,727,evacuee,outES,Evacuee 135 in triage category Y is not assigned a helicopter
3360,727,evacuee,,Evacuee;135;in triage state;R;is at the evacuation site
3360,733,evacuee,outES,Evacuee 474 in triage category Y is not assigned a helicopter
3360,733,evacuee,,Evacuee;474;in triage state;R;is at the evacuation site
3360,742,evacuee,outES,Evacuee 179 in triage category Y is not assigned a helicopter
3360,742,evacuee,,Evacuee;179;in triage state;R;is at the evacuation site
3360,745,evacuee,outES,Evacuee 147 in triage category Y is not assigned a helicopter
3360,745,evacuee,,Evacuee;147;in triage state;R;is at the evacuation site
3360,754,evacuee,outES,Evacuee 218 in triage category Y is not assigned a helicopter
3360,754,evacuee,,Evacuee;218;in triage state;R;is at the evacuation site
3360,757,evacuee,outES,Evacuee 453 in triage category Y is not assigned a helicopter
3360,757,evacuee,,Evacuee;453;in triage state;R;is at the evacuation site
3360,760,evacuee,outES,Evacuee 285 in triage category Y is not assigned a helicopter
3360,760,evacuee,,Evacuee;285;in triage state;R;is at the evacuation site
3360,763,evacuee,outES,Evacuee 89 in triage category Y is not assigned a helicopter
3360,763,evacuee,,Evacuee;89;in triage state;R;is at the evacuation site
3360,766,evacuee,outES,Evacuee 394 in triage category Y is not assigned a helicopter
3360,766,evacuee,,Evacuee;394;in triage state;R;is at the evacuation site
3360,769,evacuee,outES,Evacuee 240 in triage category Y is not assigned a helicopter
3360,769,evacuee,,Evacuee;240;in triage state;R;is at the evacuation site
3360,775,evacuee,outES,Evacuee 355 in triage category Y is not assigned a helicopter
3360,775,evacuee,,Evacuee;355;in triage state;R;is at the evacuation site
3360,781,evacuee,outES,Evacuee 200 in triage category Y is not assigned a helicopter
3360,781,evacuee,,Evacuee;200;in triage state;R;is at the evacuation site
3360,784,evacuee,outES,Evacuee 255 in triage category Y is not assigned a helicopter
3360,784,evacuee,,Evacuee;255;in triage state;R;is at the evacuation site
3360,790,evacuee,outES,Evacuee 368 in triage category Y is not assigned a helicopter
3360,790,evacuee,,Evacuee;368;in triage state;R;is at the evacuation site
3360,796,evacuee,outES,Evacuee 387 in triage category Y is not assigned a helicopter
3360,796,evacuee,,Evacuee;387;in triage state;R;is at the evacuation site
3360,799,evacuee,outES,Evacuee 246 in triage category Y is not assigned a helicopter
3360,799,evacuee,,Evacuee;246;in triage state;R;is at the evacuation site
3360,802,evacuee,outES,Evacuee 220 in triage category Y is not assigned a helicopter
3360,802,evacuee,,Evacuee;220;in triage state;R;is at the evacuation site
3360,805,evacuee,outES,Evacuee 173 in triage category Y is not assigned a helicopter
3360,805,evacuee,,Evacuee;173;in triage state;R;is at the evacuation site
3360,808,evacuee,outES,Evacuee 157 in triage category Y is not assigned a helicopter
3360,808,evacuee,,Evacuee;157;in triage state;R;is at the evacuation site
3360,811,evacuee,outES,Evacuee 451 in triage category Y is not assigned a helicopter
3360,811,evacuee,,Evacuee;451;in triage state;R;is at the evacuation site
3360,814,evacuee,outES,Evacuee 359 in triage category Y is not assigned a helicopter
3360,814,evacuee,,Evacuee;359;in triage state;R;is at the evacuation site
3360,817,evacuee,outES,Evacuee 286 in triage category Y is not assigned a helicopter
3360,817,evacuee,,Evacuee;286;in triage state;R;is at the evacuation site
3360,820,evacuee,outES,Evacuee 196 in triage category Y is not assigned a helicopter
3360,820,evacuee,,Evacuee;196;in triage state;R;is at the evacuation site
3360,823,evacuee,outES,Evacuee 407 in triage category Y is not assigned a helicopter
3360,823,evacuee,,Evacuee;407;in triage state;R;is at the evacuation site
3360,826,evacuee,outES,Evacuee 132 in triage category Y is not assigned a helicopter
3360,826,evacuee,,Evacuee;132;in triage state;R;is at the evacuation site
3360,841,evacuee,outES,Evacuee 271 in triage category Y is not assigned a helicopter
3360,841,evacuee,,Evacuee;271;in triage state;R;is at the evacuation site
3360,850,evacuee,outES,Evacuee 334 in triage category Y is not assigned a helicopter
3360,850,evacuee,,Evacuee;334;in triage state;R;is at the evacuation site
3360,859,evacuee,outES,Evacuee 250 in triage category Y is not assigned a helicopter
3360,859,evacuee,,Evacuee;250;in triage state;R;is at the evacuation site
3360,862,evacuee,outES,Evacuee 107 in triage category Y is not assigned a helicopter
3360,862,evacuee,,Evacuee;107;in triage state;R;is at the evacuation site
3360,865,evacuee,outES,Evacuee 229 in triage category Y is not assigned a helicopter
3360,865,evacuee,,Evacuee;229;in triage state;R;is at the evacuation site
3360,868,evacuee,outES,Evacuee 110 in triage category Y is not assigned a helicopter
3360,868,evacuee,,Evacuee;110;in triage state;R;is at the evacuation site
3360,871,evacuee,outES,Evacuee 141 in triage category Y is not assigned a helicopter
3360,871,evacuee,,Evacuee;141;in triage state;R;is at the evacuation site
3360,874,evacuee,outES,Evacuee 133 in triage category Y is not assigned a helicopter
3360,874,evacuee,,Evacuee;133;in triage state;R;is at the evacuation site
3360,880,evacuee,outES,Evacuee 473 in triage category Y is not assigned a helicopter
3360,880,evacuee,,Evacuee;473;in triage state;R;is at the evacuation site
3360,883,evacuee,outES,Evacuee 400 in triage category Y is not assigned a helicopter
3360,883,evacuee,,Evacuee;400;in triage state;R;is at the evacuation site
3360,886,evacuee,outES,Evacuee 268 in triage category Y is not assigned a helicopter
3360,886,evacuee,,Evacuee;268;in triage state;R;is at the evacuation site
3360,889,evacuee,outES,Evacuee 100 in triage category Y is not assigned a helicopter
3360,889,evacuee,,Evacuee;100;in triage state;R;is at the evacuation site
3360,895,evacuee,outES,Evacuee 158 in triage category Y is not assigned a helicopter
3360,895,evacuee,,Evacuee;158;in triage state;R;is at the evacuation site
3360,898,evacuee,outES,Evacuee 187 in triage category Y is not assigned a helicopter
3360,898,evacuee,,Evacuee;187;in triage state;R;is at the evacuation site
3360,901,evacuee,outES,Evacuee 85 in triage category Y is not assigned a helicopter
3360,901,evacuee,,Evacuee;85;in triage state;R;is at the evacuation site
3360,910,evacuee,outES,Evacuee 332 in triage category Y is not assigned a helicopter
3360,910,evacuee,,Evacuee;332;in triage state;R;is at the evacuation site
3360,913,evacuee,outES,Evacuee 81 in triage category Y is not assigned a helicopter
3360,913,evacuee,,Evacuee;81;in triage state;R;is at the evacuation site
3360,916,evacuee,outES,Evacuee 104 in triage category Y is not assigned a helicopter
3360,916,evacuee,,Evacuee;104;in triage state;R;is at the evacuation site
3360,922,evacuee,outES,Evacuee 97 in triage category Y is not assigned a helicopter
3360,922,evacuee,,Evacuee;97;in triage state;R;is at the evacuation site
3360,928,evacuee,outES,Evacuee 172 in triage category Y is not assigned a helicopter
3360,928,evacuee,,Evacuee;172;in triage state;R;is at the evacuation site
3360,931,evacuee,outES,Evacuee 256 in triage category Y is not assigned a helicopter
3360,931,evacuee,,Evacuee;256;in triage state;R;is at the evacuation site
3360,934,evacuee,outES,Evacuee 119 in triage category Y is not assigned a helicopter
3360,934,evacuee,,Evacuee;119;in triage state;R;is at the evacuation site
3360,940,evacuee,outES,Evacuee 347 in triage category Y is not assigned a helicopter
3360,940,evacuee,,Evacuee;347;in triage state;R;is at the evacuation site
3360,943,evacuee,outES,Evacuee 82 in triage category Y is not assigned a helicopter
3360,943,evacuee,,Evacuee;82;in triage state;R;is at the evacuation site
3360,952,evacuee,outES,Evacuee 92 in triage category Y is not assigned a helicopter
3360,952,evacuee,,Evacuee;92;in triage state;R;is at the evacuation site
3360,958,evacuee,outES,Evacuee 150 in triage category Y is not assigned a helicopter
3360,958,evacuee,,Evacuee;150;in triage state;R;is at the evacuation site
3360,967,evacuee,outES,Evacuee 343 in triage category Y is not assigned a helicopter
3360,967,evacuee,,Evacuee;343;in triage state;R;is at the evacuation site
3360,970,evacuee,outES,Evacuee 241 in triage category Y is not assigned a helicopter
3360,970,evacuee,,Evacuee;241;in triage state;R;is at the evacuation site
3360,973,evacuee,outES,Evacuee 418 in triage category Y is not assigned a helicopter
3360,973,evacuee,,Evacuee;418;in triage state;R;is at the evacuation site
3360,976,evacuee,outES,Evacuee 75 in triage category Y is not assigned a helicopter
3360,976,evacuee,,Evacuee;75;in triage state;R;is at the evacuation site
3360,985,evacuee,outES,Evacuee 209 in triage category Y is not assigned a helicopter
3360,985,evacuee,,Evacuee;209;in triage state;R;is at the evacuation site
3360,988,evacuee,outES,Evacuee 402 in triage category Y is not assigned a helicopter
3360,988,evacuee,,Evacuee;402;in triage state;R;is at the evacuation site
3360,991,evacuee,outES,Evacuee 320 in triage category Y is not assigned a helicopter
3360,991,evacuee,,Evacuee;320;in triage state;R;is at the evacuation site
3360,994,evacuee,outES,Evacuee 116 in triage category Y is not assigned a helicopter
3360,994,evacuee,,Evacuee;116;in triage state;R;is at the evacuation site
3360,1006,evacuee,outES,Evacuee 304 in triage category Y is not assigned a helicopter
3360,1006,evacuee,,Evacuee;304;in triage state;R;is at the evacuation site
3360,1009,evacuee,outES,Evacuee 154 in triage category Y is not assigned a helicopter
3360,1009,evacuee,,Evacuee;154;in triage state;R;is at the evacuation site
3360,1012,evacuee,outES,Evacuee 421 in triage category Y is not assigned a helicopter
3360,1012,evacuee,,Evacuee;421;in triage state;R;is at the evacuation site
3360,1015,evacuee,outES,Evacuee 405 in triage category Y is not assigned a helicopter
3360,1015,evacuee,,Evacuee;405;in triage state;R;is at the evacuation site
3360,1048,evacuee,outES,Evacuee 429 in triage category Y is not assigned a helicopter
3360,1048,evacuee,,Evacuee;429;in triage state;R;is at the evacuation site
3360,1051,evacuee,outES,Evacuee 102 in triage category Y is not assigned a helicopter
3360,1051,evacuee,,Evacuee;102;in triage state;R;is at the evacuation site
3360,1054,evacuee,outES,Evacuee 160 in triage category Y is not assigned a helicopter
3360,1054,evacuee,,Evacuee;160;in triage state;R;is at the evacuation site
3360,1063,evacuee,outES,Evacuee 155 in triage category Y is not assigned a helicopter
3360,1063,evacuee,,Evacuee;155;in triage state;R;is at the evacuation site
3360,1069,evacuee,outES,Evacuee 198 in triage category Y is not assigned a helicopter
3360,1069,evacuee,,Evacuee;198;in triage state;R;is at the evacuation site
3360,1072,evacuee,outES,Evacuee 84 in triage category Y is not assigned a helicopter
3360,1072,evacuee,,Evacuee;84;in triage state;R;is at the evacuation site
3360,1078,evacuee,outES,Evacuee 91 in triage category Y is not assigned a helicopter
3360,1078,evacuee,,Evacuee;91;in triage state;R;is at the evacuation site
3360,1087,evacuee,outES,Evacuee 336 in triage category Y is not assigned a helicopter
3360,1087,evacuee,,Evacuee;336;in triage state;R;is at the evacuation site
3360,1090,evacuee,outES,Evacuee 307 in triage category Y is not assigned a helicopter
3360,1090,evacuee,,Evacuee;307;in triage state;R;is at the evacuation site
3360,1093,evacuee,outES,Evacuee 212 in triage category Y is not assigned a helicopter
3360,1093,evacuee,,Evacuee;212;in triage state;R;is at the evacuation site
3360,1096,evacuee,outES,Evacuee 391 in triage category Y is not assigned a helicopter
3360,1096,evacuee,,Evacuee;391;in triage state;R;is at the evacuation site
3360,1099,evacuee,outES,Evacuee 388 in triage category Y is not assigned a helicopter
3360,1099,evacuee,,Evacuee;388;in triage state;R;is at the evacuation site
3360,1108,evacuee,outES,Evacuee 144 in triage category Y is not assigned a helicopter
3360,1108,evacuee,,Evacuee;144;in triage state;R;is at the evacuation site
3360,1117,evacuee,outES,Evacuee 182 in triage category Y is not assigned a helicopter
3360,1117,evacuee,,Evacuee;182;in triage state;R;is at the evacuation site
3360,1123,evacuee,outES,Evacuee 266 in triage category Y is not assigned a helicopter
3360,1123,evacuee,,Evacuee;266;in triage state;R;is at the evacuation site
3360,1126,evacuee,outES,Evacuee 120 in triage category Y is not assigned a helicopter
3360,1126,evacuee,,Evacuee;120;in triage state;R;is at the evacuation site
3360,1129,filterES,,
3360,1133,evacuee,outES,Evacuee 94 in triage category Y is not assigned a helicopter
3360,1133,evacuee,,Evacuee;94;in triage state;R;is at the evacuation site
3360,1139,evacuee,outES,Evacuee 175 in triage category Y is not assigned a helicopter
3360,1139,evacuee,,Evacuee;175;in triage state;R;is at the evacuation site
3360,1148,evacuee,outES,Evacuee 367 in triage category Y is not assigned a helicopter
3360,1148,evacuee,,Evacuee;367;in triage state;R;is at the evacuation site
3360,1151,evacuee,outES,Evacuee 364 in triage category Y is not assigned a helicopter
3360,1151,evacuee,,Evacuee;364;in triage state;R;is at the evacuation site
3360,1154,evacuee,outES,Evacuee 208 in triage category Y is not assigned a helicopter
3360,1154,evacuee,,Evacuee;208;in triage state;R;is at the evacuation site
3360,1160,evacuee,outES,Evacuee 231 in triage category Y is not assigned a helicopter
3360,1160,evacuee,,Evacuee;231;in triage state;R;is at the evacuation site
3360,1163,evacuee,outES,Evacuee 261 in triage category Y is not assigned a helicopter
3360,1163,evacuee,,Evacuee;261;in triage state;R;is at the evacuation site
3360,1169,filterES,,
3360,1173,evacuee,outES,Evacuee 263 in triage category Y is not assigned a helicopter
3360,1173,evacuee,,Evacuee;263;in triage state;R;is at the evacuation site
3360,1176,evacuee,outES,Evacuee 190 in triage category Y is not assigned a helicopter
3360,1176,evacuee,,Evacuee;190;in triage state;R;is at the evacuation site
3360,1179,evacuee,outES,Evacuee 128 in triage category Y is not assigned a helicopter
3360,1179,evacuee,,Evacuee;128;in triage state;R;is at the evacuation site
3360,1182,evacuee,outES,Evacuee 416 in triage category Y is not assigned a helicopter
3360,1182,evacuee,,Evacuee;416;in triage state;R;is at the evacuation site
3360,1185,evacuee,outES,Evacuee 129 in triage category Y is not assigned a helicopter
3360,1185,evacuee,,Evacuee;129;in triage state;R;is at the evacuation site
3360,1188,evacuee,outES,Evacuee 308 in triage category Y is not assigned a helicopter
3360,1188,evacuee,,Evacuee;308;in triage state;R;is at the evacuation site
3360,1191,evacuee,outES,Evacuee 131 in triage category Y is not assigned a helicopter
3360,1191,evacuee,,Evacuee;131;in triage state;R;is at the evacuation site
3360,1194,evacuee,outES,Evacuee 137 in triage category Y is not assigned a helicopter
3360,1194,evacuee,,Evacuee;137;in triage state;R;is at the evacuation site
3360,1197,evacuee,outES,Evacuee 138 in triage category Y is not assigned a helicopter
3360,1197,evacuee,,Evacuee;138;in triage state;R;is at the evacuation site
3360,1200,evacuee,outES,Evacuee 265 in triage category Y is not assigned a helicopter
3360,1200,evacuee,,Evacuee;265;in triage state;R;is at the evacuation site
3360,1203,evacuee,outES,Evacuee 139 in triage category Y is not assigned a helicopter
3360,1203,evacuee,,Evacuee;139;in triage state;R;is at the evacuation site
3360,1206,evacuee,outES,Evacuee 194 in triage category Y is not assigned a helicopter
3360,1206,evacuee,,Evacuee;194;in triage state;R;is at the evacuation site
3360,1209,evacuee,outES,Evacuee 140 in triage category Y is not assigned a helicopter
3360,1209,evacuee,,Evacuee;140;in triage state;R;is at the evacuation site
3360,1212,evacuee,outES,Evacuee 130 in triage category Y is not assigned a helicopter
3360,1212,evacuee,,Evacuee;130;in triage state;R;is at the evacuation site
3360,1215,evacuee,outES,Evacuee 143 in triage category Y is not assigned a helicopter
3360,1215,evacuee,,Evacuee;143;in triage state;R;is at the evacuation site
3360,1218,evacuee,outES,Evacuee 149 in triage category Y is not assigned a helicopter
3360,1218,evacuee,,Evacuee;149;in triage state;R;is at the evacuation site
3360,1221,evacuee,outES,Evacuee 296 in triage category Y is not assigned a helicopter
3360,1221,evacuee,,Evacuee;296;in triage state;R;is at the evacuation site
3360,1224,evacuee,outES,Evacuee 151 in triage category Y is not assigned a helicopter
3360,1224,evacuee,,Evacuee;151;in triage state;R;is at the evacuation site
3360,1227,evacuee,outES,Evacuee 222 in triage category Y is not assigned a helicopter
3360,1227,evacuee,,Evacuee;222;in triage state;R;is at the evacuation site
3360,1230,evacuee,outES,Evacuee 152 in triage category Y is not assigned a helicopter
3360,1230,evacuee,,Evacuee;152;in triage state;R;is at the evacuation site
3360,1233,evacuee,outES,Evacuee 153 in triage category Y is not assigned a helicopter
3360,1233,evacuee,,Evacuee;153;in triage state;R;is at the evacuation site
3360,1239,evacuee,outES,Evacuee 123 in triage category Y is not assigned a helicopter
3360,1239,evacuee,,Evacuee;123;in triage state;R;is at the evacuation site
3360,1242,evacuee,outES,Evacuee 159 in triage category Y is not assigned a helicopter
3360,1242,evacuee,,Evacuee;159;in triage state;R;is at the evacuation site
3360,1245,evacuee,outES,Evacuee 161 in triage category Y is not assigned a helicopter
3360,1245,evacuee,,Evacuee;161;in triage state;R;is at the evacuation site
3360,1251,evacuee,outES,Evacuee 126 in triage category Y is not assigned a helicopter
3360,1251,evacuee,,Evacuee;126;in triage state;R;is at the evacuation site
3360,1254,evacuee,outES,Evacuee 234 in triage category Y is not assigned a helicopter
3360,1254,evacuee,,Evacuee;234;in triage state;R;is at the evacuation site
3360,1257,evacuee,outES,Evacuee 162 in triage category Y is not assigned a helicopter
3360,1257,evacuee,,Evacuee;162;in triage state;R;is at the evacuation site
3360,1260,evacuee,outES,Evacuee 163 in triage category Y is not assigned a helicopter
3360,1260,evacuee,,Evacuee;163;in triage state;R;is at the evacuation site
3360,1263,evacuee,outES,Evacuee 166 in triage category Y is not assigned a helicopter
3360,1263,evacuee,,Evacuee;166;in triage state;R;is at the evacuation site
3360,1269,evacuee,outES,Evacuee 242 in triage category Y is not assigned a helicopter
3360,1269,evacuee,,Evacuee;242;in triage state;R;is at the evacuation site
3360,1272,evacuee,outES,Evacuee 178 in triage category Y is not assigned a helicopter
3360,1272,evacuee,,Evacuee;178;in triage state;R;is at the evacuation site
3360,1275,evacuee,outES,Evacuee 438 in triage category Y is not assigned a helicopter
3360,1275,evacuee,,Evacuee;438;in triage state;R;is at the evacuation site
3360,1278,evacuee,outES,Evacuee 146 in triage category Y is not assigned a helicopter
3360,1278,evacuee,,Evacuee;146;in triage state;R;is at the evacuation site
3360,1281,evacuee,outES,Evacuee 167 in triage category Y is not assigned a helicopter
3360,1281,evacuee,,Evacuee;167;in triage state;R;is at the evacuation site
3360,1284,evacuee,outES,Evacuee 145 in triage category Y is not assigned a helicopter
3360,1284,evacuee,,Evacuee;145;in triage state;R;is at the evacuation site
3360,1287,evacuee,outES,Evacuee 168 in triage category Y is not assigned a helicopter
3360,1287,evacuee,,Evacuee;168;in triage state;R;is at the evacuation site
3360,1290,evacuee,outES,Evacuee 176 in triage category Y is not assigned a helicopter
3360,1290,evacuee,,Evacuee;176;in triage state;R;is at the evacuation site
3360,1293,evacuee,outES,Evacuee 230 in triage category Y is not assigned a helicopter
3360,1293,evacuee,,Evacuee;230;in triage state;R;is at the evacuation site
3360,1296,evacuee,outES,Evacuee 169 in triage category Y is not assigned a helicopter
3360,1296,evacuee,,Evacuee;169;in triage state;R;is at the evacuation site
3360,1299,evacuee,outES,Evacuee 170 in triage category Y is not assigned a helicopter
3360,1299,evacuee,,Evacuee;170;in triage state;R;is at the evacuation site
3360,1302,evacuee,outES,Evacuee 171 in triage category Y is not assigned a helicopter
3360,1302,evacuee,,Evacuee;171;in triage state;R;is at the evacuation site
3360,1305,evacuee,outES,Evacuee 174 in triage category Y is not assigned a helicopter
3360,1305,evacuee,,Evacuee;174;in triage state;R;is at the evacuation site
3360,1308,evacuee,outES,Evacuee 177 in triage category Y is not assigned a helicopter
3360,1308,evacuee,,Evacuee;177;in triage state;R;is at the evacuation site
3360,1311,evacuee,outES,Evacuee 435 in triage category Y is not assigned a helicopter
3360,1311,evacuee,,Evacuee;435;in triage state;R;is at the evacuation site
3360,1317,evacuee,outES,Evacuee 203 in triage category Y is not assigned a helicopter
3360,1317,evacuee,,Evacuee;203;in triage state;R;is at the evacuation site
3360,1320,evacuee,outES,Evacuee 232 in triage category Y is not assigned a helicopter
3360,1320,evacuee,,Evacuee;232;in triage state;R;is at the evacuation site
3360,1323,evacuee,outES,Evacuee 183 in triage category Y is not assigned a helicopter
3360,1323,evacuee,,Evacuee;183;in triage state;R;is at the evacuation site
3360,1326,evacuee,outES,Evacuee 184 in triage category Y is not assigned a helicopter
3360,1326,evacuee,,Evacuee;184;in triage state;R;is at the evacuation site
3360,1329,evacuee,outES,Evacuee 185 in triage category Y is not assigned a helicopter
3360,1329,evacuee,,Evacuee;185;in triage state;R;is at the evacuation site
3360,1332,evacuee,outES,Evacuee 186 in triage category Y is not assigned a helicopter
3360,1332,evacuee,,Evacuee;186;in triage state;R;is at the evacuation site
3360,1335,evacuee,outES,Evacuee 417 in triage category Y is not assigned a helicopter
3360,1335,evacuee,,Evacuee;417;in triage state;R;is at the evacuation site
3360,1338,evacuee,outES,Evacuee 217 in triage category Y is not assigned a helicopter
3360,1338,evacuee,,Evacuee;217;in triage state;R;is at the evacuation site
3360,1341,evacuee,outES,Evacuee 189 in triage category Y is not assigned a helicopter
3360,1341,evacuee,,Evacuee;189;in triage state;R;is at the evacuation site
3360,1344,evacuee,outES,Evacuee 253 in triage category Y is not assigned a helicopter
3360,1344,evacuee,,Evacuee;253;in triage state;R;is at the evacuation site
3360,1347,evacuee,outES,Evacuee 191 in triage category Y is not assigned a helicopter
3360,1347,evacuee,,Evacuee;191;in triage state;R;is at the evacuation site
3360,1350,evacuee,outES,Evacuee 314 in triage category Y is not assigned a helicopter
3360,1350,evacuee,,Evacuee;314;in triage state;R;is at the evacuation site
3360,1353,evacuee,outES,Evacuee 249 in triage category Y is not assigned a helicopter
3360,1353,evacuee,,Evacuee;249;in triage state;R;is at the evacuation site
3360,1356,evacuee,outES,Evacuee 193 in triage category Y is not assigned a helicopter
3360,1356,evacuee,,Evacuee;193;in triage state;R;is at the evacuation site
3360,1359,evacuee,outES,Evacuee 195 in triage category Y is not assigned a helicopter
3360,1359,evacuee,,Evacuee;195;in triage state;R;is at the evacuation site
3360,1362,evacuee,outES,Evacuee 399 in triage category Y is not assigned a helicopter
3360,1362,evacuee,,Evacuee;399;in triage state;R;is at the evacuation site
3360,1365,evacuee,outES,Evacuee 197 in triage category Y is not assigned a helicopter
3360,1365,evacuee,,Evacuee;197;in triage state;R;is at the evacuation site
3360,1368,evacuee,outES,Evacuee 450 in triage category Y is not assigned a helicopter
3360,1368,evacuee,,Evacuee;450;in triage state;R;is at the evacuation site
3360,1371,evacuee,outES,Evacuee 252 in triage category Y is not assigned a helicopter
3360,1371,evacuee,,Evacuee;252;in triage state;R;is at the evacuation site
3360,1374,evacuee,outES,Evacuee 329 in triage category Y is not assigned a helicopter
3360,1374,evacuee,,Evacuee;329;in triage state;R;is at the evacuation site
3360,1377,evacuee,outES,Evacuee 201 in triage category Y is not assigned a helicopter
3360,1377,evacuee,,Evacuee;201;in triage state;R;is at the evacuation site
3360,1383,evacuee,outES,Evacuee 202 in triage category Y is not assigned a helicopter
3360,1383,evacuee,,Evacuee;202;in triage state;R;is at the evacuation site
3360,1386,evacuee,outES,Evacuee 390 in triage category Y is not assigned a helicopter
3360,1386,evacuee,,Evacuee;390;in triage state;R;is at the evacuation site
3360,1389,evacuee,outES,Evacuee 204 in triage category Y is not assigned a helicopter
3360,1389,evacuee,,Evacuee;204;in triage state;R;is at the evacuation site
3360,1392,evacuee,outES,Evacuee 258 in triage category Y is not assigned a helicopter
3360,1392,evacuee,,Evacuee;258;in triage state;R;is at the evacuation site
3360,1395,evacuee,outES,Evacuee 210 in triage category Y is not assigned a helicopter
3360,1395,evacuee,,Evacuee;210;in triage state;R;is at the evacuation site
3360,1398,evacuee,outES,Evacuee 275 in triage category Y is not assigned a helicopter
3360,1398,evacuee,,Evacuee;275;in triage state;R;is at the evacuation site
3360,1401,evacuee,outES,Evacuee 205 in triage category Y is not assigned a helicopter
3360,1401,evacuee,,Evacuee;205;in triage state;R;is at the evacuation site
3360,1404,evacuee,outES,Evacuee 323 in triage category Y is not assigned a helicopter
3360,1404,evacuee,,Evacuee;323;in triage state;R;is at the evacuation site
3360,1407,evacuee,outES,Evacuee 180 in triage category Y is not assigned a helicopter
3360,1407,evacuee,,Evacuee;180;in triage state;R;is at the evacuation site
3360,1410,evacuee,outES,Evacuee 206 in triage category Y is not assigned a helicopter
3360,1410,evacuee,,Evacuee;206;in triage state;R;is at the evacuation site
3360,1416,evacuee,outES,Evacuee 207 in triage category Y is not assigned a helicopter
3360,1416,evacuee,,Evacuee;207;in triage state;R;is at the evacuation site
3360,1422,evacuee,outES,Evacuee 211 in triage category Y is not assigned a helicopter
3360,1422,evacuee,,Evacuee;211;in triage state;R;is at the evacuation site
3360,1425,evacuee,outES,Evacuee 294 in triage category Y is not assigned a helicopter
3360,1425,evacuee,,Evacuee;294;in triage state;R;is at the evacuation site
3360,1428,evacuee,outES,Evacuee 214 in triage category Y is not assigned a helicopter
3360,1428,evacuee,,Evacuee;214;in triage state;R;is at the evacuation site
3360,1434,evacuee,outES,Evacuee 216 in triage category Y is not assigned a helicopter
3360,1434,evacuee,,Evacuee;216;in triage state;R;is at the evacuation site
3360,1437,evacuee,outES,Evacuee 219 in triage category Y is not assigned a helicopter
3360,1437,evacuee,,Evacuee;219;in triage state;R;is at the evacuation site
3360,1440,evacuee,outES,Evacuee 221 in triage category Y is not assigned a helicopter
3360,1440,evacuee,,Evacuee;221;in triage state;R;is at the evacuation site
3360,1443,evacuee,outES,Evacuee 224 in triage category Y is not assigned a helicopter
3360,1443,evacuee,,Evacuee;224;in triage state;R;is at the evacuation site
3360,1446,evacuee,outES,Evacuee 339 in triage category Y is not assigned a helicopter
3360,1446,evacuee,,Evacuee;339;in triage state;R;is at the evacuation site
3360,1449,evacuee,outES,Evacuee 225 in triage category Y is not assigned a helicopter
3360,1449,evacuee,,Evacuee;225;in triage state;R;is at the evacuation site
3360,1452,evacuee,outES,Evacuee 164 in triage category Y is not assigned a helicopter
3360,1452,evacuee,,Evacuee;164;in triage state;R;is at the evacuation site
3360,1455,evacuee,outES,Evacuee 226 in triage category Y is not assigned a helicopter
3360,1455,evacuee,,Evacuee;226;in triage state;R;is at the evacuation site
3360,1458,evacuee,outES,Evacuee 464 in triage category Y is not assigned a helicopter
3360,1458,evacuee,,Evacuee;464;in triage state;R;is at the evacuation site
3360,1461,evacuee,outES,Evacuee 227 in triage category Y is not assigned a helicopter
3360,1461,evacuee,,Evacuee;227;in triage state;R;is at the evacuation site
3360,1464,evacuee,outES,Evacuee 267 in triage category Y is not assigned a helicopter
3360,1464,evacuee,,Evacuee;267;in triage state;R;is at the evacuation site
3360,1470,evacuee,outES,Evacuee 233 in triage category Y is not assigned a helicopter
3360,1470,evacuee,,Evacuee;233;in triage state;R;is at the evacuation site
3360,1473,evacuee,outES,Evacuee 236 in triage category Y is not assigned a helicopter
3360,1473,evacuee,,Evacuee;236;in triage state;R;is at the evacuation site
3360,1479,evacuee,outES,Evacuee 237 in triage category Y is not assigned a helicopter
3360,1479,evacuee,,Evacuee;237;in triage state;R;is at the evacuation site
3360,1482,evacuee,outES,Evacuee 238 in triage category Y is not assigned a helicopter
3360,1482,evacuee,,Evacuee;238;in triage state;R;is at the evacuation site
3360,1485,evacuee,outES,Evacuee 113 in triage category Y is not assigned a helicopter
3360,1485,evacuee,,Evacuee;113;in triage state;R;is at the evacuation site
3360,1488,evacuee,outES,Evacuee 239 in triage category Y is not assigned a helicopter
3360,1488,evacuee,,Evacuee;239;in triage state;R;is at the evacuation site
3360,1491,evacuee,outES,Evacuee 243 in triage category Y is not assigned a helicopter
3360,1491,evacuee,,Evacuee;243;in triage state;R;is at the evacuation site
3360,1494,evacuee,outES,Evacuee 96 in triage category Y is not assigned a helicopter
3360,1494,evacuee,,Evacuee;96;in triage state;R;is at the evacuation site
3360,1497,evacuee,outES,Evacuee 244 in triage category Y is not assigned a helicopter
3360,1497,evacuee,,Evacuee;244;in triage state;R;is at the evacuation site
3360,1500,evacuee,outES,Evacuee 247 in triage category Y is not assigned a helicopter
3360,1500,evacuee,,Evacuee;247;in triage state;R;is at the evacuation site
3360,1506,evacuee,outES,Evacuee 248 in triage category Y is not assigned a helicopter
3360,1506,evacuee,,Evacuee;248;in triage state;R;is at the evacuation site
3360,1509,evacuee,outES,Evacuee 467 in triage category Y is not assigned a helicopter
3360,1509,evacuee,,Evacuee;467;in triage state;R;is at the evacuation site
3360,1512,evacuee,outES,Evacuee 298 in triage category Y is not assigned a helicopter
3360,1512,evacuee,,Evacuee;298;in triage state;R;is at the evacuation site
3360,1515,evacuee,outES,Evacuee 254 in triage category Y is not assigned a helicopter
3360,1515,evacuee,,Evacuee;254;in triage state;R;is at the evacuation site
3360,1518,evacuee,outES,Evacuee 257 in triage category Y is not assigned a helicopter
3360,1518,evacuee,,Evacuee;257;in triage state;R;is at the evacuation site
3360,3,evacueeManager,outEvac,Evacuee 75 in triage category R is assigned helicopter 3
3360,3,evacueeManager,outEvac,Evacuee 76 in triage category R is assigned helicopter 3
3360,3,evacueeManager,outEvac,Evacuee 77 in triage category R is assigned helicopter 3
3360,3,evacueeManager,,OFF SHIP: White;0;Green;0;Yellow;0;Red;398;Black;25;ON SHIP: White;38;Green;2;Yellow;3;Red;0;Evacuees to Transfer;
3360,4,helipadManager,outHQ,0
3360,4,helipadManager,,;No helos are at ES
3360,5,helicopterQueue,,;No helos are waiting to land
3360,7,filterLoc,,
3360,10,filterLoc,,
3360,13,filterLoc,,
3360,16,filterLoc,,
3360,19,filterLoc,,
3360,22,filterLoc,,
3360,25,filterLoc,,
3360,28,filterLoc,,
3360,31,filterLoc,,
3360,34,filterLoc,,
3360,37,filterLoc,,
3360,40,filterLoc,,
3360,43,filterLoc,,
3360,46,filterLoc,,
3360,49,filterLoc,,
3360,52,filterLoc,,
3360,55,filterLoc,,
3360,58,filterLoc,,
3360,61,filterLoc,,
3360,64,filterLoc,,
3360,67,filterLoc,,
3360,70,filterLoc,,
3360,73,filterLoc,,
3360,76,filterLoc,,
3360,79,filterLoc,,
3360,82,filterLoc,,
3360,85,filterLoc,,
3360,88,filterLoc,,
3360,91,filterLoc,,
3360,94,filterLoc,,
3360,97,filterLoc,,
3360,100,filterLoc,,
3360,103,filterLoc,,
3360,107,filterES,out,Helicopter 3 is evacuating people3
3360,107,filterES,,
3360,108,helicopter,,Helicopter;3;is loading people at the evacuation site;;and has;0;spots taken
3360,110,filterLoc,,
3360,113,filterLoc,,
3360,116,filterLoc,,
3360,119,filterLoc,,
3360,122,filterLoc,,
3360,125,filterLoc,,
3360,128,filterLoc,,
3360,131,filterLoc,,
3360,134,filterLoc,,
3360,137,filterLoc,,
3360,140,filterLoc,,
3360,143,filterLoc,,
3360,146,filterLoc,,
3360,149,filterLoc,,
3360,152,filterLoc,,
3360,155,filterLoc,,
3360,158,filterLoc,,
3360,161,filterLoc,,
3360,164,filterLoc,,
3360,167,filterLoc,,
3360,170,filterLoc,,
3360,173,filterLoc,,
3360,176,filterLoc,,
3360,179,filterLoc,,
3360,182,filterLoc,,
3360,185,filterLoc,,
3360,188,filterLoc,,
3360,191,filterLoc,,
3360,194,filterLoc,,
3360,197,filterLoc,,
3360,200,filterLoc,,
3360,203,filterLoc,,
3360,206,filterLoc,,
3360,209,filterLoc,,
3360,212,filterLoc,,
3360,215,filterLoc,,
3360,218,filterLoc,,
3360,221,filterLoc,,
3360,224,filterLoc,,
3360,228,filterLoc,,
3360,231,filterLoc,,
3360,234,filterLoc,,
3360,237,filterLoc,,
3360,240,filterLoc,,
3360,243,filterLoc,,
3360,246,filterLoc,,
3360,249,filterLoc,,
3360,252,filterLoc,,
3360,255,filterLoc,,
3360,258,filterLoc,,
3360,261,filterLoc,,
3360,264,filterLoc,,
3360,267,filterLoc,,
3360,270,filterLoc,,
3360,273,filterLoc,,
3360,276,filterLoc,,
3360,279,filterLoc,,
3360,282,filterLoc,,
3360,285,filterLoc,,
3360,288,filterLoc,,
3360,291,filterLoc,,
3360,294,filterLoc,,
3360,297,filterLoc,,
3360,300,filterLoc,,
3360,303,filterLoc,,
3360,306,filterLoc,,
3360,309,filterLoc,,
3360,312,filterLoc,,
3360,315,filterLoc,,
3360,318,filterLoc,,
3360,321,filterLoc,,
3360,324,filterLoc,,
3360,327,filterLoc,,
3360,330,filterLoc,,
3360,333,filterLoc,,
3360,336,filterLoc,,
3360,339,filterLoc,,
3360,342,filterLoc,,
3360,345,filterLoc,,
3360,348,filterLoc,,
3360,351,filterLoc,,
3360,354,filterLoc,,
3360,357,filterLoc,,
3360,360,filterLoc,,
3360,363,filterLoc,,
3360,366,filterLoc,,
3360,369,filterLoc,,
3360,372,filterLoc,,
3360,375,filterLoc,,
3360,378,filterLoc,,
3360,381,filterLoc,,
3360,384,filterLoc,,
3360,387,filterLoc,,
3360,390,filterLoc,,
3360,393,filterLoc,,
3360,396,filterLoc,,
3360,399,filterLoc,,
3360,402,filterLoc,,
3360,405,filterLoc,,
3360,408,filterLoc,,
3360,411,filterLoc,,
3360,414,filterLoc,,
3360,417,filterLoc,,
3360,420,filterLoc,,
3360,423,filterLoc,,
3360,426,filterLoc,,
3360,429,filterLoc,,
3360,432,filterLoc,,
3360,435,filterLoc,,
3360,438,filterLoc,,
3360,441,filterLoc,,
3360,444,filterLoc,,
3360,447,filterLoc,,
3360,450,filterLoc,,
3360,453,filterLoc,,
3360,456,filterLoc,,
3360,459,filterLoc,,
3360,462,filterLoc,,
3360,465,filterLoc,,
3360,468,filterLoc,,
3360,471,filterLoc,,
3360,474,filterLoc,,
3360,477,filterLoc,,
3360,480,filterLoc,,
3360,483,filterLoc,,
3360,486,filterLoc,,
3360,489,filterLoc,,
3360,492,filterLoc,,
3360,495,filterLoc,,
3360,498,filterLoc,,
3360,501,filterLoc,,
3360,504,filterLoc,,
3360,507,filterLoc,,
3360,510,filterLoc,,
3360,513,filterLoc,,
3360,516,filterLoc,,
3360,519,filterLoc,,
3360,522,filterLoc,,
3360,525,filterLoc,,
3360,528,filterLoc,,
3360,531,filterLoc,,
3360,534,filterLoc,,
3360,537,filterLoc,,
3360,540,filterLoc,,
3360,543,filterLoc,,
3360,546,filterLoc,,
3360,549,filterLoc,,
3360,552,filterLoc,,
3360,555,filterLoc,,
3360,558,filterLoc,,
3360,561,filterLoc,,
3360,564,filterLoc,,
3360,567,filterLoc,,
3360,570,filterLoc,,
3360,573,filterLoc,,
3360,576,filterLoc,,
3360,579,filterLoc,,
3360,582,filterLoc,,
3360,585,filterLoc,,
3360,588,filterLoc,,
3360,591,filterLoc,,
3360,594,filterLoc,,
3360,597,filterLoc,,
3360,600,filterLoc,,
3360,603,filterLoc,,
3360,606,filterLoc,,
3360,609,filterLoc,,
3360,612,filterLoc,,
3360,615,filterLoc,,
3360,618,filterLoc,,
3360,621,filterLoc,,
3360,624,filterLoc,,
3360,627,filterLoc,,
3360,630,filterLoc,,
3360,633,filterLoc,,
3360,636,filterLoc,,
3360,639,filterLoc,,
3360,642,filterLoc,,
3360,645,filterLoc,,
3360,648,filterLoc,,
3360,651,filterLoc,,
3360,654,filterLoc,,
3360,657,filterLoc,,
3360,660,filterLoc,,
3360,663,filterLoc,,
3360,666,filterLoc,,;Evacuee;77;in triage category;R;is entering helicopter;3
3360,669,filterLoc,,
3360,672,filterLoc,,
3360,675,filterLoc,,
3360,678,filterLoc,,
3360,681,filterLoc,,
3360,684,filterLoc,,;Evacuee;76;in triage category;R;is entering helicopter;3
3360,687,filterLoc,,
3360,690,filterLoc,,
3360,693,filterLoc,,
3360,696,filterLoc,,
3360,699,filterLoc,,
3360,702,filterLoc,,
3360,705,filterLoc,,
3360,708,filterLoc,,
3360,711,filterLoc,,
3360,714,filterLoc,,
3360,717,filterLoc,,
3360,720,filterLoc,,
3360,723,filterLoc,,
3360,726,filterLoc,,
3360,729,filterLoc,,
3360,732,filterLoc,,
3360,735,filterLoc,,
3360,738,filterLoc,,
3360,741,filterLoc,,
3360,744,filterLoc,,
3360,747,filterLoc,,
3360,750,filterLoc,,
3360,753,filterLoc,,
3360,756,filterLoc,,
3360,759,filterLoc,,
3360,762,filterLoc,,
3360,765,filterLoc,,
3360,768,filterLoc,,
3360,771,filterLoc,,
3360,774,filterLoc,,
3360,777,filterLoc,,
3360,780,filterLoc,,
3360,783,filterLoc,,
3360,786,filterLoc,,
3360,789,filterLoc,,
3360,792,filterLoc,,
3360,795,filterLoc,,
3360,798,filterLoc,,
3360,801,filterLoc,,
3360,804,filterLoc,,
3360,807,filterLoc,,
3360,810,filterLoc,,
3360,813,filterLoc,,
3360,816,filterLoc,,
3360,819,filterLoc,,
3360,822,filterLoc,,
3360,825,filterLoc,,
3360,828,filterLoc,,
3360,831,filterLoc,,
3360,834,filterLoc,,
3360,837,filterLoc,,
3360,840,filterLoc,,
3360,843,filterLoc,,
3360,846,filterLoc,,
3360,849,filterLoc,,
3360,852,filterLoc,,
3360,855,filterLoc,,
3360,858,filterLoc,,
3360,861,filterLoc,,
3360,864,filterLoc,,
3360,867,filterLoc,,
3360,870,filterLoc,,
3360,873,filterLoc,,
3360,876,filterLoc,,
3360,879,filterLoc,,
3360,882,filterLoc,,
3360,885,filterLoc,,
3360,888,filterLoc,,
3360,891,filterLoc,,
3360,894,filterLoc,,
3360,897,filterLoc,,
3360,900,filterLoc,,
3360,903,filterLoc,,
3360,906,filterLoc,,
3360,909,filterLoc,,
3360,912,filterLoc,,
3360,915,filterLoc,,
3360,918,filterLoc,,
3360,921,filterLoc,,
3360,924,filterLoc,,
3360,927,filterLoc,,
3360,930,filterLoc,,
3360,933,filterLoc,,
3360,936,filterLoc,,
3360,939,filterLoc,,
3360,942,filterLoc,,
3360,945,filterLoc,,
3360,948,filterLoc,,
3360,951,filterLoc,,
3360,954,filterLoc,,
3360,957,filterLoc,,
3360,960,filterLoc,,
3360,963,filterLoc,,
3360,966,filterLoc,,
3360,969,filterLoc,,
3360,972,filterLoc,,
3360,975,filterLoc,,;Evacuee;75;in triage category;R;is entering helicopter;3
3360,978,filterLoc,,
3360,981,filterLoc,,
3360,984,filterLoc,,
3360,987,filterLoc,,
3360,990,filterLoc,,
3360,993,filterLoc,,
3360,996,filterLoc,,
3360,999,filterLoc,,
3360,1002,filterLoc,,
3360,1005,filterLoc,,
3360,1008,filterLoc,,
3360,1011,filterLoc,,
3360,1014,filterLoc,,
3360,1017,filterLoc,,
3360,1020,filterLoc,,
3360,1023,filterLoc,,
3360,1026,filterLoc,,
3360,1029,filterLoc,,
3360,1032,filterLoc,,
3360,1035,filterLoc,,
3360,1038,filterLoc,,
3360,1041,filterLoc,,
3360,1044,filterLoc,,
3360,1047,filterLoc,,
3360,1050,filterLoc,,
3360,1053,filterLoc,,
3360,1056,filterLoc,,
3360,1059,filterLoc,,
3360,1062,filterLoc,,
3360,1065,filterLoc,,
3360,1068,filterLoc,,
3360,1071,filterLoc,,
3360,1074,filterLoc,,
3360,1077,filterLoc,,
3360,1080,filterLoc,,
3360,1083,filterLoc,,
3360,1086,filterLoc,,
3360,1089,filterLoc,,
3360,1092,filterLoc,,
3360,1095,filterLoc,,
3360,1098,filterLoc,,
3360,1101,filterLoc,,
3360,1104,filterLoc,,
3360,1107,filterLoc,,
3360,1110,filterLoc,,
3360,1113,filterLoc,,
3360,1116,filterLoc,,
3360,1119,filterLoc,,
3360,1122,filterLoc,,
3360,1125,filterLoc,,
3360,1132,filterLoc,,
3360,1135,filterLoc,,
3360,1138,filterLoc,,
3360,1141,filterLoc,,
3360,1144,filterLoc,,
3360,1147,filterLoc,,
3360,1150,filterLoc,,
3360,1153,filterLoc,,
3360,1156,filterLoc,,
3360,1159,filterLoc,,
3360,1162,filterLoc,,
3360,1165,filterLoc,,
3360,1172,filterLoc,,
3360,1175,filterLoc,,
3360,1178,filterLoc,,
3360,1181,filterLoc,,
3360,1184,filterLoc,,
3360,1187,filterLoc,,
3360,1190,filterLoc,,
3360,1193,filterLoc,,
3360,1196,filterLoc,,
3360,1199,filterLoc,,
3360,1202,filterLoc,,
3360,1205,filterLoc,,
3360,1208,filterLoc,,
3360,1211,filterLoc,,
3360,1214,filterLoc,,
3360,1217,filterLoc,,
3360,1220,filterLoc,,
3360,1223,filterLoc,,
3360,1226,filterLoc,,
3360,1229,filterLoc,,
3360,1232,filterLoc,,
3360,1235,filterLoc,,
3360,1238,filterLoc,,
3360,1241,filterLoc,,
3360,1244,filterLoc,,
3360,1247,filterLoc,,
3360,1250,filterLoc,,
3360,1253,filterLoc,,
3360,1256,filterLoc,,
3360,1259,filterLoc,,
3360,1262,filterLoc,,
3360,1265,filterLoc,,
3360,1268,filterLoc,,
3360,1271,filterLoc,,
3360,1274,filterLoc,,
3360,1277,filterLoc,,
3360,1280,filterLoc,,
3360,1283,filterLoc,,
3360,1286,filterLoc,,
3360,1289,filterLoc,,
3360,1292,filterLoc,,
3360,1295,filterLoc,,
3360,1298,filterLoc,,
3360,1301,filterLoc,,
3360,1304,filterLoc,,
3360,1307,filterLoc,,
3360,1310,filterLoc,,
3360,1313,filterLoc,,
3360,1316,filterLoc,,
3360,1319,filterLoc,,
3360,1322,filterLoc,,
3360,1325,filterLoc,,
3360,1328,filterLoc,,
3360,1331,filterLoc,,
3360,1334,filterLoc,,
3360,1337,filterLoc,,
3360,1340,filterLoc,,
3360,1343,filterLoc,,
3360,1346,filterLoc,,
3360,1349,filterLoc,,
3360,1352,filterLoc,,
3360,1355,filterLoc,,
3360,1358,filterLoc,,
3360,1361,filterLoc,,
3360,1364,filterLoc,,
3360,1367,filterLoc,,
3360,1370,filterLoc,,
3360,1373,filterLoc,,
3360,1376,filterLoc,,
3360,1379,filterLoc,,
3360,1382,filterLoc,,
3360,1385,filterLoc,,
3360,1388,filterLoc,,
3360,1391,filterLoc,,
3360,1394,filterLoc,,
3360,1397,filterLoc,,
3360,1400,filterLoc,,
3360,1403,filterLoc,,
3360,1406,filterLoc,,
3360,1409,filterLoc,,
3360,1412,filterLoc,,
3360,1415,filterLoc,,
3360,1418,filterLoc,,
3360,1421,filterLoc,,
3360,1424,filterLoc,,
3360,1427,filterLoc,,
3360,1430,filterLoc,,
3360,1433,filterLoc,,
3360,1436,filterLoc,,
3360,1439,filterLoc,,
3360,1442,filterLoc,,
3360,1445,filterLoc,,
3360,1448,filterLoc,,
3360,1451,filterLoc,,
3360,1454,filterLoc,,
3360,1457,filterLoc,,
3360,1460,filterLoc,,
3360,1463,filterLoc,,
3360,1466,filterLoc,,
3360,1469,filterLoc,,
3360,1472,filterLoc,,
3360,1475,filterLoc,,
3360,1478,filterLoc,,
3360,1481,filterLoc,,
3360,1484,filterLoc,,
3360,1487,filterLoc,,
3360,1490,filterLoc,,
3360,1493,filterLoc,,
3360,1496,filterLoc,,
3360,1499,filterLoc,,
3360,1502,filterLoc,,
3360,1505,filterLoc,,
3360,1508,filterLoc,,
3360,1511,filterLoc,,
3360,1514,filterLoc,,
3360,1517,filterLoc,,
3360,5,helicopterQueue,,;No helos are waiting to land
3360,108,helicopter,,Helicopter;3;is returning to the FOL;;and has;0;spots taken
3360,666,filterLoc,out,Evacuee 77 in triage category R is assigned helicopter 3
3360,666,filterLoc,,
3360,667,evacuee,,Evacuee;77;in triage state;R;is entering helicopter;3
3360,684,filterLoc,out,Evacuee 76 in triage category R is assigned helicopter 3
3360,684,filterLoc,,
3360,685,evacuee,,Evacuee;76;in triage state;R;is entering helicopter;3
3360,975,filterLoc,out,Evacuee 75 in triage category R is assigned helicopter 3
3360,975,filterLoc,,
3360,976,evacuee,,Evacuee;75;in triage state;R;is entering helicopter;3
3360,106,filterEvac,,;Evacuee;75;in triage category;R;is entering helicopter;3;Evacuee;76;in triage category;R;is entering helicopter;3;Evacuee;77;in triage category;R;is entering helicopter;3
3360,667,evacuee,outHelo,Evacuee 77 in triage category R is assigned helicopter 3
3360,667,evacuee,,Evacuee;77;in triage state;R;is in helicopter;3
3360,685,evacuee,outHelo,Evacuee 76 in triage category R is assigned helicopter 3
3360,685,evacuee,,Evacuee;76;in triage state;R;is in helicopter;3
3360,976,evacuee,outHelo,Evacuee 75 in triage category R is assigned helicopter 3
3360,976,evacuee,,Evacuee;75;in triage state;R;is in helicopter;3
3360,1128,filterEvac,,
3360,1168,filterEvac,,
3360,106,filterEvac,out,Evacuee 75 in triage category R is assigned helicopter 3
3360,106,filterEvac,out,Evacuee 76 in triage category R is assigned helicopter 3
3360,106,filterEvac,out,Evacuee 77 in triage category R is assigned helicopter 3
3360,106,filterEvac,,
3360,108,helicopter,,Helicopter;3;is returning to the FOL;;and has;9;spots taken
3375,7,filterLoc,,
3375,10,filterLoc,,
3375,13,filterLoc,,
3375,16,filterLoc,,
3375,19,filterLoc,,
3375,22,filterLoc,,
3375,25,filterLoc,,
3375,28,filterLoc,,
3375,31,filterLoc,,
3375,34,filterLoc,,
3375,37,filterLoc,,
3375,40,filterLoc,,
3375,43,filterLoc,,
3375,46,filterLoc,,
3375,49,filterLoc,,
3375,52,filterLoc,,
3375,55,filterLoc,,
3375,58,filterLoc,,
3375,61,filterLoc,,
3375,64,filterLoc,,
3375,67,filterLoc,,
3375,70,filterLoc,,
3375,73,filterLoc,,
3375,76,filterLoc,,
3375,79,filterLoc,,
3375,82,filterLoc,,
3375,85,filterLoc,,
3375,88,filterLoc,,
3375,91,filterLoc,,
3375,94,filterLoc,,
3375,97,filterLoc,,
3375,100,filterLoc,,
3375,103,filterLoc,,
3375,110,filterLoc,,
3375,113,filterLoc,,
3375,116,filterLoc,,
3375,119,filterLoc,,
3375,122,filterLoc,,
3375,125,filterLoc,,
3375,128,filterLoc,,
3375,131,filterLoc,,
3375,134,filterLoc,,
3375,137,filterLoc,,
3375,140,filterLoc,,
3375,143,filterLoc,,
3375,146,filterLoc,,
3375,149,filterLoc,,
3375,152,filterLoc,,
3375,155,filterLoc,,
3375,158,filterLoc,,
3375,161,filterLoc,,
3375,164,filterLoc,,
3375,167,filterLoc,,
3375,170,filterLoc,,
3375,173,filterLoc,,
3375,176,filterLoc,,
3375,179,filterLoc,,
3375,182,filterLoc,,
3375,185,filterLoc,,
3375,188,filterLoc,,
3375,191,filterLoc,,
3375,194,filterLoc,,
3375,197,filterLoc,,
3375,200,filterLoc,,
3375,203,filterLoc,,
3375,206,filterLoc,,
3375,209,filterLoc,,
3375,212,filterLoc,,
3375,215,filterLoc,,
3375,218,filterLoc,,
3375,221,filterLoc,,
3375,224,filterLoc,,
3375,228,filterLoc,,
3375,231,filterLoc,,
3375,234,filterLoc,,
3375,237,filterLoc,,
3375,240,filterLoc,,
3375,243,filterLoc,,
3375,246,filterLoc,,
3375,249,filterLoc,,
3375,252,filterLoc,,
3375,255,filterLoc,,
3375,258,filterLoc,,
3375,261,filterLoc,,
3375,264,filterLoc,,
3375,267,filterLoc,,
3375,270,filterLoc,,
3375,273,filterLoc,,
3375,276,filterLoc,,
3375,279,filterLoc,,
3375,282,filterLoc,,
3375,285,filterLoc,,
3375,288,filterLoc,,
3375,291,filterLoc,,
3375,294,filterLoc,,
3375,297,filterLoc,,
3375,300,filterLoc,,
3375,303,filterLoc,,
3375,306,filterLoc,,
3375,309,filterLoc,,
3375,312,filterLoc,,
3375,315,filterLoc,,
3375,318,filterLoc,,
3375,321,filterLoc,,
3375,324,filterLoc,,
3375,327,filterLoc,,
3375,330,filterLoc,,
3375,333,filterLoc,,
3375,336,filterLoc,,
3375,339,filterLoc,,
3375,342,filterLoc,,
3375,345,filterLoc,,
3375,348,filterLoc,,
3375,351,filterLoc,,
3375,354,filterLoc,,
3375,357,filterLoc,,
3375,360,filterLoc,,
3375,363,filterLoc,,
3375,366,filterLoc,,
3375,369,filterLoc,,
3375,372,filterLoc,,
3375,375,filterLoc,,
3375,378,filterLoc,,
3375,381,filterLoc,,
3375,384,filterLoc,,
3375,387,filterLoc,,
3375,390,filterLoc,,
3375,393,filterLoc,,
3375,396,filterLoc,,
3375,399,filterLoc,,
3375,402,filterLoc,,
3375,405,filterLoc,,
3375,408,filterLoc,,
3375,411,filterLoc,,
3375,414,filterLoc,,
3375,417,filterLoc,,
3375,420,filterLoc,,
3375,423,filterLoc,,
3375,426,filterLoc,,
3375,429,filterLoc,,
3375,432,filterLoc,,
3375,435,filterLoc,,
3375,438,filterLoc,,
3375,441,filterLoc,,
3375,444,filterLoc,,
3375,447,filterLoc,,
3375,450,filterLoc,,
3375,453,filterLoc,,
3375,456,filterLoc,,
3375,459,filterLoc,,
3375,462,filterLoc,,
3375,465,filterLoc,,
3375,468,filterLoc,,
3375,471,filterLoc,,
3375,474,filterLoc,,
3375,477,filterLoc,,
3375,480,filterLoc,,
3375,483,filterLoc,,
3375,486,filterLoc,,
3375,489,filterLoc,,
3375,492,filterLoc,,
3375,495,filterLoc,,
3375,498,filterLoc,,
3375,501,filterLoc,,
3375,504,filterLoc,,
3375,507,filterLoc,,
3375,510,filterLoc,,
3375,513,filterLoc,,
3375,516,filterLoc,,
3375,519,filterLoc,,
3375,522,filterLoc,,
3375,525,filterLoc,,
3375,528,filterLoc,,
3375,531,filterLoc,,
3375,534,filterLoc,,
3375,537,filterLoc,,
3375,540,filterLoc,,
3375,543,filterLoc,,
3375,546,filterLoc,,
3375,549,filterLoc,,
3375,552,filterLoc,,
3375,555,filterLoc,,
3375,558,filterLoc,,
3375,561,filterLoc,,
3375,564,filterLoc,,
3375,567,filterLoc,,
3375,570,filterLoc,,
3375,573,filterLoc,,
3375,576,filterLoc,,
3375,579,filterLoc,,
3375,582,filterLoc,,
3375,585,filterLoc,,
3375,588,filterLoc,,
3375,591,filterLoc,,
3375,594,filterLoc,,
3375,597,filterLoc,,
3375,600,filterLoc,,
3375,603,filterLoc,,
3375,606,filterLoc,,
3375,609,filterLoc,,
3375,612,filterLoc,,
3375,615,filterLoc,,
3375,618,filterLoc,,
3375,621,filterLoc,,
3375,624,filterLoc,,
3375,627,filterLoc,,
3375,630,filterLoc,,
3375,633,filterLoc,,
3375,636,filterLoc,,
3375,639,filterLoc,,
3375,642,filterLoc,,
3375,645,filterLoc,,
3375,648,filterLoc,,
3375,651,filterLoc,,
3375,654,filterLoc,,
3375,657,filterLoc,,
3375,660,filterLoc,,
3375,663,filterLoc,,
3375,666,filterLoc,,
3375,669,filterLoc,,
3375,672,filterLoc,,
3375,675,filterLoc,,
3375,678,filterLoc,,
3375,681,filterLoc,,
3375,684,filterLoc,,
3375,687,filterLoc,,
3375,690,filterLoc,,;Evacuee;74;in triage category;Y;is leaving helicopter;2
3375,693,filterLoc,,
3375,696,filterLoc,,
3375,699,filterLoc,,
3375,702,filterLoc,,
3375,705,filterLoc,,
3375,708,filterLoc,,
3375,711,filterLoc,,
3375,714,filterLoc,,
3375,717,filterLoc,,
3375,720,filterLoc,,
3375,723,filterLoc,,
3375,726,filterLoc,,
3375,729,filterLoc,,
3375,732,filterLoc,,
3375,735,filterLoc,,
3375,738,filterLoc,,
3375,741,filterLoc,,
3375,744,filterLoc,,
3375,747,filterLoc,,
3375,750,filterLoc,,
3375,753,filterLoc,,
3375,756,filterLoc,,
3375,759,filterLoc,,
3375,762,filterLoc,,
3375,765,filterLoc,,
3375,768,filterLoc,,
3375,771,filterLoc,,
3375,774,filterLoc,,
3375,777,filterLoc,,
3375,780,filterLoc,,
3375,783,filterLoc,,
3375,786,filterLoc,,
3375,789,filterLoc,,
3375,792,filterLoc,,
3375,795,filterLoc,,
3375,798,filterLoc,,
3375,801,filterLoc,,
3375,804,filterLoc,,
3375,807,filterLoc,,
3375,810,filterLoc,,
3375,813,filterLoc,,
3375,816,filterLoc,,
3375,819,filterLoc,,
3375,822,filterLoc,,
3375,825,filterLoc,,
3375,828,filterLoc,,
3375,831,filterLoc,,
3375,834,filterLoc,,
3375,837,filterLoc,,
3375,840,filterLoc,,
3375,843,filterLoc,,
3375,846,filterLoc,,
3375,849,filterLoc,,
3375,852,filterLoc,,
3375,855,filterLoc,,
3375,858,filterLoc,,
3375,861,filterLoc,,
3375,864,filterLoc,,
3375,867,filterLoc,,
3375,870,filterLoc,,
3375,873,filterLoc,,
3375,876,filterLoc,,
3375,879,filterLoc,,
3375,882,filterLoc,,
3375,885,filterLoc,,
3375,888,filterLoc,,
3375,891,filterLoc,,
3375,894,filterLoc,,
3375,897,filterLoc,,
3375,900,filterLoc,,
3375,903,filterLoc,,
3375,906,filterLoc,,
3375,909,filterLoc,,
3375,912,filterLoc,,
3375,915,filterLoc,,
3375,918,filterLoc,,
3375,921,filterLoc,,
3375,924,filterLoc,,
3375,927,filterLoc,,
3375,930,filterLoc,,
3375,933,filterLoc,,
3375,936,filterLoc,,
3375,939,filterLoc,,
3375,942,filterLoc,,
3375,945,filterLoc,,
3375,948,filterLoc,,
3375,951,filterLoc,,
3375,954,filterLoc,,
3375,957,filterLoc,,
3375,960,filterLoc,,
3375,963,filterLoc,,
3375,966,filterLoc,,
3375,969,filterLoc,,
3375,972,filterLoc,,
3375,975,filterLoc,,
3375,978,filterLoc,,
3375,981,filterLoc,,
3375,984,filterLoc,,
3375,987,filterLoc,,
3375,990,filterLoc,,
3375,993,filterLoc,,
3375,996,filterLoc,,
3375,999,filterLoc,,
3375,1002,filterLoc,,
3375,1005,filterLoc,,
3375,1008,filterLoc,,
3375,1011,filterLoc,,
3375,1014,filterLoc,,
3375,1017,filterLoc,,
3375,1020,filterLoc,,
3375,1023,filterLoc,,;Evacuee;72;in triage category;Y;is leaving helicopter;2
3375,1026,filterLoc,,
3375,1029,filterLoc,,
3375,1032,filterLoc,,
3375,1035,filterLoc,,
3375,1038,filterLoc,,
3375,1041,filterLoc,,
3375,1044,filterLoc,,
3375,1047,filterLoc,,
3375,1050,filterLoc,,
3375,1053,filterLoc,,
3375,1056,filterLoc,,
3375,1059,filterLoc,,
3375,1062,filterLoc,,
3375,1065,filterLoc,,
3375,1068,filterLoc,,
3375,1071,filterLoc,,
3375,1074,filterLoc,,
3375,1077,filterLoc,,
3375,1080,filterLoc,,
3375,1083,filterLoc,,
3375,1086,filterLoc,,
3375,1089,filterLoc,,
3375,1092,filterLoc,,
3375,1095,filterLoc,,
3375,1098,filterLoc,,
3375,1101,filterLoc,,
3375,1104,filterLoc,,
3375,1107,filterLoc,,
3375,1110,filterLoc,,
3375,1113,filterLoc,,
3375,1116,filterLoc,,
3375,1119,filterLoc,,
3375,1122,filterLoc,,
3375,1125,filterLoc,,
3375,1130,helicopter,outEvac,Evacuee 72 in triage category Y is not assigned a helicopter
3375,1130,helicopter,outEvac,Evacuee 73 in triage category Y is not assigned a helicopter
3375,1130,helicopter,outEvac,Evacuee 74 in triage category Y is not assigned a helicopter
3375,1130,helicopter,,Helicopter;2;is unloading people at the FOL;;and has;0;spots taken
3375,1132,filterLoc,,
3375,1135,filterLoc,,
3375,1138,filterLoc,,
3375,1141,filterLoc,,
3375,1144,filterLoc,,
3375,1147,filterLoc,,
3375,1150,filterLoc,,
3375,1153,filterLoc,,
3375,1156,filterLoc,,
3375,1159,filterLoc,,
3375,1162,filterLoc,,
3375,1165,filterLoc,,
3375,1172,filterLoc,,
3375,1175,filterLoc,,
3375,1178,filterLoc,,
3375,1181,filterLoc,,
3375,1184,filterLoc,,
3375,1187,filterLoc,,
3375,1190,filterLoc,,
3375,1193,filterLoc,,
3375,1196,filterLoc,,
3375,1199,filterLoc,,
3375,1202,filterLoc,,
3375,1205,filterLoc,,
3375,1208,filterLoc,,
3375,1211,filterLoc,,
3375,1214,filterLoc,,
3375,1217,filterLoc,,
3375,1220,filterLoc,,
3375,1223,filterLoc,,
3375,1226,filterLoc,,
3375,1229,filterLoc,,
3375,1232,filterLoc,,
3375,1235,filterLoc,,
3375,1238,filterLoc,,
3375,1241,filterLoc,,
3375,1244,filterLoc,,
3375,1247,filterLoc,,
3375,1250,filterLoc,,
3375,1253,filterLoc,,
3375,1256,filterLoc,,
3375,1259,filterLoc,,
3375,1262,filterLoc,,
3375,1265,filterLoc,,
3375,1268,filterLoc,,
3375,1271,filterLoc,,
3375,1274,filterLoc,,
3375,1277,filterLoc,,
3375,1280,filterLoc,,
3375,1283,filterLoc,,
3375,1286,filterLoc,,
3375,1289,filterLoc,,
3375,1292,filterLoc,,
3375,1295,filterLoc,,
3375,1298,filterLoc,,
3375,1301,filterLoc,,
3375,1304,filterLoc,,
3375,1307,filterLoc,,
3375,1310,filterLoc,,
3375,1313,filterLoc,,
3375,1316,filterLoc,,
3375,1319,filterLoc,,
3375,1322,filterLoc,,
3375,1325,filterLoc,,
3375,1328,filterLoc,,
3375,1331,filterLoc,,
3375,1334,filterLoc,,
3375,1337,filterLoc,,
3375,1340,filterLoc,,
3375,1343,filterLoc,,
3375,1346,filterLoc,,
3375,1349,filterLoc,,
3375,1352,filterLoc,,
3375,1355,filterLoc,,
3375,1358,filterLoc,,
3375,1361,filterLoc,,
3375,1364,filterLoc,,
3375,1367,filterLoc,,
3375,1370,filterLoc,,
3375,1373,filterLoc,,
3375,1376,filterLoc,,
3375,1379,filterLoc,,
3375,1382,filterLoc,,
3375,1385,filterLoc,,
3375,1388,filterLoc,,
3375,1391,filterLoc,,
3375,1394,filterLoc,,
3375,1397,filterLoc,,
3375,1400,filterLoc,,
3375,1403,filterLoc,,
3375,1406,filterLoc,,
3375,1409,filterLoc,,
3375,1412,filterLoc,,
3375,1415,filterLoc,,
3375,1418,filterLoc,,
3375,1421,filterLoc,,
3375,1424,filterLoc,,
3375,1427,filterLoc,,
3375,1430,filterLoc,,
3375,1433,filterLoc,,
3375,1436,filterLoc,,
3375,1439,filterLoc,,
3375,1442,filterLoc,,
3375,1445,filterLoc,,
3375,1448,filterLoc,,
3375,1451,filterLoc,,
3375,1454,filterLoc,,
3375,1457,filterLoc,,
3375,1460,filterLoc,,
3375,1463,filterLoc,,
3375,1466,filterLoc,,;Evacuee;73;in triage category;Y;is leaving helicopter;2
3375,1469,filterLoc,,
3375,1472,filterLoc,,
3375,1475,filterLoc,,
3375,1478,filterLoc,,
3375,1481,filterLoc,,
3375,1484,filterLoc,,
3375,1487,filterLoc,,
3375,1490,filterLoc,,
3375,1493,filterLoc,,
3375,1496,filterLoc,,
3375,1499,filterLoc,,
3375,1502,filterLoc,,
3375,1505,filterLoc,,
3375,1508,filterLoc,,
3375,1511,filterLoc,,
3375,1514,filterLoc,,
3375,1517,filterLoc,,
3375,690,filterLoc,out,Evacuee 74 in triage category Y is not assigned a helicopter
3375,690,filterLoc,,
3375,691,evacuee,,Evacuee;74;in triage state;Y;is entering the FOL
3375,1023,filterLoc,out,Evacuee 72 in triage category Y is not assigned a helicopter
3375,1023,filterLoc,,
3375,1024,evacuee,,Evacuee;72;in triage state;Y;is entering the FOL
3375,1466,filterLoc,out,Evacuee 73 in triage category Y is not assigned a helicopter
3375,1466,filterLoc,,
3375,1467,evacuee,,Evacuee;73;in triage state;Y;is entering the FOL
3375,226,FOL,,;EvacueeID;51;Triage Status;Y;EvacueeID;52;Triage Status;Y;EvacueeID;53;Triage Status;Y;EvacueeID;1;Triage Status;W;EvacueeID;2;Triage Status;W;EvacueeID;3;Triage Status;W;EvacueeID;4;Triage Status;W;EvacueeID;5;Triage Status;W;EvacueeID;6;Triage Status;W;EvacueeID;7;Triage Status;W;EvacueeID;8;Triage Status;W;EvacueeID;9;Triage Status;W;EvacueeID;10;Triage Status;W;EvacueeID;57;Triage Status;Y;EvacueeID;58;Triage Status;Y;EvacueeID;59;Triage Status;Y;EvacueeID;60;Triage Status;Y;EvacueeID;61;Triage Status;Y;EvacueeID;62;Triage Status;Y;EvacueeID;63;Triage Status;Y;EvacueeID;64;Triage Status;Y;EvacueeID;65;Triage Status;Y;EvacueeID;66;Triage Status;Y;EvacueeID;67;Triage Status;Y;EvacueeID;68;Triage Status;Y;EvacueeID;69;Triage Status;Y;EvacueeID;70;Triage Status;Y;EvacueeID;71;Triage Status;Y;EvacueeID;72;Triage Status;Y;EvacueeID;73;Triage Status;Y;EvacueeID;74;Triage Status;Y;Lives Saved;31
3375,691,evacuee,outFOL,Evacuee 74 in triage category Y is not assigned a helicopter
3375,691,evacuee,,Evacuee;74;in triage state;Y;is at the FOL
3375,1024,evacuee,outFOL,Evacuee 72 in triage category Y is not assigned a helicopter
3375,1024,evacuee,,Evacuee;72;in triage state;Y;is at the FOL
3375,1467,evacuee,outFOL,Evacuee 73 in triage category Y is not assigned a helicopter
3375,1467,evacuee,,Evacuee;73;in triage state;Y;is at the FOL
3375,226,FOL,,;EvacueeID;51;Triage Status;Y;EvacueeID;52;Triage Status;Y;EvacueeID;53;Triage Status;Y;EvacueeID;1;Triage Status;W;EvacueeID;2;Triage Status;W;EvacueeID;3;Triage Status;W;EvacueeID;4;Triage Status;W;EvacueeID;5;Triage Status;W;EvacueeID;6;Triage Status;W;EvacueeID;7;Triage Status;W;EvacueeID;8;Triage Status;W;EvacueeID;9;Triage Status;W;EvacueeID;10;Triage Status;W;EvacueeID;57;Triage Status;Y;EvacueeID;58;Triage Status;Y;EvacueeID;59;Triage Status;Y;EvacueeID;60;Triage Status;Y;EvacueeID;61;Triage Status;Y;EvacueeID;62;Triage Status;Y;EvacueeID;63;Triage Status;Y;EvacueeID;64;Triage Status;Y;EvacueeID;65;Triage Status;Y;EvacueeID;66;Triage Status;Y;EvacueeID;67;Triage Status;Y;EvacueeID;68;Triage Status;Y;EvacueeID;69;Triage Status;Y;EvacueeID;70;Triage Status;Y;EvacueeID;71;Triage Status;Y;EvacueeID;72;Triage Status;Y;EvacueeID;73;Triage Status;Y;EvacueeID;74;Triage Status;Y;Lives Saved;31
3390,1130,helicopter,,Helicopter;2;Is going to the evacuation site;;and has;0;spots taken
3405,5,helicopterQueue,,1;Helos are waiting to land;HeloID;1
3405,1170,helicopter,outES,Helicopter 1 is evacuating people1
3405,1170,helicopter,,Helicopter;1;is waiting to land at the evacuation site;;and has;0;spots taken
3405,4,helipadManager,,Helo;1;is at the ES
3405,5,helicopterQueue,outHM,Helicopter 1 is evacuating people1
3405,5,helicopterQueue,outHelo,Helicopter 1 is evacuating people1
3405,5,helicopterQueue,,;No helos are waiting to land
3405,107,filterES,,
3405,1129,filterES,,
3405,1169,filterES,,Helicopter;1;is evacuating people
3405,1169,filterES,out,Helicopter 1 is evacuating people1
3405,1169,filterES,,
3405,1170,helicopter,,Helicopter;1;is waiting to land at the evacuation site;;and has;0;spots taken
3405,1170,helicopter,,Helicopter;1;is loading people at the evacuation site;;and has;0;spots taken
3420,3,evacueeManager,,OFF SHIP: White;0;Green;0;Yellow;0;Red;395;Black;25;ON SHIP: White;38;Green;2;Yellow;3;Red;0;Evacuees to Transfer;;EvacueeID;78;HeloID;1;OnShip;0;Triage Status;R;EvacueeID;79;HeloID;1;OnShip;0;Triage Status;R;EvacueeID;80;HeloID;1;OnShip;0;Triage Status;R
3420,4,helipadManager,outEM,Helicopter 1 is evacuating people1
3420,4,helipadManager,outHelo,Helicopter 1 is evacuating people1
3420,4,helipadManager,,;No helos are at ES
3420,107,filterES,,
3420,1129,filterES,,
3420,1169,filterES,,Helicopter;1;is evacuating people
3420,3,evacueeManager,outEvac,Evacuee 78 in triage category R is assigned helicopter 1
3420,3,evacueeManager,outEvac,Evacuee 79 in triage category R is assigned helicopter 1
3420,3,evacueeManager,outEvac,Evacuee 80 in triage category R is assigned helicopter 1
3420,3,evacueeManager,,OFF SHIP: White;0;Green;0;Yellow;0;Red;395;Black;25;ON SHIP: White;38;Green;2;Yellow;3;Red;0;Evacuees to Transfer;
3420,4,helipadManager,outHQ,0
3420,4,helipadManager,,;No helos are at ES
3420,5,helicopterQueue,,;No helos are waiting to land
3420,7,filterLoc,,
3420,10,filterLoc,,
3420,13,filterLoc,,
3420,16,filterLoc,,
3420,19,filterLoc,,
3420,22,filterLoc,,
3420,25,filterLoc,,
3420,28,filterLoc,,
3420,31,filterLoc,,
3420,34,filterLoc,,
3420,37,filterLoc,,
3420,40,filterLoc,,
3420,43,filterLoc,,
3420,46,filterLoc,,
3420,49,filterLoc,,
3420,52,filterLoc,,
3420,55,filterLoc,,
3420,58,filterLoc,,
3420,61,filterLoc,,
3420,64,filterLoc,,
3420,67,filterLoc,,
3420,70,filterLoc,,
3420,73,filterLoc,,
3420,76,filterLoc,,
3420,79,filterLoc,,
3420,82,filterLoc,,
3420,85,filterLoc,,
3420,88,filterLoc,,
3420,91,filterLoc,,
3420,94,filterLoc,,
3420,97,filterLoc,,
3420,100,filterLoc,,
3420,103,filterLoc,,
3420,110,filterLoc,,
3420,113,filterLoc,,
3420,116,filterLoc,,
3420,119,filterLoc,,
3420,122,filterLoc,,
3420,125,filterLoc,,
3420,128,filterLoc,,
3420,131,filterLoc,,
3420,134,filterLoc,,
3420,137,filterLoc,,
3420,140,filterLoc,,
3420,143,filterLoc,,
3420,146,filterLoc,,
3420,149,filterLoc,,
3420,152,filterLoc,,
3420,155,filterLoc,,
3420,158,filterLoc,,
3420,161,filterLoc,,
3420,164,filterLoc,,
3420,167,filterLoc,,
3420,170,filterLoc,,
3420,173,filterLoc,,
3420,176,filterLoc,,
3420,179,filterLoc,,
3420,182,filterLoc,,
3420,185,filterLoc,,
3420,188,filterLoc,,
3420,191,filterLoc,,
3420,194,filterLoc,,
3420,197,filterLoc,,
3420,200,filterLoc,,
3420,203,filterLoc,,
3420,206,filterLoc,,
3420,209,filterLoc,,
3420,212,filterLoc,,
3420,215,filterLoc,,
3420,218,filterLoc,,
3420,221,filterLoc,,
3420,224,filterLoc,,
3420,228,filterLoc,,
3420,231,filterLoc,,
3420,234,filterLoc,,
3420,237,filterLoc,,
3420,240,filterLoc,,
3420,243,filterLoc,,
3420,246,filterLoc,,
3420,249,filterLoc,,
3420,252,filterLoc,,
3420,255,filterLoc,,
3420,258,filterLoc,,
3420,261,filterLoc,,
3420,264,filterLoc,,
3420,267,filterLoc,,
3420,270,filterLoc,,
3420,273,filterLoc,,
3420,276,filterLoc,,
3420,279,filterLoc,,
3420,282,filterLoc,,
3420,285,filterLoc,,
3420,288,filterLoc,,
3420,291,filterLoc,,
3420,294,filterLoc,,
3420,297,filterLoc,,
3420,300,filterLoc,,
3420,303,filterLoc,,
3420,306,filterLoc,,
3420,309,filterLoc,,
3420,312,filterLoc,,
3420,315,filterLoc,,
3420,318,filterLoc,,
3420,321,filterLoc,,
3420,324,filterLoc,,
3420,327,filterLoc,,
3420,330,filterLoc,,
3420,333,filterLoc,,
3420,336,filterLoc,,
3420,339,filterLoc,,
3420,342,filterLoc,,
3420,345,filterLoc,,
3420,348,filterLoc,,
3420,351,filterLoc,,
3420,354,filterLoc,,
3420,357,filterLoc,,
3420,360,filterLoc,,
3420,363,filterLoc,,
3420,366,filterLoc,,
3420,369,filterLoc,,
3420,372,filterLoc,,
3420,375,filterLoc,,
3420,378,filterLoc,,
3420,381,filterLoc,,
3420,384,filterLoc,,
3420,387,filterLoc,,
3420,390,filterLoc,,
3420,393,filterLoc,,
3420,396,filterLoc,,
3420,399,filterLoc,,
3420,402,filterLoc,,
3420,405,filterLoc,,
3420,408,filterLoc,,
3420,411,filterLoc,,
3420,414,filterLoc,,
3420,417,filterLoc,,
3420,420,filterLoc,,
3420,423,filterLoc,,
3420,426,filterLoc,,
3420,429,filterLoc,,
3420,432,filterLoc,,
3420,435,filterLoc,,
3420,438,filterLoc,,
3420,441,filterLoc,,
3420,444,filterLoc,,
3420,447,filterLoc,,
3420,450,filterLoc,,
3420,453,filterLoc,,
3420,456,filterLoc,,
3420,459,filterLoc,,
3420,462,filterLoc,,
3420,465,filterLoc,,
3420,468,filterLoc,,
3420,471,filterLoc,,
3420,474,filterLoc,,
3420,477,filterLoc,,
3420,480,filterLoc,,
3420,483,filterLoc,,
3420,486,filterLoc,,
3420,489,filterLoc,,
3420,492,filterLoc,,
3420,495,filterLoc,,
3420,498,filterLoc,,
3420,501,filterLoc,,
3420,504,filterLoc,,
3420,507,filterLoc,,
3420,510,filterLoc,,
3420,513,filterLoc,,
3420,516,filterLoc,,
3420,519,filterLoc,,
3420,522,filterLoc,,
3420,525,filterLoc,,
3420,528,filterLoc,,
3420,531,filterLoc,,
3420,534,filterLoc,,
3420,537,filterLoc,,
3420,540,filterLoc,,
3420,543,filterLoc,,
3420,546,filterLoc,,
3420,549,filterLoc,,
3420,552,filterLoc,,
3420,555,filterLoc,,
3420,558,filterLoc,,
3420,561,filterLoc,,
3420,564,filterLoc,,
3420,567,filterLoc,,
3420,570,filterLoc,,
3420,573,filterLoc,,
3420,576,filterLoc,,
3420,579,filterLoc,,
3420,582,filterLoc,,
3420,585,filterLoc,,
3420,588,filterLoc,,
3420,591,filterLoc,,
3420,594,filterLoc,,
3420,597,filterLoc,,
3420,600,filterLoc,,
3420,603,filterLoc,,
3420,606,filterLoc,,
3420,609,filterLoc,,
3420,612,filterLoc,,
3420,615,filterLoc,,
3420,618,filterLoc,,
3420,621,filterLoc,,
3420,624,filterLoc,,
3420,627,filterLoc,,
3420,630,filterLoc,,
3420,633,filterLoc,,
3420,636,filterLoc,,
3420,639,filterLoc,,
3420,642,filterLoc,,;Evacuee;80;in triage category;R;is entering helicopter;1
3420,645,filterLoc,,;Evacuee;79;in triage category;R;is entering helicopter;1
3420,648,filterLoc,,
3420,651,filterLoc,,
3420,654,filterLoc,,
3420,657,filterLoc,,;Evacuee;78;in triage category;R;is entering helicopter;1
3420,660,filterLoc,,
3420,663,filterLoc,,
3420,666,filterLoc,,
3420,669,filterLoc,,
3420,672,filterLoc,,
3420,675,filterLoc,,
3420,678,filterLoc,,
3420,681,filterLoc,,
3420,684,filterLoc,,
3420,687,filterLoc,,
3420,690,filterLoc,,
3420,693,filterLoc,,
3420,696,filterLoc,,
3420,699,filterLoc,,
3420,702,filterLoc,,
3420,705,filterLoc,,
3420,708,filterLoc,,
3420,711,filterLoc,,
3420,714,filterLoc,,
3420,717,filterLoc,,
3420,720,filterLoc,,
3420,723,filterLoc,,
3420,726,filterLoc,,
3420,729,filterLoc,,
3420,732,filterLoc,,
3420,735,filterLoc,,
3420,738,filterLoc,,
3420,741,filterLoc,,
3420,744,filterLoc,,
3420,747,filterLoc,,
3420,750,filterLoc,,
3420,753,filterLoc,,
3420,756,filterLoc,,
3420,759,filterLoc,,
3420,762,filterLoc,,
3420,765,filterLoc,,
3420,768,filterLoc,,
3420,771,filterLoc,,
3420,774,filterLoc,,
3420,777,filterLoc,,
3420,780,filterLoc,,
3420,783,filterLoc,,
3420,786,filterLoc,,
3420,789,filterLoc,,
3420,792,filterLoc,,
3420,795,filterLoc,,
3420,798,filterLoc,,
3420,801,filterLoc,,
3420,804,filterLoc,,
3420,807,filterLoc,,
3420,810,filterLoc,,
3420,813,filterLoc,,
3420,816,filterLoc,,
3420,819,filterLoc,,
3420,822,filterLoc,,
3420,825,filterLoc,,
3420,828,filterLoc,,
3420,831,filterLoc,,
3420,834,filterLoc,,
3420,837,filterLoc,,
3420,840,filterLoc,,
3420,843,filterLoc,,
3420,846,filterLoc,,
3420,849,filterLoc,,
3420,852,filterLoc,,
3420,855,filterLoc,,
3420,858,filterLoc,,
3420,861,filterLoc,,
3420,864,filterLoc,,
3420,867,filterLoc,,
3420,870,filterLoc,,
3420,873,filterLoc,,
3420,876,filterLoc,,
3420,879,filterLoc,,
3420,882,filterLoc,,
3420,885,filterLoc,,
3420,888,filterLoc,,
3420,891,filterLoc,,
3420,894,filterLoc,,
3420,897,filterLoc,,
3420,900,filterLoc,,
3420,903,filterLoc,,
3420,906,filterLoc,,
3420,909,filterLoc,,
3420,912,filterLoc,,
3420,915,filterLoc,,
3420,918,filterLoc,,
3420,921,filterLoc,,
3420,924,filterLoc,,
3420,927,filterLoc,,
3420,930,filterLoc,,
3420,933,filterLoc,,
3420,936,filterLoc,,
3420,939,filterLoc,,
3420,942,filterLoc,,
3420,945,filterLoc,,
3420,948,filterLoc,,
3420,951,filterLoc,,
3420,954,filterLoc,,
3420,957,filterLoc,,
3420,960,filterLoc,,
3420,963,filterLoc,,
3420,966,filterLoc,,
3420,969,filterLoc,,
3420,972,filterLoc,,
3420,975,filterLoc,,
3420,978,filterLoc,,
3420,981,filterLoc,,
3420,984,filterLoc,,
3420,987,filterLoc,,
3420,990,filterLoc,,
3420,993,filterLoc,,
3420,996,filterLoc,,
3420,999,filterLoc,,
3420,1002,filterLoc,,
3420,1005,filterLoc,,
3420,1008,filterLoc,,
3420,1011,filterLoc,,
3420,1014,filterLoc,,
3420,1017,filterLoc,,
3420,1020,filterLoc,,
3420,1023,filterLoc,,
3420,1026,filterLoc,,
3420,1029,filterLoc,,
3420,1032,filterLoc,,
3420,1035,filterLoc,,
3420,1038,filterLoc,,
3420,1041,filterLoc,,
3420,1044,filterLoc,,
3420,1047,filterLoc,,
3420,1050,filterLoc,,
3420,1053,filterLoc,,
3420,1056,filterLoc,,
3420,1059,filterLoc,,
3420,1062,filterLoc,,
3420,1065,filterLoc,,
3420,1068,filterLoc,,
3420,1071,filterLoc,,
3420,1074,filterLoc,,
3420,1077,filterLoc,,
3420,1080,filterLoc,,
3420,1083,filterLoc,,
3420,1086,filterLoc,,
3420,1089,filterLoc,,
3420,1092,filterLoc,,
3420,1095,filterLoc,,
3420,1098,filterLoc,,
3420,1101,filterLoc,,
3420,1104,filterLoc,,
3420,1107,filterLoc,,
3420,1110,filterLoc,,
3420,1113,filterLoc,,
3420,1116,filterLoc,,
3420,1119,filterLoc,,
3420,1122,filterLoc,,
3420,1125,filterLoc,,
3420,1132,filterLoc,,
3420,1135,filterLoc,,
3420,1138,filterLoc,,
3420,1141,filterLoc,,
3420,1144,filterLoc,,
3420,1147,filterLoc,,
3420,1150,filterLoc,,
3420,1153,filterLoc,,
3420,1156,filterLoc,,
3420,1159,filterLoc,,
3420,1162,filterLoc,,
3420,1165,filterLoc,,
3420,1169,filterES,out,Helicopter 1 is evacuating people1
3420,1169,filterES,,
3420,1170,helicopter,,Helicopter;1;is loading people at the evacuation site;;and has;0;spots taken
3420,1172,filterLoc,,
3420,1175,filterLoc,,
3420,1178,filterLoc,,
3420,1181,filterLoc,,
3420,1184,filterLoc,,
3420,1187,filterLoc,,
3420,1190,filterLoc,,
3420,1193,filterLoc,,
3420,1196,filterLoc,,
3420,1199,filterLoc,,
3420,1202,filterLoc,,
3420,1205,filterLoc,,
3420,1208,filterLoc,,
3420,1211,filterLoc,,
3420,1214,filterLoc,,
3420,1217,filterLoc,,
3420,1220,filterLoc,,
3420,1223,filterLoc,,
3420,1226,filterLoc,,
3420,1229,filterLoc,,
3420,1232,filterLoc,,
3420,1235,filterLoc,,
3420,1238,filterLoc,,
3420,1241,filterLoc,,
3420,1244,filterLoc,,
3420,1247,filterLoc,,
3420,1250,filterLoc,,
3420,1253,filterLoc,,
3420,1256,filterLoc,,
3420,1259,filterLoc,,
3420,1262,filterLoc,,
3420,1265,filterLoc,,
3420,1268,filterLoc,,
3420,1271,filterLoc,,
3420,1274,filterLoc,,
3420,1277,filterLoc,,
3420,1280,filterLoc,,
3420,1283,filterLoc,,
3420,1286,filterLoc,,
3420,1289,filterLoc,,
3420,1292,filterLoc,,
3420,1295,filterLoc,,
3420,1298,filterLoc,,
3420,1301,filterLoc,,
3420,1304,filterLoc,,
3420,1307,filterLoc,,
3420,1310,filterLoc,,
3420,1313,filterLoc,,
3420,1316,filterLoc,,
3420,1319,filterLoc,,
3420,1322,filterLoc,,
3420,1325,filterLoc,,
3420,1328,filterLoc,,
3420,1331,filterLoc,,
3420,1334,filterLoc,,
3420,1337,filterLoc,,
3420,1340,filterLoc,,
3420,1343,filterLoc,,
3420,1346,filterLoc,,
3420,1349,filterLoc,,
3420,1352,filterLoc,,
3420,1355,filterLoc,,
3420,1358,filterLoc,,
3420,1361,filterLoc,,
3420,1364,filterLoc,,
3420,1367,filterLoc,,
3420,1370,filterLoc,,
3420,1373,filterLoc,,
3420,1376,filterLoc,,
3420,1379,filterLoc,,
3420,1382,filterLoc,,
3420,1385,filterLoc,,
3420,1388,filterLoc,,
3420,1391,filterLoc,,
3420,1394,filterLoc,,
3420,1397,filterLoc,,
3420,1400,filterLoc,,
3420,1403,filterLoc,,
3420,1406,filterLoc,,
3420,1409,filterLoc,,
3420,1412,filterLoc,,
3420,1415,filterLoc,,
3420,1418,filterLoc,,
3420,1421,filterLoc,,
3420,1424,filterLoc,,
3420,1427,filterLoc,,
3420,1430,filterLoc,,
3420,1433,filterLoc,,
3420,1436,filterLoc,,
3420,1439,filterLoc,,
3420,1442,filterLoc,,
3420,1445,filterLoc,,
3420,1448,filterLoc,,
3420,1451,filterLoc,,
3420,1454,filterLoc,,
3420,1457,filterLoc,,
3420,1460,filterLoc,,
3420,1463,filterLoc,,
3420,1466,filterLoc,,
3420,1469,filterLoc,,
3420,1472,filterLoc,,
3420,1475,filterLoc,,
3420,1478,filterLoc,,
3420,1481,filterLoc,,
3420,1484,filterLoc,,
3420,1487,filterLoc,,
3420,1490,filterLoc,,
3420,1493,filterLoc,,
3420,1496,filterLoc,,
3420,1499,filterLoc,,
3420,1502,filterLoc,,
3420,1505,filterLoc,,
3420,1508,filterLoc,,
3420,1511,filterLoc,,
3420,1514,filterLoc,,
3420,1517,filterLoc,,
3420,5,helicopterQueue,,;No helos are waiting to land
3420,642,filterLoc,out,Evacuee 80 in triage category R is assigned helicopter 1
3420,642,filterLoc,,
3420,643,evacuee,,Evacuee;80;in triage state;R;is entering helicopter;1
3420,645,filterLoc,out,Evacuee 79 in triage category R is assigned helicopter 1
3420,645,filterLoc,,
3420,646,evacuee,,Evacuee;79;in triage state;R;is entering helicopter;1
3420,657,filterLoc,out,Evacuee 78 in triage category R is assigned helicopter 1
3420,657,filterLoc,,
3420,658,evacuee,,Evacuee;78;in triage state;R;is entering helicopter;1
3420,1170,helicopter,,Helicopter;1;is returning to the FOL;;and has;0;spots taken
3420,106,filterEvac,,
3420,643,evacuee,outHelo,Evacuee 80 in triage category R is assigned helicopter 1
3420,643,evacuee,,Evacuee;80;in triage state;R;is in helicopter;1
3420,646,evacuee,outHelo,Evacuee 79 in triage category R is assigned helicopter 1
3420,646,evacuee,,Evacuee;79;in triage state;R;is in helicopter;1
3420,658,evacuee,outHelo,Evacuee 78 in triage category R is assigned helicopter 1
3420,658,evacuee,,Evacuee;78;in triage state;R;is in helicopter;1
3420,1128,filterEvac,,
3420,1168,filterEvac,,;Evacuee;78;in triage category;R;is entering helicopter;1;Evacuee;79;in triage category;R;is entering helicopter;1;Evacuee;80;in triage category;R;is entering helicopter;1
3420,1168,filterEvac,out,Evacuee 78 in triage category R is assigned helicopter 1
3420,1168,filterEvac,out,Evacuee 79 in triage category R is assigned helicopter 1
3420,1168,filterEvac,out,Evacuee 80 in triage category R is assigned helicopter 1
3420,1168,filterEvac,,
3420,1170,helicopter,,Helicopter;1;is returning to the FOL;;and has;9;spots taken
3435,7,filterLoc,,
3435,10,filterLoc,,
3435,13,filterLoc,,
3435,16,filterLoc,,
3435,19,filterLoc,,
3435,22,filterLoc,,
3435,25,filterLoc,,
3435,28,filterLoc,,
3435,31,filterLoc,,
3435,34,filterLoc,,
3435,37,filterLoc,,
3435,40,filterLoc,,
3435,43,filterLoc,,
3435,46,filterLoc,,
3435,49,filterLoc,,
3435,52,filterLoc,,
3435,55,filterLoc,,
3435,58,filterLoc,,
3435,61,filterLoc,,
3435,64,filterLoc,,
3435,67,filterLoc,,
3435,70,filterLoc,,
3435,73,filterLoc,,
3435,76,filterLoc,,
3435,79,filterLoc,,
3435,82,filterLoc,,
3435,85,filterLoc,,
3435,88,filterLoc,,
3435,91,filterLoc,,
3435,94,filterLoc,,
3435,97,filterLoc,,
3435,100,filterLoc,,
3435,103,filterLoc,,
3435,108,helicopter,outEvac,Evacuee 75 in triage category R is not assigned a helicopter
3435,108,helicopter,outEvac,Evacuee 76 in triage category R is not assigned a helicopter
3435,108,helicopter,outEvac,Evacuee 77 in triage category R is not assigned a helicopter
3435,108,helicopter,,Helicopter;3;is unloading people at the FOL;;and has;0;spots taken
3435,110,filterLoc,,
3435,113,filterLoc,,
3435,116,filterLoc,,
3435,119,filterLoc,,
3435,122,filterLoc,,
3435,125,filterLoc,,
3435,128,filterLoc,,
3435,131,filterLoc,,
3435,134,filterLoc,,
3435,137,filterLoc,,
3435,140,filterLoc,,
3435,143,filterLoc,,
3435,146,filterLoc,,
3435,149,filterLoc,,
3435,152,filterLoc,,
3435,155,filterLoc,,
3435,158,filterLoc,,
3435,161,filterLoc,,
3435,164,filterLoc,,
3435,167,filterLoc,,
3435,170,filterLoc,,
3435,173,filterLoc,,
3435,176,filterLoc,,
3435,179,filterLoc,,
3435,182,filterLoc,,
3435,185,filterLoc,,
3435,188,filterLoc,,
3435,191,filterLoc,,
3435,194,filterLoc,,
3435,197,filterLoc,,
3435,200,filterLoc,,
3435,203,filterLoc,,
3435,206,filterLoc,,
3435,209,filterLoc,,
3435,212,filterLoc,,
3435,215,filterLoc,,
3435,218,filterLoc,,
3435,221,filterLoc,,
3435,224,filterLoc,,
3435,228,filterLoc,,
3435,231,filterLoc,,
3435,234,filterLoc,,
3435,237,filterLoc,,
3435,240,filterLoc,,
3435,243,filterLoc,,
3435,246,filterLoc,,
3435,249,filterLoc,,
3435,252,filterLoc,,
3435,255,filterLoc,,
3435,258,filterLoc,,
3435,261,filterLoc,,
3435,264,filterLoc,,
3435,267,filterLoc,,
3435,270,filterLoc,,
3435,273,filterLoc,,
3435,276,filterLoc,,
3435,279,filterLoc,,
3435,282,filterLoc,,
3435,285,filterLoc,,
3435,288,filterLoc,,
3435,291,filterLoc,,
3435,294,filterLoc,,
3435,297,filterLoc,,
3435,300,filterLoc,,
3435,303,filterLoc,,
3435,306,filterLoc,,
3435,309,filterLoc,,
3435,312,filterLoc,,
3435,315,filterLoc,,
3435,318,filterLoc,,
3435,321,filterLoc,,
3435,324,filterLoc,,
3435,327,filterLoc,,
3435,330,filterLoc,,
3435,333,filterLoc,,
3435,336,filterLoc,,
3435,339,filterLoc,,
3435,342,filterLoc,,
3435,345,filterLoc,,
3435,348,filterLoc,,
3435,351,filterLoc,,
3435,354,filterLoc,,
3435,357,filterLoc,,
3435,360,filterLoc,,
3435,363,filterLoc,,
3435,366,filterLoc,,
3435,369,filterLoc,,
3435,372,filterLoc,,
3435,375,filterLoc,,
3435,378,filterLoc,,
3435,381,filterLoc,,
3435,384,filterLoc,,
3435,387,filterLoc,,
3435,390,filterLoc,,
3435,393,filterLoc,,
3435,396,filterLoc,,
3435,399,filterLoc,,
3435,402,filterLoc,,
3435,405,filterLoc,,
3435,408,filterLoc,,
3435,411,filterLoc,,
3435,414,filterLoc,,
3435,417,filterLoc,,
3435,420,filterLoc,,
3435,423,filterLoc,,
3435,426,filterLoc,,
3435,429,filterLoc,,
3435,432,filterLoc,,
3435,435,filterLoc,,
3435,438,filterLoc,,
3435,441,filterLoc,,
3435,444,filterLoc,,
3435,447,filterLoc,,
3435,450,filterLoc,,
3435,453,filterLoc,,
3435,456,filterLoc,,
3435,459,filterLoc,,
3435,462,filterLoc,,
3435,465,filterLoc,,
3435,468,filterLoc,,
3435,471,filterLoc,,
3435,474,filterLoc,,
3435,477,filterLoc,,
3435,480,filterLoc,,
3435,483,filterLoc,,
3435,486,filterLoc,,
3435,489,filterLoc,,
3435,492,filterLoc,,
3435,495,filterLoc,,
3435,498,filterLoc,,
3435,501,filterLoc,,
3435,504,filterLoc,,
3435,507,filterLoc,,
3435,510,filterLoc,,
3435,513,filterLoc,,
3435,516,filterLoc,,
3435,519,filterLoc,,
3435,522,filterLoc,,
3435,525,filterLoc,,
3435,528,filterLoc,,
3435,531,filterLoc,,
3435,534,filterLoc,,
3435,537,filterLoc,,
3435,540,filterLoc,,
3435,543,filterLoc,,
3435,546,filterLoc,,
3435,549,filterLoc,,
3435,552,filterLoc,,
3435,555,filterLoc,,
3435,558,filterLoc,,
3435,561,filterLoc,,
3435,564,filterLoc,,
3435,567,filterLoc,,
3435,570,filterLoc,,
3435,573,filterLoc,,
3435,576,filterLoc,,
3435,579,filterLoc,,
3435,582,filterLoc,,
3435,585,filterLoc,,
3435,588,filterLoc,,
3435,591,filterLoc,,
3435,594,filterLoc,,
3435,597,filterLoc,,
3435,600,filterLoc,,
3435,603,filterLoc,,
3435,606,filterLoc,,
3435,609,filterLoc,,
3435,612,filterLoc,,
3435,615,filterLoc,,
3435,618,filterLoc,,
3435,621,filterLoc,,
3435,624,filterLoc,,
3435,627,filterLoc,,
3435,630,filterLoc,,
3435,633,filterLoc,,
3435,636,filterLoc,,
3435,639,filterLoc,,
3435,642,filterLoc,,
3435,645,filterLoc,,
3435,648,filterLoc,,
3435,651,filterLoc,,
3435,654,filterLoc,,
3435,657,filterLoc,,
3435,660,filterLoc,,
3435,663,filterLoc,,
3435,666,filterLoc,,;Evacuee;77;in triage category;R;is leaving helicopter;3
3435,669,filterLoc,,
3435,672,filterLoc,,
3435,675,filterLoc,,
3435,678,filterLoc,,
3435,681,filterLoc,,
3435,684,filterLoc,,;Evacuee;76;in triage category;R;is leaving helicopter;3
3435,687,filterLoc,,
3435,690,filterLoc,,
3435,693,filterLoc,,
3435,696,filterLoc,,
3435,699,filterLoc,,
3435,702,filterLoc,,
3435,705,filterLoc,,
3435,708,filterLoc,,
3435,711,filterLoc,,
3435,714,filterLoc,,
3435,717,filterLoc,,
3435,720,filterLoc,,
3435,723,filterLoc,,
3435,726,filterLoc,,
3435,729,filterLoc,,
3435,732,filterLoc,,
3435,735,filterLoc,,
3435,738,filterLoc,,
3435,741,filterLoc,,
3435,744,filterLoc,,
3435,747,filterLoc,,
3435,750,filterLoc,,
3435,753,filterLoc,,
3435,756,filterLoc,,
3435,759,filterLoc,,
3435,762,filterLoc,,
3435,765,filterLoc,,
3435,768,filterLoc,,
3435,771,filterLoc,,
3435,774,filterLoc,,
3435,777,filterLoc,,
3435,780,filterLoc,,
3435,783,filterLoc,,
3435,786,filterLoc,,
3435,789,filterLoc,,
3435,792,filterLoc,,
3435,795,filterLoc,,
3435,798,filterLoc,,
3435,801,filterLoc,,
3435,804,filterLoc,,
3435,807,filterLoc,,
3435,810,filterLoc,,
3435,813,filterLoc,,
3435,816,filterLoc,,
3435,819,filterLoc,,
3435,822,filterLoc,,
3435,825,filterLoc,,
3435,828,filterLoc,,
3435,831,filterLoc,,
3435,834,filterLoc,,
3435,837,filterLoc,,
3435,840,filterLoc,,
3435,843,filterLoc,,
3435,846,filterLoc,,
3435,849,filterLoc,,
3435,852,filterLoc,,
3435,855,filterLoc,,
3435,858,filterLoc,,
3435,861,filterLoc,,
3435,864,filterLoc,,
3435,867,filterLoc,,
3435,870,filterLoc,,
3435,873,filterLoc,,
3435,876,filterLoc,,
3435,879,filterLoc,,
3435,882,filterLoc,,
3435,885,filterLoc,,
3435,888,filterLoc,,
3435,891,filterLoc,,
3435,894,filterLoc,,
3435,897,filterLoc,,
3435,900,filterLoc,,
3435,903,filterLoc,,
3435,906,filterLoc,,
3435,909,filterLoc,,
3435,912,filterLoc,,
3435,915,filterLoc,,
3435,918,filterLoc,,
3435,921,filterLoc,,
3435,924,filterLoc,,
3435,927,filterLoc,,
3435,930,filterLoc,,
3435,933,filterLoc,,
3435,936,filterLoc,,
3435,939,filterLoc,,
3435,942,filterLoc,,
3435,945,filterLoc,,
3435,948,filterLoc,,
3435,951,filterLoc,,
3435,954,filterLoc,,
3435,957,filterLoc,,
3435,960,filterLoc,,
3435,963,filterLoc,,
3435,966,filterLoc,,
3435,969,filterLoc,,
3435,972,filterLoc,,
3435,975,filterLoc,,;Evacuee;75;in triage category;R;is leaving helicopter;3
3435,978,filterLoc,,
3435,981,filterLoc,,
3435,984,filterLoc,,
3435,987,filterLoc,,
3435,990,filterLoc,,
3435,993,filterLoc,,
3435,996,filterLoc,,
3435,999,filterLoc,,
3435,1002,filterLoc,,
3435,1005,filterLoc,,
3435,1008,filterLoc,,
3435,1011,filterLoc,,
3435,1014,filterLoc,,
3435,1017,filterLoc,,
3435,1020,filterLoc,,
3435,1023,filterLoc,,
3435,1026,filterLoc,,
3435,1029,filterLoc,,
3435,1032,filterLoc,,
3435,1035,filterLoc,,
3435,1038,filterLoc,,
3435,1041,filterLoc,,
3435,1044,filterLoc,,
3435,1047,filterLoc,,
3435,1050,filterLoc,,
3435,1053,filterLoc,,
3435,1056,filterLoc,,
3435,1059,filterLoc,,
3435,1062,filterLoc,,
3435,1065,filterLoc,,
3435,1068,filterLoc,,
3435,1071,filterLoc,,
3435,1074,filterLoc,,
3435,1077,filterLoc,,
3435,1080,filterLoc,,
3435,1083,filterLoc,,
3435,1086,filterLoc,,
3435,1089,filterLoc,,
3435,1092,filterLoc,,
3435,1095,filterLoc,,
3435,1098,filterLoc,,
3435,1101,filterLoc,,
3435,1104,filterLoc,,
3435,1107,filterLoc,,
3435,1110,filterLoc,,
3435,1113,filterLoc,,
3435,1116,filterLoc,,
3435,1119,filterLoc,,
3435,1122,filterLoc,,
3435,1125,filterLoc,,
3435,1132,filterLoc,,
3435,1135,filterLoc,,
3435,1138,filterLoc,,
3435,1141,filterLoc,,
3435,1144,filterLoc,,
3435,1147,filterLoc,,
3435,1150,filterLoc,,
3435,1153,filterLoc,,
3435,1156,filterLoc,,
3435,1159,filterLoc,,
3435,1162,filterLoc,,
3435,1165,filterLoc,,
3435,1172,filterLoc,,
3435,1175,filterLoc,,
3435,1178,filterLoc,,
3435,1181,filterLoc,,
3435,1184,filterLoc,,
3435,1187,filterLoc,,
3435,1190,filterLoc,,
3435,1193,filterLoc,,
3435,1196,filterLoc,,
3435,1199,filterLoc,,
3435,1202,filterLoc,,
3435,1205,filterLoc,,
3435,1208,filterLoc,,
3435,1211,filterLoc,,
3435,1214,filterLoc,,
3435,1217,filterLoc,,
3435,1220,filterLoc,,
3435,1223,filterLoc,,
3435,1226,filterLoc,,
3435,1229,filterLoc,,
3435,1232,filterLoc,,
3435,1235,filterLoc,,
3435,1238,filterLoc,,
3435,1241,filterLoc,,
3435,1244,filterLoc,,
3435,1247,filterLoc,,
3435,1250,filterLoc,,
3435,1253,filterLoc,,
3435,1256,filterLoc,,
3435,1259,filterLoc,,
3435,1262,filterLoc,,
3435,1265,filterLoc,,
3435,1268,filterLoc,,
3435,1271,filterLoc,,
3435,1274,filterLoc,,
3435,1277,filterLoc,,
3435,1280,filterLoc,,
3435,1283,filterLoc,,
3435,1286,filterLoc,,
3435,1289,filterLoc,,
3435,1292,filterLoc,,
3435,1295,filterLoc,,
3435,1298,filterLoc,,
3435,1301,filterLoc,,
3435,1304,filterLoc,,
3435,1307,filterLoc,,
3435,1310,filterLoc,,
3435,1313,filterLoc,,
3435,1316,filterLoc,,
3435,1319,filterLoc,,
3435,1322,filterLoc,,
3435,1325,filterLoc,,
3435,1328,filterLoc,,
3435,1331,filterLoc,,
3435,1334,filterLoc,,
3435,1337,filterLoc,,
3435,1340,filterLoc,,
3435,1343,filterLoc,,
3435,1346,filterLoc,,
3435,1349,filterLoc,,
3435,1352,filterLoc,,
3435,1355,filterLoc,,
3435,1358,filterLoc,,
3435,1361,filterLoc,,
3435,1364,filterLoc,,
3435,1367,filterLoc,,
3435,1370,filterLoc,,
3435,1373,filterLoc,,
3435,1376,filterLoc,,
3435,1379,filterLoc,,
3435,1382,filterLoc,,
3435,1385,filterLoc,,
3435,1388,filterLoc,,
3435,1391,filterLoc,,
3435,1394,filterLoc,,
3435,1397,filterLoc,,
3435,1400,filterLoc,,
3435,1403,filterLoc,,
3435,1406,filterLoc,,
3435,1409,filterLoc,,
3435,1412,filterLoc,,
3435,1415,filterLoc,,
3435,1418,filterLoc,,
3435,1421,filterLoc,,
3435,1424,filterLoc,,
3435,1427,filterLoc,,
3435,1430,filterLoc,,
3435,1433,filterLoc,,
3435,1436,filterLoc,,
3435,1439,filterLoc,,
3435,1442,filterLoc,,
3435,1445,filterLoc,,
3435,1448,filterLoc,,
3435,1451,filterLoc,,
3435,1454,filterLoc,,
3435,1457,filterLoc,,
3435,1460,filterLoc,,
3435,1463,filterLoc,,
3435,1466,filterLoc,,
3435,1469,filterLoc,,
3435,1472,filterLoc,,
3435,1475,filterLoc,,
3435,1478,filterLoc,,
3435,1481,filterLoc,,
3435,1484,filterLoc,,
3435,1487,filterLoc,,
3435,1490,filterLoc,,
3435,1493,filterLoc,,
3435,1496,filterLoc,,
3435,1499,filterLoc,,
3435,1502,filterLoc,,
3435,1505,filterLoc,,
3435,1508,filterLoc,,
3435,1511,filterLoc,,
3435,1514,filterLoc,,
3435,1517,filterLoc,,
3435,666,filterLoc,out,Evacuee 77 in triage category R is not assigned a helicopter
3435,666,filterLoc,,
3435,667,evacuee,,Evacuee;77;in triage state;R;is entering the FOL
3435,684,filterLoc,out,Evacuee 76 in triage category R is not assigned a helicopter
3435,684,filterLoc,,
3435,685,evacuee,,Evacuee;76;in triage state;R;is entering the FOL
3435,975,filterLoc,out,Evacuee 75 in triage category R is not assigned a helicopter
3435,975,filterLoc,,
3435,976,evacuee,,Evacuee;75;in triage state;R;is entering the FOL
3435,226,FOL,,;EvacueeID;51;Triage Status;Y;EvacueeID;52;Triage Status;Y;EvacueeID;53;Triage Status;Y;EvacueeID;1;Triage Status;W;EvacueeID;2;Triage Status;W;EvacueeID;3;Triage Status;W;EvacueeID;4;Triage Status;W;EvacueeID;5;Triage Status;W;EvacueeID;6;Triage Status;W;EvacueeID;7;Triage Status;W;EvacueeID;8;Triage Status;W;EvacueeID;9;Triage Status;W;EvacueeID;10;Triage Status;W;EvacueeID;57;Triage Status;Y;EvacueeID;58;Triage Status;Y;EvacueeID;59;Triage Status;Y;EvacueeID;60;Triage Status;Y;EvacueeID;61;Triage Status;Y;EvacueeID;62;Triage Status;Y;EvacueeID;63;Triage Status;Y;EvacueeID;64;Triage Status;Y;EvacueeID;65;Triage Status;Y;EvacueeID;66;Triage Status;Y;EvacueeID;67;Triage Status;Y;EvacueeID;68;Triage Status;Y;EvacueeID;69;Triage Status;Y;EvacueeID;70;Triage Status;Y;EvacueeID;71;Triage Status;Y;EvacueeID;72;Triage Status;Y;EvacueeID;73;Triage Status;Y;EvacueeID;74;Triage Status;Y;EvacueeID;75;Triage Status;R;EvacueeID;76;Triage Status;R;EvacueeID;77;Triage Status;R;Lives Saved;34
3435,667,evacuee,outFOL,Evacuee 77 in triage category R is not assigned a helicopter
3435,667,evacuee,,Evacuee;77;in triage state;R;is at the FOL
3435,685,evacuee,outFOL,Evacuee 76 in triage category R is not assigned a helicopter
3435,685,evacuee,,Evacuee;76;in triage state;R;is at the FOL
3435,976,evacuee,outFOL,Evacuee 75 in triage category R is not assigned a helicopter
3435,976,evacuee,,Evacuee;75;in triage state;R;is at the FOL
3435,226,FOL,,;EvacueeID;51;Triage Status;Y;EvacueeID;52;Triage Status;Y;EvacueeID;53;Triage Status;Y;EvacueeID;1;Triage Status;W;EvacueeID;2;Triage Status;W;EvacueeID;3;Triage Status;W;EvacueeID;4;Triage Status;W;EvacueeID;5;Triage Status;W;EvacueeID;6;Triage Status;W;EvacueeID;7;Triage Status;W;EvacueeID;8;Triage Status;W;EvacueeID;9;Triage Status;W;EvacueeID;10;Triage Status;W;EvacueeID;57;Triage Status;Y;EvacueeID;58;Triage Status;Y;EvacueeID;59;Triage Status;Y;EvacueeID;60;Triage Status;Y;EvacueeID;61;Triage Status;Y;EvacueeID;62;Triage Status;Y;EvacueeID;63;Triage Status;Y;EvacueeID;64;Triage Status;Y;EvacueeID;65;Triage Status;Y;EvacueeID;66;Triage Status;Y;EvacueeID;67;Triage Status;Y;EvacueeID;68;Triage Status;Y;EvacueeID;69;Triage Status;Y;EvacueeID;70;Triage Status;Y;EvacueeID;71;Triage Status;Y;EvacueeID;72;Triage Status;Y;EvacueeID;73;Triage Status;Y;EvacueeID;74;Triage Status;Y;EvacueeID;75;Triage Status;R;EvacueeID;76;Triage Status;R;EvacueeID;77;Triage Status;R;Lives Saved;34
3450,3,evacueeManager,,OFF SHIP: White;0;Green;0;Yellow;0;Red;0;Black;420;ON SHIP: White;38;Green;2;Yellow;3;Red;0;Evacuees to Transfer;
3450,47,evacuee,outES,Evacuee 475 in triage category R is not assigned a helicopter
3450,47,evacuee,,Evacuee;475;in triage state;B;is at the evacuation site
3450,50,evacuee,outES,Evacuee 472 in triage category R is not assigned a helicopter
3450,50,evacuee,,Evacuee;472;in triage state;B;is at the evacuation site
3450,53,evacuee,outES,Evacuee 471 in triage category R is not assigned a helicopter
3450,53,evacuee,,Evacuee;471;in triage state;B;is at the evacuation site
3450,56,evacuee,outES,Evacuee 468 in triage category R is not assigned a helicopter
3450,56,evacuee,,Evacuee;468;in triage state;B;is at the evacuation site
3450,59,evacuee,outES,Evacuee 463 in triage category R is not assigned a helicopter
3450,59,evacuee,,Evacuee;463;in triage state;B;is at the evacuation site
3450,62,evacuee,outES,Evacuee 462 in triage category R is not assigned a helicopter
3450,62,evacuee,,Evacuee;462;in triage state;B;is at the evacuation site
3450,65,evacuee,outES,Evacuee 461 in triage category R is not assigned a helicopter
3450,65,evacuee,,Evacuee;461;in triage state;B;is at the evacuation site
3450,68,evacuee,outES,Evacuee 459 in triage category R is not assigned a helicopter
3450,68,evacuee,,Evacuee;459;in triage state;B;is at the evacuation site
3450,77,evacuee,outES,Evacuee 458 in triage category R is not assigned a helicopter
3450,77,evacuee,,Evacuee;458;in triage state;B;is at the evacuation site
3450,80,evacuee,outES,Evacuee 456 in triage category R is not assigned a helicopter
3450,80,evacuee,,Evacuee;456;in triage state;B;is at the evacuation site
3450,83,evacuee,outES,Evacuee 455 in triage category R is not assigned a helicopter
3450,83,evacuee,,Evacuee;455;in triage state;B;is at the evacuation site
3450,86,evacuee,outES,Evacuee 448 in triage category R is not assigned a helicopter
3450,86,evacuee,,Evacuee;448;in triage state;B;is at the evacuation site
3450,89,evacuee,outES,Evacuee 445 in triage category R is not assigned a helicopter
3450,89,evacuee,,Evacuee;445;in triage state;B;is at the evacuation site
3450,92,evacuee,outES,Evacuee 442 in triage category R is not assigned a helicopter
3450,92,evacuee,,Evacuee;442;in triage state;B;is at the evacuation site
3450,95,evacuee,outES,Evacuee 441 in triage category R is not assigned a helicopter
3450,95,evacuee,,Evacuee;441;in triage state;B;is at the evacuation site
3450,98,evacuee,outES,Evacuee 439 in triage category R is not assigned a helicopter
3450,98,evacuee,,Evacuee;439;in triage state;B;is at the evacuation site
3450,101,evacuee,outES,Evacuee 437 in triage category R is not assigned a helicopter
3450,101,evacuee,,Evacuee;437;in triage state;B;is at the evacuation site
3450,104,evacuee,outES,Evacuee 436 in triage category R is not assigned a helicopter
3450,104,evacuee,,Evacuee;436;in triage state;B;is at the evacuation site
3450,108,helicopter,,Helicopter;3;Is going to the evacuation site;;and has;0;spots taken
3450,111,evacuee,outES,Evacuee 434 in triage category R is not assigned a helicopter
3450,111,evacuee,,Evacuee;434;in triage state;B;is at the evacuation site
3450,114,evacuee,outES,Evacuee 433 in triage category R is not assigned a helicopter
3450,114,evacuee,,Evacuee;433;in triage state;B;is at the evacuation site
3450,117,evacuee,outES,Evacuee 428 in triage category R is not assigned a helicopter
3450,117,evacuee,,Evacuee;428;in triage state;B;is at the evacuation site
3450,120,evacuee,outES,Evacuee 426 in triage category R is not assigned a helicopter
3450,120,evacuee,,Evacuee;426;in triage state;B;is at the evacuation site
3450,123,evacuee,outES,Evacuee 423 in triage category R is not assigned a helicopter
3450,123,evacuee,,Evacuee;423;in triage state;B;is at the evacuation site
3450,126,evacuee,outES,Evacuee 420 in triage category R is not assigned a helicopter
3450,126,evacuee,,Evacuee;420;in triage state;B;is at the evacuation site
3450,129,evacuee,outES,Evacuee 419 in triage category R is not assigned a helicopter
3450,129,evacuee,,Evacuee;419;in triage state;B;is at the evacuation site
3450,132,evacuee,outES,Evacuee 414 in triage category R is not assigned a helicopter
3450,132,evacuee,,Evacuee;414;in triage state;B;is at the evacuation site
3450,135,evacuee,outES,Evacuee 411 in triage category R is not assigned a helicopter
3450,135,evacuee,,Evacuee;411;in triage state;B;is at the evacuation site
3450,138,evacuee,outES,Evacuee 422 in triage category R is not assigned a helicopter
3450,138,evacuee,,Evacuee;422;in triage state;B;is at the evacuation site
3450,141,evacuee,outES,Evacuee 409 in triage category R is not assigned a helicopter
3450,141,evacuee,,Evacuee;409;in triage state;B;is at the evacuation site
3450,144,evacuee,outES,Evacuee 408 in triage category R is not assigned a helicopter
3450,144,evacuee,,Evacuee;408;in triage state;B;is at the evacuation site
3450,147,evacuee,outES,Evacuee 406 in triage category R is not assigned a helicopter
3450,147,evacuee,,Evacuee;406;in triage state;B;is at the evacuation site
3450,150,evacuee,outES,Evacuee 404 in triage category R is not assigned a helicopter
3450,150,evacuee,,Evacuee;404;in triage state;B;is at the evacuation site
3450,153,evacuee,outES,Evacuee 403 in triage category R is not assigned a helicopter
3450,153,evacuee,,Evacuee;403;in triage state;B;is at the evacuation site
3450,156,evacuee,outES,Evacuee 401 in triage category R is not assigned a helicopter
3450,156,evacuee,,Evacuee;401;in triage state;B;is at the evacuation site
3450,159,evacuee,outES,Evacuee 398 in triage category R is not assigned a helicopter
3450,159,evacuee,,Evacuee;398;in triage state;B;is at the evacuation site
3450,162,evacuee,outES,Evacuee 397 in triage category R is not assigned a helicopter
3450,162,evacuee,,Evacuee;397;in triage state;B;is at the evacuation site
3450,165,evacuee,outES,Evacuee 452 in triage category R is not assigned a helicopter
3450,165,evacuee,,Evacuee;452;in triage state;B;is at the evacuation site
3450,168,evacuee,outES,Evacuee 396 in triage category R is not assigned a helicopter
3450,168,evacuee,,Evacuee;396;in triage state;B;is at the evacuation site
3450,171,evacuee,outES,Evacuee 395 in triage category R is not assigned a helicopter
3450,171,evacuee,,Evacuee;395;in triage state;B;is at the evacuation site
3450,174,evacuee,outES,Evacuee 393 in triage category R is not assigned a helicopter
3450,174,evacuee,,Evacuee;393;in triage state;B;is at the evacuation site
3450,177,evacuee,outES,Evacuee 392 in triage category R is not assigned a helicopter
3450,177,evacuee,,Evacuee;392;in triage state;B;is at the evacuation site
3450,180,evacuee,outES,Evacuee 389 in triage category R is not assigned a helicopter
3450,180,evacuee,,Evacuee;389;in triage state;B;is at the evacuation site
3450,183,evacuee,outES,Evacuee 384 in triage category R is not assigned a helicopter
3450,183,evacuee,,Evacuee;384;in triage state;B;is at the evacuation site
3450,186,evacuee,outES,Evacuee 430 in triage category R is not assigned a helicopter
3450,186,evacuee,,Evacuee;430;in triage state;B;is at the evacuation site
3450,189,evacuee,outES,Evacuee 383 in triage category R is not assigned a helicopter
3450,189,evacuee,,Evacuee;383;in triage state;B;is at the evacuation site
3450,195,evacuee,outES,Evacuee 382 in triage category R is not assigned a helicopter
3450,195,evacuee,,Evacuee;382;in triage state;B;is at the evacuation site
3450,198,evacuee,outES,Evacuee 381 in triage category R is not assigned a helicopter
3450,198,evacuee,,Evacuee;381;in triage state;B;is at the evacuation site
3450,201,evacuee,outES,Evacuee 427 in triage category R is not assigned a helicopter
3450,201,evacuee,,Evacuee;427;in triage state;B;is at the evacuation site
3450,204,evacuee,outES,Evacuee 380 in triage category R is not assigned a helicopter
3450,204,evacuee,,Evacuee;380;in triage state;B;is at the evacuation site
3450,207,evacuee,outES,Evacuee 379 in triage category R is not assigned a helicopter
3450,207,evacuee,,Evacuee;379;in triage state;B;is at the evacuation site
3450,210,evacuee,outES,Evacuee 378 in triage category R is not assigned a helicopter
3450,210,evacuee,,Evacuee;378;in triage state;B;is at the evacuation site
3450,213,evacuee,outES,Evacuee 377 in triage category R is not assigned a helicopter
3450,213,evacuee,,Evacuee;377;in triage state;B;is at the evacuation site
3450,216,evacuee,outES,Evacuee 375 in triage category R is not assigned a helicopter
3450,216,evacuee,,Evacuee;375;in triage state;B;is at the evacuation site
3450,219,evacuee,outES,Evacuee 374 in triage category R is not assigned a helicopter
3450,219,evacuee,,Evacuee;374;in triage state;B;is at the evacuation site
3450,222,evacuee,outES,Evacuee 372 in triage category R is not assigned a helicopter
3450,222,evacuee,,Evacuee;372;in triage state;B;is at the evacuation site
3450,225,evacuee,outES,Evacuee 371 in triage category R is not assigned a helicopter
3450,225,evacuee,,Evacuee;371;in triage state;B;is at the evacuation site
3450,229,evacuee,outES,Evacuee 370 in triage category R is not assigned a helicopter
3450,229,evacuee,,Evacuee;370;in triage state;B;is at the evacuation site
3450,232,evacuee,outES,Evacuee 457 in triage category R is not assigned a helicopter
3450,232,evacuee,,Evacuee;457;in triage state;B;is at the evacuation site
3450,235,evacuee,outES,Evacuee 369 in triage category R is not assigned a helicopter
3450,235,evacuee,,Evacuee;369;in triage state;B;is at the evacuation site
3450,238,evacuee,outES,Evacuee 366 in triage category R is not assigned a helicopter
3450,238,evacuee,,Evacuee;366;in triage state;B;is at the evacuation site
3450,241,evacuee,outES,Evacuee 362 in triage category R is not assigned a helicopter
3450,241,evacuee,,Evacuee;362;in triage state;B;is at the evacuation site
3450,244,evacuee,outES,Evacuee 425 in triage category R is not assigned a helicopter
3450,244,evacuee,,Evacuee;425;in triage state;B;is at the evacuation site
3450,247,evacuee,outES,Evacuee 360 in triage category R is not assigned a helicopter
3450,247,evacuee,,Evacuee;360;in triage state;B;is at the evacuation site
3450,250,evacuee,outES,Evacuee 357 in triage category R is not assigned a helicopter
3450,250,evacuee,,Evacuee;357;in triage state;B;is at the evacuation site
3450,253,evacuee,outES,Evacuee 354 in triage category R is not assigned a helicopter
3450,253,evacuee,,Evacuee;354;in triage state;B;is at the evacuation site
3450,256,evacuee,outES,Evacuee 353 in triage category R is not assigned a helicopter
3450,256,evacuee,,Evacuee;353;in triage state;B;is at the evacuation site
3450,259,evacuee,outES,Evacuee 351 in triage category R is not assigned a helicopter
3450,259,evacuee,,Evacuee;351;in triage state;B;is at the evacuation site
3450,262,evacuee,outES,Evacuee 349 in triage category R is not assigned a helicopter
3450,262,evacuee,,Evacuee;349;in triage state;B;is at the evacuation site
3450,265,evacuee,outES,Evacuee 348 in triage category R is not assigned a helicopter
3450,265,evacuee,,Evacuee;348;in triage state;B;is at the evacuation site
3450,268,evacuee,outES,Evacuee 346 in triage category R is not assigned a helicopter
3450,268,evacuee,,Evacuee;346;in triage state;B;is at the evacuation site
3450,271,evacuee,outES,Evacuee 341 in triage category R is not assigned a helicopter
3450,271,evacuee,,Evacuee;341;in triage state;B;is at the evacuation site
3450,274,evacuee,outES,Evacuee 340 in triage category R is not assigned a helicopter
3450,274,evacuee,,Evacuee;340;in triage state;B;is at the evacuation site
3450,277,evacuee,outES,Evacuee 338 in triage category R is not assigned a helicopter
3450,277,evacuee,,Evacuee;338;in triage state;B;is at the evacuation site
3450,280,evacuee,outES,Evacuee 335 in triage category R is not assigned a helicopter
3450,280,evacuee,,Evacuee;335;in triage state;B;is at the evacuation site
3450,283,evacuee,outES,Evacuee 331 in triage category R is not assigned a helicopter
3450,283,evacuee,,Evacuee;331;in triage state;B;is at the evacuation site
3450,286,evacuee,outES,Evacuee 330 in triage category R is not assigned a helicopter
3450,286,evacuee,,Evacuee;330;in triage state;B;is at the evacuation site
3450,289,evacuee,outES,Evacuee 328 in triage category R is not assigned a helicopter
3450,289,evacuee,,Evacuee;328;in triage state;B;is at the evacuation site
3450,292,evacuee,outES,Evacuee 327 in triage category R is not assigned a helicopter
3450,292,evacuee,,Evacuee;327;in triage state;B;is at the evacuation site
3450,295,evacuee,outES,Evacuee 410 in triage category R is not assigned a helicopter
3450,295,evacuee,,Evacuee;410;in triage state;B;is at the evacuation site
3450,298,evacuee,outES,Evacuee 326 in triage category R is not assigned a helicopter
3450,298,evacuee,,Evacuee;326;in triage state;B;is at the evacuation site
3450,301,evacuee,outES,Evacuee 466 in triage category R is not assigned a helicopter
3450,301,evacuee,,Evacuee;466;in triage state;B;is at the evacuation site
3450,304,evacuee,outES,Evacuee 325 in triage category R is not assigned a helicopter
3450,304,evacuee,,Evacuee;325;in triage state;B;is at the evacuation site
3450,307,evacuee,outES,Evacuee 365 in triage category R is not assigned a helicopter
3450,307,evacuee,,Evacuee;365;in triage state;B;is at the evacuation site
3450,310,evacuee,outES,Evacuee 322 in triage category R is not assigned a helicopter
3450,310,evacuee,,Evacuee;322;in triage state;B;is at the evacuation site
3450,313,evacuee,outES,Evacuee 321 in triage category R is not assigned a helicopter
3450,313,evacuee,,Evacuee;321;in triage state;B;is at the evacuation site
3450,316,evacuee,outES,Evacuee 319 in triage category R is not assigned a helicopter
3450,316,evacuee,,Evacuee;319;in triage state;B;is at the evacuation site
3450,319,evacuee,outES,Evacuee 318 in triage category R is not assigned a helicopter
3450,319,evacuee,,Evacuee;318;in triage state;B;is at the evacuation site
3450,322,evacuee,outES,Evacuee 317 in triage category R is not assigned a helicopter
3450,322,evacuee,,Evacuee;317;in triage state;B;is at the evacuation site
3450,325,evacuee,outES,Evacuee 460 in triage category R is not assigned a helicopter
3450,325,evacuee,,Evacuee;460;in triage state;B;is at the evacuation site
3450,328,evacuee,outES,Evacuee 316 in triage category R is not assigned a helicopter
3450,328,evacuee,,Evacuee;316;in triage state;B;is at the evacuation site
3450,331,evacuee,outES,Evacuee 446 in triage category R is not assigned a helicopter
3450,331,evacuee,,Evacuee;446;in triage state;B;is at the evacuation site
3450,334,evacuee,outES,Evacuee 313 in triage category R is not assigned a helicopter
3450,334,evacuee,,Evacuee;313;in triage state;B;is at the evacuation site
3450,337,evacuee,outES,Evacuee 443 in triage category R is not assigned a helicopter
3450,337,evacuee,,Evacuee;443;in triage state;B;is at the evacuation site
3450,340,evacuee,outES,Evacuee 312 in triage category R is not assigned a helicopter
3450,340,evacuee,,Evacuee;312;in triage state;B;is at the evacuation site
3450,343,evacuee,outES,Evacuee 309 in triage category R is not assigned a helicopter
3450,343,evacuee,,Evacuee;309;in triage state;B;is at the evacuation site
3450,346,evacuee,outES,Evacuee 306 in triage category R is not assigned a helicopter
3450,346,evacuee,,Evacuee;306;in triage state;B;is at the evacuation site
3450,349,evacuee,outES,Evacuee 305 in triage category R is not assigned a helicopter
3450,349,evacuee,,Evacuee;305;in triage state;B;is at the evacuation site
3450,352,evacuee,outES,Evacuee 303 in triage category R is not assigned a helicopter
3450,352,evacuee,,Evacuee;303;in triage state;B;is at the evacuation site
3450,355,evacuee,outES,Evacuee 295 in triage category R is not assigned a helicopter
3450,355,evacuee,,Evacuee;295;in triage state;B;is at the evacuation site
3450,358,evacuee,outES,Evacuee 352 in triage category R is not assigned a helicopter
3450,358,evacuee,,Evacuee;352;in triage state;B;is at the evacuation site
3450,361,evacuee,outES,Evacuee 293 in triage category R is not assigned a helicopter
3450,361,evacuee,,Evacuee;293;in triage state;B;is at the evacuation site
3450,367,evacuee,outES,Evacuee 413 in triage category R is not assigned a helicopter
3450,367,evacuee,,Evacuee;413;in triage state;B;is at the evacuation site
3450,370,evacuee,outES,Evacuee 292 in triage category R is not assigned a helicopter
3450,370,evacuee,,Evacuee;292;in triage state;B;is at the evacuation site
3450,373,evacuee,outES,Evacuee 291 in triage category R is not assigned a helicopter
3450,373,evacuee,,Evacuee;291;in triage state;B;is at the evacuation site
3450,376,evacuee,outES,Evacuee 290 in triage category R is not assigned a helicopter
3450,376,evacuee,,Evacuee;290;in triage state;B;is at the evacuation site
3450,379,evacuee,outES,Evacuee 350 in triage category R is not assigned a helicopter
3450,379,evacuee,,Evacuee;350;in triage state;B;is at the evacuation site
3450,382,evacuee,outES,Evacuee 288 in triage category R is not assigned a helicopter
3450,382,evacuee,,Evacuee;288;in triage state;B;is at the evacuation site
3450,385,evacuee,outES,Evacuee 287 in triage category R is not assigned a helicopter
3450,385,evacuee,,Evacuee;287;in triage state;B;is at the evacuation site
3450,388,evacuee,outES,Evacuee 415 in triage category R is not assigned a helicopter
3450,388,evacuee,,Evacuee;415;in triage state;B;is at the evacuation site
3450,391,evacuee,outES,Evacuee 376 in triage category R is not assigned a helicopter
3450,391,evacuee,,Evacuee;376;in triage state;B;is at the evacuation site
3450,394,evacuee,outES,Evacuee 284 in triage category R is not assigned a helicopter
3450,394,evacuee,,Evacuee;284;in triage state;B;is at the evacuation site
3450,397,evacuee,outES,Evacuee 283 in triage category R is not assigned a helicopter
3450,397,evacuee,,Evacuee;283;in triage state;B;is at the evacuation site
3450,400,evacuee,outES,Evacuee 282 in triage category R is not assigned a helicopter
3450,400,evacuee,,Evacuee;282;in triage state;B;is at the evacuation site
3450,403,evacuee,outES,Evacuee 281 in triage category R is not assigned a helicopter
3450,403,evacuee,,Evacuee;281;in triage state;B;is at the evacuation site
3450,406,evacuee,outES,Evacuee 280 in triage category R is not assigned a helicopter
3450,406,evacuee,,Evacuee;280;in triage state;B;is at the evacuation site
3450,409,evacuee,outES,Evacuee 333 in triage category R is not assigned a helicopter
3450,409,evacuee,,Evacuee;333;in triage state;B;is at the evacuation site
3450,412,evacuee,outES,Evacuee 279 in triage category R is not assigned a helicopter
3450,412,evacuee,,Evacuee;279;in triage state;B;is at the evacuation site
3450,415,evacuee,outES,Evacuee 278 in triage category R is not assigned a helicopter
3450,415,evacuee,,Evacuee;278;in triage state;B;is at the evacuation site
3450,418,evacuee,outES,Evacuee 277 in triage category R is not assigned a helicopter
3450,418,evacuee,,Evacuee;277;in triage state;B;is at the evacuation site
3450,421,evacuee,outES,Evacuee 315 in triage category R is not assigned a helicopter
3450,421,evacuee,,Evacuee;315;in triage state;B;is at the evacuation site
3450,424,evacuee,outES,Evacuee 274 in triage category R is not assigned a helicopter
3450,424,evacuee,,Evacuee;274;in triage state;B;is at the evacuation site
3450,427,evacuee,outES,Evacuee 273 in triage category R is not assigned a helicopter
3450,427,evacuee,,Evacuee;273;in triage state;B;is at the evacuation site
3450,430,evacuee,outES,Evacuee 337 in triage category R is not assigned a helicopter
3450,430,evacuee,,Evacuee;337;in triage state;B;is at the evacuation site
3450,433,evacuee,outES,Evacuee 301 in triage category R is not assigned a helicopter
3450,433,evacuee,,Evacuee;301;in triage state;B;is at the evacuation site
3450,436,evacuee,outES,Evacuee 272 in triage category R is not assigned a helicopter
3450,436,evacuee,,Evacuee;272;in triage state;B;is at the evacuation site
3450,439,evacuee,outES,Evacuee 270 in triage category R is not assigned a helicopter
3450,439,evacuee,,Evacuee;270;in triage state;B;is at the evacuation site
3450,442,evacuee,outES,Evacuee 264 in triage category R is not assigned a helicopter
3450,442,evacuee,,Evacuee;264;in triage state;B;is at the evacuation site
3450,445,evacuee,outES,Evacuee 262 in triage category R is not assigned a helicopter
3450,445,evacuee,,Evacuee;262;in triage state;B;is at the evacuation site
3450,448,evacuee,outES,Evacuee 260 in triage category R is not assigned a helicopter
3450,448,evacuee,,Evacuee;260;in triage state;B;is at the evacuation site
3450,451,evacuee,outES,Evacuee 259 in triage category R is not assigned a helicopter
3450,451,evacuee,,Evacuee;259;in triage state;B;is at the evacuation site
3450,454,evacuee,outES,Evacuee 125 in triage category R is not assigned a helicopter
3450,454,evacuee,,Evacuee;125;in triage state;B;is at the evacuation site
3450,457,evacuee,outES,Evacuee 114 in triage category R is not assigned a helicopter
3450,457,evacuee,,Evacuee;114;in triage state;B;is at the evacuation site
3450,460,evacuee,outES,Evacuee 289 in triage category R is not assigned a helicopter
3450,460,evacuee,,Evacuee;289;in triage state;B;is at the evacuation site
3450,463,evacuee,outES,Evacuee 88 in triage category R is not assigned a helicopter
3450,463,evacuee,,Evacuee;88;in triage state;B;is at the evacuation site
3450,466,evacuee,outES,Evacuee 449 in triage category R is not assigned a helicopter
3450,466,evacuee,,Evacuee;449;in triage state;B;is at the evacuation site
3450,469,evacuee,outES,Evacuee 122 in triage category R is not assigned a helicopter
3450,469,evacuee,,Evacuee;122;in triage state;B;is at the evacuation site
3450,472,evacuee,outES,Evacuee 108 in triage category R is not assigned a helicopter
3450,472,evacuee,,Evacuee;108;in triage state;B;is at the evacuation site
3450,475,evacuee,outES,Evacuee 276 in triage category R is not assigned a helicopter
3450,475,evacuee,,Evacuee;276;in triage state;B;is at the evacuation site
3450,478,evacuee,outES,Evacuee 121 in triage category R is not assigned a helicopter
3450,478,evacuee,,Evacuee;121;in triage state;B;is at the evacuation site
3450,481,evacuee,outES,Evacuee 386 in triage category R is not assigned a helicopter
3450,481,evacuee,,Evacuee;386;in triage state;B;is at the evacuation site
3450,484,evacuee,outES,Evacuee 117 in triage category R is not assigned a helicopter
3450,484,evacuee,,Evacuee;117;in triage state;B;is at the evacuation site
3450,487,evacuee,outES,Evacuee 192 in triage category R is not assigned a helicopter
3450,487,evacuee,,Evacuee;192;in triage state;B;is at the evacuation site
3450,490,evacuee,outES,Evacuee 432 in triage category R is not assigned a helicopter
3450,490,evacuee,,Evacuee;432;in triage state;B;is at the evacuation site
3450,493,evacuee,outES,Evacuee 245 in triage category R is not assigned a helicopter
3450,493,evacuee,,Evacuee;245;in triage state;B;is at the evacuation site
3450,496,evacuee,outES,Evacuee 310 in triage category R is not assigned a helicopter
3450,496,evacuee,,Evacuee;310;in triage state;B;is at the evacuation site
3450,499,evacuee,outES,Evacuee 118 in triage category R is not assigned a helicopter
3450,499,evacuee,,Evacuee;118;in triage state;B;is at the evacuation site
3450,505,evacuee,outES,Evacuee 470 in triage category R is not assigned a helicopter
3450,505,evacuee,,Evacuee;470;in triage state;B;is at the evacuation site
3450,508,evacuee,outES,Evacuee 469 in triage category R is not assigned a helicopter
3450,508,evacuee,,Evacuee;469;in triage state;B;is at the evacuation site
3450,511,evacuee,outES,Evacuee 215 in triage category R is not assigned a helicopter
3450,511,evacuee,,Evacuee;215;in triage state;B;is at the evacuation site
3450,514,evacuee,outES,Evacuee 345 in triage category R is not assigned a helicopter
3450,514,evacuee,,Evacuee;345;in triage state;B;is at the evacuation site
3450,517,evacuee,outES,Evacuee 302 in triage category R is not assigned a helicopter
3450,517,evacuee,,Evacuee;302;in triage state;B;is at the evacuation site
3450,520,evacuee,outES,Evacuee 112 in triage category R is not assigned a helicopter
3450,520,evacuee,,Evacuee;112;in triage state;B;is at the evacuation site
3450,523,evacuee,outES,Evacuee 299 in triage category R is not assigned a helicopter
3450,523,evacuee,,Evacuee;299;in triage state;B;is at the evacuation site
3450,526,evacuee,outES,Evacuee 109 in triage category R is not assigned a helicopter
3450,526,evacuee,,Evacuee;109;in triage state;B;is at the evacuation site
3450,529,evacuee,outES,Evacuee 373 in triage category R is not assigned a helicopter
3450,529,evacuee,,Evacuee;373;in triage state;B;is at the evacuation site
3450,532,evacuee,outES,Evacuee 358 in triage category R is not assigned a helicopter
3450,532,evacuee,,Evacuee;358;in triage state;B;is at the evacuation site
3450,535,evacuee,outES,Evacuee 188 in triage category R is not assigned a helicopter
3450,535,evacuee,,Evacuee;188;in triage state;B;is at the evacuation site
3450,538,evacuee,outES,Evacuee 106 in triage category R is not assigned a helicopter
3450,538,evacuee,,Evacuee;106;in triage state;B;is at the evacuation site
3450,541,evacuee,outES,Evacuee 311 in triage category R is not assigned a helicopter
3450,541,evacuee,,Evacuee;311;in triage state;B;is at the evacuation site
3450,544,evacuee,outES,Evacuee 148 in triage category R is not assigned a helicopter
3450,544,evacuee,,Evacuee;148;in triage state;B;is at the evacuation site
3450,547,evacuee,outES,Evacuee 235 in triage category R is not assigned a helicopter
3450,547,evacuee,,Evacuee;235;in triage state;B;is at the evacuation site
3450,550,evacuee,outES,Evacuee 105 in triage category R is not assigned a helicopter
3450,550,evacuee,,Evacuee;105;in triage state;B;is at the evacuation site
3450,553,evacuee,outES,Evacuee 424 in triage category R is not assigned a helicopter
3450,553,evacuee,,Evacuee;424;in triage state;B;is at the evacuation site
3450,556,evacuee,outES,Evacuee 269 in triage category R is not assigned a helicopter
3450,556,evacuee,,Evacuee;269;in triage state;B;is at the evacuation site
3450,559,evacuee,outES,Evacuee 103 in triage category R is not assigned a helicopter
3450,559,evacuee,,Evacuee;103;in triage state;B;is at the evacuation site
3450,562,evacuee,outES,Evacuee 124 in triage category R is not assigned a helicopter
3450,562,evacuee,,Evacuee;124;in triage state;B;is at the evacuation site
3450,565,evacuee,outES,Evacuee 111 in triage category R is not assigned a helicopter
3450,565,evacuee,,Evacuee;111;in triage state;B;is at the evacuation site
3450,571,evacuee,outES,Evacuee 228 in triage category R is not assigned a helicopter
3450,571,evacuee,,Evacuee;228;in triage state;B;is at the evacuation site
3450,577,evacuee,outES,Evacuee 101 in triage category R is not assigned a helicopter
3450,577,evacuee,,Evacuee;101;in triage state;B;is at the evacuation site
3450,580,evacuee,outES,Evacuee 142 in triage category R is not assigned a helicopter
3450,580,evacuee,,Evacuee;142;in triage state;B;is at the evacuation site
3450,583,evacuee,outES,Evacuee 99 in triage category R is not assigned a helicopter
3450,583,evacuee,,Evacuee;99;in triage state;B;is at the evacuation site
3450,589,evacuee,outES,Evacuee 324 in triage category R is not assigned a helicopter
3450,589,evacuee,,Evacuee;324;in triage state;B;is at the evacuation site
3450,592,evacuee,outES,Evacuee 95 in triage category R is not assigned a helicopter
3450,592,evacuee,,Evacuee;95;in triage state;B;is at the evacuation site
3450,595,evacuee,outES,Evacuee 447 in triage category R is not assigned a helicopter
3450,595,evacuee,,Evacuee;447;in triage state;B;is at the evacuation site
3450,598,evacuee,outES,Evacuee 361 in triage category R is not assigned a helicopter
3450,598,evacuee,,Evacuee;361;in triage state;B;is at the evacuation site
3450,601,evacuee,outES,Evacuee 342 in triage category R is not assigned a helicopter
3450,601,evacuee,,Evacuee;342;in triage state;B;is at the evacuation site
3450,604,evacuee,outES,Evacuee 93 in triage category R is not assigned a helicopter
3450,604,evacuee,,Evacuee;93;in triage state;B;is at the evacuation site
3450,607,evacuee,outES,Evacuee 136 in triage category R is not assigned a helicopter
3450,607,evacuee,,Evacuee;136;in triage state;B;is at the evacuation site
3450,610,evacuee,outES,Evacuee 412 in triage category R is not assigned a helicopter
3450,610,evacuee,,Evacuee;412;in triage state;B;is at the evacuation site
3450,613,evacuee,outES,Evacuee 90 in triage category R is not assigned a helicopter
3450,613,evacuee,,Evacuee;90;in triage state;B;is at the evacuation site
3450,619,evacuee,outES,Evacuee 83 in triage category R is not assigned a helicopter
3450,619,evacuee,,Evacuee;83;in triage state;B;is at the evacuation site
3450,622,evacuee,outES,Evacuee 127 in triage category R is not assigned a helicopter
3450,622,evacuee,,Evacuee;127;in triage state;B;is at the evacuation site
3450,628,evacuee,outES,Evacuee 87 in triage category R is not assigned a helicopter
3450,628,evacuee,,Evacuee;87;in triage state;B;is at the evacuation site
3450,631,evacuee,outES,Evacuee 297 in triage category R is not assigned a helicopter
3450,631,evacuee,,Evacuee;297;in triage state;B;is at the evacuation site
3450,634,evacuee,outES,Evacuee 86 in triage category R is not assigned a helicopter
3450,634,evacuee,,Evacuee;86;in triage state;B;is at the evacuation site
3450,640,evacuee,outES,Evacuee 444 in triage category R is not assigned a helicopter
3450,640,evacuee,,Evacuee;444;in triage state;B;is at the evacuation site
3450,649,evacuee,outES,Evacuee 115 in triage category R is not assigned a helicopter
3450,649,evacuee,,Evacuee;115;in triage state;B;is at the evacuation site
3450,652,evacuee,outES,Evacuee 98 in triage category R is not assigned a helicopter
3450,652,evacuee,,Evacuee;98;in triage state;B;is at the evacuation site
3450,655,evacuee,outES,Evacuee 356 in triage category R is not assigned a helicopter
3450,655,evacuee,,Evacuee;356;in triage state;B;is at the evacuation site
3450,661,evacuee,outES,Evacuee 213 in triage category R is not assigned a helicopter
3450,661,evacuee,,Evacuee;213;in triage state;B;is at the evacuation site
3450,664,evacuee,outES,Evacuee 344 in triage category R is not assigned a helicopter
3450,664,evacuee,,Evacuee;344;in triage state;B;is at the evacuation site
3450,670,evacuee,outES,Evacuee 156 in triage category R is not assigned a helicopter
3450,670,evacuee,,Evacuee;156;in triage state;B;is at the evacuation site
3450,673,evacuee,outES,Evacuee 300 in triage category R is not assigned a helicopter
3450,673,evacuee,,Evacuee;300;in triage state;B;is at the evacuation site
3450,676,evacuee,outES,Evacuee 165 in triage category R is not assigned a helicopter
3450,676,evacuee,,Evacuee;165;in triage state;B;is at the evacuation site
3450,679,evacuee,outES,Evacuee 454 in triage category R is not assigned a helicopter
3450,679,evacuee,,Evacuee;454;in triage state;B;is at the evacuation site
3450,682,evacuee,outES,Evacuee 440 in triage category R is not assigned a helicopter
3450,682,evacuee,,Evacuee;440;in triage state;B;is at the evacuation site
3450,688,evacuee,outES,Evacuee 431 in triage category R is not assigned a helicopter
3450,688,evacuee,,Evacuee;431;in triage state;B;is at the evacuation site
3450,694,evacuee,outES,Evacuee 363 in triage category R is not assigned a helicopter
3450,694,evacuee,,Evacuee;363;in triage state;B;is at the evacuation site
3450,697,evacuee,outES,Evacuee 251 in triage category R is not assigned a helicopter
3450,697,evacuee,,Evacuee;251;in triage state;B;is at the evacuation site
3450,700,evacuee,outES,Evacuee 134 in triage category R is not assigned a helicopter
3450,700,evacuee,,Evacuee;134;in triage state;B;is at the evacuation site
3450,703,evacuee,outES,Evacuee 199 in triage category R is not assigned a helicopter
3450,703,evacuee,,Evacuee;199;in triage state;B;is at the evacuation site
3450,712,evacuee,outES,Evacuee 223 in triage category R is not assigned a helicopter
3450,712,evacuee,,Evacuee;223;in triage state;B;is at the evacuation site
3450,715,evacuee,outES,Evacuee 465 in triage category R is not assigned a helicopter
3450,715,evacuee,,Evacuee;465;in triage state;B;is at the evacuation site
3450,721,evacuee,outES,Evacuee 385 in triage category R is not assigned a helicopter
3450,721,evacuee,,Evacuee;385;in triage state;B;is at the evacuation site
3450,724,evacuee,outES,Evacuee 181 in triage category R is not assigned a helicopter
3450,724,evacuee,,Evacuee;181;in triage state;B;is at the evacuation site
3450,727,evacuee,outES,Evacuee 135 in triage category R is not assigned a helicopter
3450,727,evacuee,,Evacuee;135;in triage state;B;is at the evacuation site
3450,733,evacuee,outES,Evacuee 474 in triage category R is not assigned a helicopter
3450,733,evacuee,,Evacuee;474;in triage state;B;is at the evacuation site
3450,742,evacuee,outES,Evacuee 179 in triage category R is not assigned a helicopter
3450,742,evacuee,,Evacuee;179;in triage state;B;is at the evacuation site
3450,745,evacuee,outES,Evacuee 147 in triage category R is not assigned a helicopter
3450,745,evacuee,,Evacuee;147;in triage state;B;is at the evacuation site
3450,754,evacuee,outES,Evacuee 218 in triage category R is not assigned a helicopter
3450,754,evacuee,,Evacuee;218;in triage state;B;is at the evacuation site
3450,757,evacuee,outES,Evacuee 453 in triage category R is not assigned a helicopter
3450,757,evacuee,,Evacuee;453;in triage state;B;is at the evacuation site
3450,760,evacuee,outES,Evacuee 285 in triage category R is not assigned a helicopter
3450,760,evacuee,,Evacuee;285;in triage state;B;is at the evacuation site
3450,763,evacuee,outES,Evacuee 89 in triage category R is not assigned a helicopter
3450,763,evacuee,,Evacuee;89;in triage state;B;is at the evacuation site
3450,766,evacuee,outES,Evacuee 394 in triage category R is not assigned a helicopter
3450,766,evacuee,,Evacuee;394;in triage state;B;is at the evacuation site
3450,769,evacuee,outES,Evacuee 240 in triage category R is not assigned a helicopter
3450,769,evacuee,,Evacuee;240;in triage state;B;is at the evacuation site
3450,775,evacuee,outES,Evacuee 355 in triage category R is not assigned a helicopter
3450,775,evacuee,,Evacuee;355;in triage state;B;is at the evacuation site
3450,781,evacuee,outES,Evacuee 200 in triage category R is not assigned a helicopter
3450,781,evacuee,,Evacuee;200;in triage state;B;is at the evacuation site
3450,784,evacuee,outES,Evacuee 255 in triage category R is not assigned a helicopter
3450,784,evacuee,,Evacuee;255;in triage state;B;is at the evacuation site
3450,790,evacuee,outES,Evacuee 368 in triage category R is not assigned a helicopter
3450,790,evacuee,,Evacuee;368;in triage state;B;is at the evacuation site
3450,796,evacuee,outES,Evacuee 387 in triage category R is not assigned a helicopter
3450,796,evacuee,,Evacuee;387;in triage state;B;is at the evacuation site
3450,799,evacuee,outES,Evacuee 246 in triage category R is not assigned a helicopter
3450,799,evacuee,,Evacuee;246;in triage state;B;is at the evacuation site
3450,802,evacuee,outES,Evacuee 220 in triage category R is not assigned a helicopter
3450,802,evacuee,,Evacuee;220;in triage state;B;is at the evacuation site
3450,805,evacuee,outES,Evacuee 173 in triage category R is not assigned a helicopter
3450,805,evacuee,,Evacuee;173;in triage state;B;is at the evacuation site
3450,808,evacuee,outES,Evacuee 157 in triage category R is not assigned a helicopter
3450,808,evacuee,,Evacuee;157;in triage state;B;is at the evacuation site
3450,811,evacuee,outES,Evacuee 451 in triage category R is not assigned a helicopter
3450,811,evacuee,,Evacuee;451;in triage state;B;is at the evacuation site
3450,814,evacuee,outES,Evacuee 359 in triage category R is not assigned a helicopter
3450,814,evacuee,,Evacuee;359;in triage state;B;is at the evacuation site
3450,817,evacuee,outES,Evacuee 286 in triage category R is not assigned a helicopter
3450,817,evacuee,,Evacuee;286;in triage state;B;is at the evacuation site
3450,820,evacuee,outES,Evacuee 196 in triage category R is not assigned a helicopter
3450,820,evacuee,,Evacuee;196;in triage state;B;is at the evacuation site
3450,823,evacuee,outES,Evacuee 407 in triage category R is not assigned a helicopter
3450,823,evacuee,,Evacuee;407;in triage state;B;is at the evacuation site
3450,826,evacuee,outES,Evacuee 132 in triage category R is not assigned a helicopter
3450,826,evacuee,,Evacuee;132;in triage state;B;is at the evacuation site
3450,841,evacuee,outES,Evacuee 271 in triage category R is not assigned a helicopter
3450,841,evacuee,,Evacuee;271;in triage state;B;is at the evacuation site
3450,850,evacuee,outES,Evacuee 334 in triage category R is not assigned a helicopter
3450,850,evacuee,,Evacuee;334;in triage state;B;is at the evacuation site
3450,859,evacuee,outES,Evacuee 250 in triage category R is not assigned a helicopter
3450,859,evacuee,,Evacuee;250;in triage state;B;is at the evacuation site
3450,862,evacuee,outES,Evacuee 107 in triage category R is not assigned a helicopter
3450,862,evacuee,,Evacuee;107;in triage state;B;is at the evacuation site
3450,865,evacuee,outES,Evacuee 229 in triage category R is not assigned a helicopter
3450,865,evacuee,,Evacuee;229;in triage state;B;is at the evacuation site
3450,868,evacuee,outES,Evacuee 110 in triage category R is not assigned a helicopter
3450,868,evacuee,,Evacuee;110;in triage state;B;is at the evacuation site
3450,871,evacuee,outES,Evacuee 141 in triage category R is not assigned a helicopter
3450,871,evacuee,,Evacuee;141;in triage state;B;is at the evacuation site
3450,874,evacuee,outES,Evacuee 133 in triage category R is not assigned a helicopter
3450,874,evacuee,,Evacuee;133;in triage state;B;is at the evacuation site
3450,880,evacuee,outES,Evacuee 473 in triage category R is not assigned a helicopter
3450,880,evacuee,,Evacuee;473;in triage state;B;is at the evacuation site
3450,883,evacuee,outES,Evacuee 400 in triage category R is not assigned a helicopter
3450,883,evacuee,,Evacuee;400;in triage state;B;is at the evacuation site
3450,886,evacuee,outES,Evacuee 268 in triage category R is not assigned a helicopter
3450,886,evacuee,,Evacuee;268;in triage state;B;is at the evacuation site
3450,889,evacuee,outES,Evacuee 100 in triage category R is not assigned a helicopter
3450,889,evacuee,,Evacuee;100;in triage state;B;is at the evacuation site
3450,895,evacuee,outES,Evacuee 158 in triage category R is not assigned a helicopter
3450,895,evacuee,,Evacuee;158;in triage state;B;is at the evacuation site
3450,898,evacuee,outES,Evacuee 187 in triage category R is not assigned a helicopter
3450,898,evacuee,,Evacuee;187;in triage state;B;is at the evacuation site
3450,901,evacuee,outES,Evacuee 85 in triage category R is not assigned a helicopter
3450,901,evacuee,,Evacuee;85;in triage state;B;is at the evacuation site
3450,910,evacuee,outES,Evacuee 332 in triage category R is not assigned a helicopter
3450,910,evacuee,,Evacuee;332;in triage state;B;is at the evacuation site
3450,913,evacuee,outES,Evacuee 81 in triage category R is not assigned a helicopter
3450,913,evacuee,,Evacuee;81;in triage state;B;is at the evacuation site
3450,916,evacuee,outES,Evacuee 104 in triage category R is not assigned a helicopter
3450,916,evacuee,,Evacuee;104;in triage state;B;is at the evacuation site
3450,922,evacuee,outES,Evacuee 97 in triage category R is not assigned a helicopter
3450,922,evacuee,,Evacuee;97;in triage state;B;is at the evacuation site
3450,928,evacuee,outES,Evacuee 172 in triage category R is not assigned a helicopter
3450,928,evacuee,,Evacuee;172;in triage state;B;is at the evacuation site
3450,931,evacuee,outES,Evacuee 256 in triage category R is not assigned a helicopter
3450,931,evacuee,,Evacuee;256;in triage state;B;is at the evacuation site
3450,934,evacuee,outES,Evacuee 119 in triage category R is not assigned a helicopter
3450,934,evacuee,,Evacuee;119;in triage state;B;is at the evacuation site
3450,940,evacuee,outES,Evacuee 347 in triage category R is not assigned a helicopter
3450,940,evacuee,,Evacuee;347;in triage state;B;is at the evacuation site
3450,943,evacuee,outES,Evacuee 82 in triage category R is not assigned a helicopter
3450,943,evacuee,,Evacuee;82;in triage state;B;is at the evacuation site
3450,952,evacuee,outES,Evacuee 92 in triage category R is not assigned a helicopter
3450,952,evacuee,,Evacuee;92;in triage state;B;is at the evacuation site
3450,958,evacuee,outES,Evacuee 150 in triage category R is not assigned a helicopter
3450,958,evacuee,,Evacuee;150;in triage state;B;is at the evacuation site
3450,967,evacuee,outES,Evacuee 343 in triage category R is not assigned a helicopter
3450,967,evacuee,,Evacuee;343;in triage state;B;is at the evacuation site
3450,970,evacuee,outES,Evacuee 241 in triage category R is not assigned a helicopter
3450,970,evacuee,,Evacuee;241;in triage state;B;is at the evacuation site
3450,973,evacuee,outES,Evacuee 418 in triage category R is not assigned a helicopter
3450,973,evacuee,,Evacuee;418;in triage state;B;is at the evacuation site
3450,985,evacuee,outES,Evacuee 209 in triage category R is not assigned a helicopter
3450,985,evacuee,,Evacuee;209;in triage state;B;is at the evacuation site
3450,988,evacuee,outES,Evacuee 402 in triage category R is not assigned a helicopter
3450,988,evacuee,,Evacuee;402;in triage state;B;is at the evacuation site
3450,991,evacuee,outES,Evacuee 320 in triage category R is not assigned a helicopter
3450,991,evacuee,,Evacuee;320;in triage state;B;is at the evacuation site
3450,994,evacuee,outES,Evacuee 116 in triage category R is not assigned a helicopter
3450,994,evacuee,,Evacuee;116;in triage state;B;is at the evacuation site
3450,1006,evacuee,outES,Evacuee 304 in triage category R is not assigned a helicopter
3450,1006,evacuee,,Evacuee;304;in triage state;B;is at the evacuation site
3450,1009,evacuee,outES,Evacuee 154 in triage category R is not assigned a helicopter
3450,1009,evacuee,,Evacuee;154;in triage state;B;is at the evacuation site
3450,1012,evacuee,outES,Evacuee 421 in triage category R is not assigned a helicopter
3450,1012,evacuee,,Evacuee;421;in triage state;B;is at the evacuation site
3450,1015,evacuee,outES,Evacuee 405 in triage category R is not assigned a helicopter
3450,1015,evacuee,,Evacuee;405;in triage state;B;is at the evacuation site
3450,1048,evacuee,outES,Evacuee 429 in triage category R is not assigned a helicopter
3450,1048,evacuee,,Evacuee;429;in triage state;B;is at the evacuation site
3450,1051,evacuee,outES,Evacuee 102 in triage category R is not assigned a helicopter
3450,1051,evacuee,,Evacuee;102;in triage state;B;is at the evacuation site
3450,1054,evacuee,outES,Evacuee 160 in triage category R is not assigned a helicopter
3450,1054,evacuee,,Evacuee;160;in triage state;B;is at the evacuation site
3450,1063,evacuee,outES,Evacuee 155 in triage category R is not assigned a helicopter
3450,1063,evacuee,,Evacuee;155;in triage state;B;is at the evacuation site
3450,1069,evacuee,outES,Evacuee 198 in triage category R is not assigned a helicopter
3450,1069,evacuee,,Evacuee;198;in triage state;B;is at the evacuation site
3450,1072,evacuee,outES,Evacuee 84 in triage category R is not assigned a helicopter
3450,1072,evacuee,,Evacuee;84;in triage state;B;is at the evacuation site
3450,1078,evacuee,outES,Evacuee 91 in triage category R is not assigned a helicopter
3450,1078,evacuee,,Evacuee;91;in triage state;B;is at the evacuation site
3450,1087,evacuee,outES,Evacuee 336 in triage category R is not assigned a helicopter
3450,1087,evacuee,,Evacuee;336;in triage state;B;is at the evacuation site
3450,1090,evacuee,outES,Evacuee 307 in triage category R is not assigned a helicopter
3450,1090,evacuee,,Evacuee;307;in triage state;B;is at the evacuation site
3450,1093,evacuee,outES,Evacuee 212 in triage category R is not assigned a helicopter
3450,1093,evacuee,,Evacuee;212;in triage state;B;is at the evacuation site
3450,1096,evacuee,outES,Evacuee 391 in triage category R is not assigned a helicopter
3450,1096,evacuee,,Evacuee;391;in triage state;B;is at the evacuation site
3450,1099,evacuee,outES,Evacuee 388 in triage category R is not assigned a helicopter
3450,1099,evacuee,,Evacuee;388;in triage state;B;is at the evacuation site
3450,1108,evacuee,outES,Evacuee 144 in triage category R is not assigned a helicopter
3450,1108,evacuee,,Evacuee;144;in triage state;B;is at the evacuation site
3450,1117,evacuee,outES,Evacuee 182 in triage category R is not assigned a helicopter
3450,1117,evacuee,,Evacuee;182;in triage state;B;is at the evacuation site
3450,1123,evacuee,outES,Evacuee 266 in triage category R is not assigned a helicopter
3450,1123,evacuee,,Evacuee;266;in triage state;B;is at the evacuation site
3450,1126,evacuee,outES,Evacuee 120 in triage category R is not assigned a helicopter
3450,1126,evacuee,,Evacuee;120;in triage state;B;is at the evacuation site
3450,1133,evacuee,outES,Evacuee 94 in triage category R is not assigned a helicopter
3450,1133,evacuee,,Evacuee;94;in triage state;B;is at the evacuation site
3450,1139,evacuee,outES,Evacuee 175 in triage category R is not assigned a helicopter
3450,1139,evacuee,,Evacuee;175;in triage state;B;is at the evacuation site
3450,1148,evacuee,outES,Evacuee 367 in triage category R is not assigned a helicopter
3450,1148,evacuee,,Evacuee;367;in triage state;B;is at the evacuation site
3450,1151,evacuee,outES,Evacuee 364 in triage category R is not assigned a helicopter
3450,1151,evacuee,,Evacuee;364;in triage state;B;is at the evacuation site
3450,1154,evacuee,outES,Evacuee 208 in triage category R is not assigned a helicopter
3450,1154,evacuee,,Evacuee;208;in triage state;B;is at the evacuation site
3450,1160,evacuee,outES,Evacuee 231 in triage category R is not assigned a helicopter
3450,1160,evacuee,,Evacuee;231;in triage state;B;is at the evacuation site
3450,1163,evacuee,outES,Evacuee 261 in triage category R is not assigned a helicopter
3450,1163,evacuee,,Evacuee;261;in triage state;B;is at the evacuation site
3450,1173,evacuee,outES,Evacuee 263 in triage category R is not assigned a helicopter
3450,1173,evacuee,,Evacuee;263;in triage state;B;is at the evacuation site
3450,1176,evacuee,outES,Evacuee 190 in triage category R is not assigned a helicopter
3450,1176,evacuee,,Evacuee;190;in triage state;B;is at the evacuation site
3450,1179,evacuee,outES,Evacuee 128 in triage category R is not assigned a helicopter
3450,1179,evacuee,,Evacuee;128;in triage state;B;is at the evacuation site
3450,1182,evacuee,outES,Evacuee 416 in triage category R is not assigned a helicopter
3450,1182,evacuee,,Evacuee;416;in triage state;B;is at the evacuation site
3450,1185,evacuee,outES,Evacuee 129 in triage category R is not assigned a helicopter
3450,1185,evacuee,,Evacuee;129;in triage state;B;is at the evacuation site
3450,1188,evacuee,outES,Evacuee 308 in triage category R is not assigned a helicopter
3450,1188,evacuee,,Evacuee;308;in triage state;B;is at the evacuation site
3450,1191,evacuee,outES,Evacuee 131 in triage category R is not assigned a helicopter
3450,1191,evacuee,,Evacuee;131;in triage state;B;is at the evacuation site
3450,1194,evacuee,outES,Evacuee 137 in triage category R is not assigned a helicopter
3450,1194,evacuee,,Evacuee;137;in triage state;B;is at the evacuation site
3450,1197,evacuee,outES,Evacuee 138 in triage category R is not assigned a helicopter
3450,1197,evacuee,,Evacuee;138;in triage state;B;is at the evacuation site
3450,1200,evacuee,outES,Evacuee 265 in triage category R is not assigned a helicopter
3450,1200,evacuee,,Evacuee;265;in triage state;B;is at the evacuation site
3450,1203,evacuee,outES,Evacuee 139 in triage category R is not assigned a helicopter
3450,1203,evacuee,,Evacuee;139;in triage state;B;is at the evacuation site
3450,1206,evacuee,outES,Evacuee 194 in triage category R is not assigned a helicopter
3450,1206,evacuee,,Evacuee;194;in triage state;B;is at the evacuation site
3450,1209,evacuee,outES,Evacuee 140 in triage category R is not assigned a helicopter
3450,1209,evacuee,,Evacuee;140;in triage state;B;is at the evacuation site
3450,1212,evacuee,outES,Evacuee 130 in triage category R is not assigned a helicopter
3450,1212,evacuee,,Evacuee;130;in triage state;B;is at the evacuation site
3450,1215,evacuee,outES,Evacuee 143 in triage category R is not assigned a helicopter
3450,1215,evacuee,,Evacuee;143;in triage state;B;is at the evacuation site
3450,1218,evacuee,outES,Evacuee 149 in triage category R is not assigned a helicopter
3450,1218,evacuee,,Evacuee;149;in triage state;B;is at the evacuation site
3450,1221,evacuee,outES,Evacuee 296 in triage category R is not assigned a helicopter
3450,1221,evacuee,,Evacuee;296;in triage state;B;is at the evacuation site
3450,1224,evacuee,outES,Evacuee 151 in triage category R is not assigned a helicopter
3450,1224,evacuee,,Evacuee;151;in triage state;B;is at the evacuation site
3450,1227,evacuee,outES,Evacuee 222 in triage category R is not assigned a helicopter
3450,1227,evacuee,,Evacuee;222;in triage state;B;is at the evacuation site
3450,1230,evacuee,outES,Evacuee 152 in triage category R is not assigned a helicopter
3450,1230,evacuee,,Evacuee;152;in triage state;B;is at the evacuation site
3450,1233,evacuee,outES,Evacuee 153 in triage category R is not assigned a helicopter
3450,1233,evacuee,,Evacuee;153;in triage state;B;is at the evacuation site
3450,1239,evacuee,outES,Evacuee 123 in triage category R is not assigned a helicopter
3450,1239,evacuee,,Evacuee;123;in triage state;B;is at the evacuation site
3450,1242,evacuee,outES,Evacuee 159 in triage category R is not assigned a helicopter
3450,1242,evacuee,,Evacuee;159;in triage state;B;is at the evacuation site
3450,1245,evacuee,outES,Evacuee 161 in triage category R is not assigned a helicopter
3450,1245,evacuee,,Evacuee;161;in triage state;B;is at the evacuation site
3450,1251,evacuee,outES,Evacuee 126 in triage category R is not assigned a helicopter
3450,1251,evacuee,,Evacuee;126;in triage state;B;is at the evacuation site
3450,1254,evacuee,outES,Evacuee 234 in triage category R is not assigned a helicopter
3450,1254,evacuee,,Evacuee;234;in triage state;B;is at the evacuation site
3450,1257,evacuee,outES,Evacuee 162 in triage category R is not assigned a helicopter
3450,1257,evacuee,,Evacuee;162;in triage state;B;is at the evacuation site
3450,1260,evacuee,outES,Evacuee 163 in triage category R is not assigned a helicopter
3450,1260,evacuee,,Evacuee;163;in triage state;B;is at the evacuation site
3450,1263,evacuee,outES,Evacuee 166 in triage category R is not assigned a helicopter
3450,1263,evacuee,,Evacuee;166;in triage state;B;is at the evacuation site
3450,1269,evacuee,outES,Evacuee 242 in triage category R is not assigned a helicopter
3450,1269,evacuee,,Evacuee;242;in triage state;B;is at the evacuation site
3450,1272,evacuee,outES,Evacuee 178 in triage category R is not assigned a helicopter
3450,1272,evacuee,,Evacuee;178;in triage state;B;is at the evacuation site
3450,1275,evacuee,outES,Evacuee 438 in triage category R is not assigned a helicopter
3450,1275,evacuee,,Evacuee;438;in triage state;B;is at the evacuation site
3450,1278,evacuee,outES,Evacuee 146 in triage category R is not assigned a helicopter
3450,1278,evacuee,,Evacuee;146;in triage state;B;is at the evacuation site
3450,1281,evacuee,outES,Evacuee 167 in triage category R is not assigned a helicopter
3450,1281,evacuee,,Evacuee;167;in triage state;B;is at the evacuation site
3450,1284,evacuee,outES,Evacuee 145 in triage category R is not assigned a helicopter
3450,1284,evacuee,,Evacuee;145;in triage state;B;is at the evacuation site
3450,1287,evacuee,outES,Evacuee 168 in triage category R is not assigned a helicopter
3450,1287,evacuee,,Evacuee;168;in triage state;B;is at the evacuation site
3450,1290,evacuee,outES,Evacuee 176 in triage category R is not assigned a helicopter
3450,1290,evacuee,,Evacuee;176;in triage state;B;is at the evacuation site
3450,1293,evacuee,outES,Evacuee 230 in triage category R is not assigned a helicopter
3450,1293,evacuee,,Evacuee;230;in triage state;B;is at the evacuation site
3450,1296,evacuee,outES,Evacuee 169 in triage category R is not assigned a helicopter
3450,1296,evacuee,,Evacuee;169;in triage state;B;is at the evacuation site
3450,1299,evacuee,outES,Evacuee 170 in triage category R is not assigned a helicopter
3450,1299,evacuee,,Evacuee;170;in triage state;B;is at the evacuation site
3450,1302,evacuee,outES,Evacuee 171 in triage category R is not assigned a helicopter
3450,1302,evacuee,,Evacuee;171;in triage state;B;is at the evacuation site
3450,1305,evacuee,outES,Evacuee 174 in triage category R is not assigned a helicopter
3450,1305,evacuee,,Evacuee;174;in triage state;B;is at the evacuation site
3450,1308,evacuee,outES,Evacuee 177 in triage category R is not assigned a helicopter
3450,1308,evacuee,,Evacuee;177;in triage state;B;is at the evacuation site
3450,1311,evacuee,outES,Evacuee 435 in triage category R is not assigned a helicopter
3450,1311,evacuee,,Evacuee;435;in triage state;B;is at the evacuation site
3450,1317,evacuee,outES,Evacuee 203 in triage category R is not assigned a helicopter
3450,1317,evacuee,,Evacuee;203;in triage state;B;is at the evacuation site
3450,1320,evacuee,outES,Evacuee 232 in triage category R is not assigned a helicopter
3450,1320,evacuee,,Evacuee;232;in triage state;B;is at the evacuation site
3450,1323,evacuee,outES,Evacuee 183 in triage category R is not assigned a helicopter
3450,1323,evacuee,,Evacuee;183;in triage state;B;is at the evacuation site
3450,1326,evacuee,outES,Evacuee 184 in triage category R is not assigned a helicopter
3450,1326,evacuee,,Evacuee;184;in triage state;B;is at the evacuation site
3450,1329,evacuee,outES,Evacuee 185 in triage category R is not assigned a helicopter
3450,1329,evacuee,,Evacuee;185;in triage state;B;is at the evacuation site
3450,1332,evacuee,outES,Evacuee 186 in triage category R is not assigned a helicopter
3450,1332,evacuee,,Evacuee;186;in triage state;B;is at the evacuation site
3450,1335,evacuee,outES,Evacuee 417 in triage category R is not assigned a helicopter
3450,1335,evacuee,,Evacuee;417;in triage state;B;is at the evacuation site
3450,1338,evacuee,outES,Evacuee 217 in triage category R is not assigned a helicopter
3450,1338,evacuee,,Evacuee;217;in triage state;B;is at the evacuation site
3450,1341,evacuee,outES,Evacuee 189 in triage category R is not assigned a helicopter
3450,1341,evacuee,,Evacuee;189;in triage state;B;is at the evacuation site
3450,1344,evacuee,outES,Evacuee 253 in triage category R is not assigned a helicopter
3450,1344,evacuee,,Evacuee;253;in triage state;B;is at the evacuation site
3450,1347,evacuee,outES,Evacuee 191 in triage category R is not assigned a helicopter
3450,1347,evacuee,,Evacuee;191;in triage state;B;is at the evacuation site
3450,1350,evacuee,outES,Evacuee 314 in triage category R is not assigned a helicopter
3450,1350,evacuee,,Evacuee;314;in triage state;B;is at the evacuation site
3450,1353,evacuee,outES,Evacuee 249 in triage category R is not assigned a helicopter
3450,1353,evacuee,,Evacuee;249;in triage state;B;is at the evacuation site
3450,1356,evacuee,outES,Evacuee 193 in triage category R is not assigned a helicopter
3450,1356,evacuee,,Evacuee;193;in triage state;B;is at the evacuation site
3450,1359,evacuee,outES,Evacuee 195 in triage category R is not assigned a helicopter
3450,1359,evacuee,,Evacuee;195;in triage state;B;is at the evacuation site
3450,1362,evacuee,outES,Evacuee 399 in triage category R is not assigned a helicopter
3450,1362,evacuee,,Evacuee;399;in triage state;B;is at the evacuation site
3450,1365,evacuee,outES,Evacuee 197 in triage category R is not assigned a helicopter
3450,1365,evacuee,,Evacuee;197;in triage state;B;is at the evacuation site
3450,1368,evacuee,outES,Evacuee 450 in triage category R is not assigned a helicopter
3450,1368,evacuee,,Evacuee;450;in triage state;B;is at the evacuation site
3450,1371,evacuee,outES,Evacuee 252 in triage category R is not assigned a helicopter
3450,1371,evacuee,,Evacuee;252;in triage state;B;is at the evacuation site
3450,1374,evacuee,outES,Evacuee 329 in triage category R is not assigned a helicopter
3450,1374,evacuee,,Evacuee;329;in triage state;B;is at the evacuation site
3450,1377,evacuee,outES,Evacuee 201 in triage category R is not assigned a helicopter
3450,1377,evacuee,,Evacuee;201;in triage state;B;is at the evacuation site
3450,1383,evacuee,outES,Evacuee 202 in triage category R is not assigned a helicopter
3450,1383,evacuee,,Evacuee;202;in triage state;B;is at the evacuation site
3450,1386,evacuee,outES,Evacuee 390 in triage category R is not assigned a helicopter
3450,1386,evacuee,,Evacuee;390;in triage state;B;is at the evacuation site
3450,1389,evacuee,outES,Evacuee 204 in triage category R is not assigned a helicopter
3450,1389,evacuee,,Evacuee;204;in triage state;B;is at the evacuation site
3450,1392,evacuee,outES,Evacuee 258 in triage category R is not assigned a helicopter
3450,1392,evacuee,,Evacuee;258;in triage state;B;is at the evacuation site
3450,1395,evacuee,outES,Evacuee 210 in triage category R is not assigned a helicopter
3450,1395,evacuee,,Evacuee;210;in triage state;B;is at the evacuation site
3450,1398,evacuee,outES,Evacuee 275 in triage category R is not assigned a helicopter
3450,1398,evacuee,,Evacuee;275;in triage state;B;is at the evacuation site
3450,1401,evacuee,outES,Evacuee 205 in triage category R is not assigned a helicopter
3450,1401,evacuee,,Evacuee;205;in triage state;B;is at the evacuation site
3450,1404,evacuee,outES,Evacuee 323 in triage category R is not assigned a helicopter
3450,1404,evacuee,,Evacuee;323;in triage state;B;is at the evacuation site
3450,1407,evacuee,outES,Evacuee 180 in triage category R is not assigned a helicopter
3450,1407,evacuee,,Evacuee;180;in triage state;B;is at the evacuation site
3450,1410,evacuee,outES,Evacuee 206 in triage category R is not assigned a helicopter
3450,1410,evacuee,,Evacuee;206;in triage state;B;is at the evacuation site
3450,1416,evacuee,outES,Evacuee 207 in triage category R is not assigned a helicopter
3450,1416,evacuee,,Evacuee;207;in triage state;B;is at the evacuation site
3450,1422,evacuee,outES,Evacuee 211 in triage category R is not assigned a helicopter
3450,1422,evacuee,,Evacuee;211;in triage state;B;is at the evacuation site
3450,1425,evacuee,outES,Evacuee 294 in triage category R is not assigned a helicopter
3450,1425,evacuee,,Evacuee;294;in triage state;B;is at the evacuation site
3450,1428,evacuee,outES,Evacuee 214 in triage category R is not assigned a helicopter
3450,1428,evacuee,,Evacuee;214;in triage state;B;is at the evacuation site
3450,1434,evacuee,outES,Evacuee 216 in triage category R is not assigned a helicopter
3450,1434,evacuee,,Evacuee;216;in triage state;B;is at the evacuation site
3450,1437,evacuee,outES,Evacuee 219 in triage category R is not assigned a helicopter
3450,1437,evacuee,,Evacuee;219;in triage state;B;is at the evacuation site
3450,1440,evacuee,outES,Evacuee 221 in triage category R is not assigned a helicopter
3450,1440,evacuee,,Evacuee;221;in triage state;B;is at the evacuation site
3450,1443,evacuee,outES,Evacuee 224 in triage category R is not assigned a helicopter
3450,1443,evacuee,,Evacuee;224;in triage state;B;is at the evacuation site
3450,1446,evacuee,outES,Evacuee 339 in triage category R is not assigned a helicopter
3450,1446,evacuee,,Evacuee;339;in triage state;B;is at the evacuation site
3450,1449,evacuee,outES,Evacuee 225 in triage category R is not assigned a helicopter
3450,1449,evacuee,,Evacuee;225;in triage state;B;is at the evacuation site
3450,1452,evacuee,outES,Evacuee 164 in triage category R is not assigned a helicopter
3450,1452,evacuee,,Evacuee;164;in triage state;B;is at the evacuation site
3450,1455,evacuee,outES,Evacuee 226 in triage category R is not assigned a helicopter
3450,1455,evacuee,,Evacuee;226;in triage state;B;is at the evacuation site
3450,1458,evacuee,outES,Evacuee 464 in triage category R is not assigned a helicopter
3450,1458,evacuee,,Evacuee;464;in triage state;B;is at the evacuation site
3450,1461,evacuee,outES,Evacuee 227 in triage category R is not assigned a helicopter
3450,1461,evacuee,,Evacuee;227;in triage state;B;is at the evacuation site
3450,1464,evacuee,outES,Evacuee 267 in triage category R is not assigned a helicopter
3450,1464,evacuee,,Evacuee;267;in triage state;B;is at the evacuation site
3450,1470,evacuee,outES,Evacuee 233 in triage category R is not assigned a helicopter
3450,1470,evacuee,,Evacuee;233;in triage state;B;is at the evacuation site
3450,1473,evacuee,outES,Evacuee 236 in triage category R is not assigned a helicopter
3450,1473,evacuee,,Evacuee;236;in triage state;B;is at the evacuation site
3450,1479,evacuee,outES,Evacuee 237 in triage category R is not assigned a helicopter
3450,1479,evacuee,,Evacuee;237;in triage state;B;is at the evacuation site
3450,1482,evacuee,outES,Evacuee 238 in triage category R is not assigned a helicopter
3450,1482,evacuee,,Evacuee;238;in triage state;B;is at the evacuation site
3450,1485,evacuee,outES,Evacuee 113 in triage category R is not assigned a helicopter
3450,1485,evacuee,,Evacuee;113;in triage state;B;is at the evacuation site
3450,1488,evacuee,outES,Evacuee 239 in triage category R is not assigned a helicopter
3450,1488,evacuee,,Evacuee;239;in triage state;B;is at the evacuation site
3450,1491,evacuee,outES,Evacuee 243 in triage category R is not assigned a helicopter
3450,1491,evacuee,,Evacuee;243;in triage state;B;is at the evacuation site
3450,1494,evacuee,outES,Evacuee 96 in triage category R is not assigned a helicopter
3450,1494,evacuee,,Evacuee;96;in triage state;B;is at the evacuation site
3450,1497,evacuee,outES,Evacuee 244 in triage category R is not assigned a helicopter
3450,1497,evacuee,,Evacuee;244;in triage state;B;is at the evacuation site
3450,1500,evacuee,outES,Evacuee 247 in triage category R is not assigned a helicopter
3450,1500,evacuee,,Evacuee;247;in triage state;B;is at the evacuation site
3450,1506,evacuee,outES,Evacuee 248 in triage category R is not assigned a helicopter
3450,1506,evacuee,,Evacuee;248;in triage state;B;is at the evacuation site
3450,1509,evacuee,outES,Evacuee 467 in triage category R is not assigned a helicopter
3450,1509,evacuee,,Evacuee;467;in triage state;B;is at the evacuation site
3450,1512,evacuee,outES,Evacuee 298 in triage category R is not assigned a helicopter
3450,1512,evacuee,,Evacuee;298;in triage state;B;is at the evacuation site
3450,1515,evacuee,outES,Evacuee 254 in triage category R is not assigned a helicopter
3450,1515,evacuee,,Evacuee;254;in triage state;B;is at the evacuation site
3450,1518,evacuee,outES,Evacuee 257 in triage category R is not assigned a helicopter
3450,1518,evacuee,,Evacuee;257;in triage state;B;is at the evacuation site
3465,5,helicopterQueue,,1;Helos are waiting to land;HeloID;2
3465,1130,helicopter,outES,Helicopter 2 is evacuating people2
3465,1130,helicopter,,Helicopter;2;is waiting to land at the evacuation site;;and has;0;spots taken
3465,4,helipadManager,,Helo;2;is at the ES
3465,5,helicopterQueue,outHM,Helicopter 2 is evacuating people2
3465,5,helicopterQueue,outHelo,Helicopter 2 is evacuating people2
3465,5,helicopterQueue,,;No helos are waiting to land
3465,107,filterES,,
3465,1129,filterES,,Helicopter;2;is evacuating people
3465,1169,filterES,,
3465,1129,filterES,out,Helicopter 2 is evacuating people2
3465,1129,filterES,,
3465,1130,helicopter,,Helicopter;2;is waiting to land at the evacuation site;;and has;0;spots taken
3465,1130,helicopter,,Helicopter;2;is loading people at the evacuation site;;and has;0;spots taken
3480,3,evacueeManager,,OFF SHIP: White;0;Green;0;Yellow;0;Red;0;Black;420;ON SHIP: White;30;Green;0;Yellow;3;Red;0;Evacuees to Transfer;;EvacueeID;18;HeloID;2;OnShip;0;Triage Status;G;EvacueeID;45;HeloID;2;OnShip;0;Triage Status;G;EvacueeID;11;HeloID;2;OnShip;0;Triage Status;W;EvacueeID;12;HeloID;2;OnShip;0;Triage Status;W;EvacueeID;13;HeloID;2;OnShip;0;Triage Status;W;EvacueeID;14;HeloID;2;OnShip;0;Triage Status;W;EvacueeID;15;HeloID;2;OnShip;0;Triage Status;W;EvacueeID;16;HeloID;2;OnShip;0;Triage Status;W;EvacueeID;17;HeloID;2;OnShip;0;Triage Status;W;EvacueeID;19;HeloID;2;OnShip;0;Triage Status;W
3480,4,helipadManager,outEM,Helicopter 2 is evacuating people2
3480,4,helipadManager,outHelo,Helicopter 2 is evacuating people2
3480,4,helipadManager,,;No helos are at ES
3480,107,filterES,,
3480,1129,filterES,,Helicopter;2;is evacuating people
3480,1169,filterES,,
3480,3,evacueeManager,outEvac,Evacuee 18 in triage category G is assigned helicopter 2
3480,3,evacueeManager,outEvac,Evacuee 45 in triage category G is assigned helicopter 2
3480,3,evacueeManager,outEvac,Evacuee 11 in triage category W is assigned helicopter 2
3480,3,evacueeManager,outEvac,Evacuee 12 in triage category W is assigned helicopter 2
3480,3,evacueeManager,outEvac,Evacuee 13 in triage category W is assigned helicopter 2
3480,3,evacueeManager,outEvac,Evacuee 14 in triage category W is assigned helicopter 2
3480,3,evacueeManager,outEvac,Evacuee 15 in triage category W is assigned helicopter 2
3480,3,evacueeManager,outEvac,Evacuee 16 in triage category W is assigned helicopter 2
3480,3,evacueeManager,outEvac,Evacuee 17 in triage category W is assigned helicopter 2
3480,3,evacueeManager,outEvac,Evacuee 19 in triage category W is assigned helicopter 2
3480,3,evacueeManager,,OFF SHIP: White;0;Green;0;Yellow;0;Red;0;Black;420;ON SHIP: White;30;Green;0;Yellow;3;Red;0;Evacuees to Transfer;
3480,4,helipadManager,outHQ,0
3480,4,helipadManager,,;No helos are at ES
3480,5,helicopterQueue,,;No helos are waiting to land
3480,7,filterLoc,,
3480,10,filterLoc,,
3480,13,filterLoc,,
3480,16,filterLoc,,
3480,19,filterLoc,,
3480,22,filterLoc,,
3480,25,filterLoc,,
3480,28,filterLoc,,
3480,31,filterLoc,,
3480,34,filterLoc,,
3480,37,filterLoc,,
3480,40,filterLoc,,
3480,43,filterLoc,,
3480,46,filterLoc,,
3480,49,filterLoc,,
3480,52,filterLoc,,
3480,55,filterLoc,,
3480,58,filterLoc,,
3480,61,filterLoc,,
3480,64,filterLoc,,
3480,67,filterLoc,,
3480,70,filterLoc,,
3480,73,filterLoc,,
3480,76,filterLoc,,
3480,79,filterLoc,,
3480,82,filterLoc,,
3480,85,filterLoc,,
3480,88,filterLoc,,
3480,91,filterLoc,,
3480,94,filterLoc,,
3480,97,filterLoc,,
3480,100,filterLoc,,
3480,103,filterLoc,,
3480,110,filterLoc,,
3480,113,filterLoc,,
3480,116,filterLoc,,
3480,119,filterLoc,,
3480,122,filterLoc,,
3480,125,filterLoc,,
3480,128,filterLoc,,
3480,131,filterLoc,,
3480,134,filterLoc,,
3480,137,filterLoc,,
3480,140,filterLoc,,
3480,143,filterLoc,,
3480,146,filterLoc,,
3480,149,filterLoc,,
3480,152,filterLoc,,
3480,155,filterLoc,,
3480,158,filterLoc,,
3480,161,filterLoc,,
3480,164,filterLoc,,
3480,167,filterLoc,,
3480,170,filterLoc,,
3480,173,filterLoc,,
3480,176,filterLoc,,
3480,179,filterLoc,,
3480,182,filterLoc,,
3480,185,filterLoc,,
3480,188,filterLoc,,
3480,191,filterLoc,,
3480,194,filterLoc,,
3480,197,filterLoc,,
3480,200,filterLoc,,
3480,203,filterLoc,,
3480,206,filterLoc,,
3480,209,filterLoc,,
3480,212,filterLoc,,
3480,215,filterLoc,,
3480,218,filterLoc,,
3480,221,filterLoc,,
3480,224,filterLoc,,
3480,228,filterLoc,,
3480,231,filterLoc,,
3480,234,filterLoc,,
3480,237,filterLoc,,
3480,240,filterLoc,,
3480,243,filterLoc,,
3480,246,filterLoc,,
3480,249,filterLoc,,
3480,252,filterLoc,,
3480,255,filterLoc,,
3480,258,filterLoc,,
3480,261,filterLoc,,
3480,264,filterLoc,,
3480,267,filterLoc,,
3480,270,filterLoc,,
3480,273,filterLoc,,
3480,276,filterLoc,,
3480,279,filterLoc,,
3480,282,filterLoc,,
3480,285,filterLoc,,
3480,288,filterLoc,,
3480,291,filterLoc,,
3480,294,filterLoc,,
3480,297,filterLoc,,
3480,300,filterLoc,,
3480,303,filterLoc,,
3480,306,filterLoc,,
3480,309,filterLoc,,
3480,312,filterLoc,,
3480,315,filterLoc,,
3480,318,filterLoc,,
3480,321,filterLoc,,
3480,324,filterLoc,,
3480,327,filterLoc,,
3480,330,filterLoc,,
3480,333,filterLoc,,
3480,336,filterLoc,,
3480,339,filterLoc,,
3480,342,filterLoc,,
3480,345,filterLoc,,
3480,348,filterLoc,,
3480,351,filterLoc,,
3480,354,filterLoc,,
3480,357,filterLoc,,
3480,360,filterLoc,,
3480,363,filterLoc,,
3480,366,filterLoc,,
3480,369,filterLoc,,
3480,372,filterLoc,,
3480,375,filterLoc,,
3480,378,filterLoc,,
3480,381,filterLoc,,
3480,384,filterLoc,,
3480,387,filterLoc,,
3480,390,filterLoc,,
3480,393,filterLoc,,
3480,396,filterLoc,,
3480,399,filterLoc,,
3480,402,filterLoc,,
3480,405,filterLoc,,
3480,408,filterLoc,,
3480,411,filterLoc,,
3480,414,filterLoc,,
3480,417,filterLoc,,
3480,420,filterLoc,,
3480,423,filterLoc,,
3480,426,filterLoc,,
3480,429,filterLoc,,
3480,432,filterLoc,,
3480,435,filterLoc,,
3480,438,filterLoc,,
3480,441,filterLoc,,
3480,444,filterLoc,,
3480,447,filterLoc,,
3480,450,filterLoc,,
3480,453,filterLoc,,
3480,456,filterLoc,,
3480,459,filterLoc,,
3480,462,filterLoc,,
3480,465,filterLoc,,
3480,468,filterLoc,,
3480,471,filterLoc,,
3480,474,filterLoc,,
3480,477,filterLoc,,
3480,480,filterLoc,,
3480,483,filterLoc,,
3480,486,filterLoc,,
3480,489,filterLoc,,
3480,492,filterLoc,,
3480,495,filterLoc,,
3480,498,filterLoc,,
3480,501,filterLoc,,
3480,504,filterLoc,,
3480,507,filterLoc,,
3480,510,filterLoc,,
3480,513,filterLoc,,
3480,516,filterLoc,,
3480,519,filterLoc,,
3480,522,filterLoc,,
3480,525,filterLoc,,
3480,528,filterLoc,,
3480,531,filterLoc,,
3480,534,filterLoc,,
3480,537,filterLoc,,
3480,540,filterLoc,,
3480,543,filterLoc,,
3480,546,filterLoc,,
3480,549,filterLoc,,
3480,552,filterLoc,,
3480,555,filterLoc,,
3480,558,filterLoc,,
3480,561,filterLoc,,
3480,564,filterLoc,,
3480,567,filterLoc,,
3480,570,filterLoc,,
3480,573,filterLoc,,
3480,576,filterLoc,,
3480,579,filterLoc,,
3480,582,filterLoc,,
3480,585,filterLoc,,
3480,588,filterLoc,,
3480,591,filterLoc,,
3480,594,filterLoc,,
3480,597,filterLoc,,
3480,600,filterLoc,,
3480,603,filterLoc,,
3480,606,filterLoc,,
3480,609,filterLoc,,
3480,612,filterLoc,,
3480,615,filterLoc,,
3480,618,filterLoc,,
3480,621,filterLoc,,
3480,624,filterLoc,,
3480,627,filterLoc,,
3480,630,filterLoc,,
3480,633,filterLoc,,
3480,636,filterLoc,,
3480,639,filterLoc,,
3480,642,filterLoc,,
3480,645,filterLoc,,
3480,648,filterLoc,,
3480,651,filterLoc,,
3480,654,filterLoc,,
3480,657,filterLoc,,
3480,660,filterLoc,,
3480,663,filterLoc,,
3480,666,filterLoc,,
3480,669,filterLoc,,
3480,672,filterLoc,,
3480,675,filterLoc,,
3480,678,filterLoc,,
3480,681,filterLoc,,
3480,684,filterLoc,,
3480,687,filterLoc,,
3480,690,filterLoc,,
3480,693,filterLoc,,
3480,696,filterLoc,,
3480,699,filterLoc,,
3480,702,filterLoc,,
3480,705,filterLoc,,
3480,708,filterLoc,,
3480,711,filterLoc,,
3480,714,filterLoc,,
3480,717,filterLoc,,
3480,720,filterLoc,,
3480,723,filterLoc,,
3480,726,filterLoc,,
3480,729,filterLoc,,;Evacuee;15;in triage category;W;is entering helicopter;2
3480,732,filterLoc,,
3480,735,filterLoc,,;Evacuee;17;in triage category;W;is entering helicopter;2
3480,738,filterLoc,,
3480,741,filterLoc,,
3480,744,filterLoc,,
3480,747,filterLoc,,;Evacuee;14;in triage category;W;is entering helicopter;2
3480,750,filterLoc,,
3480,753,filterLoc,,
3480,756,filterLoc,,
3480,759,filterLoc,,
3480,762,filterLoc,,
3480,765,filterLoc,,
3480,768,filterLoc,,
3480,771,filterLoc,,
3480,774,filterLoc,,
3480,777,filterLoc,,
3480,780,filterLoc,,
3480,783,filterLoc,,
3480,786,filterLoc,,;Evacuee;18;in triage category;G;is entering helicopter;2
3480,789,filterLoc,,
3480,792,filterLoc,,
3480,795,filterLoc,,
3480,798,filterLoc,,
3480,801,filterLoc,,
3480,804,filterLoc,,
3480,807,filterLoc,,
3480,810,filterLoc,,
3480,813,filterLoc,,
3480,816,filterLoc,,
3480,819,filterLoc,,
3480,822,filterLoc,,
3480,825,filterLoc,,
3480,828,filterLoc,,
3480,831,filterLoc,,
3480,834,filterLoc,,
3480,837,filterLoc,,
3480,840,filterLoc,,
3480,843,filterLoc,,
3480,846,filterLoc,,
3480,849,filterLoc,,
3480,852,filterLoc,,
3480,855,filterLoc,,
3480,858,filterLoc,,
3480,861,filterLoc,,
3480,864,filterLoc,,
3480,867,filterLoc,,
3480,870,filterLoc,,
3480,873,filterLoc,,
3480,876,filterLoc,,
3480,879,filterLoc,,
3480,882,filterLoc,,
3480,885,filterLoc,,
3480,888,filterLoc,,
3480,891,filterLoc,,
3480,894,filterLoc,,
3480,897,filterLoc,,
3480,900,filterLoc,,
3480,903,filterLoc,,
3480,906,filterLoc,,
3480,909,filterLoc,,
3480,912,filterLoc,,
3480,915,filterLoc,,
3480,918,filterLoc,,
3480,921,filterLoc,,
3480,924,filterLoc,,
3480,927,filterLoc,,
3480,930,filterLoc,,
3480,933,filterLoc,,
3480,936,filterLoc,,
3480,939,filterLoc,,
3480,942,filterLoc,,
3480,945,filterLoc,,
3480,948,filterLoc,,
3480,951,filterLoc,,
3480,954,filterLoc,,
3480,957,filterLoc,,
3480,960,filterLoc,,
3480,963,filterLoc,,
3480,966,filterLoc,,
3480,969,filterLoc,,
3480,972,filterLoc,,
3480,975,filterLoc,,
3480,978,filterLoc,,
3480,981,filterLoc,,
3480,984,filterLoc,,
3480,987,filterLoc,,
3480,990,filterLoc,,
3480,993,filterLoc,,
3480,996,filterLoc,,
3480,999,filterLoc,,
3480,1002,filterLoc,,
3480,1005,filterLoc,,
3480,1008,filterLoc,,
3480,1011,filterLoc,,
3480,1014,filterLoc,,
3480,1017,filterLoc,,
3480,1020,filterLoc,,
3480,1023,filterLoc,,
3480,1026,filterLoc,,
3480,1029,filterLoc,,
3480,1032,filterLoc,,;Evacuee;13;in triage category;W;is entering helicopter;2
3480,1035,filterLoc,,
3480,1038,filterLoc,,
3480,1041,filterLoc,,
3480,1044,filterLoc,,
3480,1047,filterLoc,,
3480,1050,filterLoc,,
3480,1053,filterLoc,,
3480,1056,filterLoc,,
3480,1059,filterLoc,,
3480,1062,filterLoc,,
3480,1065,filterLoc,,
3480,1068,filterLoc,,
3480,1071,filterLoc,,
3480,1074,filterLoc,,
3480,1077,filterLoc,,
3480,1080,filterLoc,,
3480,1083,filterLoc,,
3480,1086,filterLoc,,
3480,1089,filterLoc,,
3480,1092,filterLoc,,
3480,1095,filterLoc,,
3480,1098,filterLoc,,
3480,1101,filterLoc,,
3480,1104,filterLoc,,
3480,1107,filterLoc,,
3480,1110,filterLoc,,
3480,1113,filterLoc,,;Evacuee;19;in triage category;W;is entering helicopter;2
3480,1116,filterLoc,,
3480,1119,filterLoc,,
3480,1122,filterLoc,,
3480,1125,filterLoc,,
3480,1129,filterES,out,Helicopter 2 is evacuating people2
3480,1129,filterES,,
3480,1130,helicopter,,Helicopter;2;is loading people at the evacuation site;;and has;0;spots taken
3480,1132,filterLoc,,
3480,1135,filterLoc,,
3480,1138,filterLoc,,
3480,1141,filterLoc,,
3480,1144,filterLoc,,
3480,1147,filterLoc,,
3480,1150,filterLoc,,
3480,1153,filterLoc,,
3480,1156,filterLoc,,
3480,1159,filterLoc,,
3480,1162,filterLoc,,
3480,1165,filterLoc,,;Evacuee;45;in triage category;G;is entering helicopter;2
3480,1172,filterLoc,,
3480,1175,filterLoc,,
3480,1178,filterLoc,,
3480,1181,filterLoc,,
3480,1184,filterLoc,,
3480,1187,filterLoc,,
3480,1190,filterLoc,,
3480,1193,filterLoc,,
3480,1196,filterLoc,,
3480,1199,filterLoc,,
3480,1202,filterLoc,,
3480,1205,filterLoc,,
3480,1208,filterLoc,,
3480,1211,filterLoc,,
3480,1214,filterLoc,,
3480,1217,filterLoc,,
3480,1220,filterLoc,,
3480,1223,filterLoc,,
3480,1226,filterLoc,,
3480,1229,filterLoc,,
3480,1232,filterLoc,,
3480,1235,filterLoc,,
3480,1238,filterLoc,,
3480,1241,filterLoc,,
3480,1244,filterLoc,,
3480,1247,filterLoc,,
3480,1250,filterLoc,,
3480,1253,filterLoc,,
3480,1256,filterLoc,,
3480,1259,filterLoc,,
3480,1262,filterLoc,,
3480,1265,filterLoc,,;Evacuee;16;in triage category;W;is entering helicopter;2
3480,1268,filterLoc,,
3480,1271,filterLoc,,
3480,1274,filterLoc,,
3480,1277,filterLoc,,
3480,1280,filterLoc,,
3480,1283,filterLoc,,
3480,1286,filterLoc,,
3480,1289,filterLoc,,
3480,1292,filterLoc,,
3480,1295,filterLoc,,
3480,1298,filterLoc,,
3480,1301,filterLoc,,
3480,1304,filterLoc,,
3480,1307,filterLoc,,
3480,1310,filterLoc,,
3480,1313,filterLoc,,
3480,1316,filterLoc,,
3480,1319,filterLoc,,
3480,1322,filterLoc,,
3480,1325,filterLoc,,
3480,1328,filterLoc,,
3480,1331,filterLoc,,
3480,1334,filterLoc,,
3480,1337,filterLoc,,
3480,1340,filterLoc,,
3480,1343,filterLoc,,
3480,1346,filterLoc,,
3480,1349,filterLoc,,
3480,1352,filterLoc,,
3480,1355,filterLoc,,
3480,1358,filterLoc,,
3480,1361,filterLoc,,
3480,1364,filterLoc,,
3480,1367,filterLoc,,
3480,1370,filterLoc,,
3480,1373,filterLoc,,
3480,1376,filterLoc,,
3480,1379,filterLoc,,;Evacuee;11;in triage category;W;is entering helicopter;2
3480,1382,filterLoc,,
3480,1385,filterLoc,,
3480,1388,filterLoc,,
3480,1391,filterLoc,,
3480,1394,filterLoc,,
3480,1397,filterLoc,,
3480,1400,filterLoc,,
3480,1403,filterLoc,,
3480,1406,filterLoc,,
3480,1409,filterLoc,,
3480,1412,filterLoc,,
3480,1415,filterLoc,,
3480,1418,filterLoc,,
3480,1421,filterLoc,,
3480,1424,filterLoc,,
3480,1427,filterLoc,,
3480,1430,filterLoc,,;Evacuee;12;in triage category;W;is entering helicopter;2
3480,1433,filterLoc,,
3480,1436,filterLoc,,
3480,1439,filterLoc,,
3480,1442,filterLoc,,
3480,1445,filterLoc,,
3480,1448,filterLoc,,
3480,1451,filterLoc,,
3480,1454,filterLoc,,
3480,1457,filterLoc,,
3480,1460,filterLoc,,
3480,1463,filterLoc,,
3480,1466,filterLoc,,
3480,1469,filterLoc,,
3480,1472,filterLoc,,
3480,1475,filterLoc,,
3480,1478,filterLoc,,
3480,1481,filterLoc,,
3480,1484,filterLoc,,
3480,1487,filterLoc,,
3480,1490,filterLoc,,
3480,1493,filterLoc,,
3480,1496,filterLoc,,
3480,1499,filterLoc,,
3480,1502,filterLoc,,
3480,1505,filterLoc,,
3480,1508,filterLoc,,
3480,1511,filterLoc,,
3480,1514,filterLoc,,
3480,1517,filterLoc,,
3480,5,helicopterQueue,,;No helos are waiting to land
3480,729,filterLoc,out,Evacuee 15 in triage category W is assigned helicopter 2
3480,729,filterLoc,,
3480,730,evacuee,,Evacuee;15;in triage state;W;is entering helicopter;2
3480,735,filterLoc,out,Evacuee 17 in triage category W is assigned helicopter 2
3480,735,filterLoc,,
3480,736,evacuee,,Evacuee;17;in triage state;W;is entering helicopter;2
3480,747,filterLoc,out,Evacuee 14 in triage category W is assigned helicopter 2
3480,747,filterLoc,,
3480,748,evacuee,,Evacuee;14;in triage state;W;is entering helicopter;2
3480,786,filterLoc,out,Evacuee 18 in triage category G is assigned helicopter 2
3480,786,filterLoc,,
3480,787,evacuee,,Evacuee;18;in triage state;G;is entering helicopter;2
3480,1032,filterLoc,out,Evacuee 13 in triage category W is assigned helicopter 2
3480,1032,filterLoc,,
3480,1033,evacuee,,Evacuee;13;in triage state;W;is entering helicopter;2
3480,1113,filterLoc,out,Evacuee 19 in triage category W is assigned helicopter 2
3480,1113,filterLoc,,
3480,1114,evacuee,,Evacuee;19;in triage state;W;is entering helicopter;2
3480,1130,helicopter,,Helicopter;2;is returning to the FOL;;and has;0;spots taken
3480,1165,filterLoc,out,Evacuee 45 in triage category G is assigned helicopter 2
3480,1165,filterLoc,,
3480,1166,evacuee,,Evacuee;45;in triage state;G;is entering helicopter;2
3480,1265,filterLoc,out,Evacuee 16 in triage category W is assigned helicopter 2
3480,1265,filterLoc,,
3480,1266,evacuee,,Evacuee;16;in triage state;W;is entering helicopter;2
3480,1379,filterLoc,out,Evacuee 11 in triage category W is assigned helicopter 2
3480,1379,filterLoc,,
3480,1380,evacuee,,Evacuee;11;in triage state;W;is entering helicopter;2
3480,1430,filterLoc,out,Evacuee 12 in triage category W is assigned helicopter 2
3480,1430,filterLoc,,
3480,1431,evacuee,,Evacuee;12;in triage state;W;is entering helicopter;2
3480,106,filterEvac,,
3480,730,evacuee,outHelo,Evacuee 15 in triage category W is assigned helicopter 2
3480,730,evacuee,,Evacuee;15;in triage state;W;is in helicopter;2
3480,736,evacuee,outHelo,Evacuee 17 in triage category W is assigned helicopter 2
3480,736,evacuee,,Evacuee;17;in triage state;W;is in helicopter;2
3480,748,evacuee,outHelo,Evacuee 14 in triage category W is assigned helicopter 2
3480,748,evacuee,,Evacuee;14;in triage state;W;is in helicopter;2
3480,787,evacuee,outHelo,Evacuee 18 in triage category G is assigned helicopter 2
3480,787,evacuee,,Evacuee;18;in triage state;G;is in helicopter;2
3480,1033,evacuee,outHelo,Evacuee 13 in triage category W is assigned helicopter 2
3480,1033,evacuee,,Evacuee;13;in triage state;W;is in helicopter;2
3480,1114,evacuee,outHelo,Evacuee 19 in triage category W is assigned helicopter 2
3480,1114,evacuee,,Evacuee;19;in triage state;W;is in helicopter;2
3480,1128,filterEvac,,;Evacuee;11;in triage category;W;is entering helicopter;2;Evacuee;12;in triage category;W;is entering helicopter;2;Evacuee;13;in triage category;W;is entering helicopter;2;Evacuee;14;in triage category;W;is entering helicopter;2;Evacuee;15;in triage category;W;is entering helicopter;2;Evacuee;16;in triage category;W;is entering helicopter;2;Evacuee;17;in triage category;W;is entering helicopter;2;Evacuee;18;in triage category;G;is entering helicopter;2;Evacuee;19;in triage category;W;is entering helicopter;2;Evacuee;45;in triage category;G;is entering helicopter;2
3480,1166,evacuee,outHelo,Evacuee 45 in triage category G is assigned helicopter 2
3480,1166,evacuee,,Evacuee;45;in triage state;G;is in helicopter;2
3480,1168,filterEvac,,
3480,1266,evacuee,outHelo,Evacuee 16 in triage category W is assigned helicopter 2
3480,1266,evacuee,,Evacuee;16;in triage state;W;is in helicopter;2
3480,1380,evacuee,outHelo,Evacuee 11 in triage category W is assigned helicopter 2
3480,1380,evacuee,,Evacuee;11;in triage state;W;is in helicopter;2
3480,1431,evacuee,outHelo,Evacuee 12 in triage category W is assigned helicopter 2
3480,1431,evacuee,,Evacuee;12;in triage state;W;is in helicopter;2
3480,1128,filterEvac,out,Evacuee 11 in triage category W is assigned helicopter 2
3480,1128,filterEvac,out,Evacuee 12 in triage category W is assigned helicopter 2
3480,1128,filterEvac,out,Evacuee 13 in triage category W is assigned helicopter 2
3480,1128,filterEvac,out,Evacuee 14 in triage category W is assigned helicopter 2
3480,1128,filterEvac,out,Evacuee 15 in triage category W is assigned helicopter 2
3480,1128,filterEvac,out,Evacuee 16 in triage category W is assigned helicopter 2
3480,1128,filterEvac,out,Evacuee 17 in triage category W is assigned helicopter 2
3480,1128,filterEvac,out,Evacuee 18 in triage category G is assigned helicopter 2
3480,1128,filterEvac,out,Evacuee 19 in triage category W is assigned helicopter 2
3480,1128,filterEvac,out,Evacuee 45 in triage category G is assigned helicopter 2
3480,1128,filterEvac,,
3480,1130,helicopter,,Helicopter;2;is returning to the FOL;;and has;10;spots taken
3495,7,filterLoc,,
3495,10,filterLoc,,
3495,13,filterLoc,,
3495,16,filterLoc,,
3495,19,filterLoc,,
3495,22,filterLoc,,
3495,25,filterLoc,,
3495,28,filterLoc,,
3495,31,filterLoc,,
3495,34,filterLoc,,
3495,37,filterLoc,,
3495,40,filterLoc,,
3495,43,filterLoc,,
3495,46,filterLoc,,
3495,49,filterLoc,,
3495,52,filterLoc,,
3495,55,filterLoc,,
3495,58,filterLoc,,
3495,61,filterLoc,,
3495,64,filterLoc,,
3495,67,filterLoc,,
3495,70,filterLoc,,
3495,73,filterLoc,,
3495,76,filterLoc,,
3495,79,filterLoc,,
3495,82,filterLoc,,
3495,85,filterLoc,,
3495,88,filterLoc,,
3495,91,filterLoc,,
3495,94,filterLoc,,
3495,97,filterLoc,,
3495,100,filterLoc,,
3495,103,filterLoc,,
3495,110,filterLoc,,
3495,113,filterLoc,,
3495,116,filterLoc,,
3495,119,filterLoc,,
3495,122,filterLoc,,
3495,125,filterLoc,,
3495,128,filterLoc,,
3495,131,filterLoc,,
3495,134,filterLoc,,
3495,137,filterLoc,,
3495,140,filterLoc,,
3495,143,filterLoc,,
3495,146,filterLoc,,
3495,149,filterLoc,,
3495,152,filterLoc,,
3495,155,filterLoc,,
3495,158,filterLoc,,
3495,161,filterLoc,,
3495,164,filterLoc,,
3495,167,filterLoc,,
3495,170,filterLoc,,
3495,173,filterLoc,,
3495,176,filterLoc,,
3495,179,filterLoc,,
3495,182,filterLoc,,
3495,185,filterLoc,,
3495,188,filterLoc,,
3495,191,filterLoc,,
3495,194,filterLoc,,
3495,197,filterLoc,,
3495,200,filterLoc,,
3495,203,filterLoc,,
3495,206,filterLoc,,
3495,209,filterLoc,,
3495,212,filterLoc,,
3495,215,filterLoc,,
3495,218,filterLoc,,
3495,221,filterLoc,,
3495,224,filterLoc,,
3495,228,filterLoc,,
3495,231,filterLoc,,
3495,234,filterLoc,,
3495,237,filterLoc,,
3495,240,filterLoc,,
3495,243,filterLoc,,
3495,246,filterLoc,,
3495,249,filterLoc,,
3495,252,filterLoc,,
3495,255,filterLoc,,
3495,258,filterLoc,,
3495,261,filterLoc,,
3495,264,filterLoc,,
3495,267,filterLoc,,
3495,270,filterLoc,,
3495,273,filterLoc,,
3495,276,filterLoc,,
3495,279,filterLoc,,
3495,282,filterLoc,,
3495,285,filterLoc,,
3495,288,filterLoc,,
3495,291,filterLoc,,
3495,294,filterLoc,,
3495,297,filterLoc,,
3495,300,filterLoc,,
3495,303,filterLoc,,
3495,306,filterLoc,,
3495,309,filterLoc,,
3495,312,filterLoc,,
3495,315,filterLoc,,
3495,318,filterLoc,,
3495,321,filterLoc,,
3495,324,filterLoc,,
3495,327,filterLoc,,
3495,330,filterLoc,,
3495,333,filterLoc,,
3495,336,filterLoc,,
3495,339,filterLoc,,
3495,342,filterLoc,,
3495,345,filterLoc,,
3495,348,filterLoc,,
3495,351,filterLoc,,
3495,354,filterLoc,,
3495,357,filterLoc,,
3495,360,filterLoc,,
3495,363,filterLoc,,
3495,366,filterLoc,,
3495,369,filterLoc,,
3495,372,filterLoc,,
3495,375,filterLoc,,
3495,378,filterLoc,,
3495,381,filterLoc,,
3495,384,filterLoc,,
3495,387,filterLoc,,
3495,390,filterLoc,,
3495,393,filterLoc,,
3495,396,filterLoc,,
3495,399,filterLoc,,
3495,402,filterLoc,,
3495,405,filterLoc,,
3495,408,filterLoc,,
3495,411,filterLoc,,
3495,414,filterLoc,,
3495,417,filterLoc,,
3495,420,filterLoc,,
3495,423,filterLoc,,
3495,426,filterLoc,,
3495,429,filterLoc,,
3495,432,filterLoc,,
3495,435,filterLoc,,
3495,438,filterLoc,,
3495,441,filterLoc,,
3495,444,filterLoc,,
3495,447,filterLoc,,
3495,450,filterLoc,,
3495,453,filterLoc,,
3495,456,filterLoc,,
3495,459,filterLoc,,
3495,462,filterLoc,,
3495,465,filterLoc,,
3495,468,filterLoc,,
3495,471,filterLoc,,
3495,474,filterLoc,,
3495,477,filterLoc,,
3495,480,filterLoc,,
3495,483,filterLoc,,
3495,486,filterLoc,,
3495,489,filterLoc,,
3495,492,filterLoc,,
3495,495,filterLoc,,
3495,498,filterLoc,,
3495,501,filterLoc,,
3495,504,filterLoc,,
3495,507,filterLoc,,
3495,510,filterLoc,,
3495,513,filterLoc,,
3495,516,filterLoc,,
3495,519,filterLoc,,
3495,522,filterLoc,,
3495,525,filterLoc,,
3495,528,filterLoc,,
3495,531,filterLoc,,
3495,534,filterLoc,,
3495,537,filterLoc,,
3495,540,filterLoc,,
3495,543,filterLoc,,
3495,546,filterLoc,,
3495,549,filterLoc,,
3495,552,filterLoc,,
3495,555,filterLoc,,
3495,558,filterLoc,,
3495,561,filterLoc,,
3495,564,filterLoc,,
3495,567,filterLoc,,
3495,570,filterLoc,,
3495,573,filterLoc,,
3495,576,filterLoc,,
3495,579,filterLoc,,
3495,582,filterLoc,,
3495,585,filterLoc,,
3495,588,filterLoc,,
3495,591,filterLoc,,
3495,594,filterLoc,,
3495,597,filterLoc,,
3495,600,filterLoc,,
3495,603,filterLoc,,
3495,606,filterLoc,,
3495,609,filterLoc,,
3495,612,filterLoc,,
3495,615,filterLoc,,
3495,618,filterLoc,,
3495,621,filterLoc,,
3495,624,filterLoc,,
3495,627,filterLoc,,
3495,630,filterLoc,,
3495,633,filterLoc,,
3495,636,filterLoc,,
3495,639,filterLoc,,
3495,642,filterLoc,,;Evacuee;80;in triage category;R;is leaving helicopter;1
3495,645,filterLoc,,;Evacuee;79;in triage category;R;is leaving helicopter;1
3495,648,filterLoc,,
3495,651,filterLoc,,
3495,654,filterLoc,,
3495,657,filterLoc,,;Evacuee;78;in triage category;R;is leaving helicopter;1
3495,660,filterLoc,,
3495,663,filterLoc,,
3495,666,filterLoc,,
3495,669,filterLoc,,
3495,672,filterLoc,,
3495,675,filterLoc,,
3495,678,filterLoc,,
3495,681,filterLoc,,
3495,684,filterLoc,,
3495,687,filterLoc,,
3495,690,filterLoc,,
3495,693,filterLoc,,
3495,696,filterLoc,,
3495,699,filterLoc,,
3495,702,filterLoc,,
3495,705,filterLoc,,
3495,708,filterLoc,,
3495,711,filterLoc,,
3495,714,filterLoc,,
3495,717,filterLoc,,
3495,720,filterLoc,,
3495,723,filterLoc,,
3495,726,filterLoc,,
3495,729,filterLoc,,
3495,732,filterLoc,,
3495,735,filterLoc,,
3495,738,filterLoc,,
3495,741,filterLoc,,
3495,744,filterLoc,,
3495,747,filterLoc,,
3495,750,filterLoc,,
3495,753,filterLoc,,
3495,756,filterLoc,,
3495,759,filterLoc,,
3495,762,filterLoc,,
3495,765,filterLoc,,
3495,768,filterLoc,,
3495,771,filterLoc,,
3495,774,filterLoc,,
3495,777,filterLoc,,
3495,780,filterLoc,,
3495,783,filterLoc,,
3495,786,filterLoc,,
3495,789,filterLoc,,
3495,792,filterLoc,,
3495,795,filterLoc,,
3495,798,filterLoc,,
3495,801,filterLoc,,
3495,804,filterLoc,,
3495,807,filterLoc,,
3495,810,filterLoc,,
3495,813,filterLoc,,
3495,816,filterLoc,,
3495,819,filterLoc,,
3495,822,filterLoc,,
3495,825,filterLoc,,
3495,828,filterLoc,,
3495,831,filterLoc,,
3495,834,filterLoc,,
3495,837,filterLoc,,
3495,840,filterLoc,,
3495,843,filterLoc,,
3495,846,filterLoc,,
3495,849,filterLoc,,
3495,852,filterLoc,,
3495,855,filterLoc,,
3495,858,filterLoc,,
3495,861,filterLoc,,
3495,864,filterLoc,,
3495,867,filterLoc,,
3495,870,filterLoc,,
3495,873,filterLoc,,
3495,876,filterLoc,,
3495,879,filterLoc,,
3495,882,filterLoc,,
3495,885,filterLoc,,
3495,888,filterLoc,,
3495,891,filterLoc,,
3495,894,filterLoc,,
3495,897,filterLoc,,
3495,900,filterLoc,,
3495,903,filterLoc,,
3495,906,filterLoc,,
3495,909,filterLoc,,
3495,912,filterLoc,,
3495,915,filterLoc,,
3495,918,filterLoc,,
3495,921,filterLoc,,
3495,924,filterLoc,,
3495,927,filterLoc,,
3495,930,filterLoc,,
3495,933,filterLoc,,
3495,936,filterLoc,,
3495,939,filterLoc,,
3495,942,filterLoc,,
3495,945,filterLoc,,
3495,948,filterLoc,,
3495,951,filterLoc,,
3495,954,filterLoc,,
3495,957,filterLoc,,
3495,960,filterLoc,,
3495,963,filterLoc,,
3495,966,filterLoc,,
3495,969,filterLoc,,
3495,972,filterLoc,,
3495,975,filterLoc,,
3495,978,filterLoc,,
3495,981,filterLoc,,
3495,984,filterLoc,,
3495,987,filterLoc,,
3495,990,filterLoc,,
3495,993,filterLoc,,
3495,996,filterLoc,,
3495,999,filterLoc,,
3495,1002,filterLoc,,
3495,1005,filterLoc,,
3495,1008,filterLoc,,
3495,1011,filterLoc,,
3495,1014,filterLoc,,
3495,1017,filterLoc,,
3495,1020,filterLoc,,
3495,1023,filterLoc,,
3495,1026,filterLoc,,
3495,1029,filterLoc,,
3495,1032,filterLoc,,
3495,1035,filterLoc,,
3495,1038,filterLoc,,
3495,1041,filterLoc,,
3495,1044,filterLoc,,
3495,1047,filterLoc,,
3495,1050,filterLoc,,
3495,1053,filterLoc,,
3495,1056,filterLoc,,
3495,1059,filterLoc,,
3495,1062,filterLoc,,
3495,1065,filterLoc,,
3495,1068,filterLoc,,
3495,1071,filterLoc,,
3495,1074,filterLoc,,
3495,1077,filterLoc,,
3495,1080,filterLoc,,
3495,1083,filterLoc,,
3495,1086,filterLoc,,
3495,1089,filterLoc,,
3495,1092,filterLoc,,
3495,1095,filterLoc,,
3495,1098,filterLoc,,
3495,1101,filterLoc,,
3495,1104,filterLoc,,
3495,1107,filterLoc,,
3495,1110,filterLoc,,
3495,1113,filterLoc,,
3495,1116,filterLoc,,
3495,1119,filterLoc,,
3495,1122,filterLoc,,
3495,1125,filterLoc,,
3495,1132,filterLoc,,
3495,1135,filterLoc,,
3495,1138,filterLoc,,
3495,1141,filterLoc,,
3495,1144,filterLoc,,
3495,1147,filterLoc,,
3495,1150,filterLoc,,
3495,1153,filterLoc,,
3495,1156,filterLoc,,
3495,1159,filterLoc,,
3495,1162,filterLoc,,
3495,1165,filterLoc,,
3495,1170,helicopter,outEvac,Evacuee 78 in triage category R is not assigned a helicopter
3495,1170,helicopter,outEvac,Evacuee 79 in triage category R is not assigned a helicopter
3495,1170,helicopter,outEvac,Evacuee 80 in triage category R is not assigned a helicopter
3495,1170,helicopter,,Helicopter;1;is unloading people at the FOL;;and has;0;spots taken
3495,1172,filterLoc,,
3495,1175,filterLoc,,
3495,1178,filterLoc,,
3495,1181,filterLoc,,
3495,1184,filterLoc,,
3495,1187,filterLoc,,
3495,1190,filterLoc,,
3495,1193,filterLoc,,
3495,1196,filterLoc,,
3495,1199,filterLoc,,
3495,1202,filterLoc,,
3495,1205,filterLoc,,
3495,1208,filterLoc,,
3495,1211,filterLoc,,
3495,1214,filterLoc,,
3495,1217,filterLoc,,
3495,1220,filterLoc,,
3495,1223,filterLoc,,
3495,1226,filterLoc,,
3495,1229,filterLoc,,
3495,1232,filterLoc,,
3495,1235,filterLoc,,
3495,1238,filterLoc,,
3495,1241,filterLoc,,
3495,1244,filterLoc,,
3495,1247,filterLoc,,
3495,1250,filterLoc,,
3495,1253,filterLoc,,
3495,1256,filterLoc,,
3495,1259,filterLoc,,
3495,1262,filterLoc,,
3495,1265,filterLoc,,
3495,1268,filterLoc,,
3495,1271,filterLoc,,
3495,1274,filterLoc,,
3495,1277,filterLoc,,
3495,1280,filterLoc,,
3495,1283,filterLoc,,
3495,1286,filterLoc,,
3495,1289,filterLoc,,
3495,1292,filterLoc,,
3495,1295,filterLoc,,
3495,1298,filterLoc,,
3495,1301,filterLoc,,
3495,1304,filterLoc,,
3495,1307,filterLoc,,
3495,1310,filterLoc,,
3495,1313,filterLoc,,
3495,1316,filterLoc,,
3495,1319,filterLoc,,
3495,1322,filterLoc,,
3495,1325,filterLoc,,
3495,1328,filterLoc,,
3495,1331,filterLoc,,
3495,1334,filterLoc,,
3495,1337,filterLoc,,
3495,1340,filterLoc,,
3495,1343,filterLoc,,
3495,1346,filterLoc,,
3495,1349,filterLoc,,
3495,1352,filterLoc,,
3495,1355,filterLoc,,
3495,1358,filterLoc,,
3495,1361,filterLoc,,
3495,1364,filterLoc,,
3495,1367,filterLoc,,
3495,1370,filterLoc,,
3495,1373,filterLoc,,
3495,1376,filterLoc,,
3495,1379,filterLoc,,
3495,1382,filterLoc,,
3495,1385,filterLoc,,
3495,1388,filterLoc,,
3495,1391,filterLoc,,
3495,1394,filterLoc,,
3495,1397,filterLoc,,
3495,1400,filterLoc,,
3495,1403,filterLoc,,
3495,1406,filterLoc,,
3495,1409,filterLoc,,
3495,1412,filterLoc,,
3495,1415,filterLoc,,
3495,1418,filterLoc,,
3495,1421,filterLoc,,
3495,1424,filterLoc,,
3495,1427,filterLoc,,
3495,1430,filterLoc,,
3495,1433,filterLoc,,
3495,1436,filterLoc,,
3495,1439,filterLoc,,
3495,1442,filterLoc,,
3495,1445,filterLoc,,
3495,1448,filterLoc,,
3495,1451,filterLoc,,
3495,1454,filterLoc,,
3495,1457,filterLoc,,
3495,1460,filterLoc,,
3495,1463,filterLoc,,
3495,1466,filterLoc,,
3495,1469,filterLoc,,
3495,1472,filterLoc,,
3495,1475,filterLoc,,
3495,1478,filterLoc,,
3495,1481,filterLoc,,
3495,1484,filterLoc,,
3495,1487,filterLoc,,
3495,1490,filterLoc,,
3495,1493,filterLoc,,
3495,1496,filterLoc,,
3495,1499,filterLoc,,
3495,1502,filterLoc,,
3495,1505,filterLoc,,
3495,1508,filterLoc,,
3495,1511,filterLoc,,
3495,1514,filterLoc,,
3495,1517,filterLoc,,
3495,642,filterLoc,out,Evacuee 80 in triage category R is not assigned a helicopter
3495,642,filterLoc,,
3495,643,evacuee,,Evacuee;80;in triage state;R;is entering the FOL
3495,645,filterLoc,out,Evacuee 79 in triage category R is not assigned a helicopter
3495,645,filterLoc,,
3495,646,evacuee,,Evacuee;79;in triage state;R;is entering the FOL
3495,657,filterLoc,out,Evacuee 78 in triage category R is not assigned a helicopter
3495,657,filterLoc,,
3495,658,evacuee,,Evacuee;78;in triage state;R;is entering the FOL
3495,226,FOL,,;EvacueeID;51;Triage Status;Y;EvacueeID;52;Triage Status;Y;EvacueeID;53;Triage Status;Y;EvacueeID;1;Triage Status;W;EvacueeID;2;Triage Status;W;EvacueeID;3;Triage Status;W;EvacueeID;4;Triage Status;W;EvacueeID;5;Triage Status;W;EvacueeID;6;Triage Status;W;EvacueeID;7;Triage Status;W;EvacueeID;8;Triage Status;W;EvacueeID;9;Triage Status;W;EvacueeID;10;Triage Status;W;EvacueeID;57;Triage Status;Y;EvacueeID;58;Triage Status;Y;EvacueeID;59;Triage Status;Y;EvacueeID;60;Triage Status;Y;EvacueeID;61;Triage Status;Y;EvacueeID;62;Triage Status;Y;EvacueeID;63;Triage Status;Y;EvacueeID;64;Triage Status;Y;EvacueeID;65;Triage Status;Y;EvacueeID;66;Triage Status;Y;EvacueeID;67;Triage Status;Y;EvacueeID;68;Triage Status;Y;EvacueeID;69;Triage Status;Y;EvacueeID;70;Triage Status;Y;EvacueeID;71;Triage Status;Y;EvacueeID;72;Triage Status;Y;EvacueeID;73;Triage Status;Y;EvacueeID;74;Triage Status;Y;EvacueeID;75;Triage Status;R;EvacueeID;76;Triage Status;R;EvacueeID;77;Triage Status;R;EvacueeID;78;Triage Status;R;EvacueeID;79;Triage Status;R;EvacueeID;80;Triage Status;R;Lives Saved;37
3495,643,evacuee,outFOL,Evacuee 80 in triage category R is not assigned a helicopter
3495,643,evacuee,,Evacuee;80;in triage state;R;is at the FOL
3495,646,evacuee,outFOL,Evacuee 79 in triage category R is not assigned a helicopter
3495,646,evacuee,,Evacuee;79;in triage state;R;is at the FOL
3495,658,evacuee,outFOL,Evacuee 78 in triage category R is not assigned a helicopter
3495,658,evacuee,,Evacuee;78;in triage state;R;is at the FOL
3495,226,FOL,,;EvacueeID;51;Triage Status;Y;EvacueeID;52;Triage Status;Y;EvacueeID;53;Triage Status;Y;EvacueeID;1;Triage Status;W;EvacueeID;2;Triage Status;W;EvacueeID;3;Triage Status;W;EvacueeID;4;Triage Status;W;EvacueeID;5;Triage Status;W;EvacueeID;6;Triage Status;W;EvacueeID;7;Triage Status;W;EvacueeID;8;Triage Status;W;EvacueeID;9;Triage Status;W;EvacueeID;10;Triage Status;W;EvacueeID;57;Triage Status;Y;EvacueeID;58;Triage Status;Y;EvacueeID;59;Triage Status;Y;EvacueeID;60;Triage Status;Y;EvacueeID;61;Triage Status;Y;EvacueeID;62;Triage Status;Y;EvacueeID;63;Triage Status;Y;EvacueeID;64;Triage Status;Y;EvacueeID;65;Triage Status;Y;EvacueeID;66;Triage Status;Y;EvacueeID;67;Triage Status;Y;EvacueeID;68;Triage Status;Y;EvacueeID;69;Triage Status;Y;EvacueeID;70;Triage Status;Y;EvacueeID;71;Triage Status;Y;EvacueeID;72;Triage Status;Y;EvacueeID;73;Triage Status;Y;EvacueeID;74;Triage Status;Y;EvacueeID;75;Triage Status;R;EvacueeID;76;Triage Status;R;EvacueeID;77;Triage Status;R;EvacueeID;78;Triage Status;R;EvacueeID;79;Triage Status;R;EvacueeID;80;Triage Status;R;Lives Saved;37
3510,1170,helicopter,,Helicopter;1;Is going to the evacuation site;;and has;0;spots taken
3525,5,helicopterQueue,,1;Helos are waiting to land;HeloID;3
3525,108,helicopter,outES,Helicopter 3 is evacuating people3
3525,108,helicopter,,Helicopter;3;is waiting to land at the evacuation site;;and has;0;spots taken
3525,4,helipadManager,,Helo;3;is at the ES
3525,5,helicopterQueue,outHM,Helicopter 3 is evacuating people3
3525,5,helicopterQueue,outHelo,Helicopter 3 is evacuating people3
3525,5,helicopterQueue,,;No helos are waiting to land
3525,107,filterES,,Helicopter;3;is evacuating people
3525,1129,filterES,,
3525,1169,filterES,,
3525,107,filterES,out,Helicopter 3 is evacuating people3
3525,107,filterES,,
3525,108,helicopter,,Helicopter;3;is waiting to land at the evacuation site;;and has;0;spots taken
3525,108,helicopter,,Helicopter;3;is loading people at the evacuation site;;and has;0;spots taken
3540,3,evacueeManager,,OFF SHIP: White;0;Green;0;Yellow;0;Red;0;Black;420;ON SHIP: White;20;Green;0;Yellow;3;Red;0;Evacuees to Transfer;;EvacueeID;20;HeloID;3;OnShip;0;Triage Status;W;EvacueeID;21;HeloID;3;OnShip;0;Triage Status;W;EvacueeID;22;HeloID;3;OnShip;0;Triage Status;W;EvacueeID;23;HeloID;3;OnShip;0;Triage Status;W;EvacueeID;24;HeloID;3;OnShip;0;Triage Status;W;EvacueeID;25;HeloID;3;OnShip;0;Triage Status;W;EvacueeID;26;HeloID;3;OnShip;0;Triage Status;W;EvacueeID;27;HeloID;3;OnShip;0;Triage Status;W;EvacueeID;28;HeloID;3;OnShip;0;Triage Status;W;EvacueeID;29;HeloID;3;OnShip;0;Triage Status;W
3540,4,helipadManager,outEM,Helicopter 3 is evacuating people3
3540,4,helipadManager,outHelo,Helicopter 3 is evacuating people3
3540,4,helipadManager,,;No helos are at ES
3540,107,filterES,,Helicopter;3;is evacuating people
3540,1129,filterES,,
3540,1169,filterES,,
3540,3,evacueeManager,outEvac,Evacuee 20 in triage category W is assigned helicopter 3
3540,3,evacueeManager,outEvac,Evacuee 21 in triage category W is assigned helicopter 3
3540,3,evacueeManager,outEvac,Evacuee 22 in triage category W is assigned helicopter 3
3540,3,evacueeManager,outEvac,Evacuee 23 in triage category W is assigned helicopter 3
3540,3,evacueeManager,outEvac,Evacuee 24 in triage category W is assigned helicopter 3
3540,3,evacueeManager,outEvac,Evacuee 25 in triage category W is assigned helicopter 3
3540,3,evacueeManager,outEvac,Evacuee 26 in triage category W is assigned helicopter 3
3540,3,evacueeManager,outEvac,Evacuee 27 in triage category W is assigned helicopter 3
3540,3,evacueeManager,outEvac,Evacuee 28 in triage category W is assigned helicopter 3
3540,3,evacueeManager,outEvac,Evacuee 29 in triage category W is assigned helicopter 3
3540,3,evacueeManager,,OFF SHIP: White;0;Green;0;Yellow;0;Red;0;Black;420;ON SHIP: White;20;Green;0;Yellow;3;Red;0;Evacuees to Transfer;
3540,4,helipadManager,outHQ,0
3540,4,helipadManager,,;No helos are at ES
3540,5,helicopterQueue,,;No helos are waiting to land
3540,7,filterLoc,,
3540,10,filterLoc,,
3540,13,filterLoc,,
3540,16,filterLoc,,
3540,19,filterLoc,,
3540,22,filterLoc,,
3540,25,filterLoc,,
3540,28,filterLoc,,
3540,31,filterLoc,,
3540,34,filterLoc,,
3540,37,filterLoc,,
3540,40,filterLoc,,
3540,43,filterLoc,,
3540,46,filterLoc,,
3540,49,filterLoc,,
3540,52,filterLoc,,
3540,55,filterLoc,,
3540,58,filterLoc,,
3540,61,filterLoc,,
3540,64,filterLoc,,
3540,67,filterLoc,,
3540,70,filterLoc,,
3540,73,filterLoc,,
3540,76,filterLoc,,
3540,79,filterLoc,,
3540,82,filterLoc,,
3540,85,filterLoc,,
3540,88,filterLoc,,
3540,91,filterLoc,,
3540,94,filterLoc,,
3540,97,filterLoc,,
3540,100,filterLoc,,
3540,103,filterLoc,,
3540,107,filterES,out,Helicopter 3 is evacuating people3
3540,107,filterES,,
3540,108,helicopter,,Helicopter;3;is loading people at the evacuation site;;and has;0;spots taken
3540,110,filterLoc,,
3540,113,filterLoc,,
3540,116,filterLoc,,
3540,119,filterLoc,,
3540,122,filterLoc,,
3540,125,filterLoc,,
3540,128,filterLoc,,
3540,131,filterLoc,,
3540,134,filterLoc,,
3540,137,filterLoc,,
3540,140,filterLoc,,
3540,143,filterLoc,,
3540,146,filterLoc,,
3540,149,filterLoc,,
3540,152,filterLoc,,
3540,155,filterLoc,,
3540,158,filterLoc,,
3540,161,filterLoc,,
3540,164,filterLoc,,
3540,167,filterLoc,,
3540,170,filterLoc,,
3540,173,filterLoc,,
3540,176,filterLoc,,
3540,179,filterLoc,,
3540,182,filterLoc,,
3540,185,filterLoc,,
3540,188,filterLoc,,
3540,191,filterLoc,,
3540,194,filterLoc,,
3540,197,filterLoc,,
3540,200,filterLoc,,
3540,203,filterLoc,,
3540,206,filterLoc,,
3540,209,filterLoc,,
3540,212,filterLoc,,
3540,215,filterLoc,,
3540,218,filterLoc,,
3540,221,filterLoc,,
3540,224,filterLoc,,
3540,228,filterLoc,,
3540,231,filterLoc,,
3540,234,filterLoc,,
3540,237,filterLoc,,
3540,240,filterLoc,,
3540,243,filterLoc,,
3540,246,filterLoc,,
3540,249,filterLoc,,
3540,252,filterLoc,,
3540,255,filterLoc,,
3540,258,filterLoc,,
3540,261,filterLoc,,
3540,264,filterLoc,,
3540,267,filterLoc,,
3540,270,filterLoc,,
3540,273,filterLoc,,
3540,276,filterLoc,,
3540,279,filterLoc,,
3540,282,filterLoc,,
3540,285,filterLoc,,
3540,288,filterLoc,,
3540,291,filterLoc,,
3540,294,filterLoc,,
3540,297,filterLoc,,
3540,300,filterLoc,,
3540,303,filterLoc,,
3540,306,filterLoc,,
3540,309,filterLoc,,
3540,312,filterLoc,,
3540,315,filterLoc,,
3540,318,filterLoc,,
3540,321,filterLoc,,
3540,324,filterLoc,,
3540,327,filterLoc,,
3540,330,filterLoc,,
3540,333,filterLoc,,
3540,336,filterLoc,,
3540,339,filterLoc,,
3540,342,filterLoc,,
3540,345,filterLoc,,
3540,348,filterLoc,,
3540,351,filterLoc,,
3540,354,filterLoc,,
3540,357,filterLoc,,
3540,360,filterLoc,,
3540,363,filterLoc,,
3540,366,filterLoc,,
3540,369,filterLoc,,
3540,372,filterLoc,,
3540,375,filterLoc,,
3540,378,filterLoc,,
3540,381,filterLoc,,
3540,384,filterLoc,,
3540,387,filterLoc,,
3540,390,filterLoc,,
3540,393,filterLoc,,
3540,396,filterLoc,,
3540,399,filterLoc,,
3540,402,filterLoc,,
3540,405,filterLoc,,
3540,408,filterLoc,,
3540,411,filterLoc,,
3540,414,filterLoc,,
3540,417,filterLoc,,
3540,420,filterLoc,,
3540,423,filterLoc,,
3540,426,filterLoc,,
3540,429,filterLoc,,
3540,432,filterLoc,,
3540,435,filterLoc,,
3540,438,filterLoc,,
3540,441,filterLoc,,
3540,444,filterLoc,,
3540,447,filterLoc,,
3540,450,filterLoc,,
3540,453,filterLoc,,
3540,456,filterLoc,,
3540,459,filterLoc,,
3540,462,filterLoc,,
3540,465,filterLoc,,
3540,468,filterLoc,,
3540,471,filterLoc,,
3540,474,filterLoc,,
3540,477,filterLoc,,
3540,480,filterLoc,,
3540,483,filterLoc,,
3540,486,filterLoc,,
3540,489,filterLoc,,
3540,492,filterLoc,,
3540,495,filterLoc,,
3540,498,filterLoc,,
3540,501,filterLoc,,
3540,504,filterLoc,,
3540,507,filterLoc,,
3540,510,filterLoc,,
3540,513,filterLoc,,
3540,516,filterLoc,,
3540,519,filterLoc,,
3540,522,filterLoc,,
3540,525,filterLoc,,
3540,528,filterLoc,,
3540,531,filterLoc,,
3540,534,filterLoc,,
3540,537,filterLoc,,
3540,540,filterLoc,,
3540,543,filterLoc,,
3540,546,filterLoc,,
3540,549,filterLoc,,
3540,552,filterLoc,,
3540,555,filterLoc,,
3540,558,filterLoc,,
3540,561,filterLoc,,
3540,564,filterLoc,,
3540,567,filterLoc,,
3540,570,filterLoc,,
3540,573,filterLoc,,
3540,576,filterLoc,,
3540,579,filterLoc,,
3540,582,filterLoc,,
3540,585,filterLoc,,
3540,588,filterLoc,,
3540,591,filterLoc,,
3540,594,filterLoc,,
3540,597,filterLoc,,
3540,600,filterLoc,,
3540,603,filterLoc,,
3540,606,filterLoc,,
3540,609,filterLoc,,
3540,612,filterLoc,,
3540,615,filterLoc,,
3540,618,filterLoc,,
3540,621,filterLoc,,
3540,624,filterLoc,,
3540,627,filterLoc,,
3540,630,filterLoc,,
3540,633,filterLoc,,
3540,636,filterLoc,,
3540,639,filterLoc,,
3540,642,filterLoc,,
3540,645,filterLoc,,
3540,648,filterLoc,,
3540,651,filterLoc,,
3540,654,filterLoc,,
3540,657,filterLoc,,
3540,660,filterLoc,,
3540,663,filterLoc,,
3540,666,filterLoc,,
3540,669,filterLoc,,
3540,672,filterLoc,,
3540,675,filterLoc,,
3540,678,filterLoc,,
3540,681,filterLoc,,
3540,684,filterLoc,,
3540,687,filterLoc,,
3540,690,filterLoc,,
3540,693,filterLoc,,
3540,696,filterLoc,,
3540,699,filterLoc,,
3540,702,filterLoc,,
3540,705,filterLoc,,
3540,708,filterLoc,,
3540,711,filterLoc,,
3540,714,filterLoc,,
3540,717,filterLoc,,
3540,720,filterLoc,,
3540,723,filterLoc,,
3540,726,filterLoc,,
3540,729,filterLoc,,
3540,732,filterLoc,,
3540,735,filterLoc,,
3540,738,filterLoc,,
3540,741,filterLoc,,
3540,744,filterLoc,,
3540,747,filterLoc,,
3540,750,filterLoc,,
3540,753,filterLoc,,
3540,756,filterLoc,,
3540,759,filterLoc,,
3540,762,filterLoc,,
3540,765,filterLoc,,
3540,768,filterLoc,,
3540,771,filterLoc,,
3540,774,filterLoc,,
3540,777,filterLoc,,;Evacuee;23;in triage category;W;is entering helicopter;3
3540,780,filterLoc,,
3540,783,filterLoc,,
3540,786,filterLoc,,
3540,789,filterLoc,,
3540,792,filterLoc,,
3540,795,filterLoc,,
3540,798,filterLoc,,
3540,801,filterLoc,,
3540,804,filterLoc,,
3540,807,filterLoc,,
3540,810,filterLoc,,
3540,813,filterLoc,,
3540,816,filterLoc,,
3540,819,filterLoc,,
3540,822,filterLoc,,
3540,825,filterLoc,,
3540,828,filterLoc,,
3540,831,filterLoc,,
3540,834,filterLoc,,
3540,837,filterLoc,,
3540,840,filterLoc,,
3540,843,filterLoc,,
3540,846,filterLoc,,;Evacuee;25;in triage category;W;is entering helicopter;3
3540,849,filterLoc,,
3540,852,filterLoc,,
3540,855,filterLoc,,
3540,858,filterLoc,,
3540,861,filterLoc,,
3540,864,filterLoc,,
3540,867,filterLoc,,
3540,870,filterLoc,,
3540,873,filterLoc,,
3540,876,filterLoc,,
3540,879,filterLoc,,
3540,882,filterLoc,,
3540,885,filterLoc,,
3540,888,filterLoc,,
3540,891,filterLoc,,;Evacuee;29;in triage category;W;is entering helicopter;3
3540,894,filterLoc,,
3540,897,filterLoc,,
3540,900,filterLoc,,
3540,903,filterLoc,,
3540,906,filterLoc,,
3540,909,filterLoc,,
3540,912,filterLoc,,
3540,915,filterLoc,,
3540,918,filterLoc,,
3540,921,filterLoc,,
3540,924,filterLoc,,
3540,927,filterLoc,,
3540,930,filterLoc,,
3540,933,filterLoc,,
3540,936,filterLoc,,
3540,939,filterLoc,,
3540,942,filterLoc,,
3540,945,filterLoc,,
3540,948,filterLoc,,;Evacuee;22;in triage category;W;is entering helicopter;3
3540,951,filterLoc,,
3540,954,filterLoc,,
3540,957,filterLoc,,
3540,960,filterLoc,,
3540,963,filterLoc,,;Evacuee;26;in triage category;W;is entering helicopter;3
3540,966,filterLoc,,
3540,969,filterLoc,,
3540,972,filterLoc,,
3540,975,filterLoc,,
3540,978,filterLoc,,
3540,981,filterLoc,,
3540,984,filterLoc,,
3540,987,filterLoc,,
3540,990,filterLoc,,
3540,993,filterLoc,,
3540,996,filterLoc,,
3540,999,filterLoc,,
3540,1002,filterLoc,,
3540,1005,filterLoc,,
3540,1008,filterLoc,,
3540,1011,filterLoc,,
3540,1014,filterLoc,,
3540,1017,filterLoc,,;Evacuee;21;in triage category;W;is entering helicopter;3
3540,1020,filterLoc,,
3540,1023,filterLoc,,
3540,1026,filterLoc,,
3540,1029,filterLoc,,
3540,1032,filterLoc,,
3540,1035,filterLoc,,;Evacuee;24;in triage category;W;is entering helicopter;3
3540,1038,filterLoc,,
3540,1041,filterLoc,,
3540,1044,filterLoc,,
3540,1047,filterLoc,,
3540,1050,filterLoc,,
3540,1053,filterLoc,,
3540,1056,filterLoc,,;Evacuee;20;in triage category;W;is entering helicopter;3
3540,1059,filterLoc,,
3540,1062,filterLoc,,
3540,1065,filterLoc,,
3540,1068,filterLoc,,
3540,1071,filterLoc,,
3540,1074,filterLoc,,
3540,1077,filterLoc,,
3540,1080,filterLoc,,
3540,1083,filterLoc,,
3540,1086,filterLoc,,
3540,1089,filterLoc,,
3540,1092,filterLoc,,
3540,1095,filterLoc,,
3540,1098,filterLoc,,
3540,1101,filterLoc,,
3540,1104,filterLoc,,
3540,1107,filterLoc,,
3540,1110,filterLoc,,
3540,1113,filterLoc,,
3540,1116,filterLoc,,
3540,1119,filterLoc,,
3540,1122,filterLoc,,
3540,1125,filterLoc,,
3540,1132,filterLoc,,
3540,1135,filterLoc,,
3540,1138,filterLoc,,
3540,1141,filterLoc,,
3540,1144,filterLoc,,
3540,1147,filterLoc,,
3540,1150,filterLoc,,
3540,1153,filterLoc,,
3540,1156,filterLoc,,
3540,1159,filterLoc,,
3540,1162,filterLoc,,
3540,1165,filterLoc,,
3540,1172,filterLoc,,
3540,1175,filterLoc,,
3540,1178,filterLoc,,
3540,1181,filterLoc,,
3540,1184,filterLoc,,
3540,1187,filterLoc,,
3540,1190,filterLoc,,
3540,1193,filterLoc,,
3540,1196,filterLoc,,
3540,1199,filterLoc,,
3540,1202,filterLoc,,
3540,1205,filterLoc,,
3540,1208,filterLoc,,
3540,1211,filterLoc,,
3540,1214,filterLoc,,
3540,1217,filterLoc,,
3540,1220,filterLoc,,
3540,1223,filterLoc,,
3540,1226,filterLoc,,
3540,1229,filterLoc,,
3540,1232,filterLoc,,
3540,1235,filterLoc,,
3540,1238,filterLoc,,
3540,1241,filterLoc,,
3540,1244,filterLoc,,
3540,1247,filterLoc,,;Evacuee;28;in triage category;W;is entering helicopter;3
3540,1250,filterLoc,,
3540,1253,filterLoc,,
3540,1256,filterLoc,,
3540,1259,filterLoc,,
3540,1262,filterLoc,,
3540,1265,filterLoc,,
3540,1268,filterLoc,,
3540,1271,filterLoc,,
3540,1274,filterLoc,,
3540,1277,filterLoc,,
3540,1280,filterLoc,,
3540,1283,filterLoc,,
3540,1286,filterLoc,,
3540,1289,filterLoc,,
3540,1292,filterLoc,,
3540,1295,filterLoc,,
3540,1298,filterLoc,,
3540,1301,filterLoc,,
3540,1304,filterLoc,,
3540,1307,filterLoc,,
3540,1310,filterLoc,,
3540,1313,filterLoc,,
3540,1316,filterLoc,,
3540,1319,filterLoc,,
3540,1322,filterLoc,,
3540,1325,filterLoc,,
3540,1328,filterLoc,,
3540,1331,filterLoc,,
3540,1334,filterLoc,,
3540,1337,filterLoc,,
3540,1340,filterLoc,,
3540,1343,filterLoc,,
3540,1346,filterLoc,,
3540,1349,filterLoc,,
3540,1352,filterLoc,,
3540,1355,filterLoc,,
3540,1358,filterLoc,,
3540,1361,filterLoc,,
3540,1364,filterLoc,,
3540,1367,filterLoc,,
3540,1370,filterLoc,,
3540,1373,filterLoc,,
3540,1376,filterLoc,,
3540,1379,filterLoc,,
3540,1382,filterLoc,,
3540,1385,filterLoc,,
3540,1388,filterLoc,,
3540,1391,filterLoc,,
3540,1394,filterLoc,,
3540,1397,filterLoc,,
3540,1400,filterLoc,,
3540,1403,filterLoc,,
3540,1406,filterLoc,,
3540,1409,filterLoc,,
3540,1412,filterLoc,,
3540,1415,filterLoc,,
3540,1418,filterLoc,,;Evacuee;27;in triage category;W;is entering helicopter;3
3540,1421,filterLoc,,
3540,1424,filterLoc,,
3540,1427,filterLoc,,
3540,1430,filterLoc,,
3540,1433,filterLoc,,
3540,1436,filterLoc,,
3540,1439,filterLoc,,
3540,1442,filterLoc,,
3540,1445,filterLoc,,
3540,1448,filterLoc,,
3540,1451,filterLoc,,
3540,1454,filterLoc,,
3540,1457,filterLoc,,
3540,1460,filterLoc,,
3540,1463,filterLoc,,
3540,1466,filterLoc,,
3540,1469,filterLoc,,
3540,1472,filterLoc,,
3540,1475,filterLoc,,
3540,1478,filterLoc,,
3540,1481,filterLoc,,
3540,1484,filterLoc,,
3540,1487,filterLoc,,
3540,1490,filterLoc,,
3540,1493,filterLoc,,
3540,1496,filterLoc,,
3540,1499,filterLoc,,
3540,1502,filterLoc,,
3540,1505,filterLoc,,
3540,1508,filterLoc,,
3540,1511,filterLoc,,
3540,1514,filterLoc,,
3540,1517,filterLoc,,
3540,5,helicopterQueue,,;No helos are waiting to land
3540,108,helicopter,,Helicopter;3;is returning to the FOL;;and has;0;spots taken
3540,777,filterLoc,out,Evacuee 23 in triage category W is assigned helicopter 3
3540,777,filterLoc,,
3540,778,evacuee,,Evacuee;23;in triage state;W;is entering helicopter;3
3540,846,filterLoc,out,Evacuee 25 in triage category W is assigned helicopter 3
3540,846,filterLoc,,
3540,847,evacuee,,Evacuee;25;in triage state;W;is entering helicopter;3
3540,891,filterLoc,out,Evacuee 29 in triage category W is assigned helicopter 3
3540,891,filterLoc,,
3540,892,evacuee,,Evacuee;29;in triage state;W;is entering helicopter;3
3540,948,filterLoc,out,Evacuee 22 in triage category W is assigned helicopter 3
3540,948,filterLoc,,
3540,949,evacuee,,Evacuee;22;in triage state;W;is entering helicopter;3
3540,963,filterLoc,out,Evacuee 26 in triage category W is assigned helicopter 3
3540,963,filterLoc,,
3540,964,evacuee,,Evacuee;26;in triage state;W;is entering helicopter;3
3540,1017,filterLoc,out,Evacuee 21 in triage category W is assigned helicopter 3
3540,1017,filterLoc,,
3540,1018,evacuee,,Evacuee;21;in triage state;W;is entering helicopter;3
3540,1035,filterLoc,out,Evacuee 24 in triage category W is assigned helicopter 3
3540,1035,filterLoc,,
3540,1036,evacuee,,Evacuee;24;in triage state;W;is entering helicopter;3
3540,1056,filterLoc,out,Evacuee 20 in triage category W is assigned helicopter 3
3540,1056,filterLoc,,
3540,1057,evacuee,,Evacuee;20;in triage state;W;is entering helicopter;3
3540,1247,filterLoc,out,Evacuee 28 in triage category W is assigned helicopter 3
3540,1247,filterLoc,,
3540,1248,evacuee,,Evacuee;28;in triage state;W;is entering helicopter;3
3540,1418,filterLoc,out,Evacuee 27 in triage category W is assigned helicopter 3
3540,1418,filterLoc,,
3540,1419,evacuee,,Evacuee;27;in triage state;W;is entering helicopter;3
3540,106,filterEvac,,;Evacuee;20;in triage category;W;is entering helicopter;3;Evacuee;21;in triage category;W;is entering helicopter;3;Evacuee;22;in triage category;W;is entering helicopter;3;Evacuee;23;in triage category;W;is entering helicopter;3;Evacuee;24;in triage category;W;is entering helicopter;3;Evacuee;25;in triage category;W;is entering helicopter;3;Evacuee;26;in triage category;W;is entering helicopter;3;Evacuee;27;in triage category;W;is entering helicopter;3;Evacuee;28;in triage category;W;is entering helicopter;3;Evacuee;29;in triage category;W;is entering helicopter;3
3540,778,evacuee,outHelo,Evacuee 23 in triage category W is assigned helicopter 3
3540,778,evacuee,,Evacuee;23;in triage state;W;is in helicopter;3
3540,847,evacuee,outHelo,Evacuee 25 in triage category W is assigned helicopter 3
3540,847,evacuee,,Evacuee;25;in triage state;W;is in helicopter;3
3540,892,evacuee,outHelo,Evacuee 29 in triage category W is assigned helicopter 3
3540,892,evacuee,,Evacuee;29;in triage state;W;is in helicopter;3
3540,949,evacuee,outHelo,Evacuee 22 in triage category W is assigned helicopter 3
3540,949,evacuee,,Evacuee;22;in triage state;W;is in helicopter;3
3540,964,evacuee,outHelo,Evacuee 26 in triage category W is assigned helicopter 3
3540,964,evacuee,,Evacuee;26;in triage state;W;is in helicopter;3
3540,1018,evacuee,outHelo,Evacuee 21 in triage category W is assigned helicopter 3
3540,1018,evacuee,,Evacuee;21;in triage state;W;is in helicopter;3
3540,1036,evacuee,outHelo,Evacuee 24 in triage category W is assigned helicopter 3
3540,1036,evacuee,,Evacuee;24;in triage state;W;is in helicopter;3
3540,1057,evacuee,outHelo,Evacuee 20 in triage category W is assigned helicopter 3
3540,1057,evacuee,,Evacuee;20;in triage state;W;is in helicopter;3
3540,1128,filterEvac,,
3540,1168,filterEvac,,
3540,1248,evacuee,outHelo,Evacuee 28 in triage category W is assigned helicopter 3
3540,1248,evacuee,,Evacuee;28;in triage state;W;is in helicopter;3
3540,1419,evacuee,outHelo,Evacuee 27 in triage category W is assigned helicopter 3
3540,1419,evacuee,,Evacuee;27;in triage state;W;is in helicopter;3
3540,106,filterEvac,out,Evacuee 20 in triage category W is assigned helicopter 3
3540,106,filterEvac,out,Evacuee 21 in triage category W is assigned helicopter 3
3540,106,filterEvac,out,Evacuee 22 in triage category W is assigned helicopter 3
3540,106,filterEvac,out,Evacuee 23 in triage category W is assigned helicopter 3
3540,106,filterEvac,out,Evacuee 24 in triage category W is assigned helicopter 3
3540,106,filterEvac,out,Evacuee 25 in triage category W is assigned helicopter 3
3540,106,filterEvac,out,Evacuee 26 in triage category W is assigned helicopter 3
3540,106,filterEvac,out,Evacuee 27 in triage category W is assigned helicopter 3
3540,106,filterEvac,out,Evacuee 28 in triage category W is assigned helicopter 3
3540,106,filterEvac,out,Evacuee 29 in triage category W is assigned helicopter 3
3540,106,filterEvac,,
3540,108,helicopter,,Helicopter;3;is returning to the FOL;;and has;10;spots taken
3555,7,filterLoc,,
3555,10,filterLoc,,
3555,13,filterLoc,,
3555,16,filterLoc,,
3555,19,filterLoc,,
3555,22,filterLoc,,
3555,25,filterLoc,,
3555,28,filterLoc,,
3555,31,filterLoc,,
3555,34,filterLoc,,
3555,37,filterLoc,,
3555,40,filterLoc,,
3555,43,filterLoc,,
3555,46,filterLoc,,
3555,49,filterLoc,,
3555,52,filterLoc,,
3555,55,filterLoc,,
3555,58,filterLoc,,
3555,61,filterLoc,,
3555,64,filterLoc,,
3555,67,filterLoc,,
3555,70,filterLoc,,
3555,73,filterLoc,,
3555,76,filterLoc,,
3555,79,filterLoc,,
3555,82,filterLoc,,
3555,85,filterLoc,,
3555,88,filterLoc,,
3555,91,filterLoc,,
3555,94,filterLoc,,
3555,97,filterLoc,,
3555,100,filterLoc,,
3555,103,filterLoc,,
3555,110,filterLoc,,
3555,113,filterLoc,,
3555,116,filterLoc,,
3555,119,filterLoc,,
3555,122,filterLoc,,
3555,125,filterLoc,,
3555,128,filterLoc,,
3555,131,filterLoc,,
3555,134,filterLoc,,
3555,137,filterLoc,,
3555,140,filterLoc,,
3555,143,filterLoc,,
3555,146,filterLoc,,
3555,149,filterLoc,,
3555,152,filterLoc,,
3555,155,filterLoc,,
3555,158,filterLoc,,
3555,161,filterLoc,,
3555,164,filterLoc,,
3555,167,filterLoc,,
3555,170,filterLoc,,
3555,173,filterLoc,,
3555,176,filterLoc,,
3555,179,filterLoc,,
3555,182,filterLoc,,
3555,185,filterLoc,,
3555,188,filterLoc,,
3555,191,filterLoc,,
3555,194,filterLoc,,
3555,197,filterLoc,,
3555,200,filterLoc,,
3555,203,filterLoc,,
3555,206,filterLoc,,
3555,209,filterLoc,,
3555,212,filterLoc,,
3555,215,filterLoc,,
3555,218,filterLoc,,
3555,221,filterLoc,,
3555,224,filterLoc,,
3555,228,filterLoc,,
3555,231,filterLoc,,
3555,234,filterLoc,,
3555,237,filterLoc,,
3555,240,filterLoc,,
3555,243,filterLoc,,
3555,246,filterLoc,,
3555,249,filterLoc,,
3555,252,filterLoc,,
3555,255,filterLoc,,
3555,258,filterLoc,,
3555,261,filterLoc,,
3555,264,filterLoc,,
3555,267,filterLoc,,
3555,270,filterLoc,,
3555,273,filterLoc,,
3555,276,filterLoc,,
3555,279,filterLoc,,
3555,282,filterLoc,,
3555,285,filterLoc,,
3555,288,filterLoc,,
3555,291,filterLoc,,
3555,294,filterLoc,,
3555,297,filterLoc,,
3555,300,filterLoc,,
3555,303,filterLoc,,
3555,306,filterLoc,,
3555,309,filterLoc,,
3555,312,filterLoc,,
3555,315,filterLoc,,
3555,318,filterLoc,,
3555,321,filterLoc,,
3555,324,filterLoc,,
3555,327,filterLoc,,
3555,330,filterLoc,,
3555,333,filterLoc,,
3555,336,filterLoc,,
3555,339,filterLoc,,
3555,342,filterLoc,,
3555,345,filterLoc,,
3555,348,filterLoc,,
3555,351,filterLoc,,
3555,354,filterLoc,,
3555,357,filterLoc,,
3555,360,filterLoc,,
3555,363,filterLoc,,
3555,366,filterLoc,,
3555,369,filterLoc,,
3555,372,filterLoc,,
3555,375,filterLoc,,
3555,378,filterLoc,,
3555,381,filterLoc,,
3555,384,filterLoc,,
3555,387,filterLoc,,
3555,390,filterLoc,,
3555,393,filterLoc,,
3555,396,filterLoc,,
3555,399,filterLoc,,
3555,402,filterLoc,,
3555,405,filterLoc,,
3555,408,filterLoc,,
3555,411,filterLoc,,
3555,414,filterLoc,,
3555,417,filterLoc,,
3555,420,filterLoc,,
3555,423,filterLoc,,
3555,426,filterLoc,,
3555,429,filterLoc,,
3555,432,filterLoc,,
3555,435,filterLoc,,
3555,438,filterLoc,,
3555,441,filterLoc,,
3555,444,filterLoc,,
3555,447,filterLoc,,
3555,450,filterLoc,,
3555,453,filterLoc,,
3555,456,filterLoc,,
3555,459,filterLoc,,
3555,462,filterLoc,,
3555,465,filterLoc,,
3555,468,filterLoc,,
3555,471,filterLoc,,
3555,474,filterLoc,,
3555,477,filterLoc,,
3555,480,filterLoc,,
3555,483,filterLoc,,
3555,486,filterLoc,,
3555,489,filterLoc,,
3555,492,filterLoc,,
3555,495,filterLoc,,
3555,498,filterLoc,,
3555,501,filterLoc,,
3555,504,filterLoc,,
3555,507,filterLoc,,
3555,510,filterLoc,,
3555,513,filterLoc,,
3555,516,filterLoc,,
3555,519,filterLoc,,
3555,522,filterLoc,,
3555,525,filterLoc,,
3555,528,filterLoc,,
3555,531,filterLoc,,
3555,534,filterLoc,,
3555,537,filterLoc,,
3555,540,filterLoc,,
3555,543,filterLoc,,
3555,546,filterLoc,,
3555,549,filterLoc,,
3555,552,filterLoc,,
3555,555,filterLoc,,
3555,558,filterLoc,,
3555,561,filterLoc,,
3555,564,filterLoc,,
3555,567,filterLoc,,
3555,570,filterLoc,,
3555,573,filterLoc,,
3555,576,filterLoc,,
3555,579,filterLoc,,
3555,582,filterLoc,,
3555,585,filterLoc,,
3555,588,filterLoc,,
3555,591,filterLoc,,
3555,594,filterLoc,,
3555,597,filterLoc,,
3555,600,filterLoc,,
3555,603,filterLoc,,
3555,606,filterLoc,,
3555,609,filterLoc,,
3555,612,filterLoc,,
3555,615,filterLoc,,
3555,618,filterLoc,,
3555,621,filterLoc,,
3555,624,filterLoc,,
3555,627,filterLoc,,
3555,630,filterLoc,,
3555,633,filterLoc,,
3555,636,filterLoc,,
3555,639,filterLoc,,
3555,642,filterLoc,,
3555,645,filterLoc,,
3555,648,filterLoc,,
3555,651,filterLoc,,
3555,654,filterLoc,,
3555,657,filterLoc,,
3555,660,filterLoc,,
3555,663,filterLoc,,
3555,666,filterLoc,,
3555,669,filterLoc,,
3555,672,filterLoc,,
3555,675,filterLoc,,
3555,678,filterLoc,,
3555,681,filterLoc,,
3555,684,filterLoc,,
3555,687,filterLoc,,
3555,690,filterLoc,,
3555,693,filterLoc,,
3555,696,filterLoc,,
3555,699,filterLoc,,
3555,702,filterLoc,,
3555,705,filterLoc,,
3555,708,filterLoc,,
3555,711,filterLoc,,
3555,714,filterLoc,,
3555,717,filterLoc,,
3555,720,filterLoc,,
3555,723,filterLoc,,
3555,726,filterLoc,,
3555,729,filterLoc,,;Evacuee;15;in triage category;W;is leaving helicopter;2
3555,732,filterLoc,,
3555,735,filterLoc,,;Evacuee;17;in triage category;W;is leaving helicopter;2
3555,738,filterLoc,,
3555,741,filterLoc,,
3555,744,filterLoc,,
3555,747,filterLoc,,;Evacuee;14;in triage category;W;is leaving helicopter;2
3555,750,filterLoc,,
3555,753,filterLoc,,
3555,756,filterLoc,,
3555,759,filterLoc,,
3555,762,filterLoc,,
3555,765,filterLoc,,
3555,768,filterLoc,,
3555,771,filterLoc,,
3555,774,filterLoc,,
3555,777,filterLoc,,
3555,780,filterLoc,,
3555,783,filterLoc,,
3555,786,filterLoc,,;Evacuee;18;in triage category;G;is leaving helicopter;2
3555,789,filterLoc,,
3555,792,filterLoc,,
3555,795,filterLoc,,
3555,798,filterLoc,,
3555,801,filterLoc,,
3555,804,filterLoc,,
3555,807,filterLoc,,
3555,810,filterLoc,,
3555,813,filterLoc,,
3555,816,filterLoc,,
3555,819,filterLoc,,
3555,822,filterLoc,,
3555,825,filterLoc,,
3555,828,filterLoc,,
3555,831,filterLoc,,
3555,834,filterLoc,,
3555,837,filterLoc,,
3555,840,filterLoc,,
3555,843,filterLoc,,
3555,846,filterLoc,,
3555,849,filterLoc,,
3555,852,filterLoc,,
3555,855,filterLoc,,
3555,858,filterLoc,,
3555,861,filterLoc,,
3555,864,filterLoc,,
3555,867,filterLoc,,
3555,870,filterLoc,,
3555,873,filterLoc,,
3555,876,filterLoc,,
3555,879,filterLoc,,
3555,882,filterLoc,,
3555,885,filterLoc,,
3555,888,filterLoc,,
3555,891,filterLoc,,
3555,894,filterLoc,,
3555,897,filterLoc,,
3555,900,filterLoc,,
3555,903,filterLoc,,
3555,906,filterLoc,,
3555,909,filterLoc,,
3555,912,filterLoc,,
3555,915,filterLoc,,
3555,918,filterLoc,,
3555,921,filterLoc,,
3555,924,filterLoc,,
3555,927,filterLoc,,
3555,930,filterLoc,,
3555,933,filterLoc,,
3555,936,filterLoc,,
3555,939,filterLoc,,
3555,942,filterLoc,,
3555,945,filterLoc,,
3555,948,filterLoc,,
3555,951,filterLoc,,
3555,954,filterLoc,,
3555,957,filterLoc,,
3555,960,filterLoc,,
3555,963,filterLoc,,
3555,966,filterLoc,,
3555,969,filterLoc,,
3555,972,filterLoc,,
3555,975,filterLoc,,
3555,978,filterLoc,,
3555,981,filterLoc,,
3555,984,filterLoc,,
3555,987,filterLoc,,
3555,990,filterLoc,,
3555,993,filterLoc,,
3555,996,filterLoc,,
3555,999,filterLoc,,
3555,1002,filterLoc,,
3555,1005,filterLoc,,
3555,1008,filterLoc,,
3555,1011,filterLoc,,
3555,1014,filterLoc,,
3555,1017,filterLoc,,
3555,1020,filterLoc,,
3555,1023,filterLoc,,
3555,1026,filterLoc,,
3555,1029,filterLoc,,
3555,1032,filterLoc,,;Evacuee;13;in triage category;W;is leaving helicopter;2
3555,1035,filterLoc,,
3555,1038,filterLoc,,
3555,1041,filterLoc,,
3555,1044,filterLoc,,
3555,1047,filterLoc,,
3555,1050,filterLoc,,
3555,1053,filterLoc,,
3555,1056,filterLoc,,
3555,1059,filterLoc,,
3555,1062,filterLoc,,
3555,1065,filterLoc,,
3555,1068,filterLoc,,
3555,1071,filterLoc,,
3555,1074,filterLoc,,
3555,1077,filterLoc,,
3555,1080,filterLoc,,
3555,1083,filterLoc,,
3555,1086,filterLoc,,
3555,1089,filterLoc,,
3555,1092,filterLoc,,
3555,1095,filterLoc,,
3555,1098,filterLoc,,
3555,1101,filterLoc,,
3555,1104,filterLoc,,
3555,1107,filterLoc,,
3555,1110,filterLoc,,
3555,1113,filterLoc,,;Evacuee;19;in triage category;W;is leaving helicopter;2
3555,1116,filterLoc,,
3555,1119,filterLoc,,
3555,1122,filterLoc,,
3555,1125,filterLoc,,
3555,1130,helicopter,outEvac,Evacuee 11 in triage category W is not assigned a helicopter
3555,1130,helicopter,outEvac,Evacuee 12 in triage category W is not assigned a helicopter
3555,1130,helicopter,outEvac,Evacuee 13 in triage category W is not assigned a helicopter
3555,1130,helicopter,outEvac,Evacuee 14 in triage category W is not assigned a helicopter
3555,1130,helicopter,outEvac,Evacuee 15 in triage category W is not assigned a helicopter
3555,1130,helicopter,outEvac,Evacuee 16 in triage category W is not assigned a helicopter
3555,1130,helicopter,outEvac,Evacuee 17 in triage category W is not assigned a helicopter
3555,1130,helicopter,outEvac,Evacuee 18 in triage category G is not assigned a helicopter
3555,1130,helicopter,outEvac,Evacuee 19 in triage category W is not assigned a helicopter
3555,1130,helicopter,outEvac,Evacuee 45 in triage category G is not assigned a helicopter
3555,1130,helicopter,,Helicopter;2;is unloading people at the FOL;;and has;0;spots taken
3555,1132,filterLoc,,
3555,1135,filterLoc,,
3555,1138,filterLoc,,
3555,1141,filterLoc,,
3555,1144,filterLoc,,
3555,1147,filterLoc,,
3555,1150,filterLoc,,
3555,1153,filterLoc,,
3555,1156,filterLoc,,
3555,1159,filterLoc,,
3555,1162,filterLoc,,
3555,1165,filterLoc,,;Evacuee;45;in triage category;G;is leaving helicopter;2
3555,1172,filterLoc,,
3555,1175,filterLoc,,
3555,1178,filterLoc,,
3555,1181,filterLoc,,
3555,1184,filterLoc,,
3555,1187,filterLoc,,
3555,1190,filterLoc,,
3555,1193,filterLoc,,
3555,1196,filterLoc,,
3555,1199,filterLoc,,
3555,1202,filterLoc,,
3555,1205,filterLoc,,
3555,1208,filterLoc,,
3555,1211,filterLoc,,
3555,1214,filterLoc,,
3555,1217,filterLoc,,
3555,1220,filterLoc,,
3555,1223,filterLoc,,
3555,1226,filterLoc,,
3555,1229,filterLoc,,
3555,1232,filterLoc,,
3555,1235,filterLoc,,
3555,1238,filterLoc,,
3555,1241,filterLoc,,
3555,1244,filterLoc,,
3555,1247,filterLoc,,
3555,1250,filterLoc,,
3555,1253,filterLoc,,
3555,1256,filterLoc,,
3555,1259,filterLoc,,
3555,1262,filterLoc,,
3555,1265,filterLoc,,;Evacuee;16;in triage category;W;is leaving helicopter;2
3555,1268,filterLoc,,
3555,1271,filterLoc,,
3555,1274,filterLoc,,
3555,1277,filterLoc,,
3555,1280,filterLoc,,
3555,1283,filterLoc,,
3555,1286,filterLoc,,
3555,1289,filterLoc,,
3555,1292,filterLoc,,
3555,1295,filterLoc,,
3555,1298,filterLoc,,
3555,1301,filterLoc,,
3555,1304,filterLoc,,
3555,1307,filterLoc,,
3555,1310,filterLoc,,
3555,1313,filterLoc,,
3555,1316,filterLoc,,
3555,1319,filterLoc,,
3555,1322,filterLoc,,
3555,1325,filterLoc,,
3555,1328,filterLoc,,
3555,1331,filterLoc,,
3555,1334,filterLoc,,
3555,1337,filterLoc,,
3555,1340,filterLoc,,
3555,1343,filterLoc,,
3555,1346,filterLoc,,
3555,1349,filterLoc,,
3555,1352,filterLoc,,
3555,1355,filterLoc,,
3555,1358,filterLoc,,
3555,1361,filterLoc,,
3555,1364,filterLoc,,
3555,1367,filterLoc,,
3555,1370,filterLoc,,
3555,1373,filterLoc,,
3555,1376,filterLoc,,
3555,1379,filterLoc,,;Evacuee;11;in triage category;W;is leaving helicopter;2
3555,1382,filterLoc,,
3555,1385,filterLoc,,
3555,1388,filterLoc,,
3555,1391,filterLoc,,
3555,1394,filterLoc,,
3555,1397,filterLoc,,
3555,1400,filterLoc,,
3555,1403,filterLoc,,
3555,1406,filterLoc,,
3555,1409,filterLoc,,
3555,1412,filterLoc,,
3555,1415,filterLoc,,
3555,1418,filterLoc,,
3555,1421,filterLoc,,
3555,1424,filterLoc,,
3555,1427,filterLoc,,
3555,1430,filterLoc,,;Evacuee;12;in triage category;W;is leaving helicopter;2
3555,1433,filterLoc,,
3555,1436,filterLoc,,
3555,1439,filterLoc,,
3555,1442,filterLoc,,
3555,1445,filterLoc,,
3555,1448,filterLoc,,
3555,1451,filterLoc,,
3555,1454,filterLoc,,
3555,1457,filterLoc,,
3555,1460,filterLoc,,
3555,1463,filterLoc,,
3555,1466,filterLoc,,
3555,1469,filterLoc,,
3555,1472,filterLoc,,
3555,1475,filterLoc,,
3555,1478,filterLoc,,
3555,1481,filterLoc,,
3555,1484,filterLoc,,
3555,1487,filterLoc,,
3555,1490,filterLoc,,
3555,1493,filterLoc,,
3555,1496,filterLoc,,
3555,1499,filterLoc,,
3555,1502,filterLoc,,
3555,1505,filterLoc,,
3555,1508,filterLoc,,
3555,1511,filterLoc,,
3555,1514,filterLoc,,
3555,1517,filterLoc,,
3555,729,filterLoc,out,Evacuee 15 in triage category W is not assigned a helicopter
3555,729,filterLoc,,
3555,730,evacuee,,Evacuee;15;in triage state;W;is entering the FOL
3555,735,filterLoc,out,Evacuee 17 in triage category W is not assigned a helicopter
3555,735,filterLoc,,
3555,736,evacuee,,Evacuee;17;in triage state;W;is entering the FOL
3555,747,filterLoc,out,Evacuee 14 in triage category W is not assigned a helicopter
3555,747,filterLoc,,
3555,748,evacuee,,Evacuee;14;in triage state;W;is entering the FOL
3555,786,filterLoc,out,Evacuee 18 in triage category G is not assigned a helicopter
3555,786,filterLoc,,
3555,787,evacuee,,Evacuee;18;in triage state;G;is entering the FOL
3555,1032,filterLoc,out,Evacuee 13 in triage category W is not assigned a helicopter
3555,1032,filterLoc,,
3555,1033,evacuee,,Evacuee;13;in triage state;W;is entering the FOL
3555,1113,filterLoc,out,Evacuee 19 in triage category W is not assigned a helicopter
3555,1113,filterLoc,,
3555,1114,evacuee,,Evacuee;19;in triage state;W;is entering the FOL
3555,1165,filterLoc,out,Evacuee 45 in triage category G is not assigned a helicopter
3555,1165,filterLoc,,
3555,1166,evacuee,,Evacuee;45;in triage state;G;is entering the FOL
3555,1265,filterLoc,out,Evacuee 16 in triage category W is not assigned a helicopter
3555,1265,filterLoc,,
3555,1266,evacuee,,Evacuee;16;in triage state;W;is entering the FOL
3555,1379,filterLoc,out,Evacuee 11 in triage category W is not assigned a helicopter
3555,1379,filterLoc,,
3555,1380,evacuee,,Evacuee;11;in triage state;W;is entering the FOL
3555,1430,filterLoc,out,Evacuee 12 in triage category W is not assigned a helicopter
3555,1430,filterLoc,,
3555,1431,evacuee,,Evacuee;12;in triage state;W;is entering the FOL
3555,226,FOL,,;EvacueeID;51;Triage Status;Y;EvacueeID;52;Triage Status;Y;EvacueeID;53;Triage Status;Y;EvacueeID;1;Triage Status;W;EvacueeID;2;Triage Status;W;EvacueeID;3;Triage Status;W;EvacueeID;4;Triage Status;W;EvacueeID;5;Triage Status;W;EvacueeID;6;Triage Status;W;EvacueeID;7;Triage Status;W;EvacueeID;8;Triage Status;W;EvacueeID;9;Triage Status;W;EvacueeID;10;Triage Status;W;EvacueeID;57;Triage Status;Y;EvacueeID;58;Triage Status;Y;EvacueeID;59;Triage Status;Y;EvacueeID;60;Triage Status;Y;EvacueeID;61;Triage Status;Y;EvacueeID;62;Triage Status;Y;EvacueeID;63;Triage Status;Y;EvacueeID;64;Triage Status;Y;EvacueeID;65;Triage Status;Y;EvacueeID;66;Triage Status;Y;EvacueeID;67;Triage Status;Y;EvacueeID;68;Triage Status;Y;EvacueeID;69;Triage Status;Y;EvacueeID;70;Triage Status;Y;EvacueeID;71;Triage Status;Y;EvacueeID;72;Triage Status;Y;EvacueeID;73;Triage Status;Y;EvacueeID;74;Triage Status;Y;EvacueeID;75;Triage Status;R;EvacueeID;76;Triage Status;R;EvacueeID;77;Triage Status;R;EvacueeID;78;Triage Status;R;EvacueeID;79;Triage Status;R;EvacueeID;80;Triage Status;R;EvacueeID;11;Triage Status;W;EvacueeID;12;Triage Status;W;EvacueeID;13;Triage Status;W;EvacueeID;14;Triage Status;W;EvacueeID;15;Triage Status;W;EvacueeID;16;Triage Status;W;EvacueeID;17;Triage Status;W;EvacueeID;18;Triage Status;G;EvacueeID;19;Triage Status;W;EvacueeID;45;Triage Status;G;Lives Saved;47
3555,730,evacuee,outFOL,Evacuee 15 in triage category W is not assigned a helicopter
3555,730,evacuee,,Evacuee;15;in triage state;W;is at the FOL
3555,736,evacuee,outFOL,Evacuee 17 in triage category W is not assigned a helicopter
3555,736,evacuee,,Evacuee;17;in triage state;W;is at the FOL
3555,748,evacuee,outFOL,Evacuee 14 in triage category W is not assigned a helicopter
3555,748,evacuee,,Evacuee;14;in triage state;W;is at the FOL
3555,787,evacuee,outFOL,Evacuee 18 in triage category G is not assigned a helicopter
3555,787,evacuee,,Evacuee;18;in triage state;G;is at the FOL
3555,1033,evacuee,outFOL,Evacuee 13 in triage category W is not assigned a helicopter
3555,1033,evacuee,,Evacuee;13;in triage state;W;is at the FOL
3555,1114,evacuee,outFOL,Evacuee 19 in triage category W is not assigned a helicopter
3555,1114,evacuee,,Evacuee;19;in triage state;W;is at the FOL
3555,1166,evacuee,outFOL,Evacuee 45 in triage category G is not assigned a helicopter
3555,1166,evacuee,,Evacuee;45;in triage state;G;is at the FOL
3555,1266,evacuee,outFOL,Evacuee 16 in triage category W is not assigned a helicopter
3555,1266,evacuee,,Evacuee;16;in triage state;W;is at the FOL
3555,1380,evacuee,outFOL,Evacuee 11 in triage category W is not assigned a helicopter
3555,1380,evacuee,,Evacuee;11;in triage state;W;is at the FOL
3555,1431,evacuee,outFOL,Evacuee 12 in triage category W is not assigned a helicopter
3555,1431,evacuee,,Evacuee;12;in triage state;W;is at the FOL
3555,226,FOL,,;EvacueeID;51;Triage Status;Y;EvacueeID;52;Triage Status;Y;EvacueeID;53;Triage Status;Y;EvacueeID;1;Triage Status;W;EvacueeID;2;Triage Status;W;EvacueeID;3;Triage Status;W;EvacueeID;4;Triage Status;W;EvacueeID;5;Triage Status;W;EvacueeID;6;Triage Status;W;EvacueeID;7;Triage Status;W;EvacueeID;8;Triage Status;W;EvacueeID;9;Triage Status;W;EvacueeID;10;Triage Status;W;EvacueeID;57;Triage Status;Y;EvacueeID;58;Triage Status;Y;EvacueeID;59;Triage Status;Y;EvacueeID;60;Triage Status;Y;EvacueeID;61;Triage Status;Y;EvacueeID;62;Triage Status;Y;EvacueeID;63;Triage Status;Y;EvacueeID;64;Triage Status;Y;EvacueeID;65;Triage Status;Y;EvacueeID;66;Triage Status;Y;EvacueeID;67;Triage Status;Y;EvacueeID;68;Triage Status;Y;EvacueeID;69;Triage Status;Y;EvacueeID;70;Triage Status;Y;EvacueeID;71;Triage Status;Y;EvacueeID;72;Triage Status;Y;EvacueeID;73;Triage Status;Y;EvacueeID;74;Triage Status;Y;EvacueeID;75;Triage Status;R;EvacueeID;76;Triage Status;R;EvacueeID;77;Triage Status;R;EvacueeID;78;Triage Status;R;EvacueeID;79;Triage Status;R;EvacueeID;80;Triage Status;R;EvacueeID;11;Triage Status;W;EvacueeID;12;Triage Status;W;EvacueeID;13;Triage Status;W;EvacueeID;14;Triage Status;W;EvacueeID;15;Triage Status;W;EvacueeID;16;Triage Status;W;EvacueeID;17;Triage Status;W;EvacueeID;18;Triage Status;G;EvacueeID;19;Triage Status;W;EvacueeID;45;Triage Status;G;Lives Saved;47
3570,1130,helicopter,,Helicopter;2;Is going to the evacuation site;;and has;0;spots taken
3585,5,helicopterQueue,,1;Helos are waiting to land;HeloID;1
3585,1170,helicopter,outES,Helicopter 1 is evacuating people1
3585,1170,helicopter,,Helicopter;1;is waiting to land at the evacuation site;;and has;0;spots taken
3585,4,helipadManager,,Helo;1;is at the ES
3585,5,helicopterQueue,outHM,Helicopter 1 is evacuating people1
3585,5,helicopterQueue,outHelo,Helicopter 1 is evacuating people1
3585,5,helicopterQueue,,;No helos are waiting to land
3585,107,filterES,,
3585,1129,filterES,,
3585,1169,filterES,,Helicopter;1;is evacuating people
3585,1169,filterES,out,Helicopter 1 is evacuating people1
3585,1169,filterES,,
3585,1170,helicopter,,Helicopter;1;is waiting to land at the evacuation site;;and has;0;spots taken
3585,1170,helicopter,,Helicopter;1;is loading people at the evacuation site;;and has;0;spots taken
3600,3,evacueeManager,,OFF SHIP: White;0;Green;0;Yellow;0;Red;0;Black;420;ON SHIP: White;10;Green;0;Yellow;3;Red;0;Evacuees to Transfer;;EvacueeID;30;HeloID;1;OnShip;0;Triage Status;W;EvacueeID;31;HeloID;1;OnShip;0;Triage Status;W;EvacueeID;32;HeloID;1;OnShip;0;Triage Status;W;EvacueeID;33;HeloID;1;OnShip;0;Triage Status;W;EvacueeID;34;HeloID;1;OnShip;0;Triage Status;W;EvacueeID;35;HeloID;1;OnShip;0;Triage Status;W;EvacueeID;36;HeloID;1;OnShip;0;Triage Status;W;EvacueeID;37;HeloID;1;OnShip;0;Triage Status;W;EvacueeID;38;HeloID;1;OnShip;0;Triage Status;W;EvacueeID;39;HeloID;1;OnShip;0;Triage Status;W
3600,4,helipadManager,outEM,Helicopter 1 is evacuating people1
3600,4,helipadManager,outHelo,Helicopter 1 is evacuating people1
3600,4,helipadManager,,;No helos are at ES
3600,107,filterES,,
3600,1129,filterES,,
3600,1169,filterES,,Helicopter;1;is evacuating people
3600,3,evacueeManager,outEvac,Evacuee 30 in triage category W is assigned helicopter 1
3600,3,evacueeManager,outEvac,Evacuee 31 in triage category W is assigned helicopter 1
3600,3,evacueeManager,outEvac,Evacuee 32 in triage category W is assigned helicopter 1
3600,3,evacueeManager,outEvac,Evacuee 33 in triage category W is assigned helicopter 1
3600,3,evacueeManager,outEvac,Evacuee 34 in triage category W is assigned helicopter 1
3600,3,evacueeManager,outEvac,Evacuee 35 in triage category W is assigned helicopter 1
3600,3,evacueeManager,outEvac,Evacuee 36 in triage category W is assigned helicopter 1
3600,3,evacueeManager,outEvac,Evacuee 37 in triage category W is assigned helicopter 1
3600,3,evacueeManager,outEvac,Evacuee 38 in triage category W is assigned helicopter 1
3600,3,evacueeManager,outEvac,Evacuee 39 in triage category W is assigned helicopter 1
3600,3,evacueeManager,,OFF SHIP: White;0;Green;0;Yellow;0;Red;0;Black;420;ON SHIP: White;10;Green;0;Yellow;3;Red;0;Evacuees to Transfer;
3600,4,helipadManager,outHQ,0
3600,4,helipadManager,,;No helos are at ES
3600,5,helicopterQueue,,;No helos are waiting to land
3600,7,filterLoc,,
3600,10,filterLoc,,
3600,13,filterLoc,,
3600,16,filterLoc,,
3600,19,filterLoc,,
3600,22,filterLoc,,
3600,25,filterLoc,,
3600,28,filterLoc,,
3600,31,filterLoc,,
3600,34,filterLoc,,
3600,37,filterLoc,,
3600,40,filterLoc,,
3600,43,filterLoc,,
3600,46,filterLoc,,
3600,49,filterLoc,,
3600,52,filterLoc,,
3600,55,filterLoc,,
3600,58,filterLoc,,
3600,61,filterLoc,,
3600,64,filterLoc,,
3600,67,filterLoc,,
3600,70,filterLoc,,
3600,73,filterLoc,,
3600,76,filterLoc,,
3600,79,filterLoc,,
3600,82,filterLoc,,
3600,85,filterLoc,,
3600,88,filterLoc,,
3600,91,filterLoc,,
3600,94,filterLoc,,
3600,97,filterLoc,,
3600,100,filterLoc,,
3600,103,filterLoc,,
3600,110,filterLoc,,
3600,113,filterLoc,,
3600,116,filterLoc,,
3600,119,filterLoc,,
3600,122,filterLoc,,
3600,125,filterLoc,,
3600,128,filterLoc,,
3600,131,filterLoc,,
3600,134,filterLoc,,
3600,137,filterLoc,,
3600,140,filterLoc,,
3600,143,filterLoc,,
3600,146,filterLoc,,
3600,149,filterLoc,,
3600,152,filterLoc,,
3600,155,filterLoc,,
3600,158,filterLoc,,
3600,161,filterLoc,,
3600,164,filterLoc,,
3600,167,filterLoc,,
3600,170,filterLoc,,
3600,173,filterLoc,,
3600,176,filterLoc,,
3600,179,filterLoc,,
3600,182,filterLoc,,
3600,185,filterLoc,,
3600,188,filterLoc,,
3600,191,filterLoc,,
3600,194,filterLoc,,
3600,197,filterLoc,,
3600,200,filterLoc,,
3600,203,filterLoc,,
3600,206,filterLoc,,
3600,209,filterLoc,,
3600,212,filterLoc,,
3600,215,filterLoc,,
3600,218,filterLoc,,
3600,221,filterLoc,,
3600,224,filterLoc,,
3600,228,filterLoc,,
3600,231,filterLoc,,
3600,234,filterLoc,,
3600,237,filterLoc,,
3600,240,filterLoc,,
3600,243,filterLoc,,
3600,246,filterLoc,,
3600,249,filterLoc,,
3600,252,filterLoc,,
3600,255,filterLoc,,
3600,258,filterLoc,,
3600,261,filterLoc,,
3600,264,filterLoc,,
3600,267,filterLoc,,
3600,270,filterLoc,,
3600,273,filterLoc,,
3600,276,filterLoc,,
3600,279,filterLoc,,
3600,282,filterLoc,,
3600,285,filterLoc,,
3600,288,filterLoc,,
3600,291,filterLoc,,
3600,294,filterLoc,,
3600,297,filterLoc,,
3600,300,filterLoc,,
3600,303,filterLoc,,
3600,306,filterLoc,,
3600,309,filterLoc,,
3600,312,filterLoc,,
3600,315,filterLoc,,
3600,318,filterLoc,,
3600,321,filterLoc,,
3600,324,filterLoc,,
3600,327,filterLoc,,
3600,330,filterLoc,,
3600,333,filterLoc,,
3600,336,filterLoc,,
3600,339,filterLoc,,
3600,342,filterLoc,,
3600,345,filterLoc,,
3600,348,filterLoc,,
3600,351,filterLoc,,
3600,354,filterLoc,,
3600,357,filterLoc,,
3600,360,filterLoc,,
3600,363,filterLoc,,
3600,366,filterLoc,,
3600,369,filterLoc,,
3600,372,filterLoc,,
3600,375,filterLoc,,
3600,378,filterLoc,,
3600,381,filterLoc,,
3600,384,filterLoc,,
3600,387,filterLoc,,
3600,390,filterLoc,,
3600,393,filterLoc,,
3600,396,filterLoc,,
3600,399,filterLoc,,
3600,402,filterLoc,,
3600,405,filterLoc,,
3600,408,filterLoc,,
3600,411,filterLoc,,
3600,414,filterLoc,,
3600,417,filterLoc,,
3600,420,filterLoc,,
3600,423,filterLoc,,
3600,426,filterLoc,,
3600,429,filterLoc,,
3600,432,filterLoc,,
3600,435,filterLoc,,
3600,438,filterLoc,,
3600,441,filterLoc,,
3600,444,filterLoc,,
3600,447,filterLoc,,
3600,450,filterLoc,,
3600,453,filterLoc,,
3600,456,filterLoc,,
3600,459,filterLoc,,
3600,462,filterLoc,,
3600,465,filterLoc,,
3600,468,filterLoc,,
3600,471,filterLoc,,
3600,474,filterLoc,,
3600,477,filterLoc,,
3600,480,filterLoc,,
3600,483,filterLoc,,
3600,486,filterLoc,,
3600,489,filterLoc,,
3600,492,filterLoc,,
3600,495,filterLoc,,
3600,498,filterLoc,,
3600,501,filterLoc,,
3600,504,filterLoc,,
3600,507,filterLoc,,
3600,510,filterLoc,,
3600,513,filterLoc,,
3600,516,filterLoc,,
3600,519,filterLoc,,
3600,522,filterLoc,,
3600,525,filterLoc,,
3600,528,filterLoc,,
3600,531,filterLoc,,
3600,534,filterLoc,,
3600,537,filterLoc,,
3600,540,filterLoc,,
3600,543,filterLoc,,
3600,546,filterLoc,,
3600,549,filterLoc,,
3600,552,filterLoc,,
3600,555,filterLoc,,
3600,558,filterLoc,,
3600,561,filterLoc,,
3600,564,filterLoc,,
3600,567,filterLoc,,;Evacuee;39;in triage category;W;is entering helicopter;1
3600,570,filterLoc,,
3600,573,filterLoc,,
3600,576,filterLoc,,
3600,579,filterLoc,,
3600,582,filterLoc,,
3600,585,filterLoc,,
3600,588,filterLoc,,
3600,591,filterLoc,,
3600,594,filterLoc,,
3600,597,filterLoc,,
3600,600,filterLoc,,
3600,603,filterLoc,,
3600,606,filterLoc,,
3600,609,filterLoc,,
3600,612,filterLoc,,
3600,615,filterLoc,,
3600,618,filterLoc,,
3600,621,filterLoc,,
3600,624,filterLoc,,
3600,627,filterLoc,,
3600,630,filterLoc,,
3600,633,filterLoc,,
3600,636,filterLoc,,
3600,639,filterLoc,,
3600,642,filterLoc,,
3600,645,filterLoc,,
3600,648,filterLoc,,
3600,651,filterLoc,,
3600,654,filterLoc,,
3600,657,filterLoc,,
3600,660,filterLoc,,
3600,663,filterLoc,,
3600,666,filterLoc,,
3600,669,filterLoc,,
3600,672,filterLoc,,
3600,675,filterLoc,,
3600,678,filterLoc,,
3600,681,filterLoc,,
3600,684,filterLoc,,
3600,687,filterLoc,,
3600,690,filterLoc,,
3600,693,filterLoc,,
3600,696,filterLoc,,
3600,699,filterLoc,,
3600,702,filterLoc,,
3600,705,filterLoc,,
3600,708,filterLoc,,
3600,711,filterLoc,,
3600,714,filterLoc,,
3600,717,filterLoc,,
3600,720,filterLoc,,
3600,723,filterLoc,,
3600,726,filterLoc,,
3600,729,filterLoc,,
3600,732,filterLoc,,
3600,735,filterLoc,,
3600,738,filterLoc,,
3600,741,filterLoc,,
3600,744,filterLoc,,
3600,747,filterLoc,,
3600,750,filterLoc,,
3600,753,filterLoc,,
3600,756,filterLoc,,
3600,759,filterLoc,,
3600,762,filterLoc,,
3600,765,filterLoc,,
3600,768,filterLoc,,
3600,771,filterLoc,,
3600,774,filterLoc,,
3600,777,filterLoc,,
3600,780,filterLoc,,
3600,783,filterLoc,,
3600,786,filterLoc,,
3600,789,filterLoc,,
3600,792,filterLoc,,
3600,795,filterLoc,,
3600,798,filterLoc,,
3600,801,filterLoc,,
3600,804,filterLoc,,
3600,807,filterLoc,,
3600,810,filterLoc,,
3600,813,filterLoc,,
3600,816,filterLoc,,
3600,819,filterLoc,,
3600,822,filterLoc,,
3600,825,filterLoc,,
3600,828,filterLoc,,;Evacuee;31;in triage category;W;is entering helicopter;1
3600,831,filterLoc,,;Evacuee;38;in triage category;W;is entering helicopter;1
3600,834,filterLoc,,
3600,837,filterLoc,,;Evacuee;33;in triage category;W;is entering helicopter;1
3600,840,filterLoc,,
3600,843,filterLoc,,
3600,846,filterLoc,,
3600,849,filterLoc,,
3600,852,filterLoc,,
3600,855,filterLoc,,
3600,858,filterLoc,,
3600,861,filterLoc,,
3600,864,filterLoc,,
3600,867,filterLoc,,
3600,870,filterLoc,,
3600,873,filterLoc,,
3600,876,filterLoc,,
3600,879,filterLoc,,
3600,882,filterLoc,,
3600,885,filterLoc,,
3600,888,filterLoc,,
3600,891,filterLoc,,
3600,894,filterLoc,,
3600,897,filterLoc,,
3600,900,filterLoc,,
3600,903,filterLoc,,
3600,906,filterLoc,,
3600,909,filterLoc,,
3600,912,filterLoc,,
3600,915,filterLoc,,
3600,918,filterLoc,,
3600,921,filterLoc,,
3600,924,filterLoc,,
3600,927,filterLoc,,
3600,930,filterLoc,,
3600,933,filterLoc,,
3600,936,filterLoc,,
3600,939,filterLoc,,
3600,942,filterLoc,,
3600,945,filterLoc,,
3600,948,filterLoc,,
3600,951,filterLoc,,
3600,954,filterLoc,,
3600,957,filterLoc,,
3600,960,filterLoc,,
3600,963,filterLoc,,
3600,966,filterLoc,,
3600,969,filterLoc,,
3600,972,filterLoc,,
3600,975,filterLoc,,
3600,978,filterLoc,,;Evacuee;37;in triage category;W;is entering helicopter;1
3600,981,filterLoc,,
3600,984,filterLoc,,
3600,987,filterLoc,,
3600,990,filterLoc,,
3600,993,filterLoc,,
3600,996,filterLoc,,
3600,999,filterLoc,,
3600,1002,filterLoc,,
3600,1005,filterLoc,,
3600,1008,filterLoc,,
3600,1011,filterLoc,,
3600,1014,filterLoc,,
3600,1017,filterLoc,,
3600,1020,filterLoc,,
3600,1023,filterLoc,,
3600,1026,filterLoc,,
3600,1029,filterLoc,,
3600,1032,filterLoc,,
3600,1035,filterLoc,,
3600,1038,filterLoc,,;Evacuee;32;in triage category;W;is entering helicopter;1
3600,1041,filterLoc,,;Evacuee;34;in triage category;W;is entering helicopter;1
3600,1044,filterLoc,,
3600,1047,filterLoc,,
3600,1050,filterLoc,,
3600,1053,filterLoc,,
3600,1056,filterLoc,,
3600,1059,filterLoc,,;Evacuee;35;in triage category;W;is entering helicopter;1
3600,1062,filterLoc,,
3600,1065,filterLoc,,;Evacuee;36;in triage category;W;is entering helicopter;1
3600,1068,filterLoc,,
3600,1071,filterLoc,,
3600,1074,filterLoc,,
3600,1077,filterLoc,,
3600,1080,filterLoc,,
3600,1083,filterLoc,,;Evacuee;30;in triage category;W;is entering helicopter;1
3600,1086,filterLoc,,
3600,1089,filterLoc,,
3600,1092,filterLoc,,
3600,1095,filterLoc,,
3600,1098,filterLoc,,
3600,1101,filterLoc,,
3600,1104,filterLoc,,
3600,1107,filterLoc,,
3600,1110,filterLoc,,
3600,1113,filterLoc,,
3600,1116,filterLoc,,
3600,1119,filterLoc,,
3600,1122,filterLoc,,
3600,1125,filterLoc,,
3600,1132,filterLoc,,
3600,1135,filterLoc,,
3600,1138,filterLoc,,
3600,1141,filterLoc,,
3600,1144,filterLoc,,
3600,1147,filterLoc,,
3600,1150,filterLoc,,
3600,1153,filterLoc,,
3600,1156,filterLoc,,
3600,1159,filterLoc,,
3600,1162,filterLoc,,
3600,1165,filterLoc,,
3600,1169,filterES,out,Helicopter 1 is evacuating people1
3600,1169,filterES,,
3600,1170,helicopter,,Helicopter;1;is loading people at the evacuation site;;and has;0;spots taken
3600,1172,filterLoc,,
3600,1175,filterLoc,,
3600,1178,filterLoc,,
3600,1181,filterLoc,,
3600,1184,filterLoc,,
3600,1187,filterLoc,,
3600,1190,filterLoc,,
3600,1193,filterLoc,,
3600,1196,filterLoc,,
3600,1199,filterLoc,,
3600,1202,filterLoc,,
3600,1205,filterLoc,,
3600,1208,filterLoc,,
3600,1211,filterLoc,,
3600,1214,filterLoc,,
3600,1217,filterLoc,,
3600,1220,filterLoc,,
3600,1223,filterLoc,,
3600,1226,filterLoc,,
3600,1229,filterLoc,,
3600,1232,filterLoc,,
3600,1235,filterLoc,,
3600,1238,filterLoc,,
3600,1241,filterLoc,,
3600,1244,filterLoc,,
3600,1247,filterLoc,,
3600,1250,filterLoc,,
3600,1253,filterLoc,,
3600,1256,filterLoc,,
3600,1259,filterLoc,,
3600,1262,filterLoc,,
3600,1265,filterLoc,,
3600,1268,filterLoc,,
3600,1271,filterLoc,,
3600,1274,filterLoc,,
3600,1277,filterLoc,,
3600,1280,filterLoc,,
3600,1283,filterLoc,,
3600,1286,filterLoc,,
3600,1289,filterLoc,,
3600,1292,filterLoc,,
3600,1295,filterLoc,,
3600,1298,filterLoc,,
3600,1301,filterLoc,,
3600,1304,filterLoc,,
3600,1307,filterLoc,,
3600,1310,filterLoc,,
3600,1313,filterLoc,,
3600,1316,filterLoc,,
3600,1319,filterLoc,,
3600,1322,filterLoc,,
3600,1325,filterLoc,,
3600,1328,filterLoc,,
3600,1331,filterLoc,,
3600,1334,filterLoc,,
3600,1337,filterLoc,,
3600,1340,filterLoc,,
3600,1343,filterLoc,,
3600,1346,filterLoc,,
3600,1349,filterLoc,,
3600,1352,filterLoc,,
3600,1355,filterLoc,,
3600,1358,filterLoc,,
3600,1361,filterLoc,,
3600,1364,filterLoc,,
3600,1367,filterLoc,,
3600,1370,filterLoc,,
3600,1373,filterLoc,,
3600,1376,filterLoc,,
3600,1379,filterLoc,,
3600,1382,filterLoc,,
3600,1385,filterLoc,,
3600,1388,filterLoc,,
3600,1391,filterLoc,,
3600,1394,filterLoc,,
3600,1397,filterLoc,,
3600,1400,filterLoc,,
3600,1403,filterLoc,,
3600,1406,filterLoc,,
3600,1409,filterLoc,,
3600,1412,filterLoc,,
3600,1415,filterLoc,,
3600,1418,filterLoc,,
3600,1421,filterLoc,,
3600,1424,filterLoc,,
3600,1427,filterLoc,,
3600,1430,filterLoc,,
3600,1433,filterLoc,,
3600,1436,filterLoc,,
3600,1439,filterLoc,,
3600,1442,filterLoc,,
3600,1445,filterLoc,,
3600,1448,filterLoc,,
3600,1451,filterLoc,,
3600,1454,filterLoc,,
3600,1457,filterLoc,,
3600,1460,filterLoc,,
3600,1463,filterLoc,,
3600,1466,filterLoc,,
3600,1469,filterLoc,,
3600,1472,filterLoc,,
3600,1475,filterLoc,,
3600,1478,filterLoc,,
3600,1481,filterLoc,,
3600,1484,filterLoc,,
3600,1487,filterLoc,,
3600,1490,filterLoc,,
3600,1493,filterLoc,,
3600,1496,filterLoc,,
3600,1499,filterLoc,,
3600,1502,filterLoc,,
3600,1505,filterLoc,,
3600,1508,filterLoc,,
3600,1511,filterLoc,,
3600,1514,filterLoc,,
3600,1517,filterLoc,,
3600,5,helicopterQueue,,;No helos are waiting to land
3600,567,filterLoc,out,Evacuee 39 in triage category W is assigned helicopter 1
3600,567,filterLoc,,
3600,568,evacuee,,Evacuee;39;in triage state;W;is entering helicopter;1
3600,828,filterLoc,out,Evacuee 31 in triage category W is assigned helicopter 1
3600,828,filterLoc,,
3600,829,evacuee,,Evacuee;31;in triage state;W;is entering helicopter;1
3600,831,filterLoc,out,Evacuee 38 in triage category W is assigned helicopter 1
3600,831,filterLoc,,
3600,832,evacuee,,Evacuee;38;in triage state;W;is entering helicopter;1
3600,837,filterLoc,out,Evacuee 33 in triage category W is assigned helicopter 1
3600,837,filterLoc,,
3600,838,evacuee,,Evacuee;33;in triage state;W;is entering helicopter;1
3600,978,filterLoc,out,Evacuee 37 in triage category W is assigned helicopter 1
3600,978,filterLoc,,
3600,979,evacuee,,Evacuee;37;in triage state;W;is entering helicopter;1
3600,1038,filterLoc,out,Evacuee 32 in triage category W is assigned helicopter 1
3600,1038,filterLoc,,
3600,1039,evacuee,,Evacuee;32;in triage state;W;is entering helicopter;1
3600,1041,filterLoc,out,Evacuee 34 in triage category W is assigned helicopter 1
3600,1041,filterLoc,,
3600,1042,evacuee,,Evacuee;34;in triage state;W;is entering helicopter;1
3600,1059,filterLoc,out,Evacuee 35 in triage category W is assigned helicopter 1
3600,1059,filterLoc,,
3600,1060,evacuee,,Evacuee;35;in triage state;W;is entering helicopter;1
3600,1065,filterLoc,out,Evacuee 36 in triage category W is assigned helicopter 1
3600,1065,filterLoc,,
3600,1066,evacuee,,Evacuee;36;in triage state;W;is entering helicopter;1
3600,1083,filterLoc,out,Evacuee 30 in triage category W is assigned helicopter 1
3600,1083,filterLoc,,
3600,1084,evacuee,,Evacuee;30;in triage state;W;is entering helicopter;1
3600,1170,helicopter,,Helicopter;1;is returning to the FOL;;and has;0;spots taken
3600,106,filterEvac,,
3600,568,evacuee,outHelo,Evacuee 39 in triage category W is assigned helicopter 1
3600,568,evacuee,,Evacuee;39;in triage state;W;is in helicopter;1
3600,829,evacuee,outHelo,Evacuee 31 in triage category W is assigned helicopter 1
3600,829,evacuee,,Evacuee;31;in triage state;W;is in helicopter;1
3600,832,evacuee,outHelo,Evacuee 38 in triage category W is assigned helicopter 1
3600,832,evacuee,,Evacuee;38;in triage state;W;is in helicopter;1
3600,838,evacuee,outHelo,Evacuee 33 in triage category W is assigned helicopter 1
3600,838,evacuee,,Evacuee;33;in triage state;W;is in helicopter;1
3600,979,evacuee,outHelo,Evacuee 37 in triage category W is assigned helicopter 1
3600,979,evacuee,,Evacuee;37;in triage state;W;is in helicopter;1
3600,1039,evacuee,outHelo,Evacuee 32 in triage category W is assigned helicopter 1
3600,1039,evacuee,,Evacuee;32;in triage state;W;is in helicopter;1
3600,1042,evacuee,outHelo,Evacuee 34 in triage category W is assigned helicopter 1
3600,1042,evacuee,,Evacuee;34;in triage state;W;is in helicopter;1
3600,1060,evacuee,outHelo,Evacuee 35 in triage category W is assigned helicopter 1
3600,1060,evacuee,,Evacuee;35;in triage state;W;is in helicopter;1
3600,1066,evacuee,outHelo,Evacuee 36 in triage category W is assigned helicopter 1
3600,1066,evacuee,,Evacuee;36;in triage state;W;is in helicopter;1
3600,1084,evacuee,outHelo,Evacuee 30 in triage category W is assigned helicopter 1
3600,1084,evacuee,,Evacuee;30;in triage state;W;is in helicopter;1
3600,1128,filterEvac,,
3600,1168,filterEvac,,;Evacuee;30;in triage category;W;is entering helicopter;1;Evacuee;31;in triage category;W;is entering helicopter;1;Evacuee;32;in triage category;W;is entering helicopter;1;Evacuee;33;in triage category;W;is entering helicopter;1;Evacuee;34;in triage category;W;is entering helicopter;1;Evacuee;35;in triage category;W;is entering helicopter;1;Evacuee;36;in triage category;W;is entering helicopter;1;Evacuee;37;in triage category;W;is entering helicopter;1;Evacuee;38;in triage category;W;is entering helicopter;1;Evacuee;39;in triage category;W;is entering helicopter;1
3600,1168,filterEvac,out,Evacuee 30 in triage category W is assigned helicopter 1
3600,1168,filterEvac,out,Evacuee 31 in triage category W is assigned helicopter 1
3600,1168,filterEvac,out,Evacuee 32 in triage category W is assigned helicopter 1
3600,1168,filterEvac,out,Evacuee 33 in triage category W is assigned helicopter 1
3600,1168,filterEvac,out,Evacuee 34 in triage category W is assigned helicopter 1
3600,1168,filterEvac,out,Evacuee 35 in triage category W is assigned helicopter 1
3600,1168,filterEvac,out,Evacuee 36 in triage category W is assigned helicopter 1
3600,1168,filterEvac,out,Evacuee 37 in triage category W is assigned helicopter 1
3600,1168,filterEvac,out,Evacuee 38 in triage category W is assigned helicopter 1
3600,1168,filterEvac,out,Evacuee 39 in triage category W is assigned helicopter 1
3600,1168,filterEvac,,
3600,1170,helicopter,,Helicopter;1;is returning to the FOL;;and has;10;spots taken
3615,7,filterLoc,,
3615,10,filterLoc,,
3615,13,filterLoc,,
3615,16,filterLoc,,
3615,19,filterLoc,,
3615,22,filterLoc,,
3615,25,filterLoc,,
3615,28,filterLoc,,
3615,31,filterLoc,,
3615,34,filterLoc,,
3615,37,filterLoc,,
3615,40,filterLoc,,
3615,43,filterLoc,,
3615,46,filterLoc,,
3615,49,filterLoc,,
3615,52,filterLoc,,
3615,55,filterLoc,,
3615,58,filterLoc,,
3615,61,filterLoc,,
3615,64,filterLoc,,
3615,67,filterLoc,,
3615,70,filterLoc,,
3615,73,filterLoc,,
3615,76,filterLoc,,
3615,79,filterLoc,,
3615,82,filterLoc,,
3615,85,filterLoc,,
3615,88,filterLoc,,
3615,91,filterLoc,,
3615,94,filterLoc,,
3615,97,filterLoc,,
3615,100,filterLoc,,
3615,103,filterLoc,,
3615,108,helicopter,outEvac,Evacuee 20 in triage category W is not assigned a helicopter
3615,108,helicopter,outEvac,Evacuee 21 in triage category W is not assigned a helicopter
3615,108,helicopter,outEvac,Evacuee 22 in triage category W is not assigned a helicopter
3615,108,helicopter,outEvac,Evacuee 23 in triage category W is not assigned a helicopter
3615,108,helicopter,outEvac,Evacuee 24 in triage category W is not assigned a helicopter
3615,108,helicopter,outEvac,Evacuee 25 in triage category W is not assigned a helicopter
3615,108,helicopter,outEvac,Evacuee 26 in triage category W is not assigned a helicopter
3615,108,helicopter,outEvac,Evacuee 27 in triage category W is not assigned a helicopter
3615,108,helicopter,outEvac,Evacuee 28 in triage category W is not assigned a helicopter
3615,108,helicopter,outEvac,Evacuee 29 in triage category W is not assigned a helicopter
3615,108,helicopter,,Helicopter;3;is unloading people at the FOL;;and has;0;spots taken
3615,110,filterLoc,,
3615,113,filterLoc,,
3615,116,filterLoc,,
3615,119,filterLoc,,
3615,122,filterLoc,,
3615,125,filterLoc,,
3615,128,filterLoc,,
3615,131,filterLoc,,
3615,134,filterLoc,,
3615,137,filterLoc,,
3615,140,filterLoc,,
3615,143,filterLoc,,
3615,146,filterLoc,,
3615,149,filterLoc,,
3615,152,filterLoc,,
3615,155,filterLoc,,
3615,158,filterLoc,,
3615,161,filterLoc,,
3615,164,filterLoc,,
3615,167,filterLoc,,
3615,170,filterLoc,,
3615,173,filterLoc,,
3615,176,filterLoc,,
3615,179,filterLoc,,
3615,182,filterLoc,,
3615,185,filterLoc,,
3615,188,filterLoc,,
3615,191,filterLoc,,
3615,194,filterLoc,,
3615,197,filterLoc,,
3615,200,filterLoc,,
3615,203,filterLoc,,
3615,206,filterLoc,,
3615,209,filterLoc,,
3615,212,filterLoc,,
3615,215,filterLoc,,
3615,218,filterLoc,,
3615,221,filterLoc,,
3615,224,filterLoc,,
3615,228,filterLoc,,
3615,231,filterLoc,,
3615,234,filterLoc,,
3615,237,filterLoc,,
3615,240,filterLoc,,
3615,243,filterLoc,,
3615,246,filterLoc,,
3615,249,filterLoc,,
3615,252,filterLoc,,
3615,255,filterLoc,,
3615,258,filterLoc,,
3615,261,filterLoc,,
3615,264,filterLoc,,
3615,267,filterLoc,,
3615,270,filterLoc,,
3615,273,filterLoc,,
3615,276,filterLoc,,
3615,279,filterLoc,,
3615,282,filterLoc,,
3615,285,filterLoc,,
3615,288,filterLoc,,
3615,291,filterLoc,,
3615,294,filterLoc,,
3615,297,filterLoc,,
3615,300,filterLoc,,
3615,303,filterLoc,,
3615,306,filterLoc,,
3615,309,filterLoc,,
3615,312,filterLoc,,
3615,315,filterLoc,,
3615,318,filterLoc,,
3615,321,filterLoc,,
3615,324,filterLoc,,
3615,327,filterLoc,,
3615,330,filterLoc,,
3615,333,filterLoc,,
3615,336,filterLoc,,
3615,339,filterLoc,,
3615,342,filterLoc,,
3615,345,filterLoc,,
3615,348,filterLoc,,
3615,351,filterLoc,,
3615,354,filterLoc,,
3615,357,filterLoc,,
3615,360,filterLoc,,
3615,363,filterLoc,,
3615,366,filterLoc,,
3615,369,filterLoc,,
3615,372,filterLoc,,
3615,375,filterLoc,,
3615,378,filterLoc,,
3615,381,filterLoc,,
3615,384,filterLoc,,
3615,387,filterLoc,,
3615,390,filterLoc,,
3615,393,filterLoc,,
3615,396,filterLoc,,
3615,399,filterLoc,,
3615,402,filterLoc,,
3615,405,filterLoc,,
3615,408,filterLoc,,
3615,411,filterLoc,,
3615,414,filterLoc,,
3615,417,filterLoc,,
3615,420,filterLoc,,
3615,423,filterLoc,,
3615,426,filterLoc,,
3615,429,filterLoc,,
3615,432,filterLoc,,
3615,435,filterLoc,,
3615,438,filterLoc,,
3615,441,filterLoc,,
3615,444,filterLoc,,
3615,447,filterLoc,,
3615,450,filterLoc,,
3615,453,filterLoc,,
3615,456,filterLoc,,
3615,459,filterLoc,,
3615,462,filterLoc,,
3615,465,filterLoc,,
3615,468,filterLoc,,
3615,471,filterLoc,,
3615,474,filterLoc,,
3615,477,filterLoc,,
3615,480,filterLoc,,
3615,483,filterLoc,,
3615,486,filterLoc,,
3615,489,filterLoc,,
3615,492,filterLoc,,
3615,495,filterLoc,,
3615,498,filterLoc,,
3615,501,filterLoc,,
3615,504,filterLoc,,
3615,507,filterLoc,,
3615,510,filterLoc,,
3615,513,filterLoc,,
3615,516,filterLoc,,
3615,519,filterLoc,,
3615,522,filterLoc,,
3615,525,filterLoc,,
3615,528,filterLoc,,
3615,531,filterLoc,,
3615,534,filterLoc,,
3615,537,filterLoc,,
3615,540,filterLoc,,
3615,543,filterLoc,,
3615,546,filterLoc,,
3615,549,filterLoc,,
3615,552,filterLoc,,
3615,555,filterLoc,,
3615,558,filterLoc,,
3615,561,filterLoc,,
3615,564,filterLoc,,
3615,567,filterLoc,,
3615,570,filterLoc,,
3615,573,filterLoc,,
3615,576,filterLoc,,
3615,579,filterLoc,,
3615,582,filterLoc,,
3615,585,filterLoc,,
3615,588,filterLoc,,
3615,591,filterLoc,,
3615,594,filterLoc,,
3615,597,filterLoc,,
3615,600,filterLoc,,
3615,603,filterLoc,,
3615,606,filterLoc,,
3615,609,filterLoc,,
3615,612,filterLoc,,
3615,615,filterLoc,,
3615,618,filterLoc,,
3615,621,filterLoc,,
3615,624,filterLoc,,
3615,627,filterLoc,,
3615,630,filterLoc,,
3615,633,filterLoc,,
3615,636,filterLoc,,
3615,639,filterLoc,,
3615,642,filterLoc,,
3615,645,filterLoc,,
3615,648,filterLoc,,
3615,651,filterLoc,,
3615,654,filterLoc,,
3615,657,filterLoc,,
3615,660,filterLoc,,
3615,663,filterLoc,,
3615,666,filterLoc,,
3615,669,filterLoc,,
3615,672,filterLoc,,
3615,675,filterLoc,,
3615,678,filterLoc,,
3615,681,filterLoc,,
3615,684,filterLoc,,
3615,687,filterLoc,,
3615,690,filterLoc,,
3615,693,filterLoc,,
3615,696,filterLoc,,
3615,699,filterLoc,,
3615,702,filterLoc,,
3615,705,filterLoc,,
3615,708,filterLoc,,
3615,711,filterLoc,,
3615,714,filterLoc,,
3615,717,filterLoc,,
3615,720,filterLoc,,
3615,723,filterLoc,,
3615,726,filterLoc,,
3615,729,filterLoc,,
3615,732,filterLoc,,
3615,735,filterLoc,,
3615,738,filterLoc,,
3615,741,filterLoc,,
3615,744,filterLoc,,
3615,747,filterLoc,,
3615,750,filterLoc,,
3615,753,filterLoc,,
3615,756,filterLoc,,
3615,759,filterLoc,,
3615,762,filterLoc,,
3615,765,filterLoc,,
3615,768,filterLoc,,
3615,771,filterLoc,,
3615,774,filterLoc,,
3615,777,filterLoc,,;Evacuee;23;in triage category;W;is leaving helicopter;3
3615,780,filterLoc,,
3615,783,filterLoc,,
3615,786,filterLoc,,
3615,789,filterLoc,,
3615,792,filterLoc,,
3615,795,filterLoc,,
3615,798,filterLoc,,
3615,801,filterLoc,,
3615,804,filterLoc,,
3615,807,filterLoc,,
3615,810,filterLoc,,
3615,813,filterLoc,,
3615,816,filterLoc,,
3615,819,filterLoc,,
3615,822,filterLoc,,
3615,825,filterLoc,,
3615,828,filterLoc,,
3615,831,filterLoc,,
3615,834,filterLoc,,
3615,837,filterLoc,,
3615,840,filterLoc,,
3615,843,filterLoc,,
3615,846,filterLoc,,;Evacuee;25;in triage category;W;is leaving helicopter;3
3615,849,filterLoc,,
3615,852,filterLoc,,
3615,855,filterLoc,,
3615,858,filterLoc,,
3615,861,filterLoc,,
3615,864,filterLoc,,
3615,867,filterLoc,,
3615,870,filterLoc,,
3615,873,filterLoc,,
3615,876,filterLoc,,
3615,879,filterLoc,,
3615,882,filterLoc,,
3615,885,filterLoc,,
3615,888,filterLoc,,
3615,891,filterLoc,,;Evacuee;29;in triage category;W;is leaving helicopter;3
3615,894,filterLoc,,
3615,897,filterLoc,,
3615,900,filterLoc,,
3615,903,filterLoc,,
3615,906,filterLoc,,
3615,909,filterLoc,,
3615,912,filterLoc,,
3615,915,filterLoc,,
3615,918,filterLoc,,
3615,921,filterLoc,,
3615,924,filterLoc,,
3615,927,filterLoc,,
3615,930,filterLoc,,
3615,933,filterLoc,,
3615,936,filterLoc,,
3615,939,filterLoc,,
3615,942,filterLoc,,
3615,945,filterLoc,,
3615,948,filterLoc,,;Evacuee;22;in triage category;W;is leaving helicopter;3
3615,951,filterLoc,,
3615,954,filterLoc,,
3615,957,filterLoc,,
3615,960,filterLoc,,
3615,963,filterLoc,,;Evacuee;26;in triage category;W;is leaving helicopter;3
3615,966,filterLoc,,
3615,969,filterLoc,,
3615,972,filterLoc,,
3615,975,filterLoc,,
3615,978,filterLoc,,
3615,981,filterLoc,,
3615,984,filterLoc,,
3615,987,filterLoc,,
3615,990,filterLoc,,
3615,993,filterLoc,,
3615,996,filterLoc,,
3615,999,filterLoc,,
3615,1002,filterLoc,,
3615,1005,filterLoc,,
3615,1008,filterLoc,,
3615,1011,filterLoc,,
3615,1014,filterLoc,,
3615,1017,filterLoc,,;Evacuee;21;in triage category;W;is leaving helicopter;3
3615,1020,filterLoc,,
3615,1023,filterLoc,,
3615,1026,filterLoc,,
3615,1029,filterLoc,,
3615,1032,filterLoc,,
3615,1035,filterLoc,,;Evacuee;24;in triage category;W;is leaving helicopter;3
3615,1038,filterLoc,,
3615,1041,filterLoc,,
3615,1044,filterLoc,,
3615,1047,filterLoc,,
3615,1050,filterLoc,,
3615,1053,filterLoc,,
3615,1056,filterLoc,,;Evacuee;20;in triage category;W;is leaving helicopter;3
3615,1059,filterLoc,,
3615,1062,filterLoc,,
3615,1065,filterLoc,,
3615,1068,filterLoc,,
3615,1071,filterLoc,,
3615,1074,filterLoc,,
3615,1077,filterLoc,,
3615,1080,filterLoc,,
3615,1083,filterLoc,,
3615,1086,filterLoc,,
3615,1089,filterLoc,,
3615,1092,filterLoc,,
3615,1095,filterLoc,,
3615,1098,filterLoc,,
3615,1101,filterLoc,,
3615,1104,filterLoc,,
3615,1107,filterLoc,,
3615,1110,filterLoc,,
3615,1113,filterLoc,,
3615,1116,filterLoc,,
3615,1119,filterLoc,,
3615,1122,filterLoc,,
3615,1125,filterLoc,,
3615,1132,filterLoc,,
3615,1135,filterLoc,,
3615,1138,filterLoc,,
3615,1141,filterLoc,,
3615,1144,filterLoc,,
3615,1147,filterLoc,,
3615,1150,filterLoc,,
3615,1153,filterLoc,,
3615,1156,filterLoc,,
3615,1159,filterLoc,,
3615,1162,filterLoc,,
3615,1165,filterLoc,,
3615,1172,filterLoc,,
3615,1175,filterLoc,,
3615,1178,filterLoc,,
3615,1181,filterLoc,,
3615,1184,filterLoc,,
3615,1187,filterLoc,,
3615,1190,filterLoc,,
3615,1193,filterLoc,,
3615,1196,filterLoc,,
3615,1199,filterLoc,,
3615,1202,filterLoc,,
3615,1205,filterLoc,,
3615,1208,filterLoc,,
3615,1211,filterLoc,,
3615,1214,filterLoc,,
3615,1217,filterLoc,,
3615,1220,filterLoc,,
3615,1223,filterLoc,,
3615,1226,filterLoc,,
3615,1229,filterLoc,,
3615,1232,filterLoc,,
3615,1235,filterLoc,,
3615,1238,filterLoc,,
3615,1241,filterLoc,,
3615,1244,filterLoc,,
3615,1247,filterLoc,,;Evacuee;28;in triage category;W;is leaving helicopter;3
3615,1250,filterLoc,,
3615,1253,filterLoc,,
3615,1256,filterLoc,,
3615,1259,filterLoc,,
3615,1262,filterLoc,,
3615,1265,filterLoc,,
3615,1268,filterLoc,,
3615,1271,filterLoc,,
3615,1274,filterLoc,,
3615,1277,filterLoc,,
3615,1280,filterLoc,,
3615,1283,filterLoc,,
3615,1286,filterLoc,,
3615,1289,filterLoc,,
3615,1292,filterLoc,,
3615,1295,filterLoc,,
3615,1298,filterLoc,,
3615,1301,filterLoc,,
3615,1304,filterLoc,,
3615,1307,filterLoc,,
3615,1310,filterLoc,,
3615,1313,filterLoc,,
3615,1316,filterLoc,,
3615,1319,filterLoc,,
3615,1322,filterLoc,,
3615,1325,filterLoc,,
3615,1328,filterLoc,,
3615,1331,filterLoc,,
3615,1334,filterLoc,,
3615,1337,filterLoc,,
3615,1340,filterLoc,,
3615,1343,filterLoc,,
3615,1346,filterLoc,,
3615,1349,filterLoc,,
3615,1352,filterLoc,,
3615,1355,filterLoc,,
3615,1358,filterLoc,,
3615,1361,filterLoc,,
3615,1364,filterLoc,,
3615,1367,filterLoc,,
3615,1370,filterLoc,,
3615,1373,filterLoc,,
3615,1376,filterLoc,,
3615,1379,filterLoc,,
3615,1382,filterLoc,,
3615,1385,filterLoc,,
3615,1388,filterLoc,,
3615,1391,filterLoc,,
3615,1394,filterLoc,,
3615,1397,filterLoc,,
3615,1400,filterLoc,,
3615,1403,filterLoc,,
3615,1406,filterLoc,,
3615,1409,filterLoc,,
3615,1412,filterLoc,,
3615,1415,filterLoc,,
3615,1418,filterLoc,,;Evacuee;27;in triage category;W;is leaving helicopter;3
3615,1421,filterLoc,,
3615,1424,filterLoc,,
3615,1427,filterLoc,,
3615,1430,filterLoc,,
3615,1433,filterLoc,,
3615,1436,filterLoc,,
3615,1439,filterLoc,,
3615,1442,filterLoc,,
3615,1445,filterLoc,,
3615,1448,filterLoc,,
3615,1451,filterLoc,,
3615,1454,filterLoc,,
3615,1457,filterLoc,,
3615,1460,filterLoc,,
3615,1463,filterLoc,,
3615,1466,filterLoc,,
3615,1469,filterLoc,,
3615,1472,filterLoc,,
3615,1475,filterLoc,,
3615,1478,filterLoc,,
3615,1481,filterLoc,,
3615,1484,filterLoc,,
3615,1487,filterLoc,,
3615,1490,filterLoc,,
3615,1493,filterLoc,,
3615,1496,filterLoc,,
3615,1499,filterLoc,,
3615,1502,filterLoc,,
3615,1505,filterLoc,,
3615,1508,filterLoc,,
3615,1511,filterLoc,,
3615,1514,filterLoc,,
3615,1517,filterLoc,,
3615,777,filterLoc,out,Evacuee 23 in triage category W is not assigned a helicopter
3615,777,filterLoc,,
3615,778,evacuee,,Evacuee;23;in triage state;W;is entering the FOL
3615,846,filterLoc,out,Evacuee 25 in triage category W is not assigned a helicopter
3615,846,filterLoc,,
3615,847,evacuee,,Evacuee;25;in triage state;W;is entering the FOL
3615,891,filterLoc,out,Evacuee 29 in triage category W is not assigned a helicopter
3615,891,filterLoc,,
3615,892,evacuee,,Evacuee;29;in triage state;W;is entering the FOL
3615,948,filterLoc,out,Evacuee 22 in triage category W is not assigned a helicopter
3615,948,filterLoc,,
3615,949,evacuee,,Evacuee;22;in triage state;W;is entering the FOL
3615,963,filterLoc,out,Evacuee 26 in triage category W is not assigned a helicopter
3615,963,filterLoc,,
3615,964,evacuee,,Evacuee;26;in triage state;W;is entering the FOL
3615,1017,filterLoc,out,Evacuee 21 in triage category W is not assigned a helicopter
3615,1017,filterLoc,,
3615,1018,evacuee,,Evacuee;21;in triage state;W;is entering the FOL
3615,1035,filterLoc,out,Evacuee 24 in triage category W is not assigned a helicopter
3615,1035,filterLoc,,
3615,1036,evacuee,,Evacuee;24;in triage state;W;is entering the FOL
3615,1056,filterLoc,out,Evacuee 20 in triage category W is not assigned a helicopter
3615,1056,filterLoc,,
3615,1057,evacuee,,Evacuee;20;in triage state;W;is entering the FOL
3615,1247,filterLoc,out,Evacuee 28 in triage category W is not assigned a helicopter
3615,1247,filterLoc,,
3615,1248,evacuee,,Evacuee;28;in triage state;W;is entering the FOL
3615,1418,filterLoc,out,Evacuee 27 in triage category W is not assigned a helicopter
3615,1418,filterLoc,,
3615,1419,evacuee,,Evacuee;27;in triage state;W;is entering the FOL
3615,226,FOL,,;EvacueeID;51;Triage Status;Y;EvacueeID;52;Triage Status;Y;EvacueeID;53;Triage Status;Y;EvacueeID;1;Triage Status;W;EvacueeID;2;Triage Status;W;EvacueeID;3;Triage Status;W;EvacueeID;4;Triage Status;W;EvacueeID;5;Triage Status;W;EvacueeID;6;Triage Status;W;EvacueeID;7;Triage Status;W;EvacueeID;8;Triage Status;W;EvacueeID;9;Triage Status;W;EvacueeID;10;Triage Status;W;EvacueeID;57;Triage Status;Y;EvacueeID;58;Triage Status;Y;EvacueeID;59;Triage Status;Y;EvacueeID;60;Triage Status;Y;EvacueeID;61;Triage Status;Y;EvacueeID;62;Triage Status;Y;EvacueeID;63;Triage Status;Y;EvacueeID;64;Triage Status;Y;EvacueeID;65;Triage Status;Y;EvacueeID;66;Triage Status;Y;EvacueeID;67;Triage Status;Y;EvacueeID;68;Triage Status;Y;EvacueeID;69;Triage Status;Y;EvacueeID;70;Triage Status;Y;EvacueeID;71;Triage Status;Y;EvacueeID;72;Triage Status;Y;EvacueeID;73;Triage Status;Y;EvacueeID;74;Triage Status;Y;EvacueeID;75;Triage Status;R;EvacueeID;76;Triage Status;R;EvacueeID;77;Triage Status;R;EvacueeID;78;Triage Status;R;EvacueeID;79;Triage Status;R;EvacueeID;80;Triage Status;R;EvacueeID;11;Triage Status;W;EvacueeID;12;Triage Status;W;EvacueeID;13;Triage Status;W;EvacueeID;14;Triage Status;W;EvacueeID;15;Triage Status;W;EvacueeID;16;Triage Status;W;EvacueeID;17;Triage Status;W;EvacueeID;18;Triage Status;G;EvacueeID;19;Triage Status;W;EvacueeID;45;Triage Status;G;EvacueeID;20;Triage Status;W;EvacueeID;21;Triage Status;W;EvacueeID;22;Triage Status;W;EvacueeID;23;Triage Status;W;EvacueeID;24;Triage Status;W;EvacueeID;25;Triage Status;W;EvacueeID;26;Triage Status;W;EvacueeID;27;Triage Status;W;EvacueeID;28;Triage Status;W;EvacueeID;29;Triage Status;W;Lives Saved;57
3615,778,evacuee,outFOL,Evacuee 23 in triage category W is not assigned a helicopter
3615,778,evacuee,,Evacuee;23;in triage state;W;is at the FOL
3615,847,evacuee,outFOL,Evacuee 25 in triage category W is not assigned a helicopter
3615,847,evacuee,,Evacuee;25;in triage state;W;is at the FOL
3615,892,evacuee,outFOL,Evacuee 29 in triage category W is not assigned a helicopter
3615,892,evacuee,,Evacuee;29;in triage state;W;is at the FOL
3615,949,evacuee,outFOL,Evacuee 22 in triage category W is not assigned a helicopter
3615,949,evacuee,,Evacuee;22;in triage state;W;is at the FOL
3615,964,evacuee,outFOL,Evacuee 26 in triage category W is not assigned a helicopter
3615,964,evacuee,,Evacuee;26;in triage state;W;is at the FOL
3615,1018,evacuee,outFOL,Evacuee 21 in triage category W is not assigned a helicopter
3615,1018,evacuee,,Evacuee;21;in triage state;W;is at the FOL
3615,1036,evacuee,outFOL,Evacuee 24 in triage category W is not assigned a helicopter
3615,1036,evacuee,,Evacuee;24;in triage state;W;is at the FOL
3615,1057,evacuee,outFOL,Evacuee 20 in triage category W is not assigned a helicopter
3615,1057,evacuee,,Evacuee;20;in triage state;W;is at the FOL
3615,1248,evacuee,outFOL,Evacuee 28 in triage category W is not assigned a helicopter
3615,1248,evacuee,,Evacuee;28;in triage state;W;is at the FOL
3615,1419,evacuee,outFOL,Evacuee 27 in triage category W is not assigned a helicopter
3615,1419,evacuee,,Evacuee;27;in triage state;W;is at the FOL
3615,226,FOL,,;EvacueeID;51;Triage Status;Y;EvacueeID;52;Triage Status;Y;EvacueeID;53;Triage Status;Y;EvacueeID;1;Triage Status;W;EvacueeID;2;Triage Status;W;EvacueeID;3;Triage Status;W;EvacueeID;4;Triage Status;W;EvacueeID;5;Triage Status;W;EvacueeID;6;Triage Status;W;EvacueeID;7;Triage Status;W;EvacueeID;8;Triage Status;W;EvacueeID;9;Triage Status;W;EvacueeID;10;Triage Status;W;EvacueeID;57;Triage Status;Y;EvacueeID;58;Triage Status;Y;EvacueeID;59;Triage Status;Y;EvacueeID;60;Triage Status;Y;EvacueeID;61;Triage Status;Y;EvacueeID;62;Triage Status;Y;EvacueeID;63;Triage Status;Y;EvacueeID;64;Triage Status;Y;EvacueeID;65;Triage Status;Y;EvacueeID;66;Triage Status;Y;EvacueeID;67;Triage Status;Y;EvacueeID;68;Triage Status;Y;EvacueeID;69;Triage Status;Y;EvacueeID;70;Triage Status;Y;EvacueeID;71;Triage Status;Y;EvacueeID;72;Triage Status;Y;EvacueeID;73;Triage Status;Y;EvacueeID;74;Triage Status;Y;EvacueeID;75;Triage Status;R;EvacueeID;76;Triage Status;R;EvacueeID;77;Triage Status;R;EvacueeID;78;Triage Status;R;EvacueeID;79;Triage Status;R;EvacueeID;80;Triage Status;R;EvacueeID;11;Triage Status;W;EvacueeID;12;Triage Status;W;EvacueeID;13;Triage Status;W;EvacueeID;14;Triage Status;W;EvacueeID;15;Triage Status;W;EvacueeID;16;Triage Status;W;EvacueeID;17;Triage Status;W;EvacueeID;18;Triage Status;G;EvacueeID;19;Triage Status;W;EvacueeID;45;Triage Status;G;EvacueeID;20;Triage Status;W;EvacueeID;21;Triage Status;W;EvacueeID;22;Triage Status;W;EvacueeID;23;Triage Status;W;EvacueeID;24;Triage Status;W;EvacueeID;25;Triage Status;W;EvacueeID;26;Triage Status;W;EvacueeID;27;Triage Status;W;EvacueeID;28;Triage Status;W;EvacueeID;29;Triage Status;W;Lives Saved;57
3630,108,helicopter,,Helicopter;3;Is going to the evacuation site;;and has;0;spots taken
3645,5,helicopterQueue,,1;Helos are waiting to land;HeloID;2
3645,1130,helicopter,outES,Helicopter 2 is evacuating people2
3645,1130,helicopter,,Helicopter;2;is waiting to land at the evacuation site;;and has;0;spots taken
3645,4,helipadManager,,Helo;2;is at the ES
3645,5,helicopterQueue,outHM,Helicopter 2 is evacuating people2
3645,5,helicopterQueue,outHelo,Helicopter 2 is evacuating people2
3645,5,helicopterQueue,,;No helos are waiting to land
3645,107,filterES,,
3645,1129,filterES,,Helicopter;2;is evacuating people
3645,1169,filterES,,
3645,1129,filterES,out,Helicopter 2 is evacuating people2
3645,1129,filterES,,
3645,1130,helicopter,,Helicopter;2;is waiting to land at the evacuation site;;and has;0;spots taken
3645,1130,helicopter,,Helicopter;2;is loading people at the evacuation site;;and has;0;spots taken
3660,3,evacueeManager,,OFF SHIP: White;0;Green;0;Yellow;0;Red;0;Black;420;ON SHIP: White;0;Green;0;Yellow;3;Red;0;Evacuees to Transfer;;EvacueeID;40;HeloID;2;OnShip;0;Triage Status;W;EvacueeID;41;HeloID;2;OnShip;0;Triage Status;W;EvacueeID;42;HeloID;2;OnShip;0;Triage Status;W;EvacueeID;43;HeloID;2;OnShip;0;Triage Status;W;EvacueeID;44;HeloID;2;OnShip;0;Triage Status;W;EvacueeID;46;HeloID;2;OnShip;0;Triage Status;W;EvacueeID;47;HeloID;2;OnShip;0;Triage Status;W;EvacueeID;48;HeloID;2;OnShip;0;Triage Status;W;EvacueeID;49;HeloID;2;OnShip;0;Triage Status;W;EvacueeID;50;HeloID;2;OnShip;0;Triage Status;W
3660,4,helipadManager,outEM,Helicopter 2 is evacuating people2
3660,4,helipadManager,outHelo,Helicopter 2 is evacuating people2
3660,4,helipadManager,,;No helos are at ES
3660,107,filterES,,
3660,1129,filterES,,Helicopter;2;is evacuating people
3660,1169,filterES,,
3660,3,evacueeManager,outEvac,Evacuee 40 in triage category W is assigned helicopter 2
3660,3,evacueeManager,outEvac,Evacuee 41 in triage category W is assigned helicopter 2
3660,3,evacueeManager,outEvac,Evacuee 42 in triage category W is assigned helicopter 2
3660,3,evacueeManager,outEvac,Evacuee 43 in triage category W is assigned helicopter 2
3660,3,evacueeManager,outEvac,Evacuee 44 in triage category W is assigned helicopter 2
3660,3,evacueeManager,outEvac,Evacuee 46 in triage category W is assigned helicopter 2
3660,3,evacueeManager,outEvac,Evacuee 47 in triage category W is assigned helicopter 2
3660,3,evacueeManager,outEvac,Evacuee 48 in triage category W is assigned helicopter 2
3660,3,evacueeManager,outEvac,Evacuee 49 in triage category W is assigned helicopter 2
3660,3,evacueeManager,outEvac,Evacuee 50 in triage category W is assigned helicopter 2
3660,3,evacueeManager,,OFF SHIP: White;0;Green;0;Yellow;0;Red;0;Black;420;ON SHIP: White;0;Green;0;Yellow;3;Red;0;Evacuees to Transfer;
3660,4,helipadManager,outHQ,0
3660,4,helipadManager,,;No helos are at ES
3660,5,helicopterQueue,,;No helos are waiting to land
3660,7,filterLoc,,
3660,10,filterLoc,,
3660,13,filterLoc,,
3660,16,filterLoc,,
3660,19,filterLoc,,
3660,22,filterLoc,,
3660,25,filterLoc,,
3660,28,filterLoc,,
3660,31,filterLoc,,
3660,34,filterLoc,,
3660,37,filterLoc,,
3660,40,filterLoc,,
3660,43,filterLoc,,
3660,46,filterLoc,,
3660,49,filterLoc,,
3660,52,filterLoc,,
3660,55,filterLoc,,
3660,58,filterLoc,,
3660,61,filterLoc,,
3660,64,filterLoc,,
3660,67,filterLoc,,
3660,70,filterLoc,,
3660,73,filterLoc,,
3660,76,filterLoc,,
3660,79,filterLoc,,
3660,82,filterLoc,,
3660,85,filterLoc,,
3660,88,filterLoc,,
3660,91,filterLoc,,
3660,94,filterLoc,,
3660,97,filterLoc,,
3660,100,filterLoc,,
3660,103,filterLoc,,
3660,110,filterLoc,,
3660,113,filterLoc,,
3660,116,filterLoc,,
3660,119,filterLoc,,
3660,122,filterLoc,,
3660,125,filterLoc,,
3660,128,filterLoc,,
3660,131,filterLoc,,
3660,134,filterLoc,,
3660,137,filterLoc,,
3660,140,filterLoc,,
3660,143,filterLoc,,
3660,146,filterLoc,,
3660,149,filterLoc,,
3660,152,filterLoc,,
3660,155,filterLoc,,
3660,158,filterLoc,,
3660,161,filterLoc,,
3660,164,filterLoc,,
3660,167,filterLoc,,
3660,170,filterLoc,,
3660,173,filterLoc,,
3660,176,filterLoc,,
3660,179,filterLoc,,
3660,182,filterLoc,,
3660,185,filterLoc,,
3660,188,filterLoc,,
3660,191,filterLoc,,
3660,194,filterLoc,,
3660,197,filterLoc,,
3660,200,filterLoc,,
3660,203,filterLoc,,
3660,206,filterLoc,,
3660,209,filterLoc,,
3660,212,filterLoc,,
3660,215,filterLoc,,
3660,218,filterLoc,,
3660,221,filterLoc,,
3660,224,filterLoc,,
3660,228,filterLoc,,
3660,231,filterLoc,,
3660,234,filterLoc,,
3660,237,filterLoc,,
3660,240,filterLoc,,
3660,243,filterLoc,,
3660,246,filterLoc,,
3660,249,filterLoc,,
3660,252,filterLoc,,
3660,255,filterLoc,,
3660,258,filterLoc,,
3660,261,filterLoc,,
3660,264,filterLoc,,
3660,267,filterLoc,,
3660,270,filterLoc,,
3660,273,filterLoc,,
3660,276,filterLoc,,
3660,279,filterLoc,,
3660,282,filterLoc,,
3660,285,filterLoc,,
3660,288,filterLoc,,
3660,291,filterLoc,,
3660,294,filterLoc,,
3660,297,filterLoc,,
3660,300,filterLoc,,
3660,303,filterLoc,,
3660,306,filterLoc,,
3660,309,filterLoc,,
3660,312,filterLoc,,
3660,315,filterLoc,,
3660,318,filterLoc,,
3660,321,filterLoc,,
3660,324,filterLoc,,
3660,327,filterLoc,,
3660,330,filterLoc,,
3660,333,filterLoc,,
3660,336,filterLoc,,
3660,339,filterLoc,,
3660,342,filterLoc,,
3660,345,filterLoc,,
3660,348,filterLoc,,
3660,351,filterLoc,,
3660,354,filterLoc,,
3660,357,filterLoc,,
3660,360,filterLoc,,
3660,363,filterLoc,,
3660,366,filterLoc,,
3660,369,filterLoc,,
3660,372,filterLoc,,
3660,375,filterLoc,,
3660,378,filterLoc,,
3660,381,filterLoc,,
3660,384,filterLoc,,
3660,387,filterLoc,,
3660,390,filterLoc,,
3660,393,filterLoc,,
3660,396,filterLoc,,
3660,399,filterLoc,,
3660,402,filterLoc,,
3660,405,filterLoc,,
3660,408,filterLoc,,
3660,411,filterLoc,,
3660,414,filterLoc,,
3660,417,filterLoc,,
3660,420,filterLoc,,
3660,423,filterLoc,,
3660,426,filterLoc,,
3660,429,filterLoc,,
3660,432,filterLoc,,
3660,435,filterLoc,,
3660,438,filterLoc,,
3660,441,filterLoc,,
3660,444,filterLoc,,
3660,447,filterLoc,,
3660,450,filterLoc,,
3660,453,filterLoc,,
3660,456,filterLoc,,
3660,459,filterLoc,,
3660,462,filterLoc,,
3660,465,filterLoc,,
3660,468,filterLoc,,
3660,471,filterLoc,,
3660,474,filterLoc,,
3660,477,filterLoc,,
3660,480,filterLoc,,
3660,483,filterLoc,,
3660,486,filterLoc,,
3660,489,filterLoc,,
3660,492,filterLoc,,
3660,495,filterLoc,,
3660,498,filterLoc,,
3660,501,filterLoc,,
3660,504,filterLoc,,
3660,507,filterLoc,,
3660,510,filterLoc,,
3660,513,filterLoc,,
3660,516,filterLoc,,
3660,519,filterLoc,,
3660,522,filterLoc,,
3660,525,filterLoc,,
3660,528,filterLoc,,
3660,531,filterLoc,,
3660,534,filterLoc,,
3660,537,filterLoc,,
3660,540,filterLoc,,
3660,543,filterLoc,,
3660,546,filterLoc,,
3660,549,filterLoc,,
3660,552,filterLoc,,
3660,555,filterLoc,,
3660,558,filterLoc,,
3660,561,filterLoc,,
3660,564,filterLoc,,
3660,567,filterLoc,,
3660,570,filterLoc,,
3660,573,filterLoc,,
3660,576,filterLoc,,
3660,579,filterLoc,,
3660,582,filterLoc,,
3660,585,filterLoc,,
3660,588,filterLoc,,
3660,591,filterLoc,,
3660,594,filterLoc,,
3660,597,filterLoc,,
3660,600,filterLoc,,
3660,603,filterLoc,,
3660,606,filterLoc,,
3660,609,filterLoc,,
3660,612,filterLoc,,
3660,615,filterLoc,,
3660,618,filterLoc,,
3660,621,filterLoc,,
3660,624,filterLoc,,;Evacuee;49;in triage category;W;is entering helicopter;2
3660,627,filterLoc,,
3660,630,filterLoc,,
3660,633,filterLoc,,
3660,636,filterLoc,,
3660,639,filterLoc,,
3660,642,filterLoc,,
3660,645,filterLoc,,
3660,648,filterLoc,,
3660,651,filterLoc,,
3660,654,filterLoc,,
3660,657,filterLoc,,
3660,660,filterLoc,,
3660,663,filterLoc,,
3660,666,filterLoc,,
3660,669,filterLoc,,
3660,672,filterLoc,,
3660,675,filterLoc,,
3660,678,filterLoc,,
3660,681,filterLoc,,
3660,684,filterLoc,,
3660,687,filterLoc,,
3660,690,filterLoc,,
3660,693,filterLoc,,
3660,696,filterLoc,,
3660,699,filterLoc,,
3660,702,filterLoc,,
3660,705,filterLoc,,
3660,708,filterLoc,,
3660,711,filterLoc,,
3660,714,filterLoc,,
3660,717,filterLoc,,
3660,720,filterLoc,,
3660,723,filterLoc,,
3660,726,filterLoc,,
3660,729,filterLoc,,
3660,732,filterLoc,,
3660,735,filterLoc,,
3660,738,filterLoc,,
3660,741,filterLoc,,
3660,744,filterLoc,,
3660,747,filterLoc,,
3660,750,filterLoc,,
3660,753,filterLoc,,
3660,756,filterLoc,,
3660,759,filterLoc,,
3660,762,filterLoc,,
3660,765,filterLoc,,
3660,768,filterLoc,,
3660,771,filterLoc,,
3660,774,filterLoc,,
3660,777,filterLoc,,
3660,780,filterLoc,,
3660,783,filterLoc,,
3660,786,filterLoc,,
3660,789,filterLoc,,
3660,792,filterLoc,,
3660,795,filterLoc,,
3660,798,filterLoc,,
3660,801,filterLoc,,
3660,804,filterLoc,,
3660,807,filterLoc,,
3660,810,filterLoc,,
3660,813,filterLoc,,
3660,816,filterLoc,,
3660,819,filterLoc,,
3660,822,filterLoc,,
3660,825,filterLoc,,
3660,828,filterLoc,,
3660,831,filterLoc,,
3660,834,filterLoc,,
3660,837,filterLoc,,
3660,840,filterLoc,,
3660,843,filterLoc,,
3660,846,filterLoc,,
3660,849,filterLoc,,
3660,852,filterLoc,,
3660,855,filterLoc,,
3660,858,filterLoc,,
3660,861,filterLoc,,
3660,864,filterLoc,,
3660,867,filterLoc,,
3660,870,filterLoc,,
3660,873,filterLoc,,
3660,876,filterLoc,,
3660,879,filterLoc,,
3660,882,filterLoc,,
3660,885,filterLoc,,
3660,888,filterLoc,,
3660,891,filterLoc,,
3660,894,filterLoc,,
3660,897,filterLoc,,
3660,900,filterLoc,,
3660,903,filterLoc,,
3660,906,filterLoc,,
3660,909,filterLoc,,
3660,912,filterLoc,,
3660,915,filterLoc,,
3660,918,filterLoc,,;Evacuee;40;in triage category;W;is entering helicopter;2
3660,921,filterLoc,,
3660,924,filterLoc,,
3660,927,filterLoc,,
3660,930,filterLoc,,
3660,933,filterLoc,,
3660,936,filterLoc,,
3660,939,filterLoc,,
3660,942,filterLoc,,
3660,945,filterLoc,,
3660,948,filterLoc,,
3660,951,filterLoc,,
3660,954,filterLoc,,;Evacuee;44;in triage category;W;is entering helicopter;2
3660,957,filterLoc,,
3660,960,filterLoc,,
3660,963,filterLoc,,
3660,966,filterLoc,,
3660,969,filterLoc,,
3660,972,filterLoc,,
3660,975,filterLoc,,
3660,978,filterLoc,,
3660,981,filterLoc,,
3660,984,filterLoc,,
3660,987,filterLoc,,
3660,990,filterLoc,,
3660,993,filterLoc,,
3660,996,filterLoc,,
3660,999,filterLoc,,
3660,1002,filterLoc,,;Evacuee;41;in triage category;W;is entering helicopter;2
3660,1005,filterLoc,,
3660,1008,filterLoc,,
3660,1011,filterLoc,,
3660,1014,filterLoc,,
3660,1017,filterLoc,,
3660,1020,filterLoc,,
3660,1023,filterLoc,,
3660,1026,filterLoc,,;Evacuee;46;in triage category;W;is entering helicopter;2
3660,1029,filterLoc,,
3660,1032,filterLoc,,
3660,1035,filterLoc,,
3660,1038,filterLoc,,
3660,1041,filterLoc,,
3660,1044,filterLoc,,
3660,1047,filterLoc,,
3660,1050,filterLoc,,
3660,1053,filterLoc,,
3660,1056,filterLoc,,
3660,1059,filterLoc,,
3660,1062,filterLoc,,
3660,1065,filterLoc,,
3660,1068,filterLoc,,
3660,1071,filterLoc,,
3660,1074,filterLoc,,;Evacuee;42;in triage category;W;is entering helicopter;2
3660,1077,filterLoc,,
3660,1080,filterLoc,,;Evacuee;43;in triage category;W;is entering helicopter;2
3660,1083,filterLoc,,
3660,1086,filterLoc,,
3660,1089,filterLoc,,
3660,1092,filterLoc,,
3660,1095,filterLoc,,
3660,1098,filterLoc,,
3660,1101,filterLoc,,
3660,1104,filterLoc,,;Evacuee;48;in triage category;W;is entering helicopter;2
3660,1107,filterLoc,,
3660,1110,filterLoc,,;Evacuee;50;in triage category;W;is entering helicopter;2
3660,1113,filterLoc,,
3660,1116,filterLoc,,
3660,1119,filterLoc,,
3660,1122,filterLoc,,
3660,1125,filterLoc,,
3660,1129,filterES,out,Helicopter 2 is evacuating people2
3660,1129,filterES,,
3660,1130,helicopter,,Helicopter;2;is loading people at the evacuation site;;and has;0;spots taken
3660,1132,filterLoc,,
3660,1135,filterLoc,,
3660,1138,filterLoc,,
3660,1141,filterLoc,,;Evacuee;47;in triage category;W;is entering helicopter;2
3660,1144,filterLoc,,
3660,1147,filterLoc,,
3660,1150,filterLoc,,
3660,1153,filterLoc,,
3660,1156,filterLoc,,
3660,1159,filterLoc,,
3660,1162,filterLoc,,
3660,1165,filterLoc,,
3660,1172,filterLoc,,
3660,1175,filterLoc,,
3660,1178,filterLoc,,
3660,1181,filterLoc,,
3660,1184,filterLoc,,
3660,1187,filterLoc,,
3660,1190,filterLoc,,
3660,1193,filterLoc,,
3660,1196,filterLoc,,
3660,1199,filterLoc,,
3660,1202,filterLoc,,
3660,1205,filterLoc,,
3660,1208,filterLoc,,
3660,1211,filterLoc,,
3660,1214,filterLoc,,
3660,1217,filterLoc,,
3660,1220,filterLoc,,
3660,1223,filterLoc,,
3660,1226,filterLoc,,
3660,1229,filterLoc,,
3660,1232,filterLoc,,
3660,1235,filterLoc,,
3660,1238,filterLoc,,
3660,1241,filterLoc,,
3660,1244,filterLoc,,
3660,1247,filterLoc,,
3660,1250,filterLoc,,
3660,1253,filterLoc,,
3660,1256,filterLoc,,
3660,1259,filterLoc,,
3660,1262,filterLoc,,
3660,1265,filterLoc,,
3660,1268,filterLoc,,
3660,1271,filterLoc,,
3660,1274,filterLoc,,
3660,1277,filterLoc,,
3660,1280,filterLoc,,
3660,1283,filterLoc,,
3660,1286,filterLoc,,
3660,1289,filterLoc,,
3660,1292,filterLoc,,
3660,1295,filterLoc,,
3660,1298,filterLoc,,
3660,1301,filterLoc,,
3660,1304,filterLoc,,
3660,1307,filterLoc,,
3660,1310,filterLoc,,
3660,1313,filterLoc,,
3660,1316,filterLoc,,
3660,1319,filterLoc,,
3660,1322,filterLoc,,
3660,1325,filterLoc,,
3660,1328,filterLoc,,
3660,1331,filterLoc,,
3660,1334,filterLoc,,
3660,1337,filterLoc,,
3660,1340,filterLoc,,
3660,1343,filterLoc,,
3660,1346,filterLoc,,
3660,1349,filterLoc,,
3660,1352,filterLoc,,
3660,1355,filterLoc,,
3660,1358,filterLoc,,
3660,1361,filterLoc,,
3660,1364,filterLoc,,
3660,1367,filterLoc,,
3660,1370,filterLoc,,
3660,1373,filterLoc,,
3660,1376,filterLoc,,
3660,1379,filterLoc,,
3660,1382,filterLoc,,
3660,1385,filterLoc,,
3660,1388,filterLoc,,
3660,1391,filterLoc,,
3660,1394,filterLoc,,
3660,1397,filterLoc,,
3660,1400,filterLoc,,
3660,1403,filterLoc,,
3660,1406,filterLoc,,
3660,1409,filterLoc,,
3660,1412,filterLoc,,
3660,1415,filterLoc,,
3660,1418,filterLoc,,
3660,1421,filterLoc,,
3660,1424,filterLoc,,
3660,1427,filterLoc,,
3660,1430,filterLoc,,
3660,1433,filterLoc,,
3660,1436,filterLoc,,
3660,1439,filterLoc,,
3660,1442,filterLoc,,
3660,1445,filterLoc,,
3660,1448,filterLoc,,
3660,1451,filterLoc,,
3660,1454,filterLoc,,
3660,1457,filterLoc,,
3660,1460,filterLoc,,
3660,1463,filterLoc,,
3660,1466,filterLoc,,
3660,1469,filterLoc,,
3660,1472,filterLoc,,
3660,1475,filterLoc,,
3660,1478,filterLoc,,
3660,1481,filterLoc,,
3660,1484,filterLoc,,
3660,1487,filterLoc,,
3660,1490,filterLoc,,
3660,1493,filterLoc,,
3660,1496,filterLoc,,
3660,1499,filterLoc,,
3660,1502,filterLoc,,
3660,1505,filterLoc,,
3660,1508,filterLoc,,
3660,1511,filterLoc,,
3660,1514,filterLoc,,
3660,1517,filterLoc,,
3660,5,helicopterQueue,,;No helos are waiting to land
3660,624,filterLoc,out,Evacuee 49 in triage category W is assigned helicopter 2
3660,624,filterLoc,,
3660,625,evacuee,,Evacuee;49;in triage state;W;is entering helicopter;2
3660,918,filterLoc,out,Evacuee 40 in triage category W is assigned helicopter 2
3660,918,filterLoc,,
3660,919,evacuee,,Evacuee;40;in triage state;W;is entering helicopter;2
3660,954,filterLoc,out,Evacuee 44 in triage category W is assigned helicopter 2
3660,954,filterLoc,,
3660,955,evacuee,,Evacuee;44;in triage state;W;is entering helicopter;2
3660,1002,filterLoc,out,Evacuee 41 in triage category W is assigned helicopter 2
3660,1002,filterLoc,,
3660,1003,evacuee,,Evacuee;41;in triage state;W;is entering helicopter;2
3660,1026,filterLoc,out,Evacuee 46 in triage category W is assigned helicopter 2
3660,1026,filterLoc,,
3660,1027,evacuee,,Evacuee;46;in triage state;W;is entering helicopter;2
3660,1074,filterLoc,out,Evacuee 42 in triage category W is assigned helicopter 2
3660,1074,filterLoc,,
3660,1075,evacuee,,Evacuee;42;in triage state;W;is entering helicopter;2
3660,1080,filterLoc,out,Evacuee 43 in triage category W is assigned helicopter 2
3660,1080,filterLoc,,
3660,1081,evacuee,,Evacuee;43;in triage state;W;is entering helicopter;2
3660,1104,filterLoc,out,Evacuee 48 in triage category W is assigned helicopter 2
3660,1104,filterLoc,,
3660,1105,evacuee,,Evacuee;48;in triage state;W;is entering helicopter;2
3660,1110,filterLoc,out,Evacuee 50 in triage category W is assigned helicopter 2
3660,1110,filterLoc,,
3660,1111,evacuee,,Evacuee;50;in triage state;W;is entering helicopter;2
3660,1130,helicopter,,Helicopter;2;is returning to the FOL;;and has;0;spots taken
3660,1141,filterLoc,out,Evacuee 47 in triage category W is assigned helicopter 2
3660,1141,filterLoc,,
3660,1142,evacuee,,Evacuee;47;in triage state;W;is entering helicopter;2
3660,106,filterEvac,,
3660,625,evacuee,outHelo,Evacuee 49 in triage category W is assigned helicopter 2
3660,625,evacuee,,Evacuee;49;in triage state;W;is in helicopter;2
3660,919,evacuee,outHelo,Evacuee 40 in triage category W is assigned helicopter 2
3660,919,evacuee,,Evacuee;40;in triage state;W;is in helicopter;2
3660,955,evacuee,outHelo,Evacuee 44 in triage category W is assigned helicopter 2
3660,955,evacuee,,Evacuee;44;in triage state;W;is in helicopter;2
3660,1003,evacuee,outHelo,Evacuee 41 in triage category W is assigned helicopter 2
3660,1003,evacuee,,Evacuee;41;in triage state;W;is in helicopter;2
3660,1027,evacuee,outHelo,Evacuee 46 in triage category W is assigned helicopter 2
3660,1027,evacuee,,Evacuee;46;in triage state;W;is in helicopter;2
3660,1075,evacuee,outHelo,Evacuee 42 in triage category W is assigned helicopter 2
3660,1075,evacuee,,Evacuee;42;in triage state;W;is in helicopter;2
3660,1081,evacuee,outHelo,Evacuee 43 in triage category W is assigned helicopter 2
3660,1081,evacuee,,Evacuee;43;in triage state;W;is in helicopter;2
3660,1105,evacuee,outHelo,Evacuee 48 in triage category W is assigned helicopter 2
3660,1105,evacuee,,Evacuee;48;in triage state;W;is in helicopter;2
3660,1111,evacuee,outHelo,Evacuee 50 in triage category W is assigned helicopter 2
3660,1111,evacuee,,Evacuee;50;in triage state;W;is in helicopter;2
3660,1128,filterEvac,,;Evacuee;40;in triage category;W;is entering helicopter;2;Evacuee;41;in triage category;W;is entering helicopter;2;Evacuee;42;in triage category;W;is entering helicopter;2;Evacuee;43;in triage category;W;is entering helicopter;2;Evacuee;44;in triage category;W;is entering helicopter;2;Evacuee;46;in triage category;W;is entering helicopter;2;Evacuee;47;in triage category;W;is entering helicopter;2;Evacuee;48;in triage category;W;is entering helicopter;2;Evacuee;49;in triage category;W;is entering helicopter;2;Evacuee;50;in triage category;W;is entering helicopter;2
3660,1142,evacuee,outHelo,Evacuee 47 in triage category W is assigned helicopter 2
3660,1142,evacuee,,Evacuee;47;in triage state;W;is in helicopter;2
3660,1168,filterEvac,,
3660,1128,filterEvac,out,Evacuee 40 in triage category W is assigned helicopter 2
3660,1128,filterEvac,out,Evacuee 41 in triage category W is assigned helicopter 2
3660,1128,filterEvac,out,Evacuee 42 in triage category W is assigned helicopter 2
3660,1128,filterEvac,out,Evacuee 43 in triage category W is assigned helicopter 2
3660,1128,filterEvac,out,Evacuee 44 in triage category W is assigned helicopter 2
3660,1128,filterEvac,out,Evacuee 46 in triage category W is assigned helicopter 2
3660,1128,filterEvac,out,Evacuee 47 in triage category W is assigned helicopter 2
3660,1128,filterEvac,out,Evacuee 48 in triage category W is assigned helicopter 2
3660,1128,filterEvac,out,Evacuee 49 in triage category W is assigned helicopter 2
3660,1128,filterEvac,out,Evacuee 50 in triage category W is assigned helicopter 2
3660,1128,filterEvac,,
3660,1130,helicopter,,Helicopter;2;is returning to the FOL;;and has;10;spots taken
3675,7,filterLoc,,
3675,10,filterLoc,,
3675,13,filterLoc,,
3675,16,filterLoc,,
3675,19,filterLoc,,
3675,22,filterLoc,,
3675,25,filterLoc,,
3675,28,filterLoc,,
3675,31,filterLoc,,
3675,34,filterLoc,,
3675,37,filterLoc,,
3675,40,filterLoc,,
3675,43,filterLoc,,
3675,46,filterLoc,,
3675,49,filterLoc,,
3675,52,filterLoc,,
3675,55,filterLoc,,
3675,58,filterLoc,,
3675,61,filterLoc,,
3675,64,filterLoc,,
3675,67,filterLoc,,
3675,70,filterLoc,,
3675,73,filterLoc,,
3675,76,filterLoc,,
3675,79,filterLoc,,
3675,82,filterLoc,,
3675,85,filterLoc,,
3675,88,filterLoc,,
3675,91,filterLoc,,
3675,94,filterLoc,,
3675,97,filterLoc,,
3675,100,filterLoc,,
3675,103,filterLoc,,
3675,110,filterLoc,,
3675,113,filterLoc,,
3675,116,filterLoc,,
3675,119,filterLoc,,
3675,122,filterLoc,,
3675,125,filterLoc,,
3675,128,filterLoc,,
3675,131,filterLoc,,
3675,134,filterLoc,,
3675,137,filterLoc,,
3675,140,filterLoc,,
3675,143,filterLoc,,
3675,146,filterLoc,,
3675,149,filterLoc,,
3675,152,filterLoc,,
3675,155,filterLoc,,
3675,158,filterLoc,,
3675,161,filterLoc,,
3675,164,filterLoc,,
3675,167,filterLoc,,
3675,170,filterLoc,,
3675,173,filterLoc,,
3675,176,filterLoc,,
3675,179,filterLoc,,
3675,182,filterLoc,,
3675,185,filterLoc,,
3675,188,filterLoc,,
3675,191,filterLoc,,
3675,194,filterLoc,,
3675,197,filterLoc,,
3675,200,filterLoc,,
3675,203,filterLoc,,
3675,206,filterLoc,,
3675,209,filterLoc,,
3675,212,filterLoc,,
3675,215,filterLoc,,
3675,218,filterLoc,,
3675,221,filterLoc,,
3675,224,filterLoc,,
3675,228,filterLoc,,
3675,231,filterLoc,,
3675,234,filterLoc,,
3675,237,filterLoc,,
3675,240,filterLoc,,
3675,243,filterLoc,,
3675,246,filterLoc,,
3675,249,filterLoc,,
3675,252,filterLoc,,
3675,255,filterLoc,,
3675,258,filterLoc,,
3675,261,filterLoc,,
3675,264,filterLoc,,
3675,267,filterLoc,,
3675,270,filterLoc,,
3675,273,filterLoc,,
3675,276,filterLoc,,
3675,279,filterLoc,,
3675,282,filterLoc,,
3675,285,filterLoc,,
3675,288,filterLoc,,
3675,291,filterLoc,,
3675,294,filterLoc,,
3675,297,filterLoc,,
3675,300,filterLoc,,
3675,303,filterLoc,,
3675,306,filterLoc,,
3675,309,filterLoc,,
3675,312,filterLoc,,
3675,315,filterLoc,,
3675,318,filterLoc,,
3675,321,filterLoc,,
3675,324,filterLoc,,
3675,327,filterLoc,,
3675,330,filterLoc,,
3675,333,filterLoc,,
3675,336,filterLoc,,
3675,339,filterLoc,,
3675,342,filterLoc,,
3675,345,filterLoc,,
3675,348,filterLoc,,
3675,351,filterLoc,,
3675,354,filterLoc,,
3675,357,filterLoc,,
3675,360,filterLoc,,
3675,363,filterLoc,,
3675,366,filterLoc,,
3675,369,filterLoc,,
3675,372,filterLoc,,
3675,375,filterLoc,,
3675,378,filterLoc,,
3675,381,filterLoc,,
3675,384,filterLoc,,
3675,387,filterLoc,,
3675,390,filterLoc,,
3675,393,filterLoc,,
3675,396,filterLoc,,
3675,399,filterLoc,,
3675,402,filterLoc,,
3675,405,filterLoc,,
3675,408,filterLoc,,
3675,411,filterLoc,,
3675,414,filterLoc,,
3675,417,filterLoc,,
3675,420,filterLoc,,
3675,423,filterLoc,,
3675,426,filterLoc,,
3675,429,filterLoc,,
3675,432,filterLoc,,
3675,435,filterLoc,,
3675,438,filterLoc,,
3675,441,filterLoc,,
3675,444,filterLoc,,
3675,447,filterLoc,,
3675,450,filterLoc,,
3675,453,filterLoc,,
3675,456,filterLoc,,
3675,459,filterLoc,,
3675,462,filterLoc,,
3675,465,filterLoc,,
3675,468,filterLoc,,
3675,471,filterLoc,,
3675,474,filterLoc,,
3675,477,filterLoc,,
3675,480,filterLoc,,
3675,483,filterLoc,,
3675,486,filterLoc,,
3675,489,filterLoc,,
3675,492,filterLoc,,
3675,495,filterLoc,,
3675,498,filterLoc,,
3675,501,filterLoc,,
3675,504,filterLoc,,
3675,507,filterLoc,,
3675,510,filterLoc,,
3675,513,filterLoc,,
3675,516,filterLoc,,
3675,519,filterLoc,,
3675,522,filterLoc,,
3675,525,filterLoc,,
3675,528,filterLoc,,
3675,531,filterLoc,,
3675,534,filterLoc,,
3675,537,filterLoc,,
3675,540,filterLoc,,
3675,543,filterLoc,,
3675,546,filterLoc,,
3675,549,filterLoc,,
3675,552,filterLoc,,
3675,555,filterLoc,,
3675,558,filterLoc,,
3675,561,filterLoc,,
3675,564,filterLoc,,
3675,567,filterLoc,,;Evacuee;39;in triage category;W;is leaving helicopter;1
3675,570,filterLoc,,
3675,573,filterLoc,,
3675,576,filterLoc,,
3675,579,filterLoc,,
3675,582,filterLoc,,
3675,585,filterLoc,,
3675,588,filterLoc,,
3675,591,filterLoc,,
3675,594,filterLoc,,
3675,597,filterLoc,,
3675,600,filterLoc,,
3675,603,filterLoc,,
3675,606,filterLoc,,
3675,609,filterLoc,,
3675,612,filterLoc,,
3675,615,filterLoc,,
3675,618,filterLoc,,
3675,621,filterLoc,,
3675,624,filterLoc,,
3675,627,filterLoc,,
3675,630,filterLoc,,
3675,633,filterLoc,,
3675,636,filterLoc,,
3675,639,filterLoc,,
3675,642,filterLoc,,
3675,645,filterLoc,,
3675,648,filterLoc,,
3675,651,filterLoc,,
3675,654,filterLoc,,
3675,657,filterLoc,,
3675,660,filterLoc,,
3675,663,filterLoc,,
3675,666,filterLoc,,
3675,669,filterLoc,,
3675,672,filterLoc,,
3675,675,filterLoc,,
3675,678,filterLoc,,
3675,681,filterLoc,,
3675,684,filterLoc,,
3675,687,filterLoc,,
3675,690,filterLoc,,
3675,693,filterLoc,,
3675,696,filterLoc,,
3675,699,filterLoc,,
3675,702,filterLoc,,
3675,705,filterLoc,,
3675,708,filterLoc,,
3675,711,filterLoc,,
3675,714,filterLoc,,
3675,717,filterLoc,,
3675,720,filterLoc,,
3675,723,filterLoc,,
3675,726,filterLoc,,
3675,729,filterLoc,,
3675,732,filterLoc,,
3675,735,filterLoc,,
3675,738,filterLoc,,
3675,741,filterLoc,,
3675,744,filterLoc,,
3675,747,filterLoc,,
3675,750,filterLoc,,
3675,753,filterLoc,,
3675,756,filterLoc,,
3675,759,filterLoc,,
3675,762,filterLoc,,
3675,765,filterLoc,,
3675,768,filterLoc,,
3675,771,filterLoc,,
3675,774,filterLoc,,
3675,777,filterLoc,,
3675,780,filterLoc,,
3675,783,filterLoc,,
3675,786,filterLoc,,
3675,789,filterLoc,,
3675,792,filterLoc,,
3675,795,filterLoc,,
3675,798,filterLoc,,
3675,801,filterLoc,,
3675,804,filterLoc,,
3675,807,filterLoc,,
3675,810,filterLoc,,
3675,813,filterLoc,,
3675,816,filterLoc,,
3675,819,filterLoc,,
3675,822,filterLoc,,
3675,825,filterLoc,,
3675,828,filterLoc,,;Evacuee;31;in triage category;W;is leaving helicopter;1
3675,831,filterLoc,,;Evacuee;38;in triage category;W;is leaving helicopter;1
3675,834,filterLoc,,
3675,837,filterLoc,,;Evacuee;33;in triage category;W;is leaving helicopter;1
3675,840,filterLoc,,
3675,843,filterLoc,,
3675,846,filterLoc,,
3675,849,filterLoc,,
3675,852,filterLoc,,
3675,855,filterLoc,,
3675,858,filterLoc,,
3675,861,filterLoc,,
3675,864,filterLoc,,
3675,867,filterLoc,,
3675,870,filterLoc,,
3675,873,filterLoc,,
3675,876,filterLoc,,
3675,879,filterLoc,,
3675,882,filterLoc,,
3675,885,filterLoc,,
3675,888,filterLoc,,
3675,891,filterLoc,,
3675,894,filterLoc,,
3675,897,filterLoc,,
3675,900,filterLoc,,
3675,903,filterLoc,,
3675,906,filterLoc,,
3675,909,filterLoc,,
3675,912,filterLoc,,
3675,915,filterLoc,,
3675,918,filterLoc,,
3675,921,filterLoc,,
3675,924,filterLoc,,
3675,927,filterLoc,,
3675,930,filterLoc,,
3675,933,filterLoc,,
3675,936,filterLoc,,
3675,939,filterLoc,,
3675,942,filterLoc,,
3675,945,filterLoc,,
3675,948,filterLoc,,
3675,951,filterLoc,,
3675,954,filterLoc,,
3675,957,filterLoc,,
3675,960,filterLoc,,
3675,963,filterLoc,,
3675,966,filterLoc,,
3675,969,filterLoc,,
3675,972,filterLoc,,
3675,975,filterLoc,,
3675,978,filterLoc,,;Evacuee;37;in triage category;W;is leaving helicopter;1
3675,981,filterLoc,,
3675,984,filterLoc,,
3675,987,filterLoc,,
3675,990,filterLoc,,
3675,993,filterLoc,,
3675,996,filterLoc,,
3675,999,filterLoc,,
3675,1002,filterLoc,,
3675,1005,filterLoc,,
3675,1008,filterLoc,,
3675,1011,filterLoc,,
3675,1014,filterLoc,,
3675,1017,filterLoc,,
3675,1020,filterLoc,,
3675,1023,filterLoc,,
3675,1026,filterLoc,,
3675,1029,filterLoc,,
3675,1032,filterLoc,,
3675,1035,filterLoc,,
3675,1038,filterLoc,,;Evacuee;32;in triage category;W;is leaving helicopter;1
3675,1041,filterLoc,,;Evacuee;34;in triage category;W;is leaving helicopter;1
3675,1044,filterLoc,,
3675,1047,filterLoc,,
3675,1050,filterLoc,,
3675,1053,filterLoc,,
3675,1056,filterLoc,,
3675,1059,filterLoc,,;Evacuee;35;in triage category;W;is leaving helicopter;1
3675,1062,filterLoc,,
3675,1065,filterLoc,,;Evacuee;36;in triage category;W;is leaving helicopter;1
3675,1068,filterLoc,,
3675,1071,filterLoc,,
3675,1074,filterLoc,,
3675,1077,filterLoc,,
3675,1080,filterLoc,,
3675,1083,filterLoc,,;Evacuee;30;in triage category;W;is leaving helicopter;1
3675,1086,filterLoc,,
3675,1089,filterLoc,,
3675,1092,filterLoc,,
3675,1095,filterLoc,,
3675,1098,filterLoc,,
3675,1101,filterLoc,,
3675,1104,filterLoc,,
3675,1107,filterLoc,,
3675,1110,filterLoc,,
3675,1113,filterLoc,,
3675,1116,filterLoc,,
3675,1119,filterLoc,,
3675,1122,filterLoc,,
3675,1125,filterLoc,,
3675,1132,filterLoc,,
3675,1135,filterLoc,,
3675,1138,filterLoc,,
3675,1141,filterLoc,,
3675,1144,filterLoc,,
3675,1147,filterLoc,,
3675,1150,filterLoc,,
3675,1153,filterLoc,,
3675,1156,filterLoc,,
3675,1159,filterLoc,,
3675,1162,filterLoc,,
3675,1165,filterLoc,,
3675,1170,helicopter,outEvac,Evacuee 30 in triage category W is not assigned a helicopter
3675,1170,helicopter,outEvac,Evacuee 31 in triage category W is not assigned a helicopter
3675,1170,helicopter,outEvac,Evacuee 32 in triage category W is not assigned a helicopter
3675,1170,helicopter,outEvac,Evacuee 33 in triage category W is not assigned a helicopter
3675,1170,helicopter,outEvac,Evacuee 34 in triage category W is not assigned a helicopter
3675,1170,helicopter,outEvac,Evacuee 35 in triage category W is not assigned a helicopter
3675,1170,helicopter,outEvac,Evacuee 36 in triage category W is not assigned a helicopter
3675,1170,helicopter,outEvac,Evacuee 37 in triage category W is not assigned a helicopter
3675,1170,helicopter,outEvac,Evacuee 38 in triage category W is not assigned a helicopter
3675,1170,helicopter,outEvac,Evacuee 39 in triage category W is not assigned a helicopter
3675,1170,helicopter,,Helicopter;1;is unloading people at the FOL;;and has;0;spots taken
3675,1172,filterLoc,,
3675,1175,filterLoc,,
3675,1178,filterLoc,,
3675,1181,filterLoc,,
3675,1184,filterLoc,,
3675,1187,filterLoc,,
3675,1190,filterLoc,,
3675,1193,filterLoc,,
3675,1196,filterLoc,,
3675,1199,filterLoc,,
3675,1202,filterLoc,,
3675,1205,filterLoc,,
3675,1208,filterLoc,,
3675,1211,filterLoc,,
3675,1214,filterLoc,,
3675,1217,filterLoc,,
3675,1220,filterLoc,,
3675,1223,filterLoc,,
3675,1226,filterLoc,,
3675,1229,filterLoc,,
3675,1232,filterLoc,,
3675,1235,filterLoc,,
3675,1238,filterLoc,,
3675,1241,filterLoc,,
3675,1244,filterLoc,,
3675,1247,filterLoc,,
3675,1250,filterLoc,,
3675,1253,filterLoc,,
3675,1256,filterLoc,,
3675,1259,filterLoc,,
3675,1262,filterLoc,,
3675,1265,filterLoc,,
3675,1268,filterLoc,,
3675,1271,filterLoc,,
3675,1274,filterLoc,,
3675,1277,filterLoc,,
3675,1280,filterLoc,,
3675,1283,filterLoc,,
3675,1286,filterLoc,,
3675,1289,filterLoc,,
3675,1292,filterLoc,,
3675,1295,filterLoc,,
3675,1298,filterLoc,,
3675,1301,filterLoc,,
3675,1304,filterLoc,,
3675,1307,filterLoc,,
3675,1310,filterLoc,,
3675,1313,filterLoc,,
3675,1316,filterLoc,,
3675,1319,filterLoc,,
3675,1322,filterLoc,,
3675,1325,filterLoc,,
3675,1328,filterLoc,,
3675,1331,filterLoc,,
3675,1334,filterLoc,,
3675,1337,filterLoc,,
3675,1340,filterLoc,,
3675,1343,filterLoc,,
3675,1346,filterLoc,,
3675,1349,filterLoc,,
3675,1352,filterLoc,,
3675,1355,filterLoc,,
3675,1358,filterLoc,,
3675,1361,filterLoc,,
3675,1364,filterLoc,,
3675,1367,filterLoc,,
3675,1370,filterLoc,,
3675,1373,filterLoc,,
3675,1376,filterLoc,,
3675,1379,filterLoc,,
3675,1382,filterLoc,,
3675,1385,filterLoc,,
3675,1388,filterLoc,,
3675,1391,filterLoc,,
3675,1394,filterLoc,,
3675,1397,filterLoc,,
3675,1400,filterLoc,,
3675,1403,filterLoc,,
3675,1406,filterLoc,,
3675,1409,filterLoc,,
3675,1412,filterLoc,,
3675,1415,filterLoc,,
3675,1418,filterLoc,,
3675,1421,filterLoc,,
3675,1424,filterLoc,,
3675,1427,filterLoc,,
3675,1430,filterLoc,,
3675,1433,filterLoc,,
3675,1436,filterLoc,,
3675,1439,filterLoc,,
3675,1442,filterLoc,,
3675,1445,filterLoc,,
3675,1448,filterLoc,,
3675,1451,filterLoc,,
3675,1454,filterLoc,,
3675,1457,filterLoc,,
3675,1460,filterLoc,,
3675,1463,filterLoc,,
3675,1466,filterLoc,,
3675,1469,filterLoc,,
3675,1472,filterLoc,,
3675,1475,filterLoc,,
3675,1478,filterLoc,,
3675,1481,filterLoc,,
3675,1484,filterLoc,,
3675,1487,filterLoc,,
3675,1490,filterLoc,,
3675,1493,filterLoc,,
3675,1496,filterLoc,,
3675,1499,filterLoc,,
3675,1502,filterLoc,,
3675,1505,filterLoc,,
3675,1508,filterLoc,,
3675,1511,filterLoc,,
3675,1514,filterLoc,,
3675,1517,filterLoc,,
3675,567,filterLoc,out,Evacuee 39 in triage category W is not assigned a helicopter
3675,567,filterLoc,,
3675,568,evacuee,,Evacuee;39;in triage state;W;is entering the FOL
3675,828,filterLoc,out,Evacuee 31 in triage category W is not assigned a helicopter
3675,828,filterLoc,,
3675,829,evacuee,,Evacuee;31;in triage state;W;is entering the FOL
3675,831,filterLoc,out,Evacuee 38 in triage category W is not assigned a helicopter
3675,831,filterLoc,,
3675,832,evacuee,,Evacuee;38;in triage state;W;is entering the FOL
3675,837,filterLoc,out,Evacuee 33 in triage category W is not assigned a helicopter
3675,837,filterLoc,,
3675,838,evacuee,,Evacuee;33;in triage state;W;is entering the FOL
3675,978,filterLoc,out,Evacuee 37 in triage category W is not assigned a helicopter
3675,978,filterLoc,,
3675,979,evacuee,,Evacuee;37;in triage state;W;is entering the FOL
3675,1038,filterLoc,out,Evacuee 32 in triage category W is not assigned a helicopter
3675,1038,filterLoc,,
3675,1039,evacuee,,Evacuee;32;in triage state;W;is entering the FOL
3675,1041,filterLoc,out,Evacuee 34 in triage category W is not assigned a helicopter
3675,1041,filterLoc,,
3675,1042,evacuee,,Evacuee;34;in triage state;W;is entering the FOL
3675,1059,filterLoc,out,Evacuee 35 in triage category W is not assigned a helicopter
3675,1059,filterLoc,,
3675,1060,evacuee,,Evacuee;35;in triage state;W;is entering the FOL
3675,1065,filterLoc,out,Evacuee 36 in triage category W is not assigned a helicopter
3675,1065,filterLoc,,
3675,1066,evacuee,,Evacuee;36;in triage state;W;is entering the FOL
3675,1083,filterLoc,out,Evacuee 30 in triage category W is not assigned a helicopter
3675,1083,filterLoc,,
3675,1084,evacuee,,Evacuee;30;in triage state;W;is entering the FOL
3675,226,FOL,,;EvacueeID;51;Triage Status;Y;EvacueeID;52;Triage Status;Y;EvacueeID;53;Triage Status;Y;EvacueeID;1;Triage Status;W;EvacueeID;2;Triage Status;W;EvacueeID;3;Triage Status;W;EvacueeID;4;Triage Status;W;EvacueeID;5;Triage Status;W;EvacueeID;6;Triage Status;W;EvacueeID;7;Triage Status;W;EvacueeID;8;Triage Status;W;EvacueeID;9;Triage Status;W;EvacueeID;10;Triage Status;W;EvacueeID;57;Triage Status;Y;EvacueeID;58;Triage Status;Y;EvacueeID;59;Triage Status;Y;EvacueeID;60;Triage Status;Y;EvacueeID;61;Triage Status;Y;EvacueeID;62;Triage Status;Y;EvacueeID;63;Triage Status;Y;EvacueeID;64;Triage Status;Y;EvacueeID;65;Triage Status;Y;EvacueeID;66;Triage Status;Y;EvacueeID;67;Triage Status;Y;EvacueeID;68;Triage Status;Y;EvacueeID;69;Triage Status;Y;EvacueeID;70;Triage Status;Y;EvacueeID;71;Triage Status;Y;EvacueeID;72;Triage Status;Y;EvacueeID;73;Triage Status;Y;EvacueeID;74;Triage Status;Y;EvacueeID;75;Triage Status;R;EvacueeID;76;Triage Status;R;EvacueeID;77;Triage Status;R;EvacueeID;78;Triage Status;R;EvacueeID;79;Triage Status;R;EvacueeID;80;Triage Status;R;EvacueeID;11;Triage Status;W;EvacueeID;12;Triage Status;W;EvacueeID;13;Triage Status;W;EvacueeID;14;Triage Status;W;EvacueeID;15;Triage Status;W;EvacueeID;16;Triage Status;W;EvacueeID;17;Triage Status;W;EvacueeID;18;Triage Status;G;EvacueeID;19;Triage Status;W;EvacueeID;45;Triage Status;G;EvacueeID;20;Triage Status;W;EvacueeID;21;Triage Status;W;EvacueeID;22;Triage Status;W;EvacueeID;23;Triage Status;W;EvacueeID;24;Triage Status;W;EvacueeID;25;Triage Status;W;EvacueeID;26;Triage Status;W;EvacueeID;27;Triage Status;W;EvacueeID;28;Triage Status;W;EvacueeID;29;Triage Status;W;EvacueeID;30;Triage Status;W;EvacueeID;31;Triage Status;W;EvacueeID;32;Triage Status;W;EvacueeID;33;Triage Status;W;EvacueeID;34;Triage Status;W;EvacueeID;35;Triage Status;W;EvacueeID;36;Triage Status;W;EvacueeID;37;Triage Status;W;EvacueeID;38;Triage Status;W;EvacueeID;39;Triage Status;W;Lives Saved;67
3675,568,evacuee,outFOL,Evacuee 39 in triage category W is not assigned a helicopter
3675,568,evacuee,,Evacuee;39;in triage state;W;is at the FOL
3675,829,evacuee,outFOL,Evacuee 31 in triage category W is not assigned a helicopter
3675,829,evacuee,,Evacuee;31;in triage state;W;is at the FOL
3675,832,evacuee,outFOL,Evacuee 38 in triage category W is not assigned a helicopter
3675,832,evacuee,,Evacuee;38;in triage state;W;is at the FOL
3675,838,evacuee,outFOL,Evacuee 33 in triage category W is not assigned a helicopter
3675,838,evacuee,,Evacuee;33;in triage state;W;is at the FOL
3675,979,evacuee,outFOL,Evacuee 37 in triage category W is not assigned a helicopter
3675,979,evacuee,,Evacuee;37;in triage state;W;is at the FOL
3675,1039,evacuee,outFOL,Evacuee 32 in triage category W is not assigned a helicopter
3675,1039,evacuee,,Evacuee;32;in triage state;W;is at the FOL
3675,1042,evacuee,outFOL,Evacuee 34 in triage category W is not assigned a helicopter
3675,1042,evacuee,,Evacuee;34;in triage state;W;is at the FOL
3675,1060,evacuee,outFOL,Evacuee 35 in triage category W is not assigned a helicopter
3675,1060,evacuee,,Evacuee;35;in triage state;W;is at the FOL
3675,1066,evacuee,outFOL,Evacuee 36 in triage category W is not assigned a helicopter
3675,1066,evacuee,,Evacuee;36;in triage state;W;is at the FOL
3675,1084,evacuee,outFOL,Evacuee 30 in triage category W is not assigned a helicopter
3675,1084,evacuee,,Evacuee;30;in triage state;W;is at the FOL
3675,226,FOL,,;EvacueeID;51;Triage Status;Y;EvacueeID;52;Triage Status;Y;EvacueeID;53;Triage Status;Y;EvacueeID;1;Triage Status;W;EvacueeID;2;Triage Status;W;EvacueeID;3;Triage Status;W;EvacueeID;4;Triage Status;W;EvacueeID;5;Triage Status;W;EvacueeID;6;Triage Status;W;EvacueeID;7;Triage Status;W;EvacueeID;8;Triage Status;W;EvacueeID;9;Triage Status;W;EvacueeID;10;Triage Status;W;EvacueeID;57;Triage Status;Y;EvacueeID;58;Triage Status;Y;EvacueeID;59;Triage Status;Y;EvacueeID;60;Triage Status;Y;EvacueeID;61;Triage Status;Y;EvacueeID;62;Triage Status;Y;EvacueeID;63;Triage Status;Y;EvacueeID;64;Triage Status;Y;EvacueeID;65;Triage Status;Y;EvacueeID;66;Triage Status;Y;EvacueeID;67;Triage Status;Y;EvacueeID;68;Triage Status;Y;EvacueeID;69;Triage Status;Y;EvacueeID;70;Triage Status;Y;EvacueeID;71;Triage Status;Y;EvacueeID;72;Triage Status;Y;EvacueeID;73;Triage Status;Y;EvacueeID;74;Triage Status;Y;EvacueeID;75;Triage Status;R;EvacueeID;76;Triage Status;R;EvacueeID;77;Triage Status;R;EvacueeID;78;Triage Status;R;EvacueeID;79;Triage Status;R;EvacueeID;80;Triage Status;R;EvacueeID;11;Triage Status;W;EvacueeID;12;Triage Status;W;EvacueeID;13;Triage Status;W;EvacueeID;14;Triage Status;W;EvacueeID;15;Triage Status;W;EvacueeID;16;Triage Status;W;EvacueeID;17;Triage Status;W;EvacueeID;18;Triage Status;G;EvacueeID;19;Triage Status;W;EvacueeID;45;Triage Status;G;EvacueeID;20;Triage Status;W;EvacueeID;21;Triage Status;W;EvacueeID;22;Triage Status;W;EvacueeID;23;Triage Status;W;EvacueeID;24;Triage Status;W;EvacueeID;25;Triage Status;W;EvacueeID;26;Triage Status;W;EvacueeID;27;Triage Status;W;EvacueeID;28;Triage Status;W;EvacueeID;29;Triage Status;W;EvacueeID;30;Triage Status;W;EvacueeID;31;Triage Status;W;EvacueeID;32;Triage Status;W;EvacueeID;33;Triage Status;W;EvacueeID;34;Triage Status;W;EvacueeID;35;Triage Status;W;EvacueeID;36;Triage Status;W;EvacueeID;37;Triage Status;W;EvacueeID;38;Triage Status;W;EvacueeID;39;Triage Status;W;Lives Saved;67
3690,1170,helicopter,,Helicopter;1;Is going to the evacuation site;;and has;0;spots taken
3705,5,helicopterQueue,,1;Helos are waiting to land;HeloID;3
3705,108,helicopter,outES,Helicopter 3 is evacuating people3
3705,108,helicopter,,Helicopter;3;is waiting to land at the evacuation site;;and has;0;spots taken
3705,4,helipadManager,,Helo;3;is at the ES
3705,5,helicopterQueue,outHM,Helicopter 3 is evacuating people3
3705,5,helicopterQueue,outHelo,Helicopter 3 is evacuating people3
3705,5,helicopterQueue,,;No helos are waiting to land
3705,107,filterES,,Helicopter;3;is evacuating people
3705,1129,filterES,,
3705,1169,filterES,,
3705,107,filterES,out,Helicopter 3 is evacuating people3
3705,107,filterES,,
3705,108,helicopter,,Helicopter;3;is waiting to land at the evacuation site;;and has;0;spots taken
3705,108,helicopter,,Helicopter;3;is loading people at the evacuation site;;and has;0;spots taken
3720,3,evacueeManager,,OFF SHIP: White;0;Green;0;Yellow;0;Red;0;Black;420;ON SHIP: White;0;Green;0;Yellow;0;Red;0;Evacuees to Transfer;;EvacueeID;54;HeloID;3;OnShip;0;Triage Status;Y;EvacueeID;55;HeloID;3;OnShip;0;Triage Status;Y;EvacueeID;56;HeloID;3;OnShip;0;Triage Status;Y
3720,4,helipadManager,outEM,Helicopter 3 is evacuating people3
3720,4,helipadManager,outHelo,Helicopter 3 is evacuating people3
3720,4,helipadManager,,;No helos are at ES
3720,107,filterES,,Helicopter;3;is evacuating people
3720,1129,filterES,,
3720,1169,filterES,,
3720,2,coastGuardShip,,There are no more evacuees.
3720,3,evacueeManager,outEvac,Evacuee 54 in triage category Y is assigned helicopter 3
3720,3,evacueeManager,outEvac,Evacuee 55 in triage category Y is assigned helicopter 3
3720,3,evacueeManager,outEvac,Evacuee 56 in triage category Y is assigned helicopter 3
3720,3,evacueeManager,outHM,1
3720,3,evacueeManager,outCGS,1
3720,3,evacueeManager,,OFF SHIP: White;0;Green;0;Yellow;0;Red;0;Black;420;ON SHIP: White;0;Green;0;Yellow;0;Red;0;Evacuees to Transfer;
3720,4,helipadManager,outHQ,0
3720,4,helipadManager,,;No helos are at ES;Stopped evacuating people
3720,5,helicopterQueue,,;No helos are waiting to land
3720,7,filterLoc,,
3720,10,filterLoc,,
3720,13,filterLoc,,
3720,16,filterLoc,,
3720,19,filterLoc,,
3720,22,filterLoc,,
3720,25,filterLoc,,
3720,28,filterLoc,,
3720,31,filterLoc,,
3720,34,filterLoc,,
3720,37,filterLoc,,
3720,40,filterLoc,,
3720,43,filterLoc,,
3720,46,filterLoc,,
3720,49,filterLoc,,
3720,52,filterLoc,,
3720,55,filterLoc,,
3720,58,filterLoc,,
3720,61,filterLoc,,
3720,64,filterLoc,,
3720,67,filterLoc,,
3720,70,filterLoc,,
3720,73,filterLoc,,
3720,76,filterLoc,,
3720,79,filterLoc,,
3720,82,filterLoc,,
3720,85,filterLoc,,
3720,88,filterLoc,,
3720,91,filterLoc,,
3720,94,filterLoc,,
3720,97,filterLoc,,
3720,100,filterLoc,,
3720,103,filterLoc,,
3720,107,filterES,out,Helicopter 3 is evacuating people3
3720,107,filterES,,
3720,108,helicopter,,Helicopter;3;is loading people at the evacuation site;;and has;0;spots taken
3720,110,filterLoc,,
3720,113,filterLoc,,
3720,116,filterLoc,,
3720,119,filterLoc,,
3720,122,filterLoc,,
3720,125,filterLoc,,
3720,128,filterLoc,,
3720,131,filterLoc,,
3720,134,filterLoc,,
3720,137,filterLoc,,
3720,140,filterLoc,,
3720,143,filterLoc,,
3720,146,filterLoc,,
3720,149,filterLoc,,
3720,152,filterLoc,,
3720,155,filterLoc,,
3720,158,filterLoc,,
3720,161,filterLoc,,
3720,164,filterLoc,,
3720,167,filterLoc,,
3720,170,filterLoc,,
3720,173,filterLoc,,
3720,176,filterLoc,,
3720,179,filterLoc,,
3720,182,filterLoc,,
3720,185,filterLoc,,
3720,188,filterLoc,,
3720,191,filterLoc,,
3720,194,filterLoc,,
3720,197,filterLoc,,
3720,200,filterLoc,,
3720,203,filterLoc,,
3720,206,filterLoc,,
3720,209,filterLoc,,
3720,212,filterLoc,,
3720,215,filterLoc,,
3720,218,filterLoc,,
3720,221,filterLoc,,
3720,224,filterLoc,,
3720,228,filterLoc,,
3720,231,filterLoc,,
3720,234,filterLoc,,
3720,237,filterLoc,,
3720,240,filterLoc,,
3720,243,filterLoc,,
3720,246,filterLoc,,
3720,249,filterLoc,,
3720,252,filterLoc,,
3720,255,filterLoc,,
3720,258,filterLoc,,
3720,261,filterLoc,,
3720,264,filterLoc,,
3720,267,filterLoc,,
3720,270,filterLoc,,
3720,273,filterLoc,,
3720,276,filterLoc,,
3720,279,filterLoc,,
3720,282,filterLoc,,
3720,285,filterLoc,,
3720,288,filterLoc,,
3720,291,filterLoc,,
3720,294,filterLoc,,
3720,297,filterLoc,,
3720,300,filterLoc,,
3720,303,filterLoc,,
3720,306,filterLoc,,
3720,309,filterLoc,,
3720,312,filterLoc,,
3720,315,filterLoc,,
3720,318,filterLoc,,
3720,321,filterLoc,,
3720,324,filterLoc,,
3720,327,filterLoc,,
3720,330,filterLoc,,
3720,333,filterLoc,,
3720,336,filterLoc,,
3720,339,filterLoc,,
3720,342,filterLoc,,
3720,345,filterLoc,,
3720,348,filterLoc,,
3720,351,filterLoc,,
3720,354,filterLoc,,
3720,357,filterLoc,,
3720,360,filterLoc,,
3720,363,filterLoc,,
3720,366,filterLoc,,
3720,369,filterLoc,,
3720,372,filterLoc,,
3720,375,filterLoc,,
3720,378,filterLoc,,
3720,381,filterLoc,,
3720,384,filterLoc,,
3720,387,filterLoc,,
3720,390,filterLoc,,
3720,393,filterLoc,,
3720,396,filterLoc,,
3720,399,filterLoc,,
3720,402,filterLoc,,
3720,405,filterLoc,,
3720,408,filterLoc,,
3720,411,filterLoc,,
3720,414,filterLoc,,
3720,417,filterLoc,,
3720,420,filterLoc,,
3720,423,filterLoc,,
3720,426,filterLoc,,
3720,429,filterLoc,,
3720,432,filterLoc,,
3720,435,filterLoc,,
3720,438,filterLoc,,
3720,441,filterLoc,,
3720,444,filterLoc,,
3720,447,filterLoc,,
3720,450,filterLoc,,
3720,453,filterLoc,,
3720,456,filterLoc,,
3720,459,filterLoc,,
3720,462,filterLoc,,
3720,465,filterLoc,,
3720,468,filterLoc,,
3720,471,filterLoc,,
3720,474,filterLoc,,
3720,477,filterLoc,,
3720,480,filterLoc,,
3720,483,filterLoc,,
3720,486,filterLoc,,
3720,489,filterLoc,,
3720,492,filterLoc,,
3720,495,filterLoc,,
3720,498,filterLoc,,
3720,501,filterLoc,,
3720,504,filterLoc,,
3720,507,filterLoc,,
3720,510,filterLoc,,
3720,513,filterLoc,,
3720,516,filterLoc,,
3720,519,filterLoc,,
3720,522,filterLoc,,
3720,525,filterLoc,,
3720,528,filterLoc,,
3720,531,filterLoc,,
3720,534,filterLoc,,
3720,537,filterLoc,,
3720,540,filterLoc,,
3720,543,filterLoc,,
3720,546,filterLoc,,
3720,549,filterLoc,,
3720,552,filterLoc,,
3720,555,filterLoc,,
3720,558,filterLoc,,
3720,561,filterLoc,,
3720,564,filterLoc,,
3720,567,filterLoc,,
3720,570,filterLoc,,
3720,573,filterLoc,,
3720,576,filterLoc,,
3720,579,filterLoc,,
3720,582,filterLoc,,
3720,585,filterLoc,,
3720,588,filterLoc,,
3720,591,filterLoc,,
3720,594,filterLoc,,
3720,597,filterLoc,,
3720,600,filterLoc,,
3720,603,filterLoc,,
3720,606,filterLoc,,
3720,609,filterLoc,,
3720,612,filterLoc,,
3720,615,filterLoc,,
3720,618,filterLoc,,
3720,621,filterLoc,,
3720,624,filterLoc,,
3720,627,filterLoc,,
3720,630,filterLoc,,
3720,633,filterLoc,,
3720,636,filterLoc,,
3720,639,filterLoc,,
3720,642,filterLoc,,
3720,645,filterLoc,,
3720,648,filterLoc,,
3720,651,filterLoc,,
3720,654,filterLoc,,
3720,657,filterLoc,,
3720,660,filterLoc,,
3720,663,filterLoc,,
3720,666,filterLoc,,
3720,669,filterLoc,,
3720,672,filterLoc,,
3720,675,filterLoc,,
3720,678,filterLoc,,
3720,681,filterLoc,,
3720,684,filterLoc,,
3720,687,filterLoc,,
3720,690,filterLoc,,
3720,693,filterLoc,,
3720,696,filterLoc,,
3720,699,filterLoc,,
3720,702,filterLoc,,
3720,705,filterLoc,,
3720,708,filterLoc,,
3720,711,filterLoc,,
3720,714,filterLoc,,
3720,717,filterLoc,,
3720,720,filterLoc,,
3720,723,filterLoc,,
3720,726,filterLoc,,
3720,729,filterLoc,,
3720,732,filterLoc,,
3720,735,filterLoc,,
3720,738,filterLoc,,
3720,741,filterLoc,,
3720,744,filterLoc,,
3720,747,filterLoc,,
3720,750,filterLoc,,
3720,753,filterLoc,,
3720,756,filterLoc,,
3720,759,filterLoc,,
3720,762,filterLoc,,
3720,765,filterLoc,,
3720,768,filterLoc,,
3720,771,filterLoc,,
3720,774,filterLoc,,
3720,777,filterLoc,,
3720,780,filterLoc,,
3720,783,filterLoc,,
3720,786,filterLoc,,
3720,789,filterLoc,,
3720,792,filterLoc,,
3720,795,filterLoc,,
3720,798,filterLoc,,
3720,801,filterLoc,,
3720,804,filterLoc,,
3720,807,filterLoc,,
3720,810,filterLoc,,
3720,813,filterLoc,,
3720,816,filterLoc,,
3720,819,filterLoc,,
3720,822,filterLoc,,
3720,825,filterLoc,,
3720,828,filterLoc,,
3720,831,filterLoc,,
3720,834,filterLoc,,
3720,837,filterLoc,,
3720,840,filterLoc,,
3720,843,filterLoc,,
3720,846,filterLoc,,
3720,849,filterLoc,,
3720,852,filterLoc,,
3720,855,filterLoc,,
3720,858,filterLoc,,
3720,861,filterLoc,,
3720,864,filterLoc,,
3720,867,filterLoc,,
3720,870,filterLoc,,
3720,873,filterLoc,,
3720,876,filterLoc,,
3720,879,filterLoc,,
3720,882,filterLoc,,
3720,885,filterLoc,,
3720,888,filterLoc,,
3720,891,filterLoc,,
3720,894,filterLoc,,
3720,897,filterLoc,,
3720,900,filterLoc,,
3720,903,filterLoc,,
3720,906,filterLoc,,
3720,909,filterLoc,,
3720,912,filterLoc,,
3720,915,filterLoc,,
3720,918,filterLoc,,
3720,921,filterLoc,,
3720,924,filterLoc,,
3720,927,filterLoc,,
3720,930,filterLoc,,
3720,933,filterLoc,,
3720,936,filterLoc,,
3720,939,filterLoc,,
3720,942,filterLoc,,
3720,945,filterLoc,,;Evacuee;54;in triage category;Y;is entering helicopter;3
3720,948,filterLoc,,
3720,951,filterLoc,,
3720,954,filterLoc,,
3720,957,filterLoc,,
3720,960,filterLoc,,
3720,963,filterLoc,,
3720,966,filterLoc,,
3720,969,filterLoc,,
3720,972,filterLoc,,
3720,975,filterLoc,,
3720,978,filterLoc,,
3720,981,filterLoc,,
3720,984,filterLoc,,
3720,987,filterLoc,,
3720,990,filterLoc,,
3720,993,filterLoc,,
3720,996,filterLoc,,
3720,999,filterLoc,,
3720,1002,filterLoc,,
3720,1005,filterLoc,,
3720,1008,filterLoc,,
3720,1011,filterLoc,,
3720,1014,filterLoc,,
3720,1017,filterLoc,,
3720,1020,filterLoc,,
3720,1023,filterLoc,,
3720,1026,filterLoc,,
3720,1029,filterLoc,,
3720,1032,filterLoc,,
3720,1035,filterLoc,,
3720,1038,filterLoc,,
3720,1041,filterLoc,,
3720,1044,filterLoc,,
3720,1047,filterLoc,,
3720,1050,filterLoc,,
3720,1053,filterLoc,,
3720,1056,filterLoc,,
3720,1059,filterLoc,,
3720,1062,filterLoc,,
3720,1065,filterLoc,,
3720,1068,filterLoc,,
3720,1071,filterLoc,,
3720,1074,filterLoc,,
3720,1077,filterLoc,,
3720,1080,filterLoc,,
3720,1083,filterLoc,,
3720,1086,filterLoc,,
3720,1089,filterLoc,,
3720,1092,filterLoc,,
3720,1095,filterLoc,,
3720,1098,filterLoc,,
3720,1101,filterLoc,,;Evacuee;55;in triage category;Y;is entering helicopter;3
3720,1104,filterLoc,,
3720,1107,filterLoc,,
3720,1110,filterLoc,,
3720,1113,filterLoc,,
3720,1116,filterLoc,,
3720,1119,filterLoc,,
3720,1122,filterLoc,,
3720,1125,filterLoc,,
3720,1132,filterLoc,,
3720,1135,filterLoc,,
3720,1138,filterLoc,,
3720,1141,filterLoc,,
3720,1144,filterLoc,,;Evacuee;56;in triage category;Y;is entering helicopter;3
3720,1147,filterLoc,,
3720,1150,filterLoc,,
3720,1153,filterLoc,,
3720,1156,filterLoc,,
3720,1159,filterLoc,,
3720,1162,filterLoc,,
3720,1165,filterLoc,,
3720,1172,filterLoc,,
3720,1175,filterLoc,,
3720,1178,filterLoc,,
3720,1181,filterLoc,,
3720,1184,filterLoc,,
3720,1187,filterLoc,,
3720,1190,filterLoc,,
3720,1193,filterLoc,,
3720,1196,filterLoc,,
3720,1199,filterLoc,,
3720,1202,filterLoc,,
3720,1205,filterLoc,,
3720,1208,filterLoc,,
3720,1211,filterLoc,,
3720,1214,filterLoc,,
3720,1217,filterLoc,,
3720,1220,filterLoc,,
3720,1223,filterLoc,,
3720,1226,filterLoc,,
3720,1229,filterLoc,,
3720,1232,filterLoc,,
3720,1235,filterLoc,,
3720,1238,filterLoc,,
3720,1241,filterLoc,,
3720,1244,filterLoc,,
3720,1247,filterLoc,,
3720,1250,filterLoc,,
3720,1253,filterLoc,,
3720,1256,filterLoc,,
3720,1259,filterLoc,,
3720,1262,filterLoc,,
3720,1265,filterLoc,,
3720,1268,filterLoc,,
3720,1271,filterLoc,,
3720,1274,filterLoc,,
3720,1277,filterLoc,,
3720,1280,filterLoc,,
3720,1283,filterLoc,,
3720,1286,filterLoc,,
3720,1289,filterLoc,,
3720,1292,filterLoc,,
3720,1295,filterLoc,,
3720,1298,filterLoc,,
3720,1301,filterLoc,,
3720,1304,filterLoc,,
3720,1307,filterLoc,,
3720,1310,filterLoc,,
3720,1313,filterLoc,,
3720,1316,filterLoc,,
3720,1319,filterLoc,,
3720,1322,filterLoc,,
3720,1325,filterLoc,,
3720,1328,filterLoc,,
3720,1331,filterLoc,,
3720,1334,filterLoc,,
3720,1337,filterLoc,,
3720,1340,filterLoc,,
3720,1343,filterLoc,,
3720,1346,filterLoc,,
3720,1349,filterLoc,,
3720,1352,filterLoc,,
3720,1355,filterLoc,,
3720,1358,filterLoc,,
3720,1361,filterLoc,,
3720,1364,filterLoc,,
3720,1367,filterLoc,,
3720,1370,filterLoc,,
3720,1373,filterLoc,,
3720,1376,filterLoc,,
3720,1379,filterLoc,,
3720,1382,filterLoc,,
3720,1385,filterLoc,,
3720,1388,filterLoc,,
3720,1391,filterLoc,,
3720,1394,filterLoc,,
3720,1397,filterLoc,,
3720,1400,filterLoc,,
3720,1403,filterLoc,,
3720,1406,filterLoc,,
3720,1409,filterLoc,,
3720,1412,filterLoc,,
3720,1415,filterLoc,,
3720,1418,filterLoc,,
3720,1421,filterLoc,,
3720,1424,filterLoc,,
3720,1427,filterLoc,,
3720,1430,filterLoc,,
3720,1433,filterLoc,,
3720,1436,filterLoc,,
3720,1439,filterLoc,,
3720,1442,filterLoc,,
3720,1445,filterLoc,,
3720,1448,filterLoc,,
3720,1451,filterLoc,,
3720,1454,filterLoc,,
3720,1457,filterLoc,,
3720,1460,filterLoc,,
3720,1463,filterLoc,,
3720,1466,filterLoc,,
3720,1469,filterLoc,,
3720,1472,filterLoc,,
3720,1475,filterLoc,,
3720,1478,filterLoc,,
3720,1481,filterLoc,,
3720,1484,filterLoc,,
3720,1487,filterLoc,,
3720,1490,filterLoc,,
3720,1493,filterLoc,,
3720,1496,filterLoc,,
3720,1499,filterLoc,,
3720,1502,filterLoc,,
3720,1505,filterLoc,,
3720,1508,filterLoc,,
3720,1511,filterLoc,,
3720,1514,filterLoc,,
3720,1517,filterLoc,,
3720,5,helicopterQueue,,;No helos are waiting to land
3720,108,helicopter,,Helicopter;3;is returning to the FOL;;and has;0;spots taken
3720,945,filterLoc,out,Evacuee 54 in triage category Y is assigned helicopter 3
3720,945,filterLoc,,
3720,946,evacuee,,Evacuee;54;in triage state;Y;is entering helicopter;3
3720,1101,filterLoc,out,Evacuee 55 in triage category Y is assigned helicopter 3
3720,1101,filterLoc,,
3720,1102,evacuee,,Evacuee;55;in triage state;Y;is entering helicopter;3
3720,1144,filterLoc,out,Evacuee 56 in triage category Y is assigned helicopter 3
3720,1144,filterLoc,,
3720,1145,evacuee,,Evacuee;56;in triage state;Y;is entering helicopter;3
3720,106,filterEvac,,;Evacuee;54;in triage category;Y;is entering helicopter;3;Evacuee;55;in triage category;Y;is entering helicopter;3;Evacuee;56;in triage category;Y;is entering helicopter;3
3720,946,evacuee,outHelo,Evacuee 54 in triage category Y is assigned helicopter 3
3720,946,evacuee,,Evacuee;54;in triage state;Y;is in helicopter;3
3720,1102,evacuee,outHelo,Evacuee 55 in triage category Y is assigned helicopter 3
3720,1102,evacuee,,Evacuee;55;in triage state;Y;is in helicopter;3
3720,1128,filterEvac,,
3720,1145,evacuee,outHelo,Evacuee 56 in triage category Y is assigned helicopter 3
3720,1145,evacuee,,Evacuee;56;in triage state;Y;is in helicopter;3
3720,1168,filterEvac,,
3720,106,filterEvac,out,Evacuee 54 in triage category Y is assigned helicopter 3
3720,106,filterEvac,out,Evacuee 55 in triage category Y is assigned helicopter 3
3720,106,filterEvac,out,Evacuee 56 in triage category Y is assigned helicopter 3
3720,106,filterEvac,,
3720,108,helicopter,,Helicopter;3;is returning to the FOL;;and has;9;spots taken
3735,7,filterLoc,,
3735,10,filterLoc,,
3735,13,filterLoc,,
3735,16,filterLoc,,
3735,19,filterLoc,,
3735,22,filterLoc,,
3735,25,filterLoc,,
3735,28,filterLoc,,
3735,31,filterLoc,,
3735,34,filterLoc,,
3735,37,filterLoc,,
3735,40,filterLoc,,
3735,43,filterLoc,,
3735,46,filterLoc,,
3735,49,filterLoc,,
3735,52,filterLoc,,
3735,55,filterLoc,,
3735,58,filterLoc,,
3735,61,filterLoc,,
3735,64,filterLoc,,
3735,67,filterLoc,,
3735,70,filterLoc,,
3735,73,filterLoc,,
3735,76,filterLoc,,
3735,79,filterLoc,,
3735,82,filterLoc,,
3735,85,filterLoc,,
3735,88,filterLoc,,
3735,91,filterLoc,,
3735,94,filterLoc,,
3735,97,filterLoc,,
3735,100,filterLoc,,
3735,103,filterLoc,,
3735,110,filterLoc,,
3735,113,filterLoc,,
3735,116,filterLoc,,
3735,119,filterLoc,,
3735,122,filterLoc,,
3735,125,filterLoc,,
3735,128,filterLoc,,
3735,131,filterLoc,,
3735,134,filterLoc,,
3735,137,filterLoc,,
3735,140,filterLoc,,
3735,143,filterLoc,,
3735,146,filterLoc,,
3735,149,filterLoc,,
3735,152,filterLoc,,
3735,155,filterLoc,,
3735,158,filterLoc,,
3735,161,filterLoc,,
3735,164,filterLoc,,
3735,167,filterLoc,,
3735,170,filterLoc,,
3735,173,filterLoc,,
3735,176,filterLoc,,
3735,179,filterLoc,,
3735,182,filterLoc,,
3735,185,filterLoc,,
3735,188,filterLoc,,
3735,191,filterLoc,,
3735,194,filterLoc,,
3735,197,filterLoc,,
3735,200,filterLoc,,
3735,203,filterLoc,,
3735,206,filterLoc,,
3735,209,filterLoc,,
3735,212,filterLoc,,
3735,215,filterLoc,,
3735,218,filterLoc,,
3735,221,filterLoc,,
3735,224,filterLoc,,
3735,228,filterLoc,,
3735,231,filterLoc,,
3735,234,filterLoc,,
3735,237,filterLoc,,
3735,240,filterLoc,,
3735,243,filterLoc,,
3735,246,filterLoc,,
3735,249,filterLoc,,
3735,252,filterLoc,,
3735,255,filterLoc,,
3735,258,filterLoc,,
3735,261,filterLoc,,
3735,264,filterLoc,,
3735,267,filterLoc,,
3735,270,filterLoc,,
3735,273,filterLoc,,
3735,276,filterLoc,,
3735,279,filterLoc,,
3735,282,filterLoc,,
3735,285,filterLoc,,
3735,288,filterLoc,,
3735,291,filterLoc,,
3735,294,filterLoc,,
3735,297,filterLoc,,
3735,300,filterLoc,,
3735,303,filterLoc,,
3735,306,filterLoc,,
3735,309,filterLoc,,
3735,312,filterLoc,,
3735,315,filterLoc,,
3735,318,filterLoc,,
3735,321,filterLoc,,
3735,324,filterLoc,,
3735,327,filterLoc,,
3735,330,filterLoc,,
3735,333,filterLoc,,
3735,336,filterLoc,,
3735,339,filterLoc,,
3735,342,filterLoc,,
3735,345,filterLoc,,
3735,348,filterLoc,,
3735,351,filterLoc,,
3735,354,filterLoc,,
3735,357,filterLoc,,
3735,360,filterLoc,,
3735,363,filterLoc,,
3735,366,filterLoc,,
3735,369,filterLoc,,
3735,372,filterLoc,,
3735,375,filterLoc,,
3735,378,filterLoc,,
3735,381,filterLoc,,
3735,384,filterLoc,,
3735,387,filterLoc,,
3735,390,filterLoc,,
3735,393,filterLoc,,
3735,396,filterLoc,,
3735,399,filterLoc,,
3735,402,filterLoc,,
3735,405,filterLoc,,
3735,408,filterLoc,,
3735,411,filterLoc,,
3735,414,filterLoc,,
3735,417,filterLoc,,
3735,420,filterLoc,,
3735,423,filterLoc,,
3735,426,filterLoc,,
3735,429,filterLoc,,
3735,432,filterLoc,,
3735,435,filterLoc,,
3735,438,filterLoc,,
3735,441,filterLoc,,
3735,444,filterLoc,,
3735,447,filterLoc,,
3735,450,filterLoc,,
3735,453,filterLoc,,
3735,456,filterLoc,,
3735,459,filterLoc,,
3735,462,filterLoc,,
3735,465,filterLoc,,
3735,468,filterLoc,,
3735,471,filterLoc,,
3735,474,filterLoc,,
3735,477,filterLoc,,
3735,480,filterLoc,,
3735,483,filterLoc,,
3735,486,filterLoc,,
3735,489,filterLoc,,
3735,492,filterLoc,,
3735,495,filterLoc,,
3735,498,filterLoc,,
3735,501,filterLoc,,
3735,504,filterLoc,,
3735,507,filterLoc,,
3735,510,filterLoc,,
3735,513,filterLoc,,
3735,516,filterLoc,,
3735,519,filterLoc,,
3735,522,filterLoc,,
3735,525,filterLoc,,
3735,528,filterLoc,,
3735,531,filterLoc,,
3735,534,filterLoc,,
3735,537,filterLoc,,
3735,540,filterLoc,,
3735,543,filterLoc,,
3735,546,filterLoc,,
3735,549,filterLoc,,
3735,552,filterLoc,,
3735,555,filterLoc,,
3735,558,filterLoc,,
3735,561,filterLoc,,
3735,564,filterLoc,,
3735,567,filterLoc,,
3735,570,filterLoc,,
3735,573,filterLoc,,
3735,576,filterLoc,,
3735,579,filterLoc,,
3735,582,filterLoc,,
3735,585,filterLoc,,
3735,588,filterLoc,,
3735,591,filterLoc,,
3735,594,filterLoc,,
3735,597,filterLoc,,
3735,600,filterLoc,,
3735,603,filterLoc,,
3735,606,filterLoc,,
3735,609,filterLoc,,
3735,612,filterLoc,,
3735,615,filterLoc,,
3735,618,filterLoc,,
3735,621,filterLoc,,
3735,624,filterLoc,,;Evacuee;49;in triage category;W;is leaving helicopter;2
3735,627,filterLoc,,
3735,630,filterLoc,,
3735,633,filterLoc,,
3735,636,filterLoc,,
3735,639,filterLoc,,
3735,642,filterLoc,,
3735,645,filterLoc,,
3735,648,filterLoc,,
3735,651,filterLoc,,
3735,654,filterLoc,,
3735,657,filterLoc,,
3735,660,filterLoc,,
3735,663,filterLoc,,
3735,666,filterLoc,,
3735,669,filterLoc,,
3735,672,filterLoc,,
3735,675,filterLoc,,
3735,678,filterLoc,,
3735,681,filterLoc,,
3735,684,filterLoc,,
3735,687,filterLoc,,
3735,690,filterLoc,,
3735,693,filterLoc,,
3735,696,filterLoc,,
3735,699,filterLoc,,
3735,702,filterLoc,,
3735,705,filterLoc,,
3735,708,filterLoc,,
3735,711,filterLoc,,
3735,714,filterLoc,,
3735,717,filterLoc,,
3735,720,filterLoc,,
3735,723,filterLoc,,
3735,726,filterLoc,,
3735,729,filterLoc,,
3735,732,filterLoc,,
3735,735,filterLoc,,
3735,738,filterLoc,,
3735,741,filterLoc,,
3735,744,filterLoc,,
3735,747,filterLoc,,
3735,750,filterLoc,,
3735,753,filterLoc,,
3735,756,filterLoc,,
3735,759,filterLoc,,
3735,762,filterLoc,,
3735,765,filterLoc,,
3735,768,filterLoc,,
3735,771,filterLoc,,
3735,774,filterLoc,,
3735,777,filterLoc,,
3735,780,filterLoc,,
3735,783,filterLoc,,
3735,786,filterLoc,,
3735,789,filterLoc,,
3735,792,filterLoc,,
3735,795,filterLoc,,
3735,798,filterLoc,,
3735,801,filterLoc,,
3735,804,filterLoc,,
3735,807,filterLoc,,
3735,810,filterLoc,,
3735,813,filterLoc,,
3735,816,filterLoc,,
3735,819,filterLoc,,
3735,822,filterLoc,,
3735,825,filterLoc,,
3735,828,filterLoc,,
3735,831,filterLoc,,
3735,834,filterLoc,,
3735,837,filterLoc,,
3735,840,filterLoc,,
3735,843,filterLoc,,
3735,846,filterLoc,,
3735,849,filterLoc,,
3735,852,filterLoc,,
3735,855,filterLoc,,
3735,858,filterLoc,,
3735,861,filterLoc,,
3735,864,filterLoc,,
3735,867,filterLoc,,
3735,870,filterLoc,,
3735,873,filterLoc,,
3735,876,filterLoc,,
3735,879,filterLoc,,
3735,882,filterLoc,,
3735,885,filterLoc,,
3735,888,filterLoc,,
3735,891,filterLoc,,
3735,894,filterLoc,,
3735,897,filterLoc,,
3735,900,filterLoc,,
3735,903,filterLoc,,
3735,906,filterLoc,,
3735,909,filterLoc,,
3735,912,filterLoc,,
3735,915,filterLoc,,
3735,918,filterLoc,,;Evacuee;40;in triage category;W;is leaving helicopter;2
3735,921,filterLoc,,
3735,924,filterLoc,,
3735,927,filterLoc,,
3735,930,filterLoc,,
3735,933,filterLoc,,
3735,936,filterLoc,,
3735,939,filterLoc,,
3735,942,filterLoc,,
3735,945,filterLoc,,
3735,948,filterLoc,,
3735,951,filterLoc,,
3735,954,filterLoc,,;Evacuee;44;in triage category;W;is leaving helicopter;2
3735,957,filterLoc,,
3735,960,filterLoc,,
3735,963,filterLoc,,
3735,966,filterLoc,,
3735,969,filterLoc,,
3735,972,filterLoc,,
3735,975,filterLoc,,
3735,978,filterLoc,,
3735,981,filterLoc,,
3735,984,filterLoc,,
3735,987,filterLoc,,
3735,990,filterLoc,,
3735,993,filterLoc,,
3735,996,filterLoc,,
3735,999,filterLoc,,
3735,1002,filterLoc,,;Evacuee;41;in triage category;W;is leaving helicopter;2
3735,1005,filterLoc,,
3735,1008,filterLoc,,
3735,1011,filterLoc,,
3735,1014,filterLoc,,
3735,1017,filterLoc,,
3735,1020,filterLoc,,
3735,1023,filterLoc,,
3735,1026,filterLoc,,;Evacuee;46;in triage category;W;is leaving helicopter;2
3735,1029,filterLoc,,
3735,1032,filterLoc,,
3735,1035,filterLoc,,
3735,1038,filterLoc,,
3735,1041,filterLoc,,
3735,1044,filterLoc,,
3735,1047,filterLoc,,
3735,1050,filterLoc,,
3735,1053,filterLoc,,
3735,1056,filterLoc,,
3735,1059,filterLoc,,
3735,1062,filterLoc,,
3735,1065,filterLoc,,
3735,1068,filterLoc,,
3735,1071,filterLoc,,
3735,1074,filterLoc,,;Evacuee;42;in triage category;W;is leaving helicopter;2
3735,1077,filterLoc,,
3735,1080,filterLoc,,;Evacuee;43;in triage category;W;is leaving helicopter;2
3735,1083,filterLoc,,
3735,1086,filterLoc,,
3735,1089,filterLoc,,
3735,1092,filterLoc,,
3735,1095,filterLoc,,
3735,1098,filterLoc,,
3735,1101,filterLoc,,
3735,1104,filterLoc,,;Evacuee;48;in triage category;W;is leaving helicopter;2
3735,1107,filterLoc,,
3735,1110,filterLoc,,;Evacuee;50;in triage category;W;is leaving helicopter;2
3735,1113,filterLoc,,
3735,1116,filterLoc,,
3735,1119,filterLoc,,
3735,1122,filterLoc,,
3735,1125,filterLoc,,
3735,1130,helicopter,outEvac,Evacuee 40 in triage category W is not assigned a helicopter
3735,1130,helicopter,outEvac,Evacuee 41 in triage category W is not assigned a helicopter
3735,1130,helicopter,outEvac,Evacuee 42 in triage category W is not assigned a helicopter
3735,1130,helicopter,outEvac,Evacuee 43 in triage category W is not assigned a helicopter
3735,1130,helicopter,outEvac,Evacuee 44 in triage category W is not assigned a helicopter
3735,1130,helicopter,outEvac,Evacuee 46 in triage category W is not assigned a helicopter
3735,1130,helicopter,outEvac,Evacuee 47 in triage category W is not assigned a helicopter
3735,1130,helicopter,outEvac,Evacuee 48 in triage category W is not assigned a helicopter
3735,1130,helicopter,outEvac,Evacuee 49 in triage category W is not assigned a helicopter
3735,1130,helicopter,outEvac,Evacuee 50 in triage category W is not assigned a helicopter
3735,1130,helicopter,,Helicopter;2;is unloading people at the FOL;;and has;0;spots taken
3735,1132,filterLoc,,
3735,1135,filterLoc,,
3735,1138,filterLoc,,
3735,1141,filterLoc,,;Evacuee;47;in triage category;W;is leaving helicopter;2
3735,1144,filterLoc,,
3735,1147,filterLoc,,
3735,1150,filterLoc,,
3735,1153,filterLoc,,
3735,1156,filterLoc,,
3735,1159,filterLoc,,
3735,1162,filterLoc,,
3735,1165,filterLoc,,
3735,1172,filterLoc,,
3735,1175,filterLoc,,
3735,1178,filterLoc,,
3735,1181,filterLoc,,
3735,1184,filterLoc,,
3735,1187,filterLoc,,
3735,1190,filterLoc,,
3735,1193,filterLoc,,
3735,1196,filterLoc,,
3735,1199,filterLoc,,
3735,1202,filterLoc,,
3735,1205,filterLoc,,
3735,1208,filterLoc,,
3735,1211,filterLoc,,
3735,1214,filterLoc,,
3735,1217,filterLoc,,
3735,1220,filterLoc,,
3735,1223,filterLoc,,
3735,1226,filterLoc,,
3735,1229,filterLoc,,
3735,1232,filterLoc,,
3735,1235,filterLoc,,
3735,1238,filterLoc,,
3735,1241,filterLoc,,
3735,1244,filterLoc,,
3735,1247,filterLoc,,
3735,1250,filterLoc,,
3735,1253,filterLoc,,
3735,1256,filterLoc,,
3735,1259,filterLoc,,
3735,1262,filterLoc,,
3735,1265,filterLoc,,
3735,1268,filterLoc,,
3735,1271,filterLoc,,
3735,1274,filterLoc,,
3735,1277,filterLoc,,
3735,1280,filterLoc,,
3735,1283,filterLoc,,
3735,1286,filterLoc,,
3735,1289,filterLoc,,
3735,1292,filterLoc,,
3735,1295,filterLoc,,
3735,1298,filterLoc,,
3735,1301,filterLoc,,
3735,1304,filterLoc,,
3735,1307,filterLoc,,
3735,1310,filterLoc,,
3735,1313,filterLoc,,
3735,1316,filterLoc,,
3735,1319,filterLoc,,
3735,1322,filterLoc,,
3735,1325,filterLoc,,
3735,1328,filterLoc,,
3735,1331,filterLoc,,
3735,1334,filterLoc,,
3735,1337,filterLoc,,
3735,1340,filterLoc,,
3735,1343,filterLoc,,
3735,1346,filterLoc,,
3735,1349,filterLoc,,
3735,1352,filterLoc,,
3735,1355,filterLoc,,
3735,1358,filterLoc,,
3735,1361,filterLoc,,
3735,1364,filterLoc,,
3735,1367,filterLoc,,
3735,1370,filterLoc,,
3735,1373,filterLoc,,
3735,1376,filterLoc,,
3735,1379,filterLoc,,
3735,1382,filterLoc,,
3735,1385,filterLoc,,
3735,1388,filterLoc,,
3735,1391,filterLoc,,
3735,1394,filterLoc,,
3735,1397,filterLoc,,
3735,1400,filterLoc,,
3735,1403,filterLoc,,
3735,1406,filterLoc,,
3735,1409,filterLoc,,
3735,1412,filterLoc,,
3735,1415,filterLoc,,
3735,1418,filterLoc,,
3735,1421,filterLoc,,
3735,1424,filterLoc,,
3735,1427,filterLoc,,
3735,1430,filterLoc,,
3735,1433,filterLoc,,
3735,1436,filterLoc,,
3735,1439,filterLoc,,
3735,1442,filterLoc,,
3735,1445,filterLoc,,
3735,1448,filterLoc,,
3735,1451,filterLoc,,
3735,1454,filterLoc,,
3735,1457,filterLoc,,
3735,1460,filterLoc,,
3735,1463,filterLoc,,
3735,1466,filterLoc,,
3735,1469,filterLoc,,
3735,1472,filterLoc,,
3735,1475,filterLoc,,
3735,1478,filterLoc,,
3735,1481,filterLoc,,
3735,1484,filterLoc,,
3735,1487,filterLoc,,
3735,1490,filterLoc,,
3735,1493,filterLoc,,
3735,1496,filterLoc,,
3735,1499,filterLoc,,
3735,1502,filterLoc,,
3735,1505,filterLoc,,
3735,1508,filterLoc,,
3735,1511,filterLoc,,
3735,1514,filterLoc,,
3735,1517,filterLoc,,
3735,624,filterLoc,out,Evacuee 49 in triage category W is not assigned a helicopter
3735,624,filterLoc,,
3735,625,evacuee,,Evacuee;49;in triage state;W;is entering the FOL
3735,918,filterLoc,out,Evacuee 40 in triage category W is not assigned a helicopter
3735,918,filterLoc,,
3735,919,evacuee,,Evacuee;40;in triage state;W;is entering the FOL
3735,954,filterLoc,out,Evacuee 44 in triage category W is not assigned a helicopter
3735,954,filterLoc,,
3735,955,evacuee,,Evacuee;44;in triage state;W;is entering the FOL
3735,1002,filterLoc,out,Evacuee 41 in triage category W is not assigned a helicopter
3735,1002,filterLoc,,
3735,1003,evacuee,,Evacuee;41;in triage state;W;is entering the FOL
3735,1026,filterLoc,out,Evacuee 46 in triage category W is not assigned a helicopter
3735,1026,filterLoc,,
3735,1027,evacuee,,Evacuee;46;in triage state;W;is entering the FOL
3735,1074,filterLoc,out,Evacuee 42 in triage category W is not assigned a helicopter
3735,1074,filterLoc,,
3735,1075,evacuee,,Evacuee;42;in triage state;W;is entering the FOL
3735,1080,filterLoc,out,Evacuee 43 in triage category W is not assigned a helicopter
3735,1080,filterLoc,,
3735,1081,evacuee,,Evacuee;43;in triage state;W;is entering the FOL
3735,1104,filterLoc,out,Evacuee 48 in triage category W is not assigned a helicopter
3735,1104,filterLoc,,
3735,1105,evacuee,,Evacuee;48;in triage state;W;is entering the FOL
3735,1110,filterLoc,out,Evacuee 50 in triage category W is not assigned a helicopter
3735,1110,filterLoc,,
3735,1111,evacuee,,Evacuee;50;in triage state;W;is entering the FOL
3735,1141,filterLoc,out,Evacuee 47 in triage category W is not assigned a helicopter
3735,1141,filterLoc,,
3735,1142,evacuee,,Evacuee;47;in triage state;W;is entering the FOL
3735,226,FOL,,;EvacueeID;51;Triage Status;Y;EvacueeID;52;Triage Status;Y;EvacueeID;53;Triage Status;Y;EvacueeID;1;Triage Status;W;EvacueeID;2;Triage Status;W;EvacueeID;3;Triage Status;W;EvacueeID;4;Triage Status;W;EvacueeID;5;Triage Status;W;EvacueeID;6;Triage Status;W;EvacueeID;7;Triage Status;W;EvacueeID;8;Triage Status;W;EvacueeID;9;Triage Status;W;EvacueeID;10;Triage Status;W;EvacueeID;57;Triage Status;Y;EvacueeID;58;Triage Status;Y;EvacueeID;59;Triage Status;Y;EvacueeID;60;Triage Status;Y;EvacueeID;61;Triage Status;Y;EvacueeID;62;Triage Status;Y;EvacueeID;63;Triage Status;Y;EvacueeID;64;Triage Status;Y;EvacueeID;65;Triage Status;Y;EvacueeID;66;Triage Status;Y;EvacueeID;67;Triage Status;Y;EvacueeID;68;Triage Status;Y;EvacueeID;69;Triage Status;Y;EvacueeID;70;Triage Status;Y;EvacueeID;71;Triage Status;Y;EvacueeID;72;Triage Status;Y;EvacueeID;73;Triage Status;Y;EvacueeID;74;Triage Status;Y;EvacueeID;75;Triage Status;R;EvacueeID;76;Triage Status;R;EvacueeID;77;Triage Status;R;EvacueeID;78;Triage Status;R;EvacueeID;79;Triage Status;R;EvacueeID;80;Triage Status;R;EvacueeID;11;Triage Status;W;EvacueeID;12;Triage Status;W;EvacueeID;13;Triage Status;W;EvacueeID;14;Triage Status;W;EvacueeID;15;Triage Status;W;EvacueeID;16;Triage Status;W;EvacueeID;17;Triage Status;W;EvacueeID;18;Triage Status;G;EvacueeID;19;Triage Status;W;EvacueeID;45;Triage Status;G;EvacueeID;20;Triage Status;W;EvacueeID;21;Triage Status;W;EvacueeID;22;Triage Status;W;EvacueeID;23;Triage Status;W;EvacueeID;24;Triage Status;W;EvacueeID;25;Triage Status;W;EvacueeID;26;Triage Status;W;EvacueeID;27;Triage Status;W;EvacueeID;28;Triage Status;W;EvacueeID;29;Triage Status;W;EvacueeID;30;Triage Status;W;EvacueeID;31;Triage Status;W;EvacueeID;32;Triage Status;W;EvacueeID;33;Triage Status;W;EvacueeID;34;Triage Status;W;EvacueeID;35;Triage Status;W;EvacueeID;36;Triage Status;W;EvacueeID;37;Triage Status;W;EvacueeID;38;Triage Status;W;EvacueeID;39;Triage Status;W;EvacueeID;40;Triage Status;W;EvacueeID;41;Triage Status;W;EvacueeID;42;Triage Status;W;EvacueeID;43;Triage Status;W;EvacueeID;44;Triage Status;W;EvacueeID;46;Triage Status;W;EvacueeID;47;Triage Status;W;EvacueeID;48;Triage Status;W;EvacueeID;49;Triage Status;W;EvacueeID;50;Triage Status;W;Lives Saved;77
3735,625,evacuee,outFOL,Evacuee 49 in triage category W is not assigned a helicopter
3735,625,evacuee,,Evacuee;49;in triage state;W;is at the FOL
3735,919,evacuee,outFOL,Evacuee 40 in triage category W is not assigned a helicopter
3735,919,evacuee,,Evacuee;40;in triage state;W;is at the FOL
3735,955,evacuee,outFOL,Evacuee 44 in triage category W is not assigned a helicopter
3735,955,evacuee,,Evacuee;44;in triage state;W;is at the FOL
3735,1003,evacuee,outFOL,Evacuee 41 in triage category W is not assigned a helicopter
3735,1003,evacuee,,Evacuee;41;in triage state;W;is at the FOL
3735,1027,evacuee,outFOL,Evacuee 46 in triage category W is not assigned a helicopter
3735,1027,evacuee,,Evacuee;46;in triage state;W;is at the FOL
3735,1075,evacuee,outFOL,Evacuee 42 in triage category W is not assigned a helicopter
3735,1075,evacuee,,Evacuee;42;in triage state;W;is at the FOL
3735,1081,evacuee,outFOL,Evacuee 43 in triage category W is not assigned a helicopter
3735,1081,evacuee,,Evacuee;43;in triage state;W;is at the FOL
3735,1105,evacuee,outFOL,Evacuee 48 in triage category W is not assigned a helicopter
3735,1105,evacuee,,Evacuee;48;in triage state;W;is at the FOL
3735,1111,evacuee,outFOL,Evacuee 50 in triage category W is not assigned a helicopter
3735,1111,evacuee,,Evacuee;50;in triage state;W;is at the FOL
3735,1142,evacuee,outFOL,Evacuee 47 in triage category W is not assigned a helicopter
3735,1142,evacuee,,Evacuee;47;in triage state;W;is at the FOL
3735,226,FOL,,;EvacueeID;51;Triage Status;Y;EvacueeID;52;Triage Status;Y;EvacueeID;53;Triage Status;Y;EvacueeID;1;Triage Status;W;EvacueeID;2;Triage Status;W;EvacueeID;3;Triage Status;W;EvacueeID;4;Triage Status;W;EvacueeID;5;Triage Status;W;EvacueeID;6;Triage Status;W;EvacueeID;7;Triage Status;W;EvacueeID;8;Triage Status;W;EvacueeID;9;Triage Status;W;EvacueeID;10;Triage Status;W;EvacueeID;57;Triage Status;Y;EvacueeID;58;Triage Status;Y;EvacueeID;59;Triage Status;Y;EvacueeID;60;Triage Status;Y;EvacueeID;61;Triage Status;Y;EvacueeID;62;Triage Status;Y;EvacueeID;63;Triage Status;Y;EvacueeID;64;Triage Status;Y;EvacueeID;65;Triage Status;Y;EvacueeID;66;Triage Status;Y;EvacueeID;67;Triage Status;Y;EvacueeID;68;Triage Status;Y;EvacueeID;69;Triage Status;Y;EvacueeID;70;Triage Status;Y;EvacueeID;71;Triage Status;Y;EvacueeID;72;Triage Status;Y;EvacueeID;73;Triage Status;Y;EvacueeID;74;Triage Status;Y;EvacueeID;75;Triage Status;R;EvacueeID;76;Triage Status;R;EvacueeID;77;Triage Status;R;EvacueeID;78;Triage Status;R;EvacueeID;79;Triage Status;R;EvacueeID;80;Triage Status;R;EvacueeID;11;Triage Status;W;EvacueeID;12;Triage Status;W;EvacueeID;13;Triage Status;W;EvacueeID;14;Triage Status;W;EvacueeID;15;Triage Status;W;EvacueeID;16;Triage Status;W;EvacueeID;17;Triage Status;W;EvacueeID;18;Triage Status;G;EvacueeID;19;Triage Status;W;EvacueeID;45;Triage Status;G;EvacueeID;20;Triage Status;W;EvacueeID;21;Triage Status;W;EvacueeID;22;Triage Status;W;EvacueeID;23;Triage Status;W;EvacueeID;24;Triage Status;W;EvacueeID;25;Triage Status;W;EvacueeID;26;Triage Status;W;EvacueeID;27;Triage Status;W;EvacueeID;28;Triage Status;W;EvacueeID;29;Triage Status;W;EvacueeID;30;Triage Status;W;EvacueeID;31;Triage Status;W;EvacueeID;32;Triage Status;W;EvacueeID;33;Triage Status;W;EvacueeID;34;Triage Status;W;EvacueeID;35;Triage Status;W;EvacueeID;36;Triage Status;W;EvacueeID;37;Triage Status;W;EvacueeID;38;Triage Status;W;EvacueeID;39;Triage Status;W;EvacueeID;40;Triage Status;W;EvacueeID;41;Triage Status;W;EvacueeID;42;Triage Status;W;EvacueeID;43;Triage Status;W;EvacueeID;44;Triage Status;W;EvacueeID;46;Triage Status;W;EvacueeID;47;Triage Status;W;EvacueeID;48;Triage Status;W;EvacueeID;49;Triage Status;W;EvacueeID;50;Triage Status;W;Lives Saved;77
3750,1130,helicopter,,Helicopter;2;Is going to the evacuation site;;and has;0;spots taken
3765,5,helicopterQueue,,1;Helos are waiting to land;HeloID;1
3765,1170,helicopter,outES,Helicopter 1 is evacuating people1
3765,1170,helicopter,,Helicopter;1;is waiting to land at the evacuation site;;and has;0;spots taken
3765,4,helipadManager,,Helo;1;is at the ES;Stopped evacuating people
3765,5,helicopterQueue,outHM,Helicopter 1 is evacuating people1
3765,5,helicopterQueue,outHelo,Helicopter 1 is evacuating people1
3765,5,helicopterQueue,,;No helos are waiting to land
3765,107,filterES,,
3765,1129,filterES,,
3765,1169,filterES,,Helicopter;1;is evacuating people
3765,1169,filterES,out,Helicopter 1 is evacuating people1
3765,1169,filterES,,
3765,1170,helicopter,,Helicopter;1;is waiting to land at the evacuation site;;and has;0;spots taken
3765,1170,helicopter,,Helicopter;1;is loading people at the evacuation site;;and has;0;spots taken
3780,4,helipadManager,outHelo,Helicopter 1 has stopped
3780,4,helipadManager,outHQ,1
3780,4,helipadManager,,Helo;1;is at the ES;Stopped evacuating people
3780,5,helicopterQueue,,;No helos are waiting to land
3780,107,filterES,,
3780,1129,filterES,,
3780,1169,filterES,,Helicopter;1;has stopped
3780,5,helicopterQueue,,;No helos are waiting to land
3780,1169,filterES,out,Helicopter 1 has stopped
3780,1169,filterES,,
3780,1170,helicopter,,Helicopter;1;is loading people at the evacuation site;;and has;0;spots taken
3780,1170,helicopter,,Helicopter;1;is returning to the FOL;;and has;0;spots taken
3795,7,filterLoc,,
3795,10,filterLoc,,
3795,13,filterLoc,,
3795,16,filterLoc,,
3795,19,filterLoc,,
3795,22,filterLoc,,
3795,25,filterLoc,,
3795,28,filterLoc,,
3795,31,filterLoc,,
3795,34,filterLoc,,
3795,37,filterLoc,,
3795,40,filterLoc,,
3795,43,filterLoc,,
3795,46,filterLoc,,
3795,49,filterLoc,,
3795,52,filterLoc,,
3795,55,filterLoc,,
3795,58,filterLoc,,
3795,61,filterLoc,,
3795,64,filterLoc,,
3795,67,filterLoc,,
3795,70,filterLoc,,
3795,73,filterLoc,,
3795,76,filterLoc,,
3795,79,filterLoc,,
3795,82,filterLoc,,
3795,85,filterLoc,,
3795,88,filterLoc,,
3795,91,filterLoc,,
3795,94,filterLoc,,
3795,97,filterLoc,,
3795,100,filterLoc,,
3795,103,filterLoc,,
3795,108,helicopter,outEvac,Evacuee 54 in triage category Y is not assigned a helicopter
3795,108,helicopter,outEvac,Evacuee 55 in triage category Y is not assigned a helicopter
3795,108,helicopter,outEvac,Evacuee 56 in triage category Y is not assigned a helicopter
3795,108,helicopter,,Helicopter;3;is unloading people at the FOL;;and has;0;spots taken
3795,110,filterLoc,,
3795,113,filterLoc,,
3795,116,filterLoc,,
3795,119,filterLoc,,
3795,122,filterLoc,,
3795,125,filterLoc,,
3795,128,filterLoc,,
3795,131,filterLoc,,
3795,134,filterLoc,,
3795,137,filterLoc,,
3795,140,filterLoc,,
3795,143,filterLoc,,
3795,146,filterLoc,,
3795,149,filterLoc,,
3795,152,filterLoc,,
3795,155,filterLoc,,
3795,158,filterLoc,,
3795,161,filterLoc,,
3795,164,filterLoc,,
3795,167,filterLoc,,
3795,170,filterLoc,,
3795,173,filterLoc,,
3795,176,filterLoc,,
3795,179,filterLoc,,
3795,182,filterLoc,,
3795,185,filterLoc,,
3795,188,filterLoc,,
3795,191,filterLoc,,
3795,194,filterLoc,,
3795,197,filterLoc,,
3795,200,filterLoc,,
3795,203,filterLoc,,
3795,206,filterLoc,,
3795,209,filterLoc,,
3795,212,filterLoc,,
3795,215,filterLoc,,
3795,218,filterLoc,,
3795,221,filterLoc,,
3795,224,filterLoc,,
3795,228,filterLoc,,
3795,231,filterLoc,,
3795,234,filterLoc,,
3795,237,filterLoc,,
3795,240,filterLoc,,
3795,243,filterLoc,,
3795,246,filterLoc,,
3795,249,filterLoc,,
3795,252,filterLoc,,
3795,255,filterLoc,,
3795,258,filterLoc,,
3795,261,filterLoc,,
3795,264,filterLoc,,
3795,267,filterLoc,,
3795,270,filterLoc,,
3795,273,filterLoc,,
3795,276,filterLoc,,
3795,279,filterLoc,,
3795,282,filterLoc,,
3795,285,filterLoc,,
3795,288,filterLoc,,
3795,291,filterLoc,,
3795,294,filterLoc,,
3795,297,filterLoc,,
3795,300,filterLoc,,
3795,303,filterLoc,,
3795,306,filterLoc,,
3795,309,filterLoc,,
3795,312,filterLoc,,
3795,315,filterLoc,,
3795,318,filterLoc,,
3795,321,filterLoc,,
3795,324,filterLoc,,
3795,327,filterLoc,,
3795,330,filterLoc,,
3795,333,filterLoc,,
3795,336,filterLoc,,
3795,339,filterLoc,,
3795,342,filterLoc,,
3795,345,filterLoc,,
3795,348,filterLoc,,
3795,351,filterLoc,,
3795,354,filterLoc,,
3795,357,filterLoc,,
3795,360,filterLoc,,
3795,363,filterLoc,,
3795,366,filterLoc,,
3795,369,filterLoc,,
3795,372,filterLoc,,
3795,375,filterLoc,,
3795,378,filterLoc,,
3795,381,filterLoc,,
3795,384,filterLoc,,
3795,387,filterLoc,,
3795,390,filterLoc,,
3795,393,filterLoc,,
3795,396,filterLoc,,
3795,399,filterLoc,,
3795,402,filterLoc,,
3795,405,filterLoc,,
3795,408,filterLoc,,
3795,411,filterLoc,,
3795,414,filterLoc,,
3795,417,filterLoc,,
3795,420,filterLoc,,
3795,423,filterLoc,,
3795,426,filterLoc,,
3795,429,filterLoc,,
3795,432,filterLoc,,
3795,435,filterLoc,,
3795,438,filterLoc,,
3795,441,filterLoc,,
3795,444,filterLoc,,
3795,447,filterLoc,,
3795,450,filterLoc,,
3795,453,filterLoc,,
3795,456,filterLoc,,
3795,459,filterLoc,,
3795,462,filterLoc,,
3795,465,filterLoc,,
3795,468,filterLoc,,
3795,471,filterLoc,,
3795,474,filterLoc,,
3795,477,filterLoc,,
3795,480,filterLoc,,
3795,483,filterLoc,,
3795,486,filterLoc,,
3795,489,filterLoc,,
3795,492,filterLoc,,
3795,495,filterLoc,,
3795,498,filterLoc,,
3795,501,filterLoc,,
3795,504,filterLoc,,
3795,507,filterLoc,,
3795,510,filterLoc,,
3795,513,filterLoc,,
3795,516,filterLoc,,
3795,519,filterLoc,,
3795,522,filterLoc,,
3795,525,filterLoc,,
3795,528,filterLoc,,
3795,531,filterLoc,,
3795,534,filterLoc,,
3795,537,filterLoc,,
3795,540,filterLoc,,
3795,543,filterLoc,,
3795,546,filterLoc,,
3795,549,filterLoc,,
3795,552,filterLoc,,
3795,555,filterLoc,,
3795,558,filterLoc,,
3795,561,filterLoc,,
3795,564,filterLoc,,
3795,567,filterLoc,,
3795,570,filterLoc,,
3795,573,filterLoc,,
3795,576,filterLoc,,
3795,579,filterLoc,,
3795,582,filterLoc,,
3795,585,filterLoc,,
3795,588,filterLoc,,
3795,591,filterLoc,,
3795,594,filterLoc,,
3795,597,filterLoc,,
3795,600,filterLoc,,
3795,603,filterLoc,,
3795,606,filterLoc,,
3795,609,filterLoc,,
3795,612,filterLoc,,
3795,615,filterLoc,,
3795,618,filterLoc,,
3795,621,filterLoc,,
3795,624,filterLoc,,
3795,627,filterLoc,,
3795,630,filterLoc,,
3795,633,filterLoc,,
3795,636,filterLoc,,
3795,639,filterLoc,,
3795,642,filterLoc,,
3795,645,filterLoc,,
3795,648,filterLoc,,
3795,651,filterLoc,,
3795,654,filterLoc,,
3795,657,filterLoc,,
3795,660,filterLoc,,
3795,663,filterLoc,,
3795,666,filterLoc,,
3795,669,filterLoc,,
3795,672,filterLoc,,
3795,675,filterLoc,,
3795,678,filterLoc,,
3795,681,filterLoc,,
3795,684,filterLoc,,
3795,687,filterLoc,,
3795,690,filterLoc,,
3795,693,filterLoc,,
3795,696,filterLoc,,
3795,699,filterLoc,,
3795,702,filterLoc,,
3795,705,filterLoc,,
3795,708,filterLoc,,
3795,711,filterLoc,,
3795,714,filterLoc,,
3795,717,filterLoc,,
3795,720,filterLoc,,
3795,723,filterLoc,,
3795,726,filterLoc,,
3795,729,filterLoc,,
3795,732,filterLoc,,
3795,735,filterLoc,,
3795,738,filterLoc,,
3795,741,filterLoc,,
3795,744,filterLoc,,
3795,747,filterLoc,,
3795,750,filterLoc,,
3795,753,filterLoc,,
3795,756,filterLoc,,
3795,759,filterLoc,,
3795,762,filterLoc,,
3795,765,filterLoc,,
3795,768,filterLoc,,
3795,771,filterLoc,,
3795,774,filterLoc,,
3795,777,filterLoc,,
3795,780,filterLoc,,
3795,783,filterLoc,,
3795,786,filterLoc,,
3795,789,filterLoc,,
3795,792,filterLoc,,
3795,795,filterLoc,,
3795,798,filterLoc,,
3795,801,filterLoc,,
3795,804,filterLoc,,
3795,807,filterLoc,,
3795,810,filterLoc,,
3795,813,filterLoc,,
3795,816,filterLoc,,
3795,819,filterLoc,,
3795,822,filterLoc,,
3795,825,filterLoc,,
3795,828,filterLoc,,
3795,831,filterLoc,,
3795,834,filterLoc,,
3795,837,filterLoc,,
3795,840,filterLoc,,
3795,843,filterLoc,,
3795,846,filterLoc,,
3795,849,filterLoc,,
3795,852,filterLoc,,
3795,855,filterLoc,,
3795,858,filterLoc,,
3795,861,filterLoc,,
3795,864,filterLoc,,
3795,867,filterLoc,,
3795,870,filterLoc,,
3795,873,filterLoc,,
3795,876,filterLoc,,
3795,879,filterLoc,,
3795,882,filterLoc,,
3795,885,filterLoc,,
3795,888,filterLoc,,
3795,891,filterLoc,,
3795,894,filterLoc,,
3795,897,filterLoc,,
3795,900,filterLoc,,
3795,903,filterLoc,,
3795,906,filterLoc,,
3795,909,filterLoc,,
3795,912,filterLoc,,
3795,915,filterLoc,,
3795,918,filterLoc,,
3795,921,filterLoc,,
3795,924,filterLoc,,
3795,927,filterLoc,,
3795,930,filterLoc,,
3795,933,filterLoc,,
3795,936,filterLoc,,
3795,939,filterLoc,,
3795,942,filterLoc,,
3795,945,filterLoc,,;Evacuee;54;in triage category;Y;is leaving helicopter;3
3795,948,filterLoc,,
3795,951,filterLoc,,
3795,954,filterLoc,,
3795,957,filterLoc,,
3795,960,filterLoc,,
3795,963,filterLoc,,
3795,966,filterLoc,,
3795,969,filterLoc,,
3795,972,filterLoc,,
3795,975,filterLoc,,
3795,978,filterLoc,,
3795,981,filterLoc,,
3795,984,filterLoc,,
3795,987,filterLoc,,
3795,990,filterLoc,,
3795,993,filterLoc,,
3795,996,filterLoc,,
3795,999,filterLoc,,
3795,1002,filterLoc,,
3795,1005,filterLoc,,
3795,1008,filterLoc,,
3795,1011,filterLoc,,
3795,1014,filterLoc,,
3795,1017,filterLoc,,
3795,1020,filterLoc,,
3795,1023,filterLoc,,
3795,1026,filterLoc,,
3795,1029,filterLoc,,
3795,1032,filterLoc,,
3795,1035,filterLoc,,
3795,1038,filterLoc,,
3795,1041,filterLoc,,
3795,1044,filterLoc,,
3795,1047,filterLoc,,
3795,1050,filterLoc,,
3795,1053,filterLoc,,
3795,1056,filterLoc,,
3795,1059,filterLoc,,
3795,1062,filterLoc,,
3795,1065,filterLoc,,
3795,1068,filterLoc,,
3795,1071,filterLoc,,
3795,1074,filterLoc,,
3795,1077,filterLoc,,
3795,1080,filterLoc,,
3795,1083,filterLoc,,
3795,1086,filterLoc,,
3795,1089,filterLoc,,
3795,1092,filterLoc,,
3795,1095,filterLoc,,
3795,1098,filterLoc,,
3795,1101,filterLoc,,;Evacuee;55;in triage category;Y;is leaving helicopter;3
3795,1104,filterLoc,,
3795,1107,filterLoc,,
3795,1110,filterLoc,,
3795,1113,filterLoc,,
3795,1116,filterLoc,,
3795,1119,filterLoc,,
3795,1122,filterLoc,,
3795,1125,filterLoc,,
3795,1132,filterLoc,,
3795,1135,filterLoc,,
3795,1138,filterLoc,,
3795,1141,filterLoc,,
3795,1144,filterLoc,,;Evacuee;56;in triage category;Y;is leaving helicopter;3
3795,1147,filterLoc,,
3795,1150,filterLoc,,
3795,1153,filterLoc,,
3795,1156,filterLoc,,
3795,1159,filterLoc,,
3795,1162,filterLoc,,
3795,1165,filterLoc,,
3795,1172,filterLoc,,
3795,1175,filterLoc,,
3795,1178,filterLoc,,
3795,1181,filterLoc,,
3795,1184,filterLoc,,
3795,1187,filterLoc,,
3795,1190,filterLoc,,
3795,1193,filterLoc,,
3795,1196,filterLoc,,
3795,1199,filterLoc,,
3795,1202,filterLoc,,
3795,1205,filterLoc,,
3795,1208,filterLoc,,
3795,1211,filterLoc,,
3795,1214,filterLoc,,
3795,1217,filterLoc,,
3795,1220,filterLoc,,
3795,1223,filterLoc,,
3795,1226,filterLoc,,
3795,1229,filterLoc,,
3795,1232,filterLoc,,
3795,1235,filterLoc,,
3795,1238,filterLoc,,
3795,1241,filterLoc,,
3795,1244,filterLoc,,
3795,1247,filterLoc,,
3795,1250,filterLoc,,
3795,1253,filterLoc,,
3795,1256,filterLoc,,
3795,1259,filterLoc,,
3795,1262,filterLoc,,
3795,1265,filterLoc,,
3795,1268,filterLoc,,
3795,1271,filterLoc,,
3795,1274,filterLoc,,
3795,1277,filterLoc,,
3795,1280,filterLoc,,
3795,1283,filterLoc,,
3795,1286,filterLoc,,
3795,1289,filterLoc,,
3795,1292,filterLoc,,
3795,1295,filterLoc,,
3795,1298,filterLoc,,
3795,1301,filterLoc,,
3795,1304,filterLoc,,
3795,1307,filterLoc,,
3795,1310,filterLoc,,
3795,1313,filterLoc,,
3795,1316,filterLoc,,
3795,1319,filterLoc,,
3795,1322,filterLoc,,
3795,1325,filterLoc,,
3795,1328,filterLoc,,
3795,1331,filterLoc,,
3795,1334,filterLoc,,
3795,1337,filterLoc,,
3795,1340,filterLoc,,
3795,1343,filterLoc,,
3795,1346,filterLoc,,
3795,1349,filterLoc,,
3795,1352,filterLoc,,
3795,1355,filterLoc,,
3795,1358,filterLoc,,
3795,1361,filterLoc,,
3795,1364,filterLoc,,
3795,1367,filterLoc,,
3795,1370,filterLoc,,
3795,1373,filterLoc,,
3795,1376,filterLoc,,
3795,1379,filterLoc,,
3795,1382,filterLoc,,
3795,1385,filterLoc,,
3795,1388,filterLoc,,
3795,1391,filterLoc,,
3795,1394,filterLoc,,
3795,1397,filterLoc,,
3795,1400,filterLoc,,
3795,1403,filterLoc,,
3795,1406,filterLoc,,
3795,1409,filterLoc,,
3795,1412,filterLoc,,
3795,1415,filterLoc,,
3795,1418,filterLoc,,
3795,1421,filterLoc,,
3795,1424,filterLoc,,
3795,1427,filterLoc,,
3795,1430,filterLoc,,
3795,1433,filterLoc,,
3795,1436,filterLoc,,
3795,1439,filterLoc,,
3795,1442,filterLoc,,
3795,1445,filterLoc,,
3795,1448,filterLoc,,
3795,1451,filterLoc,,
3795,1454,filterLoc,,
3795,1457,filterLoc,,
3795,1460,filterLoc,,
3795,1463,filterLoc,,
3795,1466,filterLoc,,
3795,1469,filterLoc,,
3795,1472,filterLoc,,
3795,1475,filterLoc,,
3795,1478,filterLoc,,
3795,1481,filterLoc,,
3795,1484,filterLoc,,
3795,1487,filterLoc,,
3795,1490,filterLoc,,
3795,1493,filterLoc,,
3795,1496,filterLoc,,
3795,1499,filterLoc,,
3795,1502,filterLoc,,
3795,1505,filterLoc,,
3795,1508,filterLoc,,
3795,1511,filterLoc,,
3795,1514,filterLoc,,
3795,1517,filterLoc,,
3795,945,filterLoc,out,Evacuee 54 in triage category Y is not assigned a helicopter
3795,945,filterLoc,,
3795,946,evacuee,,Evacuee;54;in triage state;Y;is entering the FOL
3795,1101,filterLoc,out,Evacuee 55 in triage category Y is not assigned a helicopter
3795,1101,filterLoc,,
3795,1102,evacuee,,Evacuee;55;in triage state;Y;is entering the FOL
3795,1144,filterLoc,out,Evacuee 56 in triage category Y is not assigned a helicopter
3795,1144,filterLoc,,
3795,1145,evacuee,,Evacuee;56;in triage state;Y;is entering the FOL
3795,226,FOL,,;EvacueeID;51;Triage Status;Y;EvacueeID;52;Triage Status;Y;EvacueeID;53;Triage Status;Y;EvacueeID;1;Triage Status;W;EvacueeID;2;Triage Status;W;EvacueeID;3;Triage Status;W;EvacueeID;4;Triage Status;W;EvacueeID;5;Triage Status;W;EvacueeID;6;Triage Status;W;EvacueeID;7;Triage Status;W;EvacueeID;8;Triage Status;W;EvacueeID;9;Triage Status;W;EvacueeID;10;Triage Status;W;EvacueeID;57;Triage Status;Y;EvacueeID;58;Triage Status;Y;EvacueeID;59;Triage Status;Y;EvacueeID;60;Triage Status;Y;EvacueeID;61;Triage Status;Y;EvacueeID;62;Triage Status;Y;EvacueeID;63;Triage Status;Y;EvacueeID;64;Triage Status;Y;EvacueeID;65;Triage Status;Y;EvacueeID;66;Triage Status;Y;EvacueeID;67;Triage Status;Y;EvacueeID;68;Triage Status;Y;EvacueeID;69;Triage Status;Y;EvacueeID;70;Triage Status;Y;EvacueeID;71;Triage Status;Y;EvacueeID;72;Triage Status;Y;EvacueeID;73;Triage Status;Y;EvacueeID;74;Triage Status;Y;EvacueeID;75;Triage Status;R;EvacueeID;76;Triage Status;R;EvacueeID;77;Triage Status;R;EvacueeID;78;Triage Status;R;EvacueeID;79;Triage Status;R;EvacueeID;80;Triage Status;R;EvacueeID;11;Triage Status;W;EvacueeID;12;Triage Status;W;EvacueeID;13;Triage Status;W;EvacueeID;14;Triage Status;W;EvacueeID;15;Triage Status;W;EvacueeID;16;Triage Status;W;EvacueeID;17;Triage Status;W;EvacueeID;18;Triage Status;G;EvacueeID;19;Triage Status;W;EvacueeID;45;Triage Status;G;EvacueeID;20;Triage Status;W;EvacueeID;21;Triage Status;W;EvacueeID;22;Triage Status;W;EvacueeID;23;Triage Status;W;EvacueeID;24;Triage Status;W;EvacueeID;25;Triage Status;W;EvacueeID;26;Triage Status;W;EvacueeID;27;Triage Status;W;EvacueeID;28;Triage Status;W;EvacueeID;29;Triage Status;W;EvacueeID;30;Triage Status;W;EvacueeID;31;Triage Status;W;EvacueeID;32;Triage Status;W;EvacueeID;33;Triage Status;W;EvacueeID;34;Triage Status;W;EvacueeID;35;Triage Status;W;EvacueeID;36;Triage Status;W;EvacueeID;37;Triage Status;W;EvacueeID;38;Triage Status;W;EvacueeID;39;Triage Status;W;EvacueeID;40;Triage Status;W;EvacueeID;41;Triage Status;W;EvacueeID;42;Triage Status;W;EvacueeID;43;Triage Status;W;EvacueeID;44;Triage Status;W;EvacueeID;46;Triage Status;W;EvacueeID;47;Triage Status;W;EvacueeID;48;Triage Status;W;EvacueeID;49;Triage Status;W;EvacueeID;50;Triage Status;W;EvacueeID;54;Triage Status;Y;EvacueeID;55;Triage Status;Y;EvacueeID;56;Triage Status;Y;Lives Saved;80
3795,946,evacuee,outFOL,Evacuee 54 in triage category Y is not assigned a helicopter
3795,946,evacuee,,Evacuee;54;in triage state;Y;is at the FOL
3795,1102,evacuee,outFOL,Evacuee 55 in triage category Y is not assigned a helicopter
3795,1102,evacuee,,Evacuee;55;in triage state;Y;is at the FOL
3795,1145,evacuee,outFOL,Evacuee 56 in triage category Y is not assigned a helicopter
3795,1145,evacuee,,Evacuee;56;in triage state;Y;is at the FOL
3795,226,FOL,,;EvacueeID;51;Triage Status;Y;EvacueeID;52;Triage Status;Y;EvacueeID;53;Triage Status;Y;EvacueeID;1;Triage Status;W;EvacueeID;2;Triage Status;W;EvacueeID;3;Triage Status;W;EvacueeID;4;Triage Status;W;EvacueeID;5;Triage Status;W;EvacueeID;6;Triage Status;W;EvacueeID;7;Triage Status;W;EvacueeID;8;Triage Status;W;EvacueeID;9;Triage Status;W;EvacueeID;10;Triage Status;W;EvacueeID;57;Triage Status;Y;EvacueeID;58;Triage Status;Y;EvacueeID;59;Triage Status;Y;EvacueeID;60;Triage Status;Y;EvacueeID;61;Triage Status;Y;EvacueeID;62;Triage Status;Y;EvacueeID;63;Triage Status;Y;EvacueeID;64;Triage Status;Y;EvacueeID;65;Triage Status;Y;EvacueeID;66;Triage Status;Y;EvacueeID;67;Triage Status;Y;EvacueeID;68;Triage Status;Y;EvacueeID;69;Triage Status;Y;EvacueeID;70;Triage Status;Y;EvacueeID;71;Triage Status;Y;EvacueeID;72;Triage Status;Y;EvacueeID;73;Triage Status;Y;EvacueeID;74;Triage Status;Y;EvacueeID;75;Triage Status;R;EvacueeID;76;Triage Status;R;EvacueeID;77;Triage Status;R;EvacueeID;78;Triage Status;R;EvacueeID;79;Triage Status;R;EvacueeID;80;Triage Status;R;EvacueeID;11;Triage Status;W;EvacueeID;12;Triage Status;W;EvacueeID;13;Triage Status;W;EvacueeID;14;Triage Status;W;EvacueeID;15;Triage Status;W;EvacueeID;16;Triage Status;W;EvacueeID;17;Triage Status;W;EvacueeID;18;Triage Status;G;EvacueeID;19;Triage Status;W;EvacueeID;45;Triage Status;G;EvacueeID;20;Triage Status;W;EvacueeID;21;Triage Status;W;EvacueeID;22;Triage Status;W;EvacueeID;23;Triage Status;W;EvacueeID;24;Triage Status;W;EvacueeID;25;Triage Status;W;EvacueeID;26;Triage Status;W;EvacueeID;27;Triage Status;W;EvacueeID;28;Triage Status;W;EvacueeID;29;Triage Status;W;EvacueeID;30;Triage Status;W;EvacueeID;31;Triage Status;W;EvacueeID;32;Triage Status;W;EvacueeID;33;Triage Status;W;EvacueeID;34;Triage Status;W;EvacueeID;35;Triage Status;W;EvacueeID;36;Triage Status;W;EvacueeID;37;Triage Status;W;EvacueeID;38;Triage Status;W;EvacueeID;39;Triage Status;W;EvacueeID;40;Triage Status;W;EvacueeID;41;Triage Status;W;EvacueeID;42;Triage Status;W;EvacueeID;43;Triage Status;W;EvacueeID;44;Triage Status;W;EvacueeID;46;Triage Status;W;EvacueeID;47;Triage Status;W;EvacueeID;48;Triage Status;W;EvacueeID;49;Triage Status;W;EvacueeID;50;Triage Status;W;EvacueeID;54;Triage Status;Y;EvacueeID;55;Triage Status;Y;EvacueeID;56;Triage Status;Y;Lives Saved;80
3810,108,helicopter,,Helicopter;3;Is going to the evacuation site;;and has;0;spots taken
3825,5,helicopterQueue,,1;Helos are waiting to land;HeloID;2
3825,1130,helicopter,outES,Helicopter 2 is evacuating people2
3825,1130,helicopter,,Helicopter;2;is waiting to land at the evacuation site;;and has;0;spots taken
3825,5,helicopterQueue,outHelo,Helicopter 2 has stopped
3825,5,helicopterQueue,,;No helos are waiting to land
3825,107,filterES,,
3825,1129,filterES,,Helicopter;2;has stopped
3825,1169,filterES,,
3825,1129,filterES,out,Helicopter 2 has stopped
3825,1129,filterES,,
3825,1130,helicopter,,Helicopter;2;is waiting to land at the evacuation site;;and has;0;spots taken
3825,1130,helicopter,,Helicopter;2;is returning to the FOL;;and has;0;spots taken
3855,1170,helicopter,,Helicopter;1;is unloading people at the FOL;;and has;0;spots taken
3885,5,helicopterQueue,,1;Helos are waiting to land;HeloID;3
3885,108,helicopter,outES,Helicopter 3 is evacuating people3
3885,108,helicopter,,Helicopter;3;is waiting to land at the evacuation site;;and has;0;spots taken
3885,5,helicopterQueue,outHelo,Helicopter 3 has stopped
3885,5,helicopterQueue,,;No helos are waiting to land
3885,107,filterES,,Helicopter;3;has stopped
3885,1129,filterES,,
3885,1169,filterES,,
3885,107,filterES,out,Helicopter 3 has stopped
3885,107,filterES,,
3885,108,helicopter,,Helicopter;3;is waiting to land at the evacuation site;;and has;0;spots taken
3885,108,helicopter,,Helicopter;3;is returning to the FOL;;and has;0;spots taken
3900,1130,helicopter,,Helicopter;2;is unloading people at the FOL;;and has;0;spots taken
3960,108,helicopter,,Helicopter;3;is unloading people at the FOL;;and has;0;spots taken
5160,2,coastGuardShip,,There are no more evacuees.
5160,2,coastGuardShip,,There are no more evacuees.
5160,3,evacueeManager,,OFF SHIP: White;0;Green;0;Yellow;0;Red;0;Black;420;ON SHIP: White;0;Green;0;Yellow;0;Red;0;Evacuees to Transfer;
5160,4,helipadManager,,Helo;1;is at the ES;Stopped evacuating people
5160,5,helicopterQueue,,;No helos are waiting to land
5160,7,filterLoc,,
5160,8,evacuee,,Evacuee;500;in triage state;B;is at the evacuation site
5160,10,filterLoc,,
5160,11,evacuee,,Evacuee;498;in triage state;B;is at the evacuation site
5160,13,filterLoc,,
5160,14,evacuee,,Evacuee;494;in triage state;B;is at the evacuation site
5160,16,filterLoc,,
5160,17,evacuee,,Evacuee;492;in triage state;B;is at the evacuation site
5160,19,filterLoc,,
5160,20,evacuee,,Evacuee;489;in triage state;B;is at the evacuation site
5160,22,filterLoc,,
5160,23,evacuee,,Evacuee;486;in triage state;B;is at the evacuation site
5160,25,filterLoc,,
5160,26,evacuee,,Evacuee;484;in triage state;B;is at the evacuation site
5160,28,filterLoc,,
5160,29,evacuee,,Evacuee;483;in triage state;B;is at the evacuation site
5160,31,filterLoc,,
5160,32,evacuee,,Evacuee;482;in triage state;B;is at the evacuation site
5160,34,filterLoc,,
5160,35,evacuee,,Evacuee;499;in triage state;B;is at the evacuation site
5160,37,filterLoc,,
5160,38,evacuee,,Evacuee;479;in triage state;B;is at the evacuation site
5160,40,filterLoc,,
5160,41,evacuee,,Evacuee;478;in triage state;B;is at the evacuation site
5160,43,filterLoc,,
5160,44,evacuee,,Evacuee;476;in triage state;B;is at the evacuation site
5160,46,filterLoc,,
5160,47,evacuee,,Evacuee;475;in triage state;B;is at the evacuation site
5160,49,filterLoc,,
5160,50,evacuee,,Evacuee;472;in triage state;B;is at the evacuation site
5160,52,filterLoc,,
5160,53,evacuee,,Evacuee;471;in triage state;B;is at the evacuation site
5160,55,filterLoc,,
5160,56,evacuee,,Evacuee;468;in triage state;B;is at the evacuation site
5160,58,filterLoc,,
5160,59,evacuee,,Evacuee;463;in triage state;B;is at the evacuation site
5160,61,filterLoc,,
5160,62,evacuee,,Evacuee;462;in triage state;B;is at the evacuation site
5160,64,filterLoc,,
5160,65,evacuee,,Evacuee;461;in triage state;B;is at the evacuation site
5160,67,filterLoc,,
5160,68,evacuee,,Evacuee;459;in triage state;B;is at the evacuation site
5160,70,filterLoc,,
5160,71,evacuee,,Evacuee;495;in triage state;B;is at the evacuation site
5160,73,filterLoc,,
5160,74,evacuee,,Evacuee;477;in triage state;B;is at the evacuation site
5160,76,filterLoc,,
5160,77,evacuee,,Evacuee;458;in triage state;B;is at the evacuation site
5160,79,filterLoc,,
5160,80,evacuee,,Evacuee;456;in triage state;B;is at the evacuation site
5160,82,filterLoc,,
5160,83,evacuee,,Evacuee;455;in triage state;B;is at the evacuation site
5160,85,filterLoc,,
5160,86,evacuee,,Evacuee;448;in triage state;B;is at the evacuation site
5160,88,filterLoc,,
5160,89,evacuee,,Evacuee;445;in triage state;B;is at the evacuation site
5160,91,filterLoc,,
5160,92,evacuee,,Evacuee;442;in triage state;B;is at the evacuation site
5160,94,filterLoc,,
5160,95,evacuee,,Evacuee;441;in triage state;B;is at the evacuation site
5160,97,filterLoc,,
5160,98,evacuee,,Evacuee;439;in triage state;B;is at the evacuation site
5160,100,filterLoc,,
5160,101,evacuee,,Evacuee;437;in triage state;B;is at the evacuation site
5160,103,filterLoc,,
5160,104,evacuee,,Evacuee;436;in triage state;B;is at the evacuation site
5160,106,filterEvac,,
5160,107,filterES,,
5160,108,helicopter,,Helicopter;3;is unloading people at the FOL;;and has;0;spots taken
5160,110,filterLoc,,
5160,111,evacuee,,Evacuee;434;in triage state;B;is at the evacuation site
5160,113,filterLoc,,
5160,114,evacuee,,Evacuee;433;in triage state;B;is at the evacuation site
5160,116,filterLoc,,
5160,117,evacuee,,Evacuee;428;in triage state;B;is at the evacuation site
5160,119,filterLoc,,
5160,120,evacuee,,Evacuee;426;in triage state;B;is at the evacuation site
5160,122,filterLoc,,
5160,123,evacuee,,Evacuee;423;in triage state;B;is at the evacuation site
5160,125,filterLoc,,
5160,126,evacuee,,Evacuee;420;in triage state;B;is at the evacuation site
5160,128,filterLoc,,
5160,129,evacuee,,Evacuee;419;in triage state;B;is at the evacuation site
5160,131,filterLoc,,
5160,132,evacuee,,Evacuee;414;in triage state;B;is at the evacuation site
5160,134,filterLoc,,
5160,135,evacuee,,Evacuee;411;in triage state;B;is at the evacuation site
5160,137,filterLoc,,
5160,138,evacuee,,Evacuee;422;in triage state;B;is at the evacuation site
5160,140,filterLoc,,
5160,141,evacuee,,Evacuee;409;in triage state;B;is at the evacuation site
5160,143,filterLoc,,
5160,144,evacuee,,Evacuee;408;in triage state;B;is at the evacuation site
5160,146,filterLoc,,
5160,147,evacuee,,Evacuee;406;in triage state;B;is at the evacuation site
5160,149,filterLoc,,
5160,150,evacuee,,Evacuee;404;in triage state;B;is at the evacuation site
5160,152,filterLoc,,
5160,153,evacuee,,Evacuee;403;in triage state;B;is at the evacuation site
5160,155,filterLoc,,
5160,156,evacuee,,Evacuee;401;in triage state;B;is at the evacuation site
5160,158,filterLoc,,
5160,159,evacuee,,Evacuee;398;in triage state;B;is at the evacuation site
5160,161,filterLoc,,
5160,162,evacuee,,Evacuee;397;in triage state;B;is at the evacuation site
5160,164,filterLoc,,
5160,165,evacuee,,Evacuee;452;in triage state;B;is at the evacuation site
5160,167,filterLoc,,
5160,168,evacuee,,Evacuee;396;in triage state;B;is at the evacuation site
5160,170,filterLoc,,
5160,171,evacuee,,Evacuee;395;in triage state;B;is at the evacuation site
5160,173,filterLoc,,
5160,174,evacuee,,Evacuee;393;in triage state;B;is at the evacuation site
5160,176,filterLoc,,
5160,177,evacuee,,Evacuee;392;in triage state;B;is at the evacuation site
5160,179,filterLoc,,
5160,180,evacuee,,Evacuee;389;in triage state;B;is at the evacuation site
5160,182,filterLoc,,
5160,183,evacuee,,Evacuee;384;in triage state;B;is at the evacuation site
5160,185,filterLoc,,
5160,186,evacuee,,Evacuee;430;in triage state;B;is at the evacuation site
5160,188,filterLoc,,
5160,189,evacuee,,Evacuee;383;in triage state;B;is at the evacuation site
5160,191,filterLoc,,
5160,192,evacuee,,Evacuee;480;in triage state;B;is at the evacuation site
5160,194,filterLoc,,
5160,195,evacuee,,Evacuee;382;in triage state;B;is at the evacuation site
5160,197,filterLoc,,
5160,198,evacuee,,Evacuee;381;in triage state;B;is at the evacuation site
5160,200,filterLoc,,
5160,201,evacuee,,Evacuee;427;in triage state;B;is at the evacuation site
5160,203,filterLoc,,
5160,204,evacuee,,Evacuee;380;in triage state;B;is at the evacuation site
5160,206,filterLoc,,
5160,207,evacuee,,Evacuee;379;in triage state;B;is at the evacuation site
5160,209,filterLoc,,
5160,210,evacuee,,Evacuee;378;in triage state;B;is at the evacuation site
5160,212,filterLoc,,
5160,213,evacuee,,Evacuee;377;in triage state;B;is at the evacuation site
5160,215,filterLoc,,
5160,216,evacuee,,Evacuee;375;in triage state;B;is at the evacuation site
5160,218,filterLoc,,
5160,219,evacuee,,Evacuee;374;in triage state;B;is at the evacuation site
5160,221,filterLoc,,
5160,222,evacuee,,Evacuee;372;in triage state;B;is at the evacuation site
5160,224,filterLoc,,
5160,225,evacuee,,Evacuee;371;in triage state;B;is at the evacuation site
5160,226,FOL,,;EvacueeID;51;Triage Status;Y;EvacueeID;52;Triage Status;Y;EvacueeID;53;Triage Status;Y;EvacueeID;1;Triage Status;W;EvacueeID;2;Triage Status;W;EvacueeID;3;Triage Status;W;EvacueeID;4;Triage Status;W;EvacueeID;5;Triage Status;W;EvacueeID;6;Triage Status;W;EvacueeID;7;Triage Status;W;EvacueeID;8;Triage Status;W;EvacueeID;9;Triage Status;W;EvacueeID;10;Triage Status;W;EvacueeID;57;Triage Status;Y;EvacueeID;58;Triage Status;Y;EvacueeID;59;Triage Status;Y;EvacueeID;60;Triage Status;Y;EvacueeID;61;Triage Status;Y;EvacueeID;62;Triage Status;Y;EvacueeID;63;Triage Status;Y;EvacueeID;64;Triage Status;Y;EvacueeID;65;Triage Status;Y;EvacueeID;66;Triage Status;Y;EvacueeID;67;Triage Status;Y;EvacueeID;68;Triage Status;Y;EvacueeID;69;Triage Status;Y;EvacueeID;70;Triage Status;Y;EvacueeID;71;Triage Status;Y;EvacueeID;72;Triage Status;Y;EvacueeID;73;Triage Status;Y;EvacueeID;74;Triage Status;Y;EvacueeID;75;Triage Status;R;EvacueeID;76;Triage Status;R;EvacueeID;77;Triage Status;R;EvacueeID;78;Triage Status;R;EvacueeID;79;Triage Status;R;EvacueeID;80;Triage Status;R;EvacueeID;11;Triage Status;W;EvacueeID;12;Triage Status;W;EvacueeID;13;Triage Status;W;EvacueeID;14;Triage Status;W;EvacueeID;15;Triage Status;W;EvacueeID;16;Triage Status;W;EvacueeID;17;Triage Status;W;EvacueeID;18;Triage Status;G;EvacueeID;19;Triage Status;W;EvacueeID;45;Triage Status;G;EvacueeID;20;Triage Status;W;EvacueeID;21;Triage Status;W;EvacueeID;22;Triage Status;W;EvacueeID;23;Triage Status;W;EvacueeID;24;Triage Status;W;EvacueeID;25;Triage Status;W;EvacueeID;26;Triage Status;W;EvacueeID;27;Triage Status;W;EvacueeID;28;Triage Status;W;EvacueeID;29;Triage Status;W;EvacueeID;30;Triage Status;W;EvacueeID;31;Triage Status;W;EvacueeID;32;Triage Status;W;EvacueeID;33;Triage Status;W;EvacueeID;34;Triage Status;W;EvacueeID;35;Triage Status;W;EvacueeID;36;Triage Status;W;EvacueeID;37;Triage Status;W;EvacueeID;38;Triage Status;W;EvacueeID;39;Triage Status;W;EvacueeID;40;Triage Status;W;EvacueeID;41;Triage Status;W;EvacueeID;42;Triage Status;W;EvacueeID;43;Triage Status;W;EvacueeID;44;Triage Status;W;EvacueeID;46;Triage Status;W;EvacueeID;47;Triage Status;W;EvacueeID;48;Triage Status;W;EvacueeID;49;Triage Status;W;EvacueeID;50;Triage Status;W;EvacueeID;54;Triage Status;Y;EvacueeID;55;Triage Status;Y;EvacueeID;56;Triage Status;Y;Lives Saved;80
5160,228,filterLoc,,
5160,229,evacuee,,Evacuee;370;in triage state;B;is at the evacuation site
5160,231,filterLoc,,
5160,232,evacuee,,Evacuee;457;in triage state;B;is at the evacuation site
5160,234,filterLoc,,
5160,235,evacuee,,Evacuee;369;in triage state;B;is at the evacuation site
5160,237,filterLoc,,
5160,238,evacuee,,Evacuee;366;in triage state;B;is at the evacuation site
5160,240,filterLoc,,
5160,241,evacuee,,Evacuee;362;in triage state;B;is at the evacuation site
5160,243,filterLoc,,
5160,244,evacuee,,Evacuee;425;in triage state;B;is at the evacuation site
5160,246,filterLoc,,
5160,247,evacuee,,Evacuee;360;in triage state;B;is at the evacuation site
5160,249,filterLoc,,
5160,250,evacuee,,Evacuee;357;in triage state;B;is at the evacuation site
5160,252,filterLoc,,
5160,253,evacuee,,Evacuee;354;in triage state;B;is at the evacuation site
5160,255,filterLoc,,
5160,256,evacuee,,Evacuee;353;in triage state;B;is at the evacuation site
5160,258,filterLoc,,
5160,259,evacuee,,Evacuee;351;in triage state;B;is at the evacuation site
5160,261,filterLoc,,
5160,262,evacuee,,Evacuee;349;in triage state;B;is at the evacuation site
5160,264,filterLoc,,
5160,265,evacuee,,Evacuee;348;in triage state;B;is at the evacuation site
5160,267,filterLoc,,
5160,268,evacuee,,Evacuee;346;in triage state;B;is at the evacuation site
5160,270,filterLoc,,
5160,271,evacuee,,Evacuee;341;in triage state;B;is at the evacuation site
5160,273,filterLoc,,
5160,274,evacuee,,Evacuee;340;in triage state;B;is at the evacuation site
5160,276,filterLoc,,
5160,277,evacuee,,Evacuee;338;in triage state;B;is at the evacuation site
5160,279,filterLoc,,
5160,280,evacuee,,Evacuee;335;in triage state;B;is at the evacuation site
5160,282,filterLoc,,
5160,283,evacuee,,Evacuee;331;in triage state;B;is at the evacuation site
5160,285,filterLoc,,
5160,286,evacuee,,Evacuee;330;in triage state;B;is at the evacuation site
5160,288,filterLoc,,
5160,289,evacuee,,Evacuee;328;in triage state;B;is at the evacuation site
5160,291,filterLoc,,
5160,292,evacuee,,Evacuee;327;in triage state;B;is at the evacuation site
5160,294,filterLoc,,
5160,295,evacuee,,Evacuee;410;in triage state;B;is at the evacuation site
5160,297,filterLoc,,
5160,298,evacuee,,Evacuee;326;in triage state;B;is at the evacuation site
5160,300,filterLoc,,
5160,301,evacuee,,Evacuee;466;in triage state;B;is at the evacuation site
5160,303,filterLoc,,
5160,304,evacuee,,Evacuee;325;in triage state;B;is at the evacuation site
5160,306,filterLoc,,
5160,307,evacuee,,Evacuee;365;in triage state;B;is at the evacuation site
5160,309,filterLoc,,
5160,310,evacuee,,Evacuee;322;in triage state;B;is at the evacuation site
5160,312,filterLoc,,
5160,313,evacuee,,Evacuee;321;in triage state;B;is at the evacuation site
5160,315,filterLoc,,
5160,316,evacuee,,Evacuee;319;in triage state;B;is at the evacuation site
5160,318,filterLoc,,
5160,319,evacuee,,Evacuee;318;in triage state;B;is at the evacuation site
5160,321,filterLoc,,
5160,322,evacuee,,Evacuee;317;in triage state;B;is at the evacuation site
5160,324,filterLoc,,
5160,325,evacuee,,Evacuee;460;in triage state;B;is at the evacuation site
5160,327,filterLoc,,
5160,328,evacuee,,Evacuee;316;in triage state;B;is at the evacuation site
5160,330,filterLoc,,
5160,331,evacuee,,Evacuee;446;in triage state;B;is at the evacuation site
5160,333,filterLoc,,
5160,334,evacuee,,Evacuee;313;in triage state;B;is at the evacuation site
5160,336,filterLoc,,
5160,337,evacuee,,Evacuee;443;in triage state;B;is at the evacuation site
5160,339,filterLoc,,
5160,340,evacuee,,Evacuee;312;in triage state;B;is at the evacuation site
5160,342,filterLoc,,
5160,343,evacuee,,Evacuee;309;in triage state;B;is at the evacuation site
5160,345,filterLoc,,
5160,346,evacuee,,Evacuee;306;in triage state;B;is at the evacuation site
5160,348,filterLoc,,
5160,349,evacuee,,Evacuee;305;in triage state;B;is at the evacuation site
5160,351,filterLoc,,
5160,352,evacuee,,Evacuee;303;in triage state;B;is at the evacuation site
5160,354,filterLoc,,
5160,355,evacuee,,Evacuee;295;in triage state;B;is at the evacuation site
5160,357,filterLoc,,
5160,358,evacuee,,Evacuee;352;in triage state;B;is at the evacuation site
5160,360,filterLoc,,
5160,361,evacuee,,Evacuee;293;in triage state;B;is at the evacuation site
5160,363,filterLoc,,
5160,364,evacuee,,Evacuee;488;in triage state;B;is at the evacuation site
5160,366,filterLoc,,
5160,367,evacuee,,Evacuee;413;in triage state;B;is at the evacuation site
5160,369,filterLoc,,
5160,370,evacuee,,Evacuee;292;in triage state;B;is at the evacuation site
5160,372,filterLoc,,
5160,373,evacuee,,Evacuee;291;in triage state;B;is at the evacuation site
5160,375,filterLoc,,
5160,376,evacuee,,Evacuee;290;in triage state;B;is at the evacuation site
5160,378,filterLoc,,
5160,379,evacuee,,Evacuee;350;in triage state;B;is at the evacuation site
5160,381,filterLoc,,
5160,382,evacuee,,Evacuee;288;in triage state;B;is at the evacuation site
5160,384,filterLoc,,
5160,385,evacuee,,Evacuee;287;in triage state;B;is at the evacuation site
5160,387,filterLoc,,
5160,388,evacuee,,Evacuee;415;in triage state;B;is at the evacuation site
5160,390,filterLoc,,
5160,391,evacuee,,Evacuee;376;in triage state;B;is at the evacuation site
5160,393,filterLoc,,
5160,394,evacuee,,Evacuee;284;in triage state;B;is at the evacuation site
5160,396,filterLoc,,
5160,397,evacuee,,Evacuee;283;in triage state;B;is at the evacuation site
5160,399,filterLoc,,
5160,400,evacuee,,Evacuee;282;in triage state;B;is at the evacuation site
5160,402,filterLoc,,
5160,403,evacuee,,Evacuee;281;in triage state;B;is at the evacuation site
5160,405,filterLoc,,
5160,406,evacuee,,Evacuee;280;in triage state;B;is at the evacuation site
5160,408,filterLoc,,
5160,409,evacuee,,Evacuee;333;in triage state;B;is at the evacuation site
5160,411,filterLoc,,
5160,412,evacuee,,Evacuee;279;in triage state;B;is at the evacuation site
5160,414,filterLoc,,
5160,415,evacuee,,Evacuee;278;in triage state;B;is at the evacuation site
5160,417,filterLoc,,
5160,418,evacuee,,Evacuee;277;in triage state;B;is at the evacuation site
5160,420,filterLoc,,
5160,421,evacuee,,Evacuee;315;in triage state;B;is at the evacuation site
5160,423,filterLoc,,
5160,424,evacuee,,Evacuee;274;in triage state;B;is at the evacuation site
5160,426,filterLoc,,
5160,427,evacuee,,Evacuee;273;in triage state;B;is at the evacuation site
5160,429,filterLoc,,
5160,430,evacuee,,Evacuee;337;in triage state;B;is at the evacuation site
5160,432,filterLoc,,
5160,433,evacuee,,Evacuee;301;in triage state;B;is at the evacuation site
5160,435,filterLoc,,
5160,436,evacuee,,Evacuee;272;in triage state;B;is at the evacuation site
5160,438,filterLoc,,
5160,439,evacuee,,Evacuee;270;in triage state;B;is at the evacuation site
5160,441,filterLoc,,
5160,442,evacuee,,Evacuee;264;in triage state;B;is at the evacuation site
5160,444,filterLoc,,
5160,445,evacuee,,Evacuee;262;in triage state;B;is at the evacuation site
5160,447,filterLoc,,
5160,448,evacuee,,Evacuee;260;in triage state;B;is at the evacuation site
5160,450,filterLoc,,
5160,451,evacuee,,Evacuee;259;in triage state;B;is at the evacuation site
5160,453,filterLoc,,
5160,454,evacuee,,Evacuee;125;in triage state;B;is at the evacuation site
5160,456,filterLoc,,
5160,457,evacuee,,Evacuee;114;in triage state;B;is at the evacuation site
5160,459,filterLoc,,
5160,460,evacuee,,Evacuee;289;in triage state;B;is at the evacuation site
5160,462,filterLoc,,
5160,463,evacuee,,Evacuee;88;in triage state;B;is at the evacuation site
5160,465,filterLoc,,
5160,466,evacuee,,Evacuee;449;in triage state;B;is at the evacuation site
5160,468,filterLoc,,
5160,469,evacuee,,Evacuee;122;in triage state;B;is at the evacuation site
5160,471,filterLoc,,
5160,472,evacuee,,Evacuee;108;in triage state;B;is at the evacuation site
5160,474,filterLoc,,
5160,475,evacuee,,Evacuee;276;in triage state;B;is at the evacuation site
5160,477,filterLoc,,
5160,478,evacuee,,Evacuee;121;in triage state;B;is at the evacuation site
5160,480,filterLoc,,
5160,481,evacuee,,Evacuee;386;in triage state;B;is at the evacuation site
5160,483,filterLoc,,
5160,484,evacuee,,Evacuee;117;in triage state;B;is at the evacuation site
5160,486,filterLoc,,
5160,487,evacuee,,Evacuee;192;in triage state;B;is at the evacuation site
5160,489,filterLoc,,
5160,490,evacuee,,Evacuee;432;in triage state;B;is at the evacuation site
5160,492,filterLoc,,
5160,493,evacuee,,Evacuee;245;in triage state;B;is at the evacuation site
5160,495,filterLoc,,
5160,496,evacuee,,Evacuee;310;in triage state;B;is at the evacuation site
5160,498,filterLoc,,
5160,499,evacuee,,Evacuee;118;in triage state;B;is at the evacuation site
5160,501,filterLoc,,
5160,502,evacuee,,Evacuee;491;in triage state;B;is at the evacuation site
5160,504,filterLoc,,
5160,505,evacuee,,Evacuee;470;in triage state;B;is at the evacuation site
5160,507,filterLoc,,
5160,508,evacuee,,Evacuee;469;in triage state;B;is at the evacuation site
5160,510,filterLoc,,
5160,511,evacuee,,Evacuee;215;in triage state;B;is at the evacuation site
5160,513,filterLoc,,
5160,514,evacuee,,Evacuee;345;in triage state;B;is at the evacuation site
5160,516,filterLoc,,
5160,517,evacuee,,Evacuee;302;in triage state;B;is at the evacuation site
5160,519,filterLoc,,
5160,520,evacuee,,Evacuee;112;in triage state;B;is at the evacuation site
5160,522,filterLoc,,
5160,523,evacuee,,Evacuee;299;in triage state;B;is at the evacuation site
5160,525,filterLoc,,
5160,526,evacuee,,Evacuee;109;in triage state;B;is at the evacuation site
5160,528,filterLoc,,
5160,529,evacuee,,Evacuee;373;in triage state;B;is at the evacuation site
5160,531,filterLoc,,
5160,532,evacuee,,Evacuee;358;in triage state;B;is at the evacuation site
5160,534,filterLoc,,
5160,535,evacuee,,Evacuee;188;in triage state;B;is at the evacuation site
5160,537,filterLoc,,
5160,538,evacuee,,Evacuee;106;in triage state;B;is at the evacuation site
5160,540,filterLoc,,
5160,541,evacuee,,Evacuee;311;in triage state;B;is at the evacuation site
5160,543,filterLoc,,
5160,544,evacuee,,Evacuee;148;in triage state;B;is at the evacuation site
5160,546,filterLoc,,
5160,547,evacuee,,Evacuee;235;in triage state;B;is at the evacuation site
5160,549,filterLoc,,
5160,550,evacuee,,Evacuee;105;in triage state;B;is at the evacuation site
5160,552,filterLoc,,
5160,553,evacuee,,Evacuee;424;in triage state;B;is at the evacuation site
5160,555,filterLoc,,
5160,556,evacuee,,Evacuee;269;in triage state;B;is at the evacuation site
5160,558,filterLoc,,
5160,559,evacuee,,Evacuee;103;in triage state;B;is at the evacuation site
5160,561,filterLoc,,
5160,562,evacuee,,Evacuee;124;in triage state;B;is at the evacuation site
5160,564,filterLoc,,
5160,565,evacuee,,Evacuee;111;in triage state;B;is at the evacuation site
5160,567,filterLoc,,
5160,568,evacuee,,Evacuee;39;in triage state;W;is at the FOL
5160,570,filterLoc,,
5160,571,evacuee,,Evacuee;228;in triage state;B;is at the evacuation site
5160,573,filterLoc,,
5160,574,evacuee,,Evacuee;497;in triage state;B;is at the evacuation site
5160,576,filterLoc,,
5160,577,evacuee,,Evacuee;101;in triage state;B;is at the evacuation site
5160,579,filterLoc,,
5160,580,evacuee,,Evacuee;142;in triage state;B;is at the evacuation site
5160,582,filterLoc,,
5160,583,evacuee,,Evacuee;99;in triage state;B;is at the evacuation site
5160,585,filterLoc,,
5160,586,evacuee,,Evacuee;485;in triage state;B;is at the evacuation site
5160,588,filterLoc,,
5160,589,evacuee,,Evacuee;324;in triage state;B;is at the evacuation site
5160,591,filterLoc,,
5160,592,evacuee,,Evacuee;95;in triage state;B;is at the evacuation site
5160,594,filterLoc,,
5160,595,evacuee,,Evacuee;447;in triage state;B;is at the evacuation site
5160,597,filterLoc,,
5160,598,evacuee,,Evacuee;361;in triage state;B;is at the evacuation site
5160,600,filterLoc,,
5160,601,evacuee,,Evacuee;342;in triage state;B;is at the evacuation site
5160,603,filterLoc,,
5160,604,evacuee,,Evacuee;93;in triage state;B;is at the evacuation site
5160,606,filterLoc,,
5160,607,evacuee,,Evacuee;136;in triage state;B;is at the evacuation site
5160,609,filterLoc,,
5160,610,evacuee,,Evacuee;412;in triage state;B;is at the evacuation site
5160,612,filterLoc,,
5160,613,evacuee,,Evacuee;90;in triage state;B;is at the evacuation site
5160,615,filterLoc,,
5160,616,evacuee,,Evacuee;1;in triage state;W;is at the FOL
5160,618,filterLoc,,
5160,619,evacuee,,Evacuee;83;in triage state;B;is at the evacuation site
5160,621,filterLoc,,
5160,622,evacuee,,Evacuee;127;in triage state;B;is at the evacuation site
5160,624,filterLoc,,
5160,625,evacuee,,Evacuee;49;in triage state;W;is at the FOL
5160,627,filterLoc,,
5160,628,evacuee,,Evacuee;87;in triage state;B;is at the evacuation site
5160,630,filterLoc,,
5160,631,evacuee,,Evacuee;297;in triage state;B;is at the evacuation site
5160,633,filterLoc,,
5160,634,evacuee,,Evacuee;86;in triage state;B;is at the evacuation site
5160,636,filterLoc,,
5160,637,evacuee,,Evacuee;51;in triage state;Y;is at the FOL
5160,639,filterLoc,,
5160,640,evacuee,,Evacuee;444;in triage state;B;is at the evacuation site
5160,642,filterLoc,,
5160,643,evacuee,,Evacuee;80;in triage state;R;is at the FOL
5160,645,filterLoc,,
5160,646,evacuee,,Evacuee;79;in triage state;R;is at the FOL
5160,648,filterLoc,,
5160,649,evacuee,,Evacuee;115;in triage state;B;is at the evacuation site
5160,651,filterLoc,,
5160,652,evacuee,,Evacuee;98;in triage state;B;is at the evacuation site
5160,654,filterLoc,,
5160,655,evacuee,,Evacuee;356;in triage state;B;is at the evacuation site
5160,657,filterLoc,,
5160,658,evacuee,,Evacuee;78;in triage state;R;is at the FOL
5160,660,filterLoc,,
5160,661,evacuee,,Evacuee;213;in triage state;B;is at the evacuation site
5160,663,filterLoc,,
5160,664,evacuee,,Evacuee;344;in triage state;B;is at the evacuation site
5160,666,filterLoc,,
5160,667,evacuee,,Evacuee;77;in triage state;R;is at the FOL
5160,669,filterLoc,,
5160,670,evacuee,,Evacuee;156;in triage state;B;is at the evacuation site
5160,672,filterLoc,,
5160,673,evacuee,,Evacuee;300;in triage state;B;is at the evacuation site
5160,675,filterLoc,,
5160,676,evacuee,,Evacuee;165;in triage state;B;is at the evacuation site
5160,678,filterLoc,,
5160,679,evacuee,,Evacuee;454;in triage state;B;is at the evacuation site
5160,681,filterLoc,,
5160,682,evacuee,,Evacuee;440;in triage state;B;is at the evacuation site
5160,684,filterLoc,,
5160,685,evacuee,,Evacuee;76;in triage state;R;is at the FOL
5160,687,filterLoc,,
5160,688,evacuee,,Evacuee;431;in triage state;B;is at the evacuation site
5160,690,filterLoc,,
5160,691,evacuee,,Evacuee;74;in triage state;Y;is at the FOL
5160,693,filterLoc,,
5160,694,evacuee,,Evacuee;363;in triage state;B;is at the evacuation site
5160,696,filterLoc,,
5160,697,evacuee,,Evacuee;251;in triage state;B;is at the evacuation site
5160,699,filterLoc,,
5160,700,evacuee,,Evacuee;134;in triage state;B;is at the evacuation site
5160,702,filterLoc,,
5160,703,evacuee,,Evacuee;199;in triage state;B;is at the evacuation site
5160,705,filterLoc,,
5160,706,evacuee,,Evacuee;66;in triage state;Y;is at the FOL
5160,708,filterLoc,,
5160,709,evacuee,,Evacuee;62;in triage state;Y;is at the FOL
5160,711,filterLoc,,
5160,712,evacuee,,Evacuee;223;in triage state;B;is at the evacuation site
5160,714,filterLoc,,
5160,715,evacuee,,Evacuee;465;in triage state;B;is at the evacuation site
5160,717,filterLoc,,
5160,718,evacuee,,Evacuee;60;in triage state;Y;is at the FOL
5160,720,filterLoc,,
5160,721,evacuee,,Evacuee;385;in triage state;B;is at the evacuation site
5160,723,filterLoc,,
5160,724,evacuee,,Evacuee;181;in triage state;B;is at the evacuation site
5160,726,filterLoc,,
5160,727,evacuee,,Evacuee;135;in triage state;B;is at the evacuation site
5160,729,filterLoc,,
5160,730,evacuee,,Evacuee;15;in triage state;W;is at the FOL
5160,732,filterLoc,,
5160,733,evacuee,,Evacuee;474;in triage state;B;is at the evacuation site
5160,735,filterLoc,,
5160,736,evacuee,,Evacuee;17;in triage state;W;is at the FOL
5160,738,filterLoc,,
5160,739,evacuee,,Evacuee;481;in triage state;B;is at the evacuation site
5160,741,filterLoc,,
5160,742,evacuee,,Evacuee;179;in triage state;B;is at the evacuation site
5160,744,filterLoc,,
5160,745,evacuee,,Evacuee;147;in triage state;B;is at the evacuation site
5160,747,filterLoc,,
5160,748,evacuee,,Evacuee;14;in triage state;W;is at the FOL
5160,750,filterLoc,,
5160,751,evacuee,,Evacuee;65;in triage state;Y;is at the FOL
5160,753,filterLoc,,
5160,754,evacuee,,Evacuee;218;in triage state;B;is at the evacuation site
5160,756,filterLoc,,
5160,757,evacuee,,Evacuee;453;in triage state;B;is at the evacuation site
5160,759,filterLoc,,
5160,760,evacuee,,Evacuee;285;in triage state;B;is at the evacuation site
5160,762,filterLoc,,
5160,763,evacuee,,Evacuee;89;in triage state;B;is at the evacuation site
5160,765,filterLoc,,
5160,766,evacuee,,Evacuee;394;in triage state;B;is at the evacuation site
5160,768,filterLoc,,
5160,769,evacuee,,Evacuee;240;in triage state;B;is at the evacuation site
5160,771,filterLoc,,
5160,772,evacuee,,Evacuee;8;in triage state;W;is at the FOL
5160,774,filterLoc,,
5160,775,evacuee,,Evacuee;355;in triage state;B;is at the evacuation site
5160,777,filterLoc,,
5160,778,evacuee,,Evacuee;23;in triage state;W;is at the FOL
5160,780,filterLoc,,
5160,781,evacuee,,Evacuee;200;in triage state;B;is at the evacuation site
5160,783,filterLoc,,
5160,784,evacuee,,Evacuee;255;in triage state;B;is at the evacuation site
5160,786,filterLoc,,
5160,787,evacuee,,Evacuee;18;in triage state;G;is at the FOL
5160,789,filterLoc,,
5160,790,evacuee,,Evacuee;368;in triage state;B;is at the evacuation site
5160,792,filterLoc,,
5160,793,evacuee,,Evacuee;4;in triage state;W;is at the FOL
5160,795,filterLoc,,
5160,796,evacuee,,Evacuee;387;in triage state;B;is at the evacuation site
5160,798,filterLoc,,
5160,799,evacuee,,Evacuee;246;in triage state;B;is at the evacuation site
5160,801,filterLoc,,
5160,802,evacuee,,Evacuee;220;in triage state;B;is at the evacuation site
5160,804,filterLoc,,
5160,805,evacuee,,Evacuee;173;in triage state;B;is at the evacuation site
5160,807,filterLoc,,
5160,808,evacuee,,Evacuee;157;in triage state;B;is at the evacuation site
5160,810,filterLoc,,
5160,811,evacuee,,Evacuee;451;in triage state;B;is at the evacuation site
5160,813,filterLoc,,
5160,814,evacuee,,Evacuee;359;in triage state;B;is at the evacuation site
5160,816,filterLoc,,
5160,817,evacuee,,Evacuee;286;in triage state;B;is at the evacuation site
5160,819,filterLoc,,
5160,820,evacuee,,Evacuee;196;in triage state;B;is at the evacuation site
5160,822,filterLoc,,
5160,823,evacuee,,Evacuee;407;in triage state;B;is at the evacuation site
5160,825,filterLoc,,
5160,826,evacuee,,Evacuee;132;in triage state;B;is at the evacuation site
5160,828,filterLoc,,
5160,829,evacuee,,Evacuee;31;in triage state;W;is at the FOL
5160,831,filterLoc,,
5160,832,evacuee,,Evacuee;38;in triage state;W;is at the FOL
5160,834,filterLoc,,
5160,835,evacuee,,Evacuee;2;in triage state;W;is at the FOL
5160,837,filterLoc,,
5160,838,evacuee,,Evacuee;33;in triage state;W;is at the FOL
5160,840,filterLoc,,
5160,841,evacuee,,Evacuee;271;in triage state;B;is at the evacuation site
5160,843,filterLoc,,
5160,844,evacuee,,Evacuee;9;in triage state;W;is at the FOL
5160,846,filterLoc,,
5160,847,evacuee,,Evacuee;25;in triage state;W;is at the FOL
5160,849,filterLoc,,
5160,850,evacuee,,Evacuee;334;in triage state;B;is at the evacuation site
5160,852,filterLoc,,
5160,853,evacuee,,Evacuee;70;in triage state;Y;is at the FOL
5160,855,filterLoc,,
5160,856,evacuee,,Evacuee;5;in triage state;W;is at the FOL
5160,858,filterLoc,,
5160,859,evacuee,,Evacuee;250;in triage state;B;is at the evacuation site
5160,861,filterLoc,,
5160,862,evacuee,,Evacuee;107;in triage state;B;is at the evacuation site
5160,864,filterLoc,,
5160,865,evacuee,,Evacuee;229;in triage state;B;is at the evacuation site
5160,867,filterLoc,,
5160,868,evacuee,,Evacuee;110;in triage state;B;is at the evacuation site
5160,870,filterLoc,,
5160,871,evacuee,,Evacuee;141;in triage state;B;is at the evacuation site
5160,873,filterLoc,,
5160,874,evacuee,,Evacuee;133;in triage state;B;is at the evacuation site
5160,876,filterLoc,,
5160,877,evacuee,,Evacuee;493;in triage state;B;is at the evacuation site
5160,879,filterLoc,,
5160,880,evacuee,,Evacuee;473;in triage state;B;is at the evacuation site
5160,882,filterLoc,,
5160,883,evacuee,,Evacuee;400;in triage state;B;is at the evacuation site
5160,885,filterLoc,,
5160,886,evacuee,,Evacuee;268;in triage state;B;is at the evacuation site
5160,888,filterLoc,,
5160,889,evacuee,,Evacuee;100;in triage state;B;is at the evacuation site
5160,891,filterLoc,,
5160,892,evacuee,,Evacuee;29;in triage state;W;is at the FOL
5160,894,filterLoc,,
5160,895,evacuee,,Evacuee;158;in triage state;B;is at the evacuation site
5160,897,filterLoc,,
5160,898,evacuee,,Evacuee;187;in triage state;B;is at the evacuation site
5160,900,filterLoc,,
5160,901,evacuee,,Evacuee;85;in triage state;B;is at the evacuation site
5160,903,filterLoc,,
5160,904,evacuee,,Evacuee;487;in triage state;B;is at the evacuation site
5160,906,filterLoc,,
5160,907,evacuee,,Evacuee;71;in triage state;Y;is at the FOL
5160,909,filterLoc,,
5160,910,evacuee,,Evacuee;332;in triage state;B;is at the evacuation site
5160,912,filterLoc,,
5160,913,evacuee,,Evacuee;81;in triage state;B;is at the evacuation site
5160,915,filterLoc,,
5160,916,evacuee,,Evacuee;104;in triage state;B;is at the evacuation site
5160,918,filterLoc,,
5160,919,evacuee,,Evacuee;40;in triage state;W;is at the FOL
5160,921,filterLoc,,
5160,922,evacuee,,Evacuee;97;in triage state;B;is at the evacuation site
5160,924,filterLoc,,
5160,925,evacuee,,Evacuee;3;in triage state;W;is at the FOL
5160,927,filterLoc,,
5160,928,evacuee,,Evacuee;172;in triage state;B;is at the evacuation site
5160,930,filterLoc,,
5160,931,evacuee,,Evacuee;256;in triage state;B;is at the evacuation site
5160,933,filterLoc,,
5160,934,evacuee,,Evacuee;119;in triage state;B;is at the evacuation site
5160,936,filterLoc,,
5160,937,evacuee,,Evacuee;6;in triage state;W;is at the FOL
5160,939,filterLoc,,
5160,940,evacuee,,Evacuee;347;in triage state;B;is at the evacuation site
5160,942,filterLoc,,
5160,943,evacuee,,Evacuee;82;in triage state;B;is at the evacuation site
5160,945,filterLoc,,
5160,946,evacuee,,Evacuee;54;in triage state;Y;is at the FOL
5160,948,filterLoc,,
5160,949,evacuee,,Evacuee;22;in triage state;W;is at the FOL
5160,951,filterLoc,,
5160,952,evacuee,,Evacuee;92;in triage state;B;is at the evacuation site
5160,954,filterLoc,,
5160,955,evacuee,,Evacuee;44;in triage state;W;is at the FOL
5160,957,filterLoc,,
5160,958,evacuee,,Evacuee;150;in triage state;B;is at the evacuation site
5160,960,filterLoc,,
5160,961,evacuee,,Evacuee;10;in triage state;W;is at the FOL
5160,963,filterLoc,,
5160,964,evacuee,,Evacuee;26;in triage state;W;is at the FOL
5160,966,filterLoc,,
5160,967,evacuee,,Evacuee;343;in triage state;B;is at the evacuation site
5160,969,filterLoc,,
5160,970,evacuee,,Evacuee;241;in triage state;B;is at the evacuation site
5160,972,filterLoc,,
5160,973,evacuee,,Evacuee;418;in triage state;B;is at the evacuation site
5160,975,filterLoc,,
5160,976,evacuee,,Evacuee;75;in triage state;R;is at the FOL
5160,978,filterLoc,,
5160,979,evacuee,,Evacuee;37;in triage state;W;is at the FOL
5160,981,filterLoc,,
5160,982,evacuee,,Evacuee;496;in triage state;B;is at the evacuation site
5160,984,filterLoc,,
5160,985,evacuee,,Evacuee;209;in triage state;B;is at the evacuation site
5160,987,filterLoc,,
5160,988,evacuee,,Evacuee;402;in triage state;B;is at the evacuation site
5160,990,filterLoc,,
5160,991,evacuee,,Evacuee;320;in triage state;B;is at the evacuation site
5160,993,filterLoc,,
5160,994,evacuee,,Evacuee;116;in triage state;B;is at the evacuation site
5160,996,filterLoc,,
5160,997,evacuee,,Evacuee;61;in triage state;Y;is at the FOL
5160,999,filterLoc,,
5160,1000,evacuee,,Evacuee;52;in triage state;Y;is at the FOL
5160,1002,filterLoc,,
5160,1003,evacuee,,Evacuee;41;in triage state;W;is at the FOL
5160,1005,filterLoc,,
5160,1006,evacuee,,Evacuee;304;in triage state;B;is at the evacuation site
5160,1008,filterLoc,,
5160,1009,evacuee,,Evacuee;154;in triage state;B;is at the evacuation site
5160,1011,filterLoc,,
5160,1012,evacuee,,Evacuee;421;in triage state;B;is at the evacuation site
5160,1014,filterLoc,,
5160,1015,evacuee,,Evacuee;405;in triage state;B;is at the evacuation site
5160,1017,filterLoc,,
5160,1018,evacuee,,Evacuee;21;in triage state;W;is at the FOL
5160,1020,filterLoc,,
5160,1021,evacuee,,Evacuee;68;in triage state;Y;is at the FOL
5160,1023,filterLoc,,
5160,1024,evacuee,,Evacuee;72;in triage state;Y;is at the FOL
5160,1026,filterLoc,,
5160,1027,evacuee,,Evacuee;46;in triage state;W;is at the FOL
5160,1029,filterLoc,,
5160,1030,evacuee,,Evacuee;53;in triage state;Y;is at the FOL
5160,1032,filterLoc,,
5160,1033,evacuee,,Evacuee;13;in triage state;W;is at the FOL
5160,1035,filterLoc,,
5160,1036,evacuee,,Evacuee;24;in triage state;W;is at the FOL
5160,1038,filterLoc,,
5160,1039,evacuee,,Evacuee;32;in triage state;W;is at the FOL
5160,1041,filterLoc,,
5160,1042,evacuee,,Evacuee;34;in triage state;W;is at the FOL
5160,1044,filterLoc,,
5160,1045,evacuee,,Evacuee;64;in triage state;Y;is at the FOL
5160,1047,filterLoc,,
5160,1048,evacuee,,Evacuee;429;in triage state;B;is at the evacuation site
5160,1050,filterLoc,,
5160,1051,evacuee,,Evacuee;102;in triage state;B;is at the evacuation site
5160,1053,filterLoc,,
5160,1054,evacuee,,Evacuee;160;in triage state;B;is at the evacuation site
5160,1056,filterLoc,,
5160,1057,evacuee,,Evacuee;20;in triage state;W;is at the FOL
5160,1059,filterLoc,,
5160,1060,evacuee,,Evacuee;35;in triage state;W;is at the FOL
5160,1062,filterLoc,,
5160,1063,evacuee,,Evacuee;155;in triage state;B;is at the evacuation site
5160,1065,filterLoc,,
5160,1066,evacuee,,Evacuee;36;in triage state;W;is at the FOL
5160,1068,filterLoc,,
5160,1069,evacuee,,Evacuee;198;in triage state;B;is at the evacuation site
5160,1071,filterLoc,,
5160,1072,evacuee,,Evacuee;84;in triage state;B;is at the evacuation site
5160,1074,filterLoc,,
5160,1075,evacuee,,Evacuee;42;in triage state;W;is at the FOL
5160,1077,filterLoc,,
5160,1078,evacuee,,Evacuee;91;in triage state;B;is at the evacuation site
5160,1080,filterLoc,,
5160,1081,evacuee,,Evacuee;43;in triage state;W;is at the FOL
5160,1083,filterLoc,,
5160,1084,evacuee,,Evacuee;30;in triage state;W;is at the FOL
5160,1086,filterLoc,,
5160,1087,evacuee,,Evacuee;336;in triage state;B;is at the evacuation site
5160,1089,filterLoc,,
5160,1090,evacuee,,Evacuee;307;in triage state;B;is at the evacuation site
5160,1092,filterLoc,,
5160,1093,evacuee,,Evacuee;212;in triage state;B;is at the evacuation site
5160,1095,filterLoc,,
5160,1096,evacuee,,Evacuee;391;in triage state;B;is at the evacuation site
5160,1098,filterLoc,,
5160,1099,evacuee,,Evacuee;388;in triage state;B;is at the evacuation site
5160,1101,filterLoc,,
5160,1102,evacuee,,Evacuee;55;in triage state;Y;is at the FOL
5160,1104,filterLoc,,
5160,1105,evacuee,,Evacuee;48;in triage state;W;is at the FOL
5160,1107,filterLoc,,
5160,1108,evacuee,,Evacuee;144;in triage state;B;is at the evacuation site
5160,1110,filterLoc,,
5160,1111,evacuee,,Evacuee;50;in triage state;W;is at the FOL
5160,1113,filterLoc,,
5160,1114,evacuee,,Evacuee;19;in triage state;W;is at the FOL
5160,1116,filterLoc,,
5160,1117,evacuee,,Evacuee;182;in triage state;B;is at the evacuation site
5160,1119,filterLoc,,
5160,1120,evacuee,,Evacuee;490;in triage state;B;is at the evacuation site
5160,1122,filterLoc,,
5160,1123,evacuee,,Evacuee;266;in triage state;B;is at the evacuation site
5160,1125,filterLoc,,
5160,1126,evacuee,,Evacuee;120;in triage state;B;is at the evacuation site
5160,1128,filterEvac,,
5160,1129,filterES,,
5160,1130,helicopter,,Helicopter;2;is unloading people at the FOL;;and has;0;spots taken
5160,1132,filterLoc,,
5160,1133,evacuee,,Evacuee;94;in triage state;B;is at the evacuation site
5160,1135,filterLoc,,
5160,1136,evacuee,,Evacuee;63;in triage state;Y;is at the FOL
5160,1138,filterLoc,,
5160,1139,evacuee,,Evacuee;175;in triage state;B;is at the evacuation site
5160,1141,filterLoc,,
5160,1142,evacuee,,Evacuee;47;in triage state;W;is at the FOL
5160,1144,filterLoc,,
5160,1145,evacuee,,Evacuee;56;in triage state;Y;is at the FOL
5160,1147,filterLoc,,
5160,1148,evacuee,,Evacuee;367;in triage state;B;is at the evacuation site
5160,1150,filterLoc,,
5160,1151,evacuee,,Evacuee;364;in triage state;B;is at the evacuation site
5160,1153,filterLoc,,
5160,1154,evacuee,,Evacuee;208;in triage state;B;is at the evacuation site
5160,1156,filterLoc,,
5160,1157,evacuee,,Evacuee;57;in triage state;Y;is at the FOL
5160,1159,filterLoc,,
5160,1160,evacuee,,Evacuee;231;in triage state;B;is at the evacuation site
5160,1162,filterLoc,,
5160,1163,evacuee,,Evacuee;261;in triage state;B;is at the evacuation site
5160,1165,filterLoc,,
5160,1166,evacuee,,Evacuee;45;in triage state;G;is at the FOL
5160,1168,filterEvac,,
5160,1169,filterES,,
5160,1170,helicopter,,Helicopter;1;is unloading people at the FOL;;and has;0;spots taken
5160,1172,filterLoc,,
5160,1173,evacuee,,Evacuee;263;in triage state;B;is at the evacuation site
5160,1175,filterLoc,,
5160,1176,evacuee,,Evacuee;190;in triage state;B;is at the evacuation site
5160,1178,filterLoc,,
5160,1179,evacuee,,Evacuee;128;in triage state;B;is at the evacuation site
5160,1181,filterLoc,,
5160,1182,evacuee,,Evacuee;416;in triage state;B;is at the evacuation site
5160,1184,filterLoc,,
5160,1185,evacuee,,Evacuee;129;in triage state;B;is at the evacuation site
5160,1187,filterLoc,,
5160,1188,evacuee,,Evacuee;308;in triage state;B;is at the evacuation site
5160,1190,filterLoc,,
5160,1191,evacuee,,Evacuee;131;in triage state;B;is at the evacuation site
5160,1193,filterLoc,,
5160,1194,evacuee,,Evacuee;137;in triage state;B;is at the evacuation site
5160,1196,filterLoc,,
5160,1197,evacuee,,Evacuee;138;in triage state;B;is at the evacuation site
5160,1199,filterLoc,,
5160,1200,evacuee,,Evacuee;265;in triage state;B;is at the evacuation site
5160,1202,filterLoc,,
5160,1203,evacuee,,Evacuee;139;in triage state;B;is at the evacuation site
5160,1205,filterLoc,,
5160,1206,evacuee,,Evacuee;194;in triage state;B;is at the evacuation site
5160,1208,filterLoc,,
5160,1209,evacuee,,Evacuee;140;in triage state;B;is at the evacuation site
5160,1211,filterLoc,,
5160,1212,evacuee,,Evacuee;130;in triage state;B;is at the evacuation site
5160,1214,filterLoc,,
5160,1215,evacuee,,Evacuee;143;in triage state;B;is at the evacuation site
5160,1217,filterLoc,,
5160,1218,evacuee,,Evacuee;149;in triage state;B;is at the evacuation site
5160,1220,filterLoc,,
5160,1221,evacuee,,Evacuee;296;in triage state;B;is at the evacuation site
5160,1223,filterLoc,,
5160,1224,evacuee,,Evacuee;151;in triage state;B;is at the evacuation site
5160,1226,filterLoc,,
5160,1227,evacuee,,Evacuee;222;in triage state;B;is at the evacuation site
5160,1229,filterLoc,,
5160,1230,evacuee,,Evacuee;152;in triage state;B;is at the evacuation site
5160,1232,filterLoc,,
5160,1233,evacuee,,Evacuee;153;in triage state;B;is at the evacuation site
5160,1235,filterLoc,,
5160,1236,evacuee,,Evacuee;67;in triage state;Y;is at the FOL
5160,1238,filterLoc,,
5160,1239,evacuee,,Evacuee;123;in triage state;B;is at the evacuation site
5160,1241,filterLoc,,
5160,1242,evacuee,,Evacuee;159;in triage state;B;is at the evacuation site
5160,1244,filterLoc,,
5160,1245,evacuee,,Evacuee;161;in triage state;B;is at the evacuation site
5160,1247,filterLoc,,
5160,1248,evacuee,,Evacuee;28;in triage state;W;is at the FOL
5160,1250,filterLoc,,
5160,1251,evacuee,,Evacuee;126;in triage state;B;is at the evacuation site
5160,1253,filterLoc,,
5160,1254,evacuee,,Evacuee;234;in triage state;B;is at the evacuation site
5160,1256,filterLoc,,
5160,1257,evacuee,,Evacuee;162;in triage state;B;is at the evacuation site
5160,1259,filterLoc,,
5160,1260,evacuee,,Evacuee;163;in triage state;B;is at the evacuation site
5160,1262,filterLoc,,
5160,1263,evacuee,,Evacuee;166;in triage state;B;is at the evacuation site
5160,1265,filterLoc,,
5160,1266,evacuee,,Evacuee;16;in triage state;W;is at the FOL
5160,1268,filterLoc,,
5160,1269,evacuee,,Evacuee;242;in triage state;B;is at the evacuation site
5160,1271,filterLoc,,
5160,1272,evacuee,,Evacuee;178;in triage state;B;is at the evacuation site
5160,1274,filterLoc,,
5160,1275,evacuee,,Evacuee;438;in triage state;B;is at the evacuation site
5160,1277,filterLoc,,
5160,1278,evacuee,,Evacuee;146;in triage state;B;is at the evacuation site
5160,1280,filterLoc,,
5160,1281,evacuee,,Evacuee;167;in triage state;B;is at the evacuation site
5160,1283,filterLoc,,
5160,1284,evacuee,,Evacuee;145;in triage state;B;is at the evacuation site
5160,1286,filterLoc,,
5160,1287,evacuee,,Evacuee;168;in triage state;B;is at the evacuation site
5160,1289,filterLoc,,
5160,1290,evacuee,,Evacuee;176;in triage state;B;is at the evacuation site
5160,1292,filterLoc,,
5160,1293,evacuee,,Evacuee;230;in triage state;B;is at the evacuation site
5160,1295,filterLoc,,
5160,1296,evacuee,,Evacuee;169;in triage state;B;is at the evacuation site
5160,1298,filterLoc,,
5160,1299,evacuee,,Evacuee;170;in triage state;B;is at the evacuation site
5160,1301,filterLoc,,
5160,1302,evacuee,,Evacuee;171;in triage state;B;is at the evacuation site
5160,1304,filterLoc,,
5160,1305,evacuee,,Evacuee;174;in triage state;B;is at the evacuation site
5160,1307,filterLoc,,
5160,1308,evacuee,,Evacuee;177;in triage state;B;is at the evacuation site
5160,1310,filterLoc,,
5160,1311,evacuee,,Evacuee;435;in triage state;B;is at the evacuation site
5160,1313,filterLoc,,
5160,1314,evacuee,,Evacuee;58;in triage state;Y;is at the FOL
5160,1316,filterLoc,,
5160,1317,evacuee,,Evacuee;203;in triage state;B;is at the evacuation site
5160,1319,filterLoc,,
5160,1320,evacuee,,Evacuee;232;in triage state;B;is at the evacuation site
5160,1322,filterLoc,,
5160,1323,evacuee,,Evacuee;183;in triage state;B;is at the evacuation site
5160,1325,filterLoc,,
5160,1326,evacuee,,Evacuee;184;in triage state;B;is at the evacuation site
5160,1328,filterLoc,,
5160,1329,evacuee,,Evacuee;185;in triage state;B;is at the evacuation site
5160,1331,filterLoc,,
5160,1332,evacuee,,Evacuee;186;in triage state;B;is at the evacuation site
5160,1334,filterLoc,,
5160,1335,evacuee,,Evacuee;417;in triage state;B;is at the evacuation site
5160,1337,filterLoc,,
5160,1338,evacuee,,Evacuee;217;in triage state;B;is at the evacuation site
5160,1340,filterLoc,,
5160,1341,evacuee,,Evacuee;189;in triage state;B;is at the evacuation site
5160,1343,filterLoc,,
5160,1344,evacuee,,Evacuee;253;in triage state;B;is at the evacuation site
5160,1346,filterLoc,,
5160,1347,evacuee,,Evacuee;191;in triage state;B;is at the evacuation site
5160,1349,filterLoc,,
5160,1350,evacuee,,Evacuee;314;in triage state;B;is at the evacuation site
5160,1352,filterLoc,,
5160,1353,evacuee,,Evacuee;249;in triage state;B;is at the evacuation site
5160,1355,filterLoc,,
5160,1356,evacuee,,Evacuee;193;in triage state;B;is at the evacuation site
5160,1358,filterLoc,,
5160,1359,evacuee,,Evacuee;195;in triage state;B;is at the evacuation site
5160,1361,filterLoc,,
5160,1362,evacuee,,Evacuee;399;in triage state;B;is at the evacuation site
5160,1364,filterLoc,,
5160,1365,evacuee,,Evacuee;197;in triage state;B;is at the evacuation site
5160,1367,filterLoc,,
5160,1368,evacuee,,Evacuee;450;in triage state;B;is at the evacuation site
5160,1370,filterLoc,,
5160,1371,evacuee,,Evacuee;252;in triage state;B;is at the evacuation site
5160,1373,filterLoc,,
5160,1374,evacuee,,Evacuee;329;in triage state;B;is at the evacuation site
5160,1376,filterLoc,,
5160,1377,evacuee,,Evacuee;201;in triage state;B;is at the evacuation site
5160,1379,filterLoc,,
5160,1380,evacuee,,Evacuee;11;in triage state;W;is at the FOL
5160,1382,filterLoc,,
5160,1383,evacuee,,Evacuee;202;in triage state;B;is at the evacuation site
5160,1385,filterLoc,,
5160,1386,evacuee,,Evacuee;390;in triage state;B;is at the evacuation site
5160,1388,filterLoc,,
5160,1389,evacuee,,Evacuee;204;in triage state;B;is at the evacuation site
5160,1391,filterLoc,,
5160,1392,evacuee,,Evacuee;258;in triage state;B;is at the evacuation site
5160,1394,filterLoc,,
5160,1395,evacuee,,Evacuee;210;in triage state;B;is at the evacuation site
5160,1397,filterLoc,,
5160,1398,evacuee,,Evacuee;275;in triage state;B;is at the evacuation site
5160,1400,filterLoc,,
5160,1401,evacuee,,Evacuee;205;in triage state;B;is at the evacuation site
5160,1403,filterLoc,,
5160,1404,evacuee,,Evacuee;323;in triage state;B;is at the evacuation site
5160,1406,filterLoc,,
5160,1407,evacuee,,Evacuee;180;in triage state;B;is at the evacuation site
5160,1409,filterLoc,,
5160,1410,evacuee,,Evacuee;206;in triage state;B;is at the evacuation site
5160,1412,filterLoc,,
5160,1413,evacuee,,Evacuee;69;in triage state;Y;is at the FOL
5160,1415,filterLoc,,
5160,1416,evacuee,,Evacuee;207;in triage state;B;is at the evacuation site
5160,1418,filterLoc,,
5160,1419,evacuee,,Evacuee;27;in triage state;W;is at the FOL
5160,1421,filterLoc,,
5160,1422,evacuee,,Evacuee;211;in triage state;B;is at the evacuation site
5160,1424,filterLoc,,
5160,1425,evacuee,,Evacuee;294;in triage state;B;is at the evacuation site
5160,1427,filterLoc,,
5160,1428,evacuee,,Evacuee;214;in triage state;B;is at the evacuation site
5160,1430,filterLoc,,
5160,1431,evacuee,,Evacuee;12;in triage state;W;is at the FOL
5160,1433,filterLoc,,
5160,1434,evacuee,,Evacuee;216;in triage state;B;is at the evacuation site
5160,1436,filterLoc,,
5160,1437,evacuee,,Evacuee;219;in triage state;B;is at the evacuation site
5160,1439,filterLoc,,
5160,1440,evacuee,,Evacuee;221;in triage state;B;is at the evacuation site
5160,1442,filterLoc,,
5160,1443,evacuee,,Evacuee;224;in triage state;B;is at the evacuation site
5160,1445,filterLoc,,
5160,1446,evacuee,,Evacuee;339;in triage state;B;is at the evacuation site
5160,1448,filterLoc,,
5160,1449,evacuee,,Evacuee;225;in triage state;B;is at the evacuation site
5160,1451,filterLoc,,
5160,1452,evacuee,,Evacuee;164;in triage state;B;is at the evacuation site
5160,1454,filterLoc,,
5160,1455,evacuee,,Evacuee;226;in triage state;B;is at the evacuation site
5160,1457,filterLoc,,
5160,1458,evacuee,,Evacuee;464;in triage state;B;is at the evacuation site
5160,1460,filterLoc,,
5160,1461,evacuee,,Evacuee;227;in triage state;B;is at the evacuation site
5160,1463,filterLoc,,
5160,1464,evacuee,,Evacuee;267;in triage state;B;is at the evacuation site
5160,1466,filterLoc,,
5160,1467,evacuee,,Evacuee;73;in triage state;Y;is at the FOL
5160,1469,filterLoc,,
5160,1470,evacuee,,Evacuee;233;in triage state;B;is at the evacuation site
5160,1472,filterLoc,,
5160,1473,evacuee,,Evacuee;236;in triage state;B;is at the evacuation site
5160,1475,filterLoc,,
5160,1476,evacuee,,Evacuee;7;in triage state;W;is at the FOL
5160,1478,filterLoc,,
5160,1479,evacuee,,Evacuee;237;in triage state;B;is at the evacuation site
5160,1481,filterLoc,,
5160,1482,evacuee,,Evacuee;238;in triage state;B;is at the evacuation site
5160,1484,filterLoc,,
5160,1485,evacuee,,Evacuee;113;in triage state;B;is at the evacuation site
5160,1487,filterLoc,,
5160,1488,evacuee,,Evacuee;239;in triage state;B;is at the evacuation site
5160,1490,filterLoc,,
5160,1491,evacuee,,Evacuee;243;in triage state;B;is at the evacuation site
5160,1493,filterLoc,,
5160,1494,evacuee,,Evacuee;96;in triage state;B;is at the evacuation site
5160,1496,filterLoc,,
5160,1497,evacuee,,Evacuee;244;in triage state;B;is at the evacuation site
5160,1499,filterLoc,,
5160,1500,evacuee,,Evacuee;247;in triage state;B;is at the evacuation site
5160,1502,filterLoc,,
5160,1503,evacuee,,Evacuee;59;in triage state;Y;is at the FOL
5160,1505,filterLoc,,
5160,1506,evacuee,,Evacuee;248;in triage state;B;is at the evacuation site
5160,1508,filterLoc,,
5160,1509,evacuee,,Evacuee;467;in triage state;B;is at the evacuation site
5160,1511,filterLoc,,
5160,1512,evacuee,,Evacuee;298;in triage state;B;is at the evacuation site
5160,1514,filterLoc,,
5160,1515,evacuee,,Evacuee;254;in triage state;B;is at the evacuation site
5160,1517,filterLoc,,
5160,1518,evacuee,,Evacuee;257;in triage state;B;is at the evacuation site
