time,model_id,model_name,port_name,data
0,2,coastGuardShip,,The ship will arrive in 132 hours.
0,3,evacueeManager,,OFF SHIP: White;0;Green;475;Yellow;20;Red;5;Black;0;ON SHIP: White;0;Green;0;Yellow;0;Red;0;Evacuees to Transfer;
0,4,helipadManager,,;No helos are at ES
0,5,helicopterQueue,,;No helos are waiting to land
0,7,filterLoc,,
0,8,evacuee,,Evacuee;500;in triage state;R;is at the evacuation site
0,10,filterLoc,,
0,11,evacuee,,Evacuee;498;in triage state;R;is at the evacuation site
0,13,filterLoc,,
0,14,evacuee,,Evacuee;494;in triage state;Y;is at the evacuation site
0,16,filterLoc,,
0,17,evacuee,,Evacuee;492;in triage state;Y;is at the evacuation site
0,19,filterLoc,,
0,20,evacuee,,Evacuee;489;in triage state;Y;is at the evacuation site
0,22,filterLoc,,
0,23,evacuee,,Evacuee;486;in triage state;Y;is at the evacuation site
0,25,filterLoc,,
0,26,evacuee,,Evacuee;484;in triage state;Y;is at the evacuation site
0,28,filterLoc,,
0,29,evacuee,,Evacuee;483;in triage state;Y;is at the evacuation site
0,31,filterLoc,,
0,32,evacuee,,Evacuee;482;in triage state;Y;is at the evacuation site
0,34,filterLoc,,
0,35,evacuee,,Evacuee;499;in triage state;R;is at the evacuation site
0,37,filterLoc,,
0,38,evacuee,,Evacuee;479;in triage state;Y;is at the evacuation site
0,40,filterLoc,,
0,41,evacuee,,Evacuee;478;in triage state;Y;is at the evacuation site
0,43,filterLoc,,
0,44,evacuee,,Evacuee;476;in triage state;Y;is at the evacuation site
0,46,filterLoc,,
0,47,evacuee,,Evacuee;475;in triage state;G;is at the evacuation site
0,49,filterLoc,,
0,50,evacuee,,Evacuee;472;in triage state;G;is at the evacuation site
0,52,filterLoc,,
0,53,evacuee,,Evacuee;471;in triage state;G;is at the evacuation site
0,55,filterLoc,,
0,56,evacuee,,Evacuee;468;in triage state;G;is at the evacuation site
0,58,filterLoc,,
0,59,evacuee,,Evacuee;463;in triage state;G;is at the evacuation site
0,61,filterLoc,,
0,62,evacuee,,Evacuee;462;in triage state;G;is at the evacuation site
0,64,filterLoc,,
0,65,evacuee,,Evacuee;461;in triage state;G;is at the evacuation site
0,67,filterLoc,,
0,68,evacuee,,Evacuee;459;in triage state;G;is at the evacuation site
0,70,filterLoc,,
0,71,evacuee,,Evacuee;495;in triage state;Y;is at the evacuation site
0,73,filterLoc,,
0,74,evacuee,,Evacuee;477;in triage state;Y;is at the evacuation site
0,76,filterLoc,,
0,77,evacuee,,Evacuee;458;in triage state;G;is at the evacuation site
0,79,filterLoc,,
0,80,evacuee,,Evacuee;456;in triage state;G;is at the evacuation site
0,82,filterLoc,,
0,83,evacuee,,Evacuee;455;in triage state;G;is at the evacuation site
0,85,filterLoc,,
0,86,evacuee,,Evacuee;448;in triage state;G;is at the evacuation site
0,88,filterLoc,,
0,89,evacuee,,Evacuee;445;in triage state;G;is at the evacuation site
0,91,filterLoc,,
0,92,evacuee,,Evacuee;442;in triage state;G;is at the evacuation site
0,94,filterLoc,,
0,95,evacuee,,Evacuee;441;in triage state;G;is at the evacuation site
0,97,filterLoc,,
0,98,evacuee,,Evacuee;439;in triage state;G;is at the evacuation site
0,100,filterLoc,,
0,101,evacuee,,Evacuee;437;in triage state;G;is at the evacuation site
0,103,filterLoc,,
0,104,evacuee,,Evacuee;436;in triage state;G;is at the evacuation site
0,106,filterLoc,,
0,107,evacuee,,Evacuee;434;in triage state;G;is at the evacuation site
0,109,filterLoc,,
0,110,evacuee,,Evacuee;433;in triage state;G;is at the evacuation site
0,112,filterLoc,,
0,113,evacuee,,Evacuee;428;in triage state;G;is at the evacuation site
0,115,filterLoc,,
0,116,evacuee,,Evacuee;426;in triage state;G;is at the evacuation site
0,118,filterLoc,,
0,119,evacuee,,Evacuee;423;in triage state;G;is at the evacuation site
0,121,filterLoc,,
0,122,evacuee,,Evacuee;420;in triage state;G;is at the evacuation site
0,124,filterLoc,,
0,125,evacuee,,Evacuee;419;in triage state;G;is at the evacuation site
0,127,filterLoc,,
0,128,evacuee,,Evacuee;414;in triage state;G;is at the evacuation site
0,130,filterLoc,,
0,131,evacuee,,Evacuee;411;in triage state;G;is at the evacuation site
0,133,filterLoc,,
0,134,evacuee,,Evacuee;422;in triage state;G;is at the evacuation site
0,136,filterLoc,,
0,137,evacuee,,Evacuee;409;in triage state;G;is at the evacuation site
0,139,filterLoc,,
0,140,evacuee,,Evacuee;408;in triage state;G;is at the evacuation site
0,142,filterLoc,,
0,143,evacuee,,Evacuee;406;in triage state;G;is at the evacuation site
0,145,filterLoc,,
0,146,evacuee,,Evacuee;404;in triage state;G;is at the evacuation site
0,148,filterLoc,,
0,149,evacuee,,Evacuee;403;in triage state;G;is at the evacuation site
0,151,filterLoc,,
0,152,evacuee,,Evacuee;401;in triage state;G;is at the evacuation site
0,154,filterLoc,,
0,155,evacuee,,Evacuee;398;in triage state;G;is at the evacuation site
0,157,filterLoc,,
0,158,evacuee,,Evacuee;397;in triage state;G;is at the evacuation site
0,160,filterLoc,,
0,161,evacuee,,Evacuee;452;in triage state;G;is at the evacuation site
0,163,filterLoc,,
0,164,evacuee,,Evacuee;396;in triage state;G;is at the evacuation site
0,166,filterLoc,,
0,167,evacuee,,Evacuee;395;in triage state;G;is at the evacuation site
0,169,filterLoc,,
0,170,evacuee,,Evacuee;393;in triage state;G;is at the evacuation site
0,172,filterLoc,,
0,173,evacuee,,Evacuee;392;in triage state;G;is at the evacuation site
0,175,filterLoc,,
0,176,evacuee,,Evacuee;389;in triage state;G;is at the evacuation site
0,178,filterLoc,,
0,179,evacuee,,Evacuee;384;in triage state;G;is at the evacuation site
0,181,filterLoc,,
0,182,evacuee,,Evacuee;430;in triage state;G;is at the evacuation site
0,184,filterLoc,,
0,185,evacuee,,Evacuee;383;in triage state;G;is at the evacuation site
0,187,filterLoc,,
0,188,evacuee,,Evacuee;480;in triage state;Y;is at the evacuation site
0,190,filterLoc,,
0,191,evacuee,,Evacuee;382;in triage state;G;is at the evacuation site
0,193,filterLoc,,
0,194,evacuee,,Evacuee;381;in triage state;G;is at the evacuation site
0,196,filterLoc,,
0,197,evacuee,,Evacuee;427;in triage state;G;is at the evacuation site
0,199,filterLoc,,
0,200,evacuee,,Evacuee;380;in triage state;G;is at the evacuation site
0,202,filterLoc,,
0,203,evacuee,,Evacuee;379;in triage state;G;is at the evacuation site
0,205,filterLoc,,
0,206,evacuee,,Evacuee;378;in triage state;G;is at the evacuation site
0,208,filterLoc,,
0,209,evacuee,,Evacuee;377;in triage state;G;is at the evacuation site
0,211,filterLoc,,
0,212,evacuee,,Evacuee;375;in triage state;G;is at the evacuation site
0,214,filterLoc,,
0,215,evacuee,,Evacuee;374;in triage state;G;is at the evacuation site
0,217,filterLoc,,
0,218,evacuee,,Evacuee;372;in triage state;G;is at the evacuation site
0,220,filterLoc,,
0,221,evacuee,,Evacuee;371;in triage state;G;is at the evacuation site
0,222,FOL,,;Lives Saved;0
0,224,filterLoc,,
0,225,evacuee,,Evacuee;370;in triage state;G;is at the evacuation site
0,227,filterLoc,,
0,228,evacuee,,Evacuee;457;in triage state;G;is at the evacuation site
0,230,filterLoc,,
0,231,evacuee,,Evacuee;369;in triage state;G;is at the evacuation site
0,233,filterLoc,,
0,234,evacuee,,Evacuee;366;in triage state;G;is at the evacuation site
0,236,filterLoc,,
0,237,evacuee,,Evacuee;362;in triage state;G;is at the evacuation site
0,239,filterLoc,,
0,240,evacuee,,Evacuee;425;in triage state;G;is at the evacuation site
0,242,filterLoc,,
0,243,evacuee,,Evacuee;360;in triage state;G;is at the evacuation site
0,245,filterLoc,,
0,246,evacuee,,Evacuee;357;in triage state;G;is at the evacuation site
0,248,filterLoc,,
0,249,evacuee,,Evacuee;354;in triage state;G;is at the evacuation site
0,251,filterLoc,,
0,252,evacuee,,Evacuee;353;in triage state;G;is at the evacuation site
0,254,filterLoc,,
0,255,evacuee,,Evacuee;351;in triage state;G;is at the evacuation site
0,257,filterLoc,,
0,258,evacuee,,Evacuee;349;in triage state;G;is at the evacuation site
0,260,filterLoc,,
0,261,evacuee,,Evacuee;348;in triage state;G;is at the evacuation site
0,263,filterLoc,,
0,264,evacuee,,Evacuee;346;in triage state;G;is at the evacuation site
0,266,filterLoc,,
0,267,evacuee,,Evacuee;341;in triage state;G;is at the evacuation site
0,269,filterLoc,,
0,270,evacuee,,Evacuee;340;in triage state;G;is at the evacuation site
0,272,filterLoc,,
0,273,evacuee,,Evacuee;338;in triage state;G;is at the evacuation site
0,275,filterLoc,,
0,276,evacuee,,Evacuee;335;in triage state;G;is at the evacuation site
0,278,filterLoc,,
0,279,evacuee,,Evacuee;331;in triage state;G;is at the evacuation site
0,281,filterLoc,,
0,282,evacuee,,Evacuee;330;in triage state;G;is at the evacuation site
0,284,filterLoc,,
0,285,evacuee,,Evacuee;328;in triage state;G;is at the evacuation site
0,287,filterLoc,,
0,288,evacuee,,Evacuee;327;in triage state;G;is at the evacuation site
0,290,filterLoc,,
0,291,evacuee,,Evacuee;410;in triage state;G;is at the evacuation site
0,293,filterLoc,,
0,294,evacuee,,Evacuee;326;in triage state;G;is at the evacuation site
0,296,filterLoc,,
0,297,evacuee,,Evacuee;466;in triage state;G;is at the evacuation site
0,299,filterLoc,,
0,300,evacuee,,Evacuee;325;in triage state;G;is at the evacuation site
0,302,filterLoc,,
0,303,evacuee,,Evacuee;365;in triage state;G;is at the evacuation site
0,305,filterLoc,,
0,306,evacuee,,Evacuee;322;in triage state;G;is at the evacuation site
0,308,filterLoc,,
0,309,evacuee,,Evacuee;321;in triage state;G;is at the evacuation site
0,311,filterLoc,,
0,312,evacuee,,Evacuee;319;in triage state;G;is at the evacuation site
0,314,filterLoc,,
0,315,evacuee,,Evacuee;318;in triage state;G;is at the evacuation site
0,317,filterLoc,,
0,318,evacuee,,Evacuee;317;in triage state;G;is at the evacuation site
0,320,filterLoc,,
0,321,evacuee,,Evacuee;460;in triage state;G;is at the evacuation site
0,323,filterLoc,,
0,324,evacuee,,Evacuee;316;in triage state;G;is at the evacuation site
0,326,filterLoc,,
0,327,evacuee,,Evacuee;446;in triage state;G;is at the evacuation site
0,329,filterLoc,,
0,330,evacuee,,Evacuee;313;in triage state;G;is at the evacuation site
0,332,filterLoc,,
0,333,evacuee,,Evacuee;443;in triage state;G;is at the evacuation site
0,335,filterLoc,,
0,336,evacuee,,Evacuee;312;in triage state;G;is at the evacuation site
0,338,filterLoc,,
0,339,evacuee,,Evacuee;309;in triage state;G;is at the evacuation site
0,341,filterLoc,,
0,342,evacuee,,Evacuee;306;in triage state;G;is at the evacuation site
0,344,filterLoc,,
0,345,evacuee,,Evacuee;305;in triage state;G;is at the evacuation site
0,347,filterLoc,,
0,348,evacuee,,Evacuee;303;in triage state;G;is at the evacuation site
0,350,filterLoc,,
0,351,evacuee,,Evacuee;295;in triage state;G;is at the evacuation site
0,353,filterLoc,,
0,354,evacuee,,Evacuee;352;in triage state;G;is at the evacuation site
0,356,filterLoc,,
0,357,evacuee,,Evacuee;293;in triage state;G;is at the evacuation site
0,359,filterLoc,,
0,360,evacuee,,Evacuee;488;in triage state;Y;is at the evacuation site
0,362,filterLoc,,
0,363,evacuee,,Evacuee;413;in triage state;G;is at the evacuation site
0,365,filterLoc,,
0,366,evacuee,,Evacuee;292;in triage state;G;is at the evacuation site
0,368,filterLoc,,
0,369,evacuee,,Evacuee;291;in triage state;G;is at the evacuation site
0,371,filterLoc,,
0,372,evacuee,,Evacuee;290;in triage state;G;is at the evacuation site
0,374,filterLoc,,
0,375,evacuee,,Evacuee;350;in triage state;G;is at the evacuation site
0,377,filterLoc,,
0,378,evacuee,,Evacuee;288;in triage state;G;is at the evacuation site
0,380,filterLoc,,
0,381,evacuee,,Evacuee;287;in triage state;G;is at the evacuation site
0,383,filterLoc,,
0,384,evacuee,,Evacuee;415;in triage state;G;is at the evacuation site
0,386,filterLoc,,
0,387,evacuee,,Evacuee;376;in triage state;G;is at the evacuation site
0,389,filterLoc,,
0,390,evacuee,,Evacuee;284;in triage state;G;is at the evacuation site
0,392,filterLoc,,
0,393,evacuee,,Evacuee;283;in triage state;G;is at the evacuation site
0,395,filterLoc,,
0,396,evacuee,,Evacuee;282;in triage state;G;is at the evacuation site
0,398,filterLoc,,
0,399,evacuee,,Evacuee;281;in triage state;G;is at the evacuation site
0,401,filterLoc,,
0,402,evacuee,,Evacuee;280;in triage state;G;is at the evacuation site
0,404,filterLoc,,
0,405,evacuee,,Evacuee;333;in triage state;G;is at the evacuation site
0,407,filterLoc,,
0,408,evacuee,,Evacuee;279;in triage state;G;is at the evacuation site
0,410,filterLoc,,
0,411,evacuee,,Evacuee;278;in triage state;G;is at the evacuation site
0,413,filterLoc,,
0,414,evacuee,,Evacuee;277;in triage state;G;is at the evacuation site
0,416,filterLoc,,
0,417,evacuee,,Evacuee;315;in triage state;G;is at the evacuation site
0,419,filterLoc,,
0,420,evacuee,,Evacuee;274;in triage state;G;is at the evacuation site
0,422,filterLoc,,
0,423,evacuee,,Evacuee;273;in triage state;G;is at the evacuation site
0,425,filterLoc,,
0,426,evacuee,,Evacuee;337;in triage state;G;is at the evacuation site
0,428,filterLoc,,
0,429,evacuee,,Evacuee;301;in triage state;G;is at the evacuation site
0,431,filterLoc,,
0,432,evacuee,,Evacuee;272;in triage state;G;is at the evacuation site
0,434,filterLoc,,
0,435,evacuee,,Evacuee;270;in triage state;G;is at the evacuation site
0,437,filterLoc,,
0,438,evacuee,,Evacuee;264;in triage state;G;is at the evacuation site
0,440,filterLoc,,
0,441,evacuee,,Evacuee;262;in triage state;G;is at the evacuation site
0,443,filterLoc,,
0,444,evacuee,,Evacuee;260;in triage state;G;is at the evacuation site
0,446,filterLoc,,
0,447,evacuee,,Evacuee;259;in triage state;G;is at the evacuation site
0,449,filterLoc,,
0,450,evacuee,,Evacuee;125;in triage state;G;is at the evacuation site
0,452,filterLoc,,
0,453,evacuee,,Evacuee;114;in triage state;G;is at the evacuation site
0,455,filterLoc,,
0,456,evacuee,,Evacuee;289;in triage state;G;is at the evacuation site
0,458,filterLoc,,
0,459,evacuee,,Evacuee;88;in triage state;G;is at the evacuation site
0,461,filterLoc,,
0,462,evacuee,,Evacuee;449;in triage state;G;is at the evacuation site
0,464,filterLoc,,
0,465,evacuee,,Evacuee;122;in triage state;G;is at the evacuation site
0,467,filterLoc,,
0,468,evacuee,,Evacuee;108;in triage state;G;is at the evacuation site
0,470,filterLoc,,
0,471,evacuee,,Evacuee;276;in triage state;G;is at the evacuation site
0,473,filterLoc,,
0,474,evacuee,,Evacuee;121;in triage state;G;is at the evacuation site
0,476,filterLoc,,
0,477,evacuee,,Evacuee;386;in triage state;G;is at the evacuation site
0,479,filterLoc,,
0,480,evacuee,,Evacuee;117;in triage state;G;is at the evacuation site
0,482,filterLoc,,
0,483,evacuee,,Evacuee;192;in triage state;G;is at the evacuation site
0,485,filterLoc,,
0,486,evacuee,,Evacuee;432;in triage state;G;is at the evacuation site
0,488,filterLoc,,
0,489,evacuee,,Evacuee;245;in triage state;G;is at the evacuation site
0,491,filterLoc,,
0,492,evacuee,,Evacuee;310;in triage state;G;is at the evacuation site
0,494,filterLoc,,
0,495,evacuee,,Evacuee;118;in triage state;G;is at the evacuation site
0,497,filterLoc,,
0,498,evacuee,,Evacuee;491;in triage state;Y;is at the evacuation site
0,500,filterLoc,,
0,501,evacuee,,Evacuee;470;in triage state;G;is at the evacuation site
0,503,filterLoc,,
0,504,evacuee,,Evacuee;469;in triage state;G;is at the evacuation site
0,506,filterLoc,,
0,507,evacuee,,Evacuee;215;in triage state;G;is at the evacuation site
0,509,filterLoc,,
0,510,evacuee,,Evacuee;345;in triage state;G;is at the evacuation site
0,512,filterLoc,,
0,513,evacuee,,Evacuee;302;in triage state;G;is at the evacuation site
0,515,filterLoc,,
0,516,evacuee,,Evacuee;112;in triage state;G;is at the evacuation site
0,518,filterLoc,,
0,519,evacuee,,Evacuee;299;in triage state;G;is at the evacuation site
0,521,filterLoc,,
0,522,evacuee,,Evacuee;109;in triage state;G;is at the evacuation site
0,524,filterLoc,,
0,525,evacuee,,Evacuee;373;in triage state;G;is at the evacuation site
0,527,filterLoc,,
0,528,evacuee,,Evacuee;358;in triage state;G;is at the evacuation site
0,530,filterLoc,,
0,531,evacuee,,Evacuee;188;in triage state;G;is at the evacuation site
0,533,filterLoc,,
0,534,evacuee,,Evacuee;106;in triage state;G;is at the evacuation site
0,536,filterLoc,,
0,537,evacuee,,Evacuee;311;in triage state;G;is at the evacuation site
0,539,filterLoc,,
0,540,evacuee,,Evacuee;148;in triage state;G;is at the evacuation site
0,542,filterLoc,,
0,543,evacuee,,Evacuee;235;in triage state;G;is at the evacuation site
0,545,filterLoc,,
0,546,evacuee,,Evacuee;105;in triage state;G;is at the evacuation site
0,548,filterLoc,,
0,549,evacuee,,Evacuee;424;in triage state;G;is at the evacuation site
0,551,filterLoc,,
0,552,evacuee,,Evacuee;269;in triage state;G;is at the evacuation site
0,554,filterLoc,,
0,555,evacuee,,Evacuee;103;in triage state;G;is at the evacuation site
0,557,filterLoc,,
0,558,evacuee,,Evacuee;124;in triage state;G;is at the evacuation site
0,560,filterLoc,,
0,561,evacuee,,Evacuee;111;in triage state;G;is at the evacuation site
0,563,filterLoc,,
0,564,evacuee,,Evacuee;39;in triage state;G;is at the evacuation site
0,566,filterLoc,,
0,567,evacuee,,Evacuee;228;in triage state;G;is at the evacuation site
0,569,filterLoc,,
0,570,evacuee,,Evacuee;497;in triage state;R;is at the evacuation site
0,572,filterLoc,,
0,573,evacuee,,Evacuee;101;in triage state;G;is at the evacuation site
0,575,filterLoc,,
0,576,evacuee,,Evacuee;142;in triage state;G;is at the evacuation site
0,578,filterLoc,,
0,579,evacuee,,Evacuee;99;in triage state;G;is at the evacuation site
0,581,filterLoc,,
0,582,evacuee,,Evacuee;485;in triage state;Y;is at the evacuation site
0,584,filterLoc,,
0,585,evacuee,,Evacuee;324;in triage state;G;is at the evacuation site
0,587,filterLoc,,
0,588,evacuee,,Evacuee;95;in triage state;G;is at the evacuation site
0,590,filterLoc,,
0,591,evacuee,,Evacuee;447;in triage state;G;is at the evacuation site
0,593,filterLoc,,
0,594,evacuee,,Evacuee;361;in triage state;G;is at the evacuation site
0,596,filterLoc,,
0,597,evacuee,,Evacuee;342;in triage state;G;is at the evacuation site
0,599,filterLoc,,
0,600,evacuee,,Evacuee;93;in triage state;G;is at the evacuation site
0,602,filterLoc,,
0,603,evacuee,,Evacuee;136;in triage state;G;is at the evacuation site
0,605,filterLoc,,
0,606,evacuee,,Evacuee;412;in triage state;G;is at the evacuation site
0,608,filterLoc,,
0,609,evacuee,,Evacuee;90;in triage state;G;is at the evacuation site
0,611,filterLoc,,
0,612,evacuee,,Evacuee;1;in triage state;G;is at the evacuation site
0,614,filterLoc,,
0,615,evacuee,,Evacuee;83;in triage state;G;is at the evacuation site
0,617,filterLoc,,
0,618,evacuee,,Evacuee;127;in triage state;G;is at the evacuation site
0,620,filterLoc,,
0,621,evacuee,,Evacuee;49;in triage state;G;is at the evacuation site
0,623,filterLoc,,
0,624,evacuee,,Evacuee;87;in triage state;G;is at the evacuation site
0,626,filterLoc,,
0,627,evacuee,,Evacuee;297;in triage state;G;is at the evacuation site
0,629,filterLoc,,
0,630,evacuee,,Evacuee;86;in triage state;G;is at the evacuation site
0,632,filterLoc,,
0,633,evacuee,,Evacuee;51;in triage state;G;is at the evacuation site
0,635,filterLoc,,
0,636,evacuee,,Evacuee;444;in triage state;G;is at the evacuation site
0,638,filterLoc,,
0,639,evacuee,,Evacuee;80;in triage state;G;is at the evacuation site
0,641,filterLoc,,
0,642,evacuee,,Evacuee;79;in triage state;G;is at the evacuation site
0,644,filterLoc,,
0,645,evacuee,,Evacuee;115;in triage state;G;is at the evacuation site
0,647,filterLoc,,
0,648,evacuee,,Evacuee;98;in triage state;G;is at the evacuation site
0,650,filterLoc,,
0,651,evacuee,,Evacuee;356;in triage state;G;is at the evacuation site
0,653,filterLoc,,
0,654,evacuee,,Evacuee;78;in triage state;G;is at the evacuation site
0,656,filterLoc,,
0,657,evacuee,,Evacuee;213;in triage state;G;is at the evacuation site
0,659,filterLoc,,
0,660,evacuee,,Evacuee;344;in triage state;G;is at the evacuation site
0,662,filterLoc,,
0,663,evacuee,,Evacuee;77;in triage state;G;is at the evacuation site
0,665,filterLoc,,
0,666,evacuee,,Evacuee;156;in triage state;G;is at the evacuation site
0,668,filterLoc,,
0,669,evacuee,,Evacuee;300;in triage state;G;is at the evacuation site
0,671,filterLoc,,
0,672,evacuee,,Evacuee;165;in triage state;G;is at the evacuation site
0,674,filterLoc,,
0,675,evacuee,,Evacuee;454;in triage state;G;is at the evacuation site
0,677,filterLoc,,
0,678,evacuee,,Evacuee;440;in triage state;G;is at the evacuation site
0,680,filterLoc,,
0,681,evacuee,,Evacuee;76;in triage state;G;is at the evacuation site
0,683,filterLoc,,
0,684,evacuee,,Evacuee;431;in triage state;G;is at the evacuation site
0,686,filterLoc,,
0,687,evacuee,,Evacuee;74;in triage state;G;is at the evacuation site
0,689,filterLoc,,
0,690,evacuee,,Evacuee;363;in triage state;G;is at the evacuation site
0,692,filterLoc,,
0,693,evacuee,,Evacuee;251;in triage state;G;is at the evacuation site
0,695,filterLoc,,
0,696,evacuee,,Evacuee;134;in triage state;G;is at the evacuation site
0,698,filterLoc,,
0,699,evacuee,,Evacuee;199;in triage state;G;is at the evacuation site
0,701,filterLoc,,
0,702,evacuee,,Evacuee;66;in triage state;G;is at the evacuation site
0,704,filterLoc,,
0,705,evacuee,,Evacuee;62;in triage state;G;is at the evacuation site
0,707,filterLoc,,
0,708,evacuee,,Evacuee;223;in triage state;G;is at the evacuation site
0,710,filterLoc,,
0,711,evacuee,,Evacuee;465;in triage state;G;is at the evacuation site
0,713,filterLoc,,
0,714,evacuee,,Evacuee;60;in triage state;G;is at the evacuation site
0,716,filterLoc,,
0,717,evacuee,,Evacuee;385;in triage state;G;is at the evacuation site
0,719,filterLoc,,
0,720,evacuee,,Evacuee;181;in triage state;G;is at the evacuation site
0,722,filterLoc,,
0,723,evacuee,,Evacuee;135;in triage state;G;is at the evacuation site
0,725,filterLoc,,
0,726,evacuee,,Evacuee;15;in triage state;G;is at the evacuation site
0,728,filterLoc,,
0,729,evacuee,,Evacuee;474;in triage state;G;is at the evacuation site
0,731,filterLoc,,
0,732,evacuee,,Evacuee;17;in triage state;G;is at the evacuation site
0,734,filterLoc,,
0,735,evacuee,,Evacuee;481;in triage state;Y;is at the evacuation site
0,737,filterLoc,,
0,738,evacuee,,Evacuee;179;in triage state;G;is at the evacuation site
0,740,filterLoc,,
0,741,evacuee,,Evacuee;147;in triage state;G;is at the evacuation site
0,743,filterLoc,,
0,744,evacuee,,Evacuee;14;in triage state;G;is at the evacuation site
0,746,filterLoc,,
0,747,evacuee,,Evacuee;65;in triage state;G;is at the evacuation site
0,749,filterLoc,,
0,750,evacuee,,Evacuee;218;in triage state;G;is at the evacuation site
0,752,filterLoc,,
0,753,evacuee,,Evacuee;453;in triage state;G;is at the evacuation site
0,755,filterLoc,,
0,756,evacuee,,Evacuee;285;in triage state;G;is at the evacuation site
0,758,filterLoc,,
0,759,evacuee,,Evacuee;89;in triage state;G;is at the evacuation site
0,761,filterLoc,,
0,762,evacuee,,Evacuee;394;in triage state;G;is at the evacuation site
0,764,filterLoc,,
0,765,evacuee,,Evacuee;240;in triage state;G;is at the evacuation site
0,767,filterLoc,,
0,768,evacuee,,Evacuee;8;in triage state;G;is at the evacuation site
0,770,filterLoc,,
0,771,evacuee,,Evacuee;355;in triage state;G;is at the evacuation site
0,773,filterLoc,,
0,774,evacuee,,Evacuee;23;in triage state;G;is at the evacuation site
0,776,filterLoc,,
0,777,evacuee,,Evacuee;200;in triage state;G;is at the evacuation site
0,779,filterLoc,,
0,780,evacuee,,Evacuee;255;in triage state;G;is at the evacuation site
0,782,filterLoc,,
0,783,evacuee,,Evacuee;18;in triage state;G;is at the evacuation site
0,785,filterLoc,,
0,786,evacuee,,Evacuee;368;in triage state;G;is at the evacuation site
0,788,filterLoc,,
0,789,evacuee,,Evacuee;4;in triage state;G;is at the evacuation site
0,791,filterLoc,,
0,792,evacuee,,Evacuee;387;in triage state;G;is at the evacuation site
0,794,filterLoc,,
0,795,evacuee,,Evacuee;246;in triage state;G;is at the evacuation site
0,797,filterLoc,,
0,798,evacuee,,Evacuee;220;in triage state;G;is at the evacuation site
0,800,filterLoc,,
0,801,evacuee,,Evacuee;173;in triage state;G;is at the evacuation site
0,803,filterLoc,,
0,804,evacuee,,Evacuee;157;in triage state;G;is at the evacuation site
0,806,filterLoc,,
0,807,evacuee,,Evacuee;451;in triage state;G;is at the evacuation site
0,809,filterLoc,,
0,810,evacuee,,Evacuee;359;in triage state;G;is at the evacuation site
0,812,filterLoc,,
0,813,evacuee,,Evacuee;286;in triage state;G;is at the evacuation site
0,815,filterLoc,,
0,816,evacuee,,Evacuee;196;in triage state;G;is at the evacuation site
0,818,filterLoc,,
0,819,evacuee,,Evacuee;407;in triage state;G;is at the evacuation site
0,821,filterLoc,,
0,822,evacuee,,Evacuee;132;in triage state;G;is at the evacuation site
0,824,filterLoc,,
0,825,evacuee,,Evacuee;31;in triage state;G;is at the evacuation site
0,827,filterLoc,,
0,828,evacuee,,Evacuee;38;in triage state;G;is at the evacuation site
0,830,filterLoc,,
0,831,evacuee,,Evacuee;2;in triage state;G;is at the evacuation site
0,833,filterLoc,,
0,834,evacuee,,Evacuee;33;in triage state;G;is at the evacuation site
0,836,filterLoc,,
0,837,evacuee,,Evacuee;271;in triage state;G;is at the evacuation site
0,839,filterLoc,,
0,840,evacuee,,Evacuee;9;in triage state;G;is at the evacuation site
0,842,filterLoc,,
0,843,evacuee,,Evacuee;25;in triage state;G;is at the evacuation site
0,845,filterLoc,,
0,846,evacuee,,Evacuee;334;in triage state;G;is at the evacuation site
0,848,filterLoc,,
0,849,evacuee,,Evacuee;70;in triage state;G;is at the evacuation site
0,851,filterLoc,,
0,852,evacuee,,Evacuee;5;in triage state;G;is at the evacuation site
0,854,filterLoc,,
0,855,evacuee,,Evacuee;250;in triage state;G;is at the evacuation site
0,857,filterLoc,,
0,858,evacuee,,Evacuee;107;in triage state;G;is at the evacuation site
0,860,filterLoc,,
0,861,evacuee,,Evacuee;229;in triage state;G;is at the evacuation site
0,863,filterLoc,,
0,864,evacuee,,Evacuee;110;in triage state;G;is at the evacuation site
0,866,filterLoc,,
0,867,evacuee,,Evacuee;141;in triage state;G;is at the evacuation site
0,869,filterLoc,,
0,870,evacuee,,Evacuee;133;in triage state;G;is at the evacuation site
0,872,filterLoc,,
0,873,evacuee,,Evacuee;493;in triage state;Y;is at the evacuation site
0,875,filterLoc,,
0,876,evacuee,,Evacuee;473;in triage state;G;is at the evacuation site
0,878,filterLoc,,
0,879,evacuee,,Evacuee;400;in triage state;G;is at the evacuation site
0,881,filterLoc,,
0,882,evacuee,,Evacuee;268;in triage state;G;is at the evacuation site
0,884,filterLoc,,
0,885,evacuee,,Evacuee;100;in triage state;G;is at the evacuation site
0,887,filterLoc,,
0,888,evacuee,,Evacuee;29;in triage state;G;is at the evacuation site
0,890,filterLoc,,
0,891,evacuee,,Evacuee;158;in triage state;G;is at the evacuation site
0,893,filterLoc,,
0,894,evacuee,,Evacuee;187;in triage state;G;is at the evacuation site
0,896,filterLoc,,
0,897,evacuee,,Evacuee;85;in triage state;G;is at the evacuation site
0,899,filterLoc,,
0,900,evacuee,,Evacuee;487;in triage state;Y;is at the evacuation site
0,902,filterLoc,,
0,903,evacuee,,Evacuee;71;in triage state;G;is at the evacuation site
0,905,filterLoc,,
0,906,evacuee,,Evacuee;332;in triage state;G;is at the evacuation site
0,908,filterLoc,,
0,909,evacuee,,Evacuee;81;in triage state;G;is at the evacuation site
0,911,filterLoc,,
0,912,evacuee,,Evacuee;104;in triage state;G;is at the evacuation site
0,914,filterLoc,,
0,915,evacuee,,Evacuee;40;in triage state;G;is at the evacuation site
0,917,filterLoc,,
0,918,evacuee,,Evacuee;97;in triage state;G;is at the evacuation site
0,920,filterLoc,,
0,921,evacuee,,Evacuee;3;in triage state;G;is at the evacuation site
0,923,filterLoc,,
0,924,evacuee,,Evacuee;172;in triage state;G;is at the evacuation site
0,926,filterLoc,,
0,927,evacuee,,Evacuee;256;in triage state;G;is at the evacuation site
0,929,filterLoc,,
0,930,evacuee,,Evacuee;119;in triage state;G;is at the evacuation site
0,932,filterLoc,,
0,933,evacuee,,Evacuee;6;in triage state;G;is at the evacuation site
0,935,filterLoc,,
0,936,evacuee,,Evacuee;347;in triage state;G;is at the evacuation site
0,938,filterLoc,,
0,939,evacuee,,Evacuee;82;in triage state;G;is at the evacuation site
0,941,filterLoc,,
0,942,evacuee,,Evacuee;54;in triage state;G;is at the evacuation site
0,944,filterLoc,,
0,945,evacuee,,Evacuee;22;in triage state;G;is at the evacuation site
0,947,filterLoc,,
0,948,evacuee,,Evacuee;92;in triage state;G;is at the evacuation site
0,950,filterLoc,,
0,951,evacuee,,Evacuee;44;in triage state;G;is at the evacuation site
0,953,filterLoc,,
0,954,evacuee,,Evacuee;150;in triage state;G;is at the evacuation site
0,956,filterLoc,,
0,957,evacuee,,Evacuee;10;in triage state;G;is at the evacuation site
0,959,filterLoc,,
0,960,evacuee,,Evacuee;26;in triage state;G;is at the evacuation site
0,962,filterLoc,,
0,963,evacuee,,Evacuee;343;in triage state;G;is at the evacuation site
0,965,filterLoc,,
0,966,evacuee,,Evacuee;241;in triage state;G;is at the evacuation site
0,968,filterLoc,,
0,969,evacuee,,Evacuee;418;in triage state;G;is at the evacuation site
0,971,filterLoc,,
0,972,evacuee,,Evacuee;75;in triage state;G;is at the evacuation site
0,974,filterLoc,,
0,975,evacuee,,Evacuee;37;in triage state;G;is at the evacuation site
0,977,filterLoc,,
0,978,evacuee,,Evacuee;496;in triage state;R;is at the evacuation site
0,980,filterLoc,,
0,981,evacuee,,Evacuee;209;in triage state;G;is at the evacuation site
0,983,filterLoc,,
0,984,evacuee,,Evacuee;402;in triage state;G;is at the evacuation site
0,986,filterLoc,,
0,987,evacuee,,Evacuee;320;in triage state;G;is at the evacuation site
0,989,filterLoc,,
0,990,evacuee,,Evacuee;116;in triage state;G;is at the evacuation site
0,992,filterLoc,,
0,993,evacuee,,Evacuee;61;in triage state;G;is at the evacuation site
0,995,filterLoc,,
0,996,evacuee,,Evacuee;52;in triage state;G;is at the evacuation site
0,998,filterLoc,,
0,999,evacuee,,Evacuee;41;in triage state;G;is at the evacuation site
0,1001,filterLoc,,
0,1002,evacuee,,Evacuee;304;in triage state;G;is at the evacuation site
0,1004,filterLoc,,
0,1005,evacuee,,Evacuee;154;in triage state;G;is at the evacuation site
0,1007,filterLoc,,
0,1008,evacuee,,Evacuee;421;in triage state;G;is at the evacuation site
0,1010,filterLoc,,
0,1011,evacuee,,Evacuee;405;in triage state;G;is at the evacuation site
0,1013,filterLoc,,
0,1014,evacuee,,Evacuee;21;in triage state;G;is at the evacuation site
0,1016,filterLoc,,
0,1017,evacuee,,Evacuee;68;in triage state;G;is at the evacuation site
0,1019,filterLoc,,
0,1020,evacuee,,Evacuee;72;in triage state;G;is at the evacuation site
0,1022,filterLoc,,
0,1023,evacuee,,Evacuee;46;in triage state;G;is at the evacuation site
0,1025,filterLoc,,
0,1026,evacuee,,Evacuee;53;in triage state;G;is at the evacuation site
0,1028,filterLoc,,
0,1029,evacuee,,Evacuee;13;in triage state;G;is at the evacuation site
0,1031,filterLoc,,
0,1032,evacuee,,Evacuee;24;in triage state;G;is at the evacuation site
0,1034,filterLoc,,
0,1035,evacuee,,Evacuee;32;in triage state;G;is at the evacuation site
0,1037,filterLoc,,
0,1038,evacuee,,Evacuee;34;in triage state;G;is at the evacuation site
0,1040,filterLoc,,
0,1041,evacuee,,Evacuee;64;in triage state;G;is at the evacuation site
0,1043,filterLoc,,
0,1044,evacuee,,Evacuee;429;in triage state;G;is at the evacuation site
0,1046,filterLoc,,
0,1047,evacuee,,Evacuee;102;in triage state;G;is at the evacuation site
0,1049,filterLoc,,
0,1050,evacuee,,Evacuee;160;in triage state;G;is at the evacuation site
0,1052,filterLoc,,
0,1053,evacuee,,Evacuee;20;in triage state;G;is at the evacuation site
0,1055,filterLoc,,
0,1056,evacuee,,Evacuee;35;in triage state;G;is at the evacuation site
0,1058,filterLoc,,
0,1059,evacuee,,Evacuee;155;in triage state;G;is at the evacuation site
0,1061,filterLoc,,
0,1062,evacuee,,Evacuee;36;in triage state;G;is at the evacuation site
0,1064,filterLoc,,
0,1065,evacuee,,Evacuee;198;in triage state;G;is at the evacuation site
0,1067,filterLoc,,
0,1068,evacuee,,Evacuee;84;in triage state;G;is at the evacuation site
0,1070,filterLoc,,
0,1071,evacuee,,Evacuee;42;in triage state;G;is at the evacuation site
0,1073,filterLoc,,
0,1074,evacuee,,Evacuee;91;in triage state;G;is at the evacuation site
0,1076,filterLoc,,
0,1077,evacuee,,Evacuee;43;in triage state;G;is at the evacuation site
0,1079,filterLoc,,
0,1080,evacuee,,Evacuee;30;in triage state;G;is at the evacuation site
0,1082,filterLoc,,
0,1083,evacuee,,Evacuee;336;in triage state;G;is at the evacuation site
0,1085,filterLoc,,
0,1086,evacuee,,Evacuee;307;in triage state;G;is at the evacuation site
0,1088,filterLoc,,
0,1089,evacuee,,Evacuee;212;in triage state;G;is at the evacuation site
0,1091,filterLoc,,
0,1092,evacuee,,Evacuee;391;in triage state;G;is at the evacuation site
0,1094,filterLoc,,
0,1095,evacuee,,Evacuee;388;in triage state;G;is at the evacuation site
0,1097,filterLoc,,
0,1098,evacuee,,Evacuee;55;in triage state;G;is at the evacuation site
0,1100,filterLoc,,
0,1101,evacuee,,Evacuee;48;in triage state;G;is at the evacuation site
0,1103,filterLoc,,
0,1104,evacuee,,Evacuee;144;in triage state;G;is at the evacuation site
0,1106,filterLoc,,
0,1107,evacuee,,Evacuee;50;in triage state;G;is at the evacuation site
0,1109,filterLoc,,
0,1110,evacuee,,Evacuee;19;in triage state;G;is at the evacuation site
0,1112,filterLoc,,
0,1113,evacuee,,Evacuee;182;in triage state;G;is at the evacuation site
0,1115,filterLoc,,
0,1116,evacuee,,Evacuee;490;in triage state;Y;is at the evacuation site
0,1118,filterLoc,,
0,1119,evacuee,,Evacuee;266;in triage state;G;is at the evacuation site
0,1121,filterLoc,,
0,1122,evacuee,,Evacuee;120;in triage state;G;is at the evacuation site
0,1124,filterLoc,,
0,1125,evacuee,,Evacuee;94;in triage state;G;is at the evacuation site
0,1127,filterLoc,,
0,1128,evacuee,,Evacuee;63;in triage state;G;is at the evacuation site
0,1130,filterLoc,,
0,1131,evacuee,,Evacuee;175;in triage state;G;is at the evacuation site
0,1133,filterLoc,,
0,1134,evacuee,,Evacuee;47;in triage state;G;is at the evacuation site
0,1136,filterLoc,,
0,1137,evacuee,,Evacuee;56;in triage state;G;is at the evacuation site
0,1139,filterLoc,,
0,1140,evacuee,,Evacuee;367;in triage state;G;is at the evacuation site
0,1142,filterLoc,,
0,1143,evacuee,,Evacuee;364;in triage state;G;is at the evacuation site
0,1145,filterLoc,,
0,1146,evacuee,,Evacuee;208;in triage state;G;is at the evacuation site
0,1148,filterLoc,,
0,1149,evacuee,,Evacuee;57;in triage state;G;is at the evacuation site
0,1151,filterLoc,,
0,1152,evacuee,,Evacuee;231;in triage state;G;is at the evacuation site
0,1154,filterLoc,,
0,1155,evacuee,,Evacuee;261;in triage state;G;is at the evacuation site
0,1157,filterLoc,,
0,1158,evacuee,,Evacuee;45;in triage state;G;is at the evacuation site
0,1160,filterEvac,,
0,1161,filterES,,
0,1162,helicopter,,Helicopter;1;is unloading people at the FOL;;and has;0;spots taken
0,1164,filterLoc,,
0,1165,evacuee,,Evacuee;263;in triage state;G;is at the evacuation site
0,1167,filterLoc,,
0,1168,evacuee,,Evacuee;190;in triage state;G;is at the evacuation site
0,1170,filterLoc,,
0,1171,evacuee,,Evacuee;128;in triage state;G;is at the evacuation site
0,1173,filterLoc,,
0,1174,evacuee,,Evacuee;416;in triage state;G;is at the evacuation site
0,1176,filterLoc,,
0,1177,evacuee,,Evacuee;129;in triage state;G;is at the evacuation site
0,1179,filterLoc,,
0,1180,evacuee,,Evacuee;308;in triage state;G;is at the evacuation site
0,1182,filterLoc,,
0,1183,evacuee,,Evacuee;131;in triage state;G;is at the evacuation site
0,1185,filterLoc,,
0,1186,evacuee,,Evacuee;137;in triage state;G;is at the evacuation site
0,1188,filterLoc,,
0,1189,evacuee,,Evacuee;138;in triage state;G;is at the evacuation site
0,1191,filterLoc,,
0,1192,evacuee,,Evacuee;265;in triage state;G;is at the evacuation site
0,1194,filterLoc,,
0,1195,evacuee,,Evacuee;139;in triage state;G;is at the evacuation site
0,1197,filterLoc,,
0,1198,evacuee,,Evacuee;194;in triage state;G;is at the evacuation site
0,1200,filterLoc,,
0,1201,evacuee,,Evacuee;140;in triage state;G;is at the evacuation site
0,1203,filterLoc,,
0,1204,evacuee,,Evacuee;130;in triage state;G;is at the evacuation site
0,1206,filterLoc,,
0,1207,evacuee,,Evacuee;143;in triage state;G;is at the evacuation site
0,1209,filterLoc,,
0,1210,evacuee,,Evacuee;149;in triage state;G;is at the evacuation site
0,1212,filterLoc,,
0,1213,evacuee,,Evacuee;296;in triage state;G;is at the evacuation site
0,1215,filterLoc,,
0,1216,evacuee,,Evacuee;151;in triage state;G;is at the evacuation site
0,1218,filterLoc,,
0,1219,evacuee,,Evacuee;222;in triage state;G;is at the evacuation site
0,1221,filterLoc,,
0,1222,evacuee,,Evacuee;152;in triage state;G;is at the evacuation site
0,1224,filterLoc,,
0,1225,evacuee,,Evacuee;153;in triage state;G;is at the evacuation site
0,1227,filterLoc,,
0,1228,evacuee,,Evacuee;67;in triage state;G;is at the evacuation site
0,1230,filterLoc,,
0,1231,evacuee,,Evacuee;123;in triage state;G;is at the evacuation site
0,1233,filterLoc,,
0,1234,evacuee,,Evacuee;159;in triage state;G;is at the evacuation site
0,1236,filterLoc,,
0,1237,evacuee,,Evacuee;161;in triage state;G;is at the evacuation site
0,1239,filterLoc,,
0,1240,evacuee,,Evacuee;28;in triage state;G;is at the evacuation site
0,1242,filterLoc,,
0,1243,evacuee,,Evacuee;126;in triage state;G;is at the evacuation site
0,1245,filterLoc,,
0,1246,evacuee,,Evacuee;234;in triage state;G;is at the evacuation site
0,1248,filterLoc,,
0,1249,evacuee,,Evacuee;162;in triage state;G;is at the evacuation site
0,1251,filterLoc,,
0,1252,evacuee,,Evacuee;163;in triage state;G;is at the evacuation site
0,1254,filterLoc,,
0,1255,evacuee,,Evacuee;166;in triage state;G;is at the evacuation site
0,1257,filterLoc,,
0,1258,evacuee,,Evacuee;16;in triage state;G;is at the evacuation site
0,1260,filterLoc,,
0,1261,evacuee,,Evacuee;242;in triage state;G;is at the evacuation site
0,1263,filterLoc,,
0,1264,evacuee,,Evacuee;178;in triage state;G;is at the evacuation site
0,1266,filterLoc,,
0,1267,evacuee,,Evacuee;438;in triage state;G;is at the evacuation site
0,1269,filterLoc,,
0,1270,evacuee,,Evacuee;146;in triage state;G;is at the evacuation site
0,1272,filterLoc,,
0,1273,evacuee,,Evacuee;167;in triage state;G;is at the evacuation site
0,1275,filterLoc,,
0,1276,evacuee,,Evacuee;145;in triage state;G;is at the evacuation site
0,1278,filterLoc,,
0,1279,evacuee,,Evacuee;168;in triage state;G;is at the evacuation site
0,1281,filterLoc,,
0,1282,evacuee,,Evacuee;176;in triage state;G;is at the evacuation site
0,1284,filterLoc,,
0,1285,evacuee,,Evacuee;230;in triage state;G;is at the evacuation site
0,1287,filterLoc,,
0,1288,evacuee,,Evacuee;169;in triage state;G;is at the evacuation site
0,1290,filterLoc,,
0,1291,evacuee,,Evacuee;170;in triage state;G;is at the evacuation site
0,1293,filterLoc,,
0,1294,evacuee,,Evacuee;171;in triage state;G;is at the evacuation site
0,1296,filterLoc,,
0,1297,evacuee,,Evacuee;174;in triage state;G;is at the evacuation site
0,1299,filterLoc,,
0,1300,evacuee,,Evacuee;177;in triage state;G;is at the evacuation site
0,1302,filterLoc,,
0,1303,evacuee,,Evacuee;435;in triage state;G;is at the evacuation site
0,1305,filterLoc,,
0,1306,evacuee,,Evacuee;58;in triage state;G;is at the evacuation site
0,1308,filterLoc,,
0,1309,evacuee,,Evacuee;203;in triage state;G;is at the evacuation site
0,1311,filterLoc,,
0,1312,evacuee,,Evacuee;232;in triage state;G;is at the evacuation site
0,1314,filterLoc,,
0,1315,evacuee,,Evacuee;183;in triage state;G;is at the evacuation site
0,1317,filterLoc,,
0,1318,evacuee,,Evacuee;184;in triage state;G;is at the evacuation site
0,1320,filterLoc,,
0,1321,evacuee,,Evacuee;185;in triage state;G;is at the evacuation site
0,1323,filterLoc,,
0,1324,evacuee,,Evacuee;186;in triage state;G;is at the evacuation site
0,1326,filterLoc,,
0,1327,evacuee,,Evacuee;417;in triage state;G;is at the evacuation site
0,1329,filterLoc,,
0,1330,evacuee,,Evacuee;217;in triage state;G;is at the evacuation site
0,1332,filterLoc,,
0,1333,evacuee,,Evacuee;189;in triage state;G;is at the evacuation site
0,1335,filterLoc,,
0,1336,evacuee,,Evacuee;253;in triage state;G;is at the evacuation site
0,1338,filterLoc,,
0,1339,evacuee,,Evacuee;191;in triage state;G;is at the evacuation site
0,1341,filterLoc,,
0,1342,evacuee,,Evacuee;314;in triage state;G;is at the evacuation site
0,1344,filterLoc,,
0,1345,evacuee,,Evacuee;249;in triage state;G;is at the evacuation site
0,1347,filterLoc,,
0,1348,evacuee,,Evacuee;193;in triage state;G;is at the evacuation site
0,1350,filterLoc,,
0,1351,evacuee,,Evacuee;195;in triage state;G;is at the evacuation site
0,1353,filterLoc,,
0,1354,evacuee,,Evacuee;399;in triage state;G;is at the evacuation site
0,1356,filterLoc,,
0,1357,evacuee,,Evacuee;197;in triage state;G;is at the evacuation site
0,1359,filterLoc,,
0,1360,evacuee,,Evacuee;450;in triage state;G;is at the evacuation site
0,1362,filterLoc,,
0,1363,evacuee,,Evacuee;252;in triage state;G;is at the evacuation site
0,1365,filterLoc,,
0,1366,evacuee,,Evacuee;329;in triage state;G;is at the evacuation site
0,1368,filterLoc,,
0,1369,evacuee,,Evacuee;201;in triage state;G;is at the evacuation site
0,1371,filterLoc,,
0,1372,evacuee,,Evacuee;11;in triage state;G;is at the evacuation site
0,1374,filterLoc,,
0,1375,evacuee,,Evacuee;202;in triage state;G;is at the evacuation site
0,1377,filterLoc,,
0,1378,evacuee,,Evacuee;390;in triage state;G;is at the evacuation site
0,1380,filterLoc,,
0,1381,evacuee,,Evacuee;204;in triage state;G;is at the evacuation site
0,1383,filterLoc,,
0,1384,evacuee,,Evacuee;258;in triage state;G;is at the evacuation site
0,1386,filterLoc,,
0,1387,evacuee,,Evacuee;210;in triage state;G;is at the evacuation site
0,1389,filterLoc,,
0,1390,evacuee,,Evacuee;275;in triage state;G;is at the evacuation site
0,1392,filterLoc,,
0,1393,evacuee,,Evacuee;205;in triage state;G;is at the evacuation site
0,1395,filterLoc,,
0,1396,evacuee,,Evacuee;323;in triage state;G;is at the evacuation site
0,1398,filterLoc,,
0,1399,evacuee,,Evacuee;180;in triage state;G;is at the evacuation site
0,1401,filterLoc,,
0,1402,evacuee,,Evacuee;206;in triage state;G;is at the evacuation site
0,1404,filterLoc,,
0,1405,evacuee,,Evacuee;69;in triage state;G;is at the evacuation site
0,1407,filterLoc,,
0,1408,evacuee,,Evacuee;207;in triage state;G;is at the evacuation site
0,1410,filterLoc,,
0,1411,evacuee,,Evacuee;27;in triage state;G;is at the evacuation site
0,1413,filterLoc,,
0,1414,evacuee,,Evacuee;211;in triage state;G;is at the evacuation site
0,1416,filterLoc,,
0,1417,evacuee,,Evacuee;294;in triage state;G;is at the evacuation site
0,1419,filterLoc,,
0,1420,evacuee,,Evacuee;214;in triage state;G;is at the evacuation site
0,1422,filterLoc,,
0,1423,evacuee,,Evacuee;12;in triage state;G;is at the evacuation site
0,1425,filterLoc,,
0,1426,evacuee,,Evacuee;216;in triage state;G;is at the evacuation site
0,1428,filterLoc,,
0,1429,evacuee,,Evacuee;219;in triage state;G;is at the evacuation site
0,1431,filterLoc,,
0,1432,evacuee,,Evacuee;221;in triage state;G;is at the evacuation site
0,1434,filterLoc,,
0,1435,evacuee,,Evacuee;224;in triage state;G;is at the evacuation site
0,1437,filterLoc,,
0,1438,evacuee,,Evacuee;339;in triage state;G;is at the evacuation site
0,1440,filterLoc,,
0,1441,evacuee,,Evacuee;225;in triage state;G;is at the evacuation site
0,1443,filterLoc,,
0,1444,evacuee,,Evacuee;164;in triage state;G;is at the evacuation site
0,1446,filterLoc,,
0,1447,evacuee,,Evacuee;226;in triage state;G;is at the evacuation site
0,1449,filterLoc,,
0,1450,evacuee,,Evacuee;464;in triage state;G;is at the evacuation site
0,1452,filterLoc,,
0,1453,evacuee,,Evacuee;227;in triage state;G;is at the evacuation site
0,1455,filterLoc,,
0,1456,evacuee,,Evacuee;267;in triage state;G;is at the evacuation site
0,1458,filterLoc,,
0,1459,evacuee,,Evacuee;73;in triage state;G;is at the evacuation site
0,1461,filterLoc,,
0,1462,evacuee,,Evacuee;233;in triage state;G;is at the evacuation site
0,1464,filterLoc,,
0,1465,evacuee,,Evacuee;236;in triage state;G;is at the evacuation site
0,1467,filterLoc,,
0,1468,evacuee,,Evacuee;7;in triage state;G;is at the evacuation site
0,1470,filterLoc,,
0,1471,evacuee,,Evacuee;237;in triage state;G;is at the evacuation site
0,1473,filterLoc,,
0,1474,evacuee,,Evacuee;238;in triage state;G;is at the evacuation site
0,1476,filterLoc,,
0,1477,evacuee,,Evacuee;113;in triage state;G;is at the evacuation site
0,1479,filterLoc,,
0,1480,evacuee,,Evacuee;239;in triage state;G;is at the evacuation site
0,1482,filterLoc,,
0,1483,evacuee,,Evacuee;243;in triage state;G;is at the evacuation site
0,1485,filterLoc,,
0,1486,evacuee,,Evacuee;96;in triage state;G;is at the evacuation site
0,1488,filterLoc,,
0,1489,evacuee,,Evacuee;244;in triage state;G;is at the evacuation site
0,1491,filterLoc,,
0,1492,evacuee,,Evacuee;247;in triage state;G;is at the evacuation site
0,1494,filterLoc,,
0,1495,evacuee,,Evacuee;59;in triage state;G;is at the evacuation site
0,1497,filterLoc,,
0,1498,evacuee,,Evacuee;248;in triage state;G;is at the evacuation site
0,1500,filterLoc,,
0,1501,evacuee,,Evacuee;467;in triage state;G;is at the evacuation site
0,1503,filterLoc,,
0,1504,evacuee,,Evacuee;298;in triage state;G;is at the evacuation site
0,1506,filterLoc,,
0,1507,evacuee,,Evacuee;254;in triage state;G;is at the evacuation site
0,1509,filterLoc,,
0,1510,evacuee,,Evacuee;257;in triage state;G;is at the evacuation site
0,4,helipadManager,outHQ,0
0,4,helipadManager,,;No helos are at ES
0,5,helicopterQueue,,;No helos are waiting to land
0,5,helicopterQueue,,;No helos are waiting to land
90,3,evacueeManager,,OFF SHIP: White;0;Green;475;Yellow;20;Red;0;Black;5;ON SHIP: White;0;Green;0;Yellow;0;Red;0;Evacuees to Transfer;
90,8,evacuee,outES,Evacuee 500 in triage category R is not assigned a helicopter
90,8,evacuee,,Evacuee;500;in triage state;B;is at the evacuation site
90,11,evacuee,outES,Evacuee 498 in triage category R is not assigned a helicopter
90,11,evacuee,,Evacuee;498;in triage state;B;is at the evacuation site
90,35,evacuee,outES,Evacuee 499 in triage category R is not assigned a helicopter
90,35,evacuee,,Evacuee;499;in triage state;B;is at the evacuation site
90,570,evacuee,outES,Evacuee 497 in triage category R is not assigned a helicopter
90,570,evacuee,,Evacuee;497;in triage state;B;is at the evacuation site
90,978,evacuee,outES,Evacuee 496 in triage category R is not assigned a helicopter
90,978,evacuee,,Evacuee;496;in triage state;B;is at the evacuation site
480,3,evacueeManager,,OFF SHIP: White;0;Green;475;Yellow;0;Red;20;Black;5;ON SHIP: White;0;Green;0;Yellow;0;Red;0;Evacuees to Transfer;
480,14,evacuee,outES,Evacuee 494 in triage category Y is not assigned a helicopter
480,14,evacuee,,Evacuee;494;in triage state;R;is at the evacuation site
480,17,evacuee,outES,Evacuee 492 in triage category Y is not assigned a helicopter
480,17,evacuee,,Evacuee;492;in triage state;R;is at the evacuation site
480,20,evacuee,outES,Evacuee 489 in triage category Y is not assigned a helicopter
480,20,evacuee,,Evacuee;489;in triage state;R;is at the evacuation site
480,23,evacuee,outES,Evacuee 486 in triage category Y is not assigned a helicopter
480,23,evacuee,,Evacuee;486;in triage state;R;is at the evacuation site
480,26,evacuee,outES,Evacuee 484 in triage category Y is not assigned a helicopter
480,26,evacuee,,Evacuee;484;in triage state;R;is at the evacuation site
480,29,evacuee,outES,Evacuee 483 in triage category Y is not assigned a helicopter
480,29,evacuee,,Evacuee;483;in triage state;R;is at the evacuation site
480,32,evacuee,outES,Evacuee 482 in triage category Y is not assigned a helicopter
480,32,evacuee,,Evacuee;482;in triage state;R;is at the evacuation site
480,38,evacuee,outES,Evacuee 479 in triage category Y is not assigned a helicopter
480,38,evacuee,,Evacuee;479;in triage state;R;is at the evacuation site
480,41,evacuee,outES,Evacuee 478 in triage category Y is not assigned a helicopter
480,41,evacuee,,Evacuee;478;in triage state;R;is at the evacuation site
480,44,evacuee,outES,Evacuee 476 in triage category Y is not assigned a helicopter
480,44,evacuee,,Evacuee;476;in triage state;R;is at the evacuation site
480,71,evacuee,outES,Evacuee 495 in triage category Y is not assigned a helicopter
480,71,evacuee,,Evacuee;495;in triage state;R;is at the evacuation site
480,74,evacuee,outES,Evacuee 477 in triage category Y is not assigned a helicopter
480,74,evacuee,,Evacuee;477;in triage state;R;is at the evacuation site
480,188,evacuee,outES,Evacuee 480 in triage category Y is not assigned a helicopter
480,188,evacuee,,Evacuee;480;in triage state;R;is at the evacuation site
480,360,evacuee,outES,Evacuee 488 in triage category Y is not assigned a helicopter
480,360,evacuee,,Evacuee;488;in triage state;R;is at the evacuation site
480,498,evacuee,outES,Evacuee 491 in triage category Y is not assigned a helicopter
480,498,evacuee,,Evacuee;491;in triage state;R;is at the evacuation site
480,582,evacuee,outES,Evacuee 485 in triage category Y is not assigned a helicopter
480,582,evacuee,,Evacuee;485;in triage state;R;is at the evacuation site
480,735,evacuee,outES,Evacuee 481 in triage category Y is not assigned a helicopter
480,735,evacuee,,Evacuee;481;in triage state;R;is at the evacuation site
480,873,evacuee,outES,Evacuee 493 in triage category Y is not assigned a helicopter
480,873,evacuee,,Evacuee;493;in triage state;R;is at the evacuation site
480,900,evacuee,outES,Evacuee 487 in triage category Y is not assigned a helicopter
480,900,evacuee,,Evacuee;487;in triage state;R;is at the evacuation site
480,1116,evacuee,outES,Evacuee 490 in triage category Y is not assigned a helicopter
480,1116,evacuee,,Evacuee;490;in triage state;R;is at the evacuation site
570,3,evacueeManager,,OFF SHIP: White;0;Green;475;Yellow;0;Red;0;Black;25;ON SHIP: White;0;Green;0;Yellow;0;Red;0;Evacuees to Transfer;
570,14,evacuee,outES,Evacuee 494 in triage category R is not assigned a helicopter
570,14,evacuee,,Evacuee;494;in triage state;B;is at the evacuation site
570,17,evacuee,outES,Evacuee 492 in triage category R is not assigned a helicopter
570,17,evacuee,,Evacuee;492;in triage state;B;is at the evacuation site
570,20,evacuee,outES,Evacuee 489 in triage category R is not assigned a helicopter
570,20,evacuee,,Evacuee;489;in triage state;B;is at the evacuation site
570,23,evacuee,outES,Evacuee 486 in triage category R is not assigned a helicopter
570,23,evacuee,,Evacuee;486;in triage state;B;is at the evacuation site
570,26,evacuee,outES,Evacuee 484 in triage category R is not assigned a helicopter
570,26,evacuee,,Evacuee;484;in triage state;B;is at the evacuation site
570,29,evacuee,outES,Evacuee 483 in triage category R is not assigned a helicopter
570,29,evacuee,,Evacuee;483;in triage state;B;is at the evacuation site
570,32,evacuee,outES,Evacuee 482 in triage category R is not assigned a helicopter
570,32,evacuee,,Evacuee;482;in triage state;B;is at the evacuation site
570,38,evacuee,outES,Evacuee 479 in triage category R is not assigned a helicopter
570,38,evacuee,,Evacuee;479;in triage state;B;is at the evacuation site
570,41,evacuee,outES,Evacuee 478 in triage category R is not assigned a helicopter
570,41,evacuee,,Evacuee;478;in triage state;B;is at the evacuation site
570,44,evacuee,outES,Evacuee 476 in triage category R is not assigned a helicopter
570,44,evacuee,,Evacuee;476;in triage state;B;is at the evacuation site
570,71,evacuee,outES,Evacuee 495 in triage category R is not assigned a helicopter
570,71,evacuee,,Evacuee;495;in triage state;B;is at the evacuation site
570,74,evacuee,outES,Evacuee 477 in triage category R is not assigned a helicopter
570,74,evacuee,,Evacuee;477;in triage state;B;is at the evacuation site
570,188,evacuee,outES,Evacuee 480 in triage category R is not assigned a helicopter
570,188,evacuee,,Evacuee;480;in triage state;B;is at the evacuation site
570,360,evacuee,outES,Evacuee 488 in triage category R is not assigned a helicopter
570,360,evacuee,,Evacuee;488;in triage state;B;is at the evacuation site
570,498,evacuee,outES,Evacuee 491 in triage category R is not assigned a helicopter
570,498,evacuee,,Evacuee;491;in triage state;B;is at the evacuation site
570,582,evacuee,outES,Evacuee 485 in triage category R is not assigned a helicopter
570,582,evacuee,,Evacuee;485;in triage state;B;is at the evacuation site
570,735,evacuee,outES,Evacuee 481 in triage category R is not assigned a helicopter
570,735,evacuee,,Evacuee;481;in triage state;B;is at the evacuation site
570,873,evacuee,outES,Evacuee 493 in triage category R is not assigned a helicopter
570,873,evacuee,,Evacuee;493;in triage state;B;is at the evacuation site
570,900,evacuee,outES,Evacuee 487 in triage category R is not assigned a helicopter
570,900,evacuee,,Evacuee;487;in triage state;B;is at the evacuation site
570,1116,evacuee,outES,Evacuee 490 in triage category R is not assigned a helicopter
570,1116,evacuee,,Evacuee;490;in triage state;B;is at the evacuation site
2790,1162,helicopter,,Helicopter;1;Is going to the evacuation site;;and has;0;spots taken
2865,5,helicopterQueue,,1;Helos are waiting to land;HeloID;1
2865,1162,helicopter,outES,Helicopter 1 is evacuating people1
2865,1162,helicopter,,Helicopter;1;is waiting to land at the evacuation site;;and has;0;spots taken
2865,4,helipadManager,,Helo;1;is at the ES
2865,5,helicopterQueue,outHM,Helicopter 1 is evacuating people1
2865,5,helicopterQueue,outHelo,Helicopter 1 is evacuating people1
2865,5,helicopterQueue,,;No helos are waiting to land
2865,1161,filterES,,Helicopter;1;is evacuating people
2865,1161,filterES,out,Helicopter 1 is evacuating people1
2865,1161,filterES,,
2865,1162,helicopter,,Helicopter;1;is waiting to land at the evacuation site;;and has;0;spots taken
2865,1162,helicopter,,Helicopter;1;is loading people at the evacuation site;;and has;0;spots taken
2880,3,evacueeManager,,OFF SHIP: White;0;Green;0;Yellow;472;Red;0;Black;25;ON SHIP: White;0;Green;0;Yellow;0;Red;0;Evacuees to Transfer;;EvacueeID;1;HeloID;1;OnShip;0;Triage Status;Y;EvacueeID;2;HeloID;1;OnShip;0;Triage Status;Y;EvacueeID;3;HeloID;1;OnShip;0;Triage Status;Y
2880,4,helipadManager,outEM,Helicopter 1 is evacuating people1
2880,4,helipadManager,outHelo,Helicopter 1 is evacuating people1
2880,4,helipadManager,,;No helos are at ES
2880,47,evacuee,outES,Evacuee 475 in triage category G is not assigned a helicopter
2880,47,evacuee,,Evacuee;475;in triage state;Y;is at the evacuation site
2880,50,evacuee,outES,Evacuee 472 in triage category G is not assigned a helicopter
2880,50,evacuee,,Evacuee;472;in triage state;Y;is at the evacuation site
2880,53,evacuee,outES,Evacuee 471 in triage category G is not assigned a helicopter
2880,53,evacuee,,Evacuee;471;in triage state;Y;is at the evacuation site
2880,56,evacuee,outES,Evacuee 468 in triage category G is not assigned a helicopter
2880,56,evacuee,,Evacuee;468;in triage state;Y;is at the evacuation site
2880,59,evacuee,outES,Evacuee 463 in triage category G is not assigned a helicopter
2880,59,evacuee,,Evacuee;463;in triage state;Y;is at the evacuation site
2880,62,evacuee,outES,Evacuee 462 in triage category G is not assigned a helicopter
2880,62,evacuee,,Evacuee;462;in triage state;Y;is at the evacuation site
2880,65,evacuee,outES,Evacuee 461 in triage category G is not assigned a helicopter
2880,65,evacuee,,Evacuee;461;in triage state;Y;is at the evacuation site
2880,68,evacuee,outES,Evacuee 459 in triage category G is not assigned a helicopter
2880,68,evacuee,,Evacuee;459;in triage state;Y;is at the evacuation site
2880,77,evacuee,outES,Evacuee 458 in triage category G is not assigned a helicopter
2880,77,evacuee,,Evacuee;458;in triage state;Y;is at the evacuation site
2880,80,evacuee,outES,Evacuee 456 in triage category G is not assigned a helicopter
2880,80,evacuee,,Evacuee;456;in triage state;Y;is at the evacuation site
2880,83,evacuee,outES,Evacuee 455 in triage category G is not assigned a helicopter
2880,83,evacuee,,Evacuee;455;in triage state;Y;is at the evacuation site
2880,86,evacuee,outES,Evacuee 448 in triage category G is not assigned a helicopter
2880,86,evacuee,,Evacuee;448;in triage state;Y;is at the evacuation site
2880,89,evacuee,outES,Evacuee 445 in triage category G is not assigned a helicopter
2880,89,evacuee,,Evacuee;445;in triage state;Y;is at the evacuation site
2880,92,evacuee,outES,Evacuee 442 in triage category G is not assigned a helicopter
2880,92,evacuee,,Evacuee;442;in triage state;Y;is at the evacuation site
2880,95,evacuee,outES,Evacuee 441 in triage category G is not assigned a helicopter
2880,95,evacuee,,Evacuee;441;in triage state;Y;is at the evacuation site
2880,98,evacuee,outES,Evacuee 439 in triage category G is not assigned a helicopter
2880,98,evacuee,,Evacuee;439;in triage state;Y;is at the evacuation site
2880,101,evacuee,outES,Evacuee 437 in triage category G is not assigned a helicopter
2880,101,evacuee,,Evacuee;437;in triage state;Y;is at the evacuation site
2880,104,evacuee,outES,Evacuee 436 in triage category G is not assigned a helicopter
2880,104,evacuee,,Evacuee;436;in triage state;Y;is at the evacuation site
2880,107,evacuee,outES,Evacuee 434 in triage category G is not assigned a helicopter
2880,107,evacuee,,Evacuee;434;in triage state;Y;is at the evacuation site
2880,110,evacuee,outES,Evacuee 433 in triage category G is not assigned a helicopter
2880,110,evacuee,,Evacuee;433;in triage state;Y;is at the evacuation site
2880,113,evacuee,outES,Evacuee 428 in triage category G is not assigned a helicopter
2880,113,evacuee,,Evacuee;428;in triage state;Y;is at the evacuation site
2880,116,evacuee,outES,Evacuee 426 in triage category G is not assigned a helicopter
2880,116,evacuee,,Evacuee;426;in triage state;Y;is at the evacuation site
2880,119,evacuee,outES,Evacuee 423 in triage category G is not assigned a helicopter
2880,119,evacuee,,Evacuee;423;in triage state;Y;is at the evacuation site
2880,122,evacuee,outES,Evacuee 420 in triage category G is not assigned a helicopter
2880,122,evacuee,,Evacuee;420;in triage state;Y;is at the evacuation site
2880,125,evacuee,outES,Evacuee 419 in triage category G is not assigned a helicopter
2880,125,evacuee,,Evacuee;419;in triage state;Y;is at the evacuation site
2880,128,evacuee,outES,Evacuee 414 in triage category G is not assigned a helicopter
2880,128,evacuee,,Evacuee;414;in triage state;Y;is at the evacuation site
2880,131,evacuee,outES,Evacuee 411 in triage category G is not assigned a helicopter
2880,131,evacuee,,Evacuee;411;in triage state;Y;is at the evacuation site
2880,134,evacuee,outES,Evacuee 422 in triage category G is not assigned a helicopter
2880,134,evacuee,,Evacuee;422;in triage state;Y;is at the evacuation site
2880,137,evacuee,outES,Evacuee 409 in triage category G is not assigned a helicopter
2880,137,evacuee,,Evacuee;409;in triage state;Y;is at the evacuation site
2880,140,evacuee,outES,Evacuee 408 in triage category G is not assigned a helicopter
2880,140,evacuee,,Evacuee;408;in triage state;Y;is at the evacuation site
2880,143,evacuee,outES,Evacuee 406 in triage category G is not assigned a helicopter
2880,143,evacuee,,Evacuee;406;in triage state;Y;is at the evacuation site
2880,146,evacuee,outES,Evacuee 404 in triage category G is not assigned a helicopter
2880,146,evacuee,,Evacuee;404;in triage state;Y;is at the evacuation site
2880,149,evacuee,outES,Evacuee 403 in triage category G is not assigned a helicopter
2880,149,evacuee,,Evacuee;403;in triage state;Y;is at the evacuation site
2880,152,evacuee,outES,Evacuee 401 in triage category G is not assigned a helicopter
2880,152,evacuee,,Evacuee;401;in triage state;Y;is at the evacuation site
2880,155,evacuee,outES,Evacuee 398 in triage category G is not assigned a helicopter
2880,155,evacuee,,Evacuee;398;in triage state;Y;is at the evacuation site
2880,158,evacuee,outES,Evacuee 397 in triage category G is not assigned a helicopter
2880,158,evacuee,,Evacuee;397;in triage state;Y;is at the evacuation site
2880,161,evacuee,outES,Evacuee 452 in triage category G is not assigned a helicopter
2880,161,evacuee,,Evacuee;452;in triage state;Y;is at the evacuation site
2880,164,evacuee,outES,Evacuee 396 in triage category G is not assigned a helicopter
2880,164,evacuee,,Evacuee;396;in triage state;Y;is at the evacuation site
2880,167,evacuee,outES,Evacuee 395 in triage category G is not assigned a helicopter
2880,167,evacuee,,Evacuee;395;in triage state;Y;is at the evacuation site
2880,170,evacuee,outES,Evacuee 393 in triage category G is not assigned a helicopter
2880,170,evacuee,,Evacuee;393;in triage state;Y;is at the evacuation site
2880,173,evacuee,outES,Evacuee 392 in triage category G is not assigned a helicopter
2880,173,evacuee,,Evacuee;392;in triage state;Y;is at the evacuation site
2880,176,evacuee,outES,Evacuee 389 in triage category G is not assigned a helicopter
2880,176,evacuee,,Evacuee;389;in triage state;Y;is at the evacuation site
2880,179,evacuee,outES,Evacuee 384 in triage category G is not assigned a helicopter
2880,179,evacuee,,Evacuee;384;in triage state;Y;is at the evacuation site
2880,182,evacuee,outES,Evacuee 430 in triage category G is not assigned a helicopter
2880,182,evacuee,,Evacuee;430;in triage state;Y;is at the evacuation site
2880,185,evacuee,outES,Evacuee 383 in triage category G is not assigned a helicopter
2880,185,evacuee,,Evacuee;383;in triage state;Y;is at the evacuation site
2880,191,evacuee,outES,Evacuee 382 in triage category G is not assigned a helicopter
2880,191,evacuee,,Evacuee;382;in triage state;Y;is at the evacuation site
2880,194,evacuee,outES,Evacuee 381 in triage category G is not assigned a helicopter
2880,194,evacuee,,Evacuee;381;in triage state;Y;is at the evacuation site
2880,197,evacuee,outES,Evacuee 427 in triage category G is not assigned a helicopter
2880,197,evacuee,,Evacuee;427;in triage state;Y;is at the evacuation site
2880,200,evacuee,outES,Evacuee 380 in triage category G is not assigned a helicopter
2880,200,evacuee,,Evacuee;380;in triage state;Y;is at the evacuation site
2880,203,evacuee,outES,Evacuee 379 in triage category G is not assigned a helicopter
2880,203,evacuee,,Evacuee;379;in triage state;Y;is at the evacuation site
2880,206,evacuee,outES,Evacuee 378 in triage category G is not assigned a helicopter
2880,206,evacuee,,Evacuee;378;in triage state;Y;is at the evacuation site
2880,209,evacuee,outES,Evacuee 377 in triage category G is not assigned a helicopter
2880,209,evacuee,,Evacuee;377;in triage state;Y;is at the evacuation site
2880,212,evacuee,outES,Evacuee 375 in triage category G is not assigned a helicopter
2880,212,evacuee,,Evacuee;375;in triage state;Y;is at the evacuation site
2880,215,evacuee,outES,Evacuee 374 in triage category G is not assigned a helicopter
2880,215,evacuee,,Evacuee;374;in triage state;Y;is at the evacuation site
2880,218,evacuee,outES,Evacuee 372 in triage category G is not assigned a helicopter
2880,218,evacuee,,Evacuee;372;in triage state;Y;is at the evacuation site
2880,221,evacuee,outES,Evacuee 371 in triage category G is not assigned a helicopter
2880,221,evacuee,,Evacuee;371;in triage state;Y;is at the evacuation site
2880,225,evacuee,outES,Evacuee 370 in triage category G is not assigned a helicopter
2880,225,evacuee,,Evacuee;370;in triage state;Y;is at the evacuation site
2880,228,evacuee,outES,Evacuee 457 in triage category G is not assigned a helicopter
2880,228,evacuee,,Evacuee;457;in triage state;Y;is at the evacuation site
2880,231,evacuee,outES,Evacuee 369 in triage category G is not assigned a helicopter
2880,231,evacuee,,Evacuee;369;in triage state;Y;is at the evacuation site
2880,234,evacuee,outES,Evacuee 366 in triage category G is not assigned a helicopter
2880,234,evacuee,,Evacuee;366;in triage state;Y;is at the evacuation site
2880,237,evacuee,outES,Evacuee 362 in triage category G is not assigned a helicopter
2880,237,evacuee,,Evacuee;362;in triage state;Y;is at the evacuation site
2880,240,evacuee,outES,Evacuee 425 in triage category G is not assigned a helicopter
2880,240,evacuee,,Evacuee;425;in triage state;Y;is at the evacuation site
2880,243,evacuee,outES,Evacuee 360 in triage category G is not assigned a helicopter
2880,243,evacuee,,Evacuee;360;in triage state;Y;is at the evacuation site
2880,246,evacuee,outES,Evacuee 357 in triage category G is not assigned a helicopter
2880,246,evacuee,,Evacuee;357;in triage state;Y;is at the evacuation site
2880,249,evacuee,outES,Evacuee 354 in triage category G is not assigned a helicopter
2880,249,evacuee,,Evacuee;354;in triage state;Y;is at the evacuation site
2880,252,evacuee,outES,Evacuee 353 in triage category G is not assigned a helicopter
2880,252,evacuee,,Evacuee;353;in triage state;Y;is at the evacuation site
2880,255,evacuee,outES,Evacuee 351 in triage category G is not assigned a helicopter
2880,255,evacuee,,Evacuee;351;in triage state;Y;is at the evacuation site
2880,258,evacuee,outES,Evacuee 349 in triage category G is not assigned a helicopter
2880,258,evacuee,,Evacuee;349;in triage state;Y;is at the evacuation site
2880,261,evacuee,outES,Evacuee 348 in triage category G is not assigned a helicopter
2880,261,evacuee,,Evacuee;348;in triage state;Y;is at the evacuation site
2880,264,evacuee,outES,Evacuee 346 in triage category G is not assigned a helicopter
2880,264,evacuee,,Evacuee;346;in triage state;Y;is at the evacuation site
2880,267,evacuee,outES,Evacuee 341 in triage category G is not assigned a helicopter
2880,267,evacuee,,Evacuee;341;in triage state;Y;is at the evacuation site
2880,270,evacuee,outES,Evacuee 340 in triage category G is not assigned a helicopter
2880,270,evacuee,,Evacuee;340;in triage state;Y;is at the evacuation site
2880,273,evacuee,outES,Evacuee 338 in triage category G is not assigned a helicopter
2880,273,evacuee,,Evacuee;338;in triage state;Y;is at the evacuation site
2880,276,evacuee,outES,Evacuee 335 in triage category G is not assigned a helicopter
2880,276,evacuee,,Evacuee;335;in triage state;Y;is at the evacuation site
2880,279,evacuee,outES,Evacuee 331 in triage category G is not assigned a helicopter
2880,279,evacuee,,Evacuee;331;in triage state;Y;is at the evacuation site
2880,282,evacuee,outES,Evacuee 330 in triage category G is not assigned a helicopter
2880,282,evacuee,,Evacuee;330;in triage state;Y;is at the evacuation site
2880,285,evacuee,outES,Evacuee 328 in triage category G is not assigned a helicopter
2880,285,evacuee,,Evacuee;328;in triage state;Y;is at the evacuation site
2880,288,evacuee,outES,Evacuee 327 in triage category G is not assigned a helicopter
2880,288,evacuee,,Evacuee;327;in triage state;Y;is at the evacuation site
2880,291,evacuee,outES,Evacuee 410 in triage category G is not assigned a helicopter
2880,291,evacuee,,Evacuee;410;in triage state;Y;is at the evacuation site
2880,294,evacuee,outES,Evacuee 326 in triage category G is not assigned a helicopter
2880,294,evacuee,,Evacuee;326;in triage state;Y;is at the evacuation site
2880,297,evacuee,outES,Evacuee 466 in triage category G is not assigned a helicopter
2880,297,evacuee,,Evacuee;466;in triage state;Y;is at the evacuation site
2880,300,evacuee,outES,Evacuee 325 in triage category G is not assigned a helicopter
2880,300,evacuee,,Evacuee;325;in triage state;Y;is at the evacuation site
2880,303,evacuee,outES,Evacuee 365 in triage category G is not assigned a helicopter
2880,303,evacuee,,Evacuee;365;in triage state;Y;is at the evacuation site
2880,306,evacuee,outES,Evacuee 322 in triage category G is not assigned a helicopter
2880,306,evacuee,,Evacuee;322;in triage state;Y;is at the evacuation site
2880,309,evacuee,outES,Evacuee 321 in triage category G is not assigned a helicopter
2880,309,evacuee,,Evacuee;321;in triage state;Y;is at the evacuation site
2880,312,evacuee,outES,Evacuee 319 in triage category G is not assigned a helicopter
2880,312,evacuee,,Evacuee;319;in triage state;Y;is at the evacuation site
2880,315,evacuee,outES,Evacuee 318 in triage category G is not assigned a helicopter
2880,315,evacuee,,Evacuee;318;in triage state;Y;is at the evacuation site
2880,318,evacuee,outES,Evacuee 317 in triage category G is not assigned a helicopter
2880,318,evacuee,,Evacuee;317;in triage state;Y;is at the evacuation site
2880,321,evacuee,outES,Evacuee 460 in triage category G is not assigned a helicopter
2880,321,evacuee,,Evacuee;460;in triage state;Y;is at the evacuation site
2880,324,evacuee,outES,Evacuee 316 in triage category G is not assigned a helicopter
2880,324,evacuee,,Evacuee;316;in triage state;Y;is at the evacuation site
2880,327,evacuee,outES,Evacuee 446 in triage category G is not assigned a helicopter
2880,327,evacuee,,Evacuee;446;in triage state;Y;is at the evacuation site
2880,330,evacuee,outES,Evacuee 313 in triage category G is not assigned a helicopter
2880,330,evacuee,,Evacuee;313;in triage state;Y;is at the evacuation site
2880,333,evacuee,outES,Evacuee 443 in triage category G is not assigned a helicopter
2880,333,evacuee,,Evacuee;443;in triage state;Y;is at the evacuation site
2880,336,evacuee,outES,Evacuee 312 in triage category G is not assigned a helicopter
2880,336,evacuee,,Evacuee;312;in triage state;Y;is at the evacuation site
2880,339,evacuee,outES,Evacuee 309 in triage category G is not assigned a helicopter
2880,339,evacuee,,Evacuee;309;in triage state;Y;is at the evacuation site
2880,342,evacuee,outES,Evacuee 306 in triage category G is not assigned a helicopter
2880,342,evacuee,,Evacuee;306;in triage state;Y;is at the evacuation site
2880,345,evacuee,outES,Evacuee 305 in triage category G is not assigned a helicopter
2880,345,evacuee,,Evacuee;305;in triage state;Y;is at the evacuation site
2880,348,evacuee,outES,Evacuee 303 in triage category G is not assigned a helicopter
2880,348,evacuee,,Evacuee;303;in triage state;Y;is at the evacuation site
2880,351,evacuee,outES,Evacuee 295 in triage category G is not assigned a helicopter
2880,351,evacuee,,Evacuee;295;in triage state;Y;is at the evacuation site
2880,354,evacuee,outES,Evacuee 352 in triage category G is not assigned a helicopter
2880,354,evacuee,,Evacuee;352;in triage state;Y;is at the evacuation site
2880,357,evacuee,outES,Evacuee 293 in triage category G is not assigned a helicopter
2880,357,evacuee,,Evacuee;293;in triage state;Y;is at the evacuation site
2880,363,evacuee,outES,Evacuee 413 in triage category G is not assigned a helicopter
2880,363,evacuee,,Evacuee;413;in triage state;Y;is at the evacuation site
2880,366,evacuee,outES,Evacuee 292 in triage category G is not assigned a helicopter
2880,366,evacuee,,Evacuee;292;in triage state;Y;is at the evacuation site
2880,369,evacuee,outES,Evacuee 291 in triage category G is not assigned a helicopter
2880,369,evacuee,,Evacuee;291;in triage state;Y;is at the evacuation site
2880,372,evacuee,outES,Evacuee 290 in triage category G is not assigned a helicopter
2880,372,evacuee,,Evacuee;290;in triage state;Y;is at the evacuation site
2880,375,evacuee,outES,Evacuee 350 in triage category G is not assigned a helicopter
2880,375,evacuee,,Evacuee;350;in triage state;Y;is at the evacuation site
2880,378,evacuee,outES,Evacuee 288 in triage category G is not assigned a helicopter
2880,378,evacuee,,Evacuee;288;in triage state;Y;is at the evacuation site
2880,381,evacuee,outES,Evacuee 287 in triage category G is not assigned a helicopter
2880,381,evacuee,,Evacuee;287;in triage state;Y;is at the evacuation site
2880,384,evacuee,outES,Evacuee 415 in triage category G is not assigned a helicopter
2880,384,evacuee,,Evacuee;415;in triage state;Y;is at the evacuation site
2880,387,evacuee,outES,Evacuee 376 in triage category G is not assigned a helicopter
2880,387,evacuee,,Evacuee;376;in triage state;Y;is at the evacuation site
2880,390,evacuee,outES,Evacuee 284 in triage category G is not assigned a helicopter
2880,390,evacuee,,Evacuee;284;in triage state;Y;is at the evacuation site
2880,393,evacuee,outES,Evacuee 283 in triage category G is not assigned a helicopter
2880,393,evacuee,,Evacuee;283;in triage state;Y;is at the evacuation site
2880,396,evacuee,outES,Evacuee 282 in triage category G is not assigned a helicopter
2880,396,evacuee,,Evacuee;282;in triage state;Y;is at the evacuation site
2880,399,evacuee,outES,Evacuee 281 in triage category G is not assigned a helicopter
2880,399,evacuee,,Evacuee;281;in triage state;Y;is at the evacuation site
2880,402,evacuee,outES,Evacuee 280 in triage category G is not assigned a helicopter
2880,402,evacuee,,Evacuee;280;in triage state;Y;is at the evacuation site
2880,405,evacuee,outES,Evacuee 333 in triage category G is not assigned a helicopter
2880,405,evacuee,,Evacuee;333;in triage state;Y;is at the evacuation site
2880,408,evacuee,outES,Evacuee 279 in triage category G is not assigned a helicopter
2880,408,evacuee,,Evacuee;279;in triage state;Y;is at the evacuation site
2880,411,evacuee,outES,Evacuee 278 in triage category G is not assigned a helicopter
2880,411,evacuee,,Evacuee;278;in triage state;Y;is at the evacuation site
2880,414,evacuee,outES,Evacuee 277 in triage category G is not assigned a helicopter
2880,414,evacuee,,Evacuee;277;in triage state;Y;is at the evacuation site
2880,417,evacuee,outES,Evacuee 315 in triage category G is not assigned a helicopter
2880,417,evacuee,,Evacuee;315;in triage state;Y;is at the evacuation site
2880,420,evacuee,outES,Evacuee 274 in triage category G is not assigned a helicopter
2880,420,evacuee,,Evacuee;274;in triage state;Y;is at the evacuation site
2880,423,evacuee,outES,Evacuee 273 in triage category G is not assigned a helicopter
2880,423,evacuee,,Evacuee;273;in triage state;Y;is at the evacuation site
2880,426,evacuee,outES,Evacuee 337 in triage category G is not assigned a helicopter
2880,426,evacuee,,Evacuee;337;in triage state;Y;is at the evacuation site
2880,429,evacuee,outES,Evacuee 301 in triage category G is not assigned a helicopter
2880,429,evacuee,,Evacuee;301;in triage state;Y;is at the evacuation site
2880,432,evacuee,outES,Evacuee 272 in triage category G is not assigned a helicopter
2880,432,evacuee,,Evacuee;272;in triage state;Y;is at the evacuation site
2880,435,evacuee,outES,Evacuee 270 in triage category G is not assigned a helicopter
2880,435,evacuee,,Evacuee;270;in triage state;Y;is at the evacuation site
2880,438,evacuee,outES,Evacuee 264 in triage category G is not assigned a helicopter
2880,438,evacuee,,Evacuee;264;in triage state;Y;is at the evacuation site
2880,441,evacuee,outES,Evacuee 262 in triage category G is not assigned a helicopter
2880,441,evacuee,,Evacuee;262;in triage state;Y;is at the evacuation site
2880,444,evacuee,outES,Evacuee 260 in triage category G is not assigned a helicopter
2880,444,evacuee,,Evacuee;260;in triage state;Y;is at the evacuation site
2880,447,evacuee,outES,Evacuee 259 in triage category G is not assigned a helicopter
2880,447,evacuee,,Evacuee;259;in triage state;Y;is at the evacuation site
2880,450,evacuee,outES,Evacuee 125 in triage category G is not assigned a helicopter
2880,450,evacuee,,Evacuee;125;in triage state;Y;is at the evacuation site
2880,453,evacuee,outES,Evacuee 114 in triage category G is not assigned a helicopter
2880,453,evacuee,,Evacuee;114;in triage state;Y;is at the evacuation site
2880,456,evacuee,outES,Evacuee 289 in triage category G is not assigned a helicopter
2880,456,evacuee,,Evacuee;289;in triage state;Y;is at the evacuation site
2880,459,evacuee,outES,Evacuee 88 in triage category G is not assigned a helicopter
2880,459,evacuee,,Evacuee;88;in triage state;Y;is at the evacuation site
2880,462,evacuee,outES,Evacuee 449 in triage category G is not assigned a helicopter
2880,462,evacuee,,Evacuee;449;in triage state;Y;is at the evacuation site
2880,465,evacuee,outES,Evacuee 122 in triage category G is not assigned a helicopter
2880,465,evacuee,,Evacuee;122;in triage state;Y;is at the evacuation site
2880,468,evacuee,outES,Evacuee 108 in triage category G is not assigned a helicopter
2880,468,evacuee,,Evacuee;108;in triage state;Y;is at the evacuation site
2880,471,evacuee,outES,Evacuee 276 in triage category G is not assigned a helicopter
2880,471,evacuee,,Evacuee;276;in triage state;Y;is at the evacuation site
2880,474,evacuee,outES,Evacuee 121 in triage category G is not assigned a helicopter
2880,474,evacuee,,Evacuee;121;in triage state;Y;is at the evacuation site
2880,477,evacuee,outES,Evacuee 386 in triage category G is not assigned a helicopter
2880,477,evacuee,,Evacuee;386;in triage state;Y;is at the evacuation site
2880,480,evacuee,outES,Evacuee 117 in triage category G is not assigned a helicopter
2880,480,evacuee,,Evacuee;117;in triage state;Y;is at the evacuation site
2880,483,evacuee,outES,Evacuee 192 in triage category G is not assigned a helicopter
2880,483,evacuee,,Evacuee;192;in triage state;Y;is at the evacuation site
2880,486,evacuee,outES,Evacuee 432 in triage category G is not assigned a helicopter
2880,486,evacuee,,Evacuee;432;in triage state;Y;is at the evacuation site
2880,489,evacuee,outES,Evacuee 245 in triage category G is not assigned a helicopter
2880,489,evacuee,,Evacuee;245;in triage state;Y;is at the evacuation site
2880,492,evacuee,outES,Evacuee 310 in triage category G is not assigned a helicopter
2880,492,evacuee,,Evacuee;310;in triage state;Y;is at the evacuation site
2880,495,evacuee,outES,Evacuee 118 in triage category G is not assigned a helicopter
2880,495,evacuee,,Evacuee;118;in triage state;Y;is at the evacuation site
2880,501,evacuee,outES,Evacuee 470 in triage category G is not assigned a helicopter
2880,501,evacuee,,Evacuee;470;in triage state;Y;is at the evacuation site
2880,504,evacuee,outES,Evacuee 469 in triage category G is not assigned a helicopter
2880,504,evacuee,,Evacuee;469;in triage state;Y;is at the evacuation site
2880,507,evacuee,outES,Evacuee 215 in triage category G is not assigned a helicopter
2880,507,evacuee,,Evacuee;215;in triage state;Y;is at the evacuation site
2880,510,evacuee,outES,Evacuee 345 in triage category G is not assigned a helicopter
2880,510,evacuee,,Evacuee;345;in triage state;Y;is at the evacuation site
2880,513,evacuee,outES,Evacuee 302 in triage category G is not assigned a helicopter
2880,513,evacuee,,Evacuee;302;in triage state;Y;is at the evacuation site
2880,516,evacuee,outES,Evacuee 112 in triage category G is not assigned a helicopter
2880,516,evacuee,,Evacuee;112;in triage state;Y;is at the evacuation site
2880,519,evacuee,outES,Evacuee 299 in triage category G is not assigned a helicopter
2880,519,evacuee,,Evacuee;299;in triage state;Y;is at the evacuation site
2880,522,evacuee,outES,Evacuee 109 in triage category G is not assigned a helicopter
2880,522,evacuee,,Evacuee;109;in triage state;Y;is at the evacuation site
2880,525,evacuee,outES,Evacuee 373 in triage category G is not assigned a helicopter
2880,525,evacuee,,Evacuee;373;in triage state;Y;is at the evacuation site
2880,528,evacuee,outES,Evacuee 358 in triage category G is not assigned a helicopter
2880,528,evacuee,,Evacuee;358;in triage state;Y;is at the evacuation site
2880,531,evacuee,outES,Evacuee 188 in triage category G is not assigned a helicopter
2880,531,evacuee,,Evacuee;188;in triage state;Y;is at the evacuation site
2880,534,evacuee,outES,Evacuee 106 in triage category G is not assigned a helicopter
2880,534,evacuee,,Evacuee;106;in triage state;Y;is at the evacuation site
2880,537,evacuee,outES,Evacuee 311 in triage category G is not assigned a helicopter
2880,537,evacuee,,Evacuee;311;in triage state;Y;is at the evacuation site
2880,540,evacuee,outES,Evacuee 148 in triage category G is not assigned a helicopter
2880,540,evacuee,,Evacuee;148;in triage state;Y;is at the evacuation site
2880,543,evacuee,outES,Evacuee 235 in triage category G is not assigned a helicopter
2880,543,evacuee,,Evacuee;235;in triage state;Y;is at the evacuation site
2880,546,evacuee,outES,Evacuee 105 in triage category G is not assigned a helicopter
2880,546,evacuee,,Evacuee;105;in triage state;Y;is at the evacuation site
2880,549,evacuee,outES,Evacuee 424 in triage category G is not assigned a helicopter
2880,549,evacuee,,Evacuee;424;in triage state;Y;is at the evacuation site
2880,552,evacuee,outES,Evacuee 269 in triage category G is not assigned a helicopter
2880,552,evacuee,,Evacuee;269;in triage state;Y;is at the evacuation site
2880,555,evacuee,outES,Evacuee 103 in triage category G is not assigned a helicopter
2880,555,evacuee,,Evacuee;103;in triage state;Y;is at the evacuation site
2880,558,evacuee,outES,Evacuee 124 in triage category G is not assigned a helicopter
2880,558,evacuee,,Evacuee;124;in triage state;Y;is at the evacuation site
2880,561,evacuee,outES,Evacuee 111 in triage category G is not assigned a helicopter
2880,561,evacuee,,Evacuee;111;in triage state;Y;is at the evacuation site
2880,564,evacuee,outES,Evacuee 39 in triage category G is not assigned a helicopter
2880,564,evacuee,,Evacuee;39;in triage state;Y;is at the evacuation site
2880,567,evacuee,outES,Evacuee 228 in triage category G is not assigned a helicopter
2880,567,evacuee,,Evacuee;228;in triage state;Y;is at the evacuation site
2880,573,evacuee,outES,Evacuee 101 in triage category G is not assigned a helicopter
2880,573,evacuee,,Evacuee;101;in triage state;Y;is at the evacuation site
2880,576,evacuee,outES,Evacuee 142 in triage category G is not assigned a helicopter
2880,576,evacuee,,Evacuee;142;in triage state;Y;is at the evacuation site
2880,579,evacuee,outES,Evacuee 99 in triage category G is not assigned a helicopter
2880,579,evacuee,,Evacuee;99;in triage state;Y;is at the evacuation site
2880,585,evacuee,outES,Evacuee 324 in triage category G is not assigned a helicopter
2880,585,evacuee,,Evacuee;324;in triage state;Y;is at the evacuation site
2880,588,evacuee,outES,Evacuee 95 in triage category G is not assigned a helicopter
2880,588,evacuee,,Evacuee;95;in triage state;Y;is at the evacuation site
2880,591,evacuee,outES,Evacuee 447 in triage category G is not assigned a helicopter
2880,591,evacuee,,Evacuee;447;in triage state;Y;is at the evacuation site
2880,594,evacuee,outES,Evacuee 361 in triage category G is not assigned a helicopter
2880,594,evacuee,,Evacuee;361;in triage state;Y;is at the evacuation site
2880,597,evacuee,outES,Evacuee 342 in triage category G is not assigned a helicopter
2880,597,evacuee,,Evacuee;342;in triage state;Y;is at the evacuation site
2880,600,evacuee,outES,Evacuee 93 in triage category G is not assigned a helicopter
2880,600,evacuee,,Evacuee;93;in triage state;Y;is at the evacuation site
2880,603,evacuee,outES,Evacuee 136 in triage category G is not assigned a helicopter
2880,603,evacuee,,Evacuee;136;in triage state;Y;is at the evacuation site
2880,606,evacuee,outES,Evacuee 412 in triage category G is not assigned a helicopter
2880,606,evacuee,,Evacuee;412;in triage state;Y;is at the evacuation site
2880,609,evacuee,outES,Evacuee 90 in triage category G is not assigned a helicopter
2880,609,evacuee,,Evacuee;90;in triage state;Y;is at the evacuation site
2880,612,evacuee,outES,Evacuee 1 in triage category G is not assigned a helicopter
2880,612,evacuee,,Evacuee;1;in triage state;Y;is at the evacuation site
2880,615,evacuee,outES,Evacuee 83 in triage category G is not assigned a helicopter
2880,615,evacuee,,Evacuee;83;in triage state;Y;is at the evacuation site
2880,618,evacuee,outES,Evacuee 127 in triage category G is not assigned a helicopter
2880,618,evacuee,,Evacuee;127;in triage state;Y;is at the evacuation site
2880,621,evacuee,outES,Evacuee 49 in triage category G is not assigned a helicopter
2880,621,evacuee,,Evacuee;49;in triage state;Y;is at the evacuation site
2880,624,evacuee,outES,Evacuee 87 in triage category G is not assigned a helicopter
2880,624,evacuee,,Evacuee;87;in triage state;Y;is at the evacuation site
2880,627,evacuee,outES,Evacuee 297 in triage category G is not assigned a helicopter
2880,627,evacuee,,Evacuee;297;in triage state;Y;is at the evacuation site
2880,630,evacuee,outES,Evacuee 86 in triage category G is not assigned a helicopter
2880,630,evacuee,,Evacuee;86;in triage state;Y;is at the evacuation site
2880,633,evacuee,outES,Evacuee 51 in triage category G is not assigned a helicopter
2880,633,evacuee,,Evacuee;51;in triage state;Y;is at the evacuation site
2880,636,evacuee,outES,Evacuee 444 in triage category G is not assigned a helicopter
2880,636,evacuee,,Evacuee;444;in triage state;Y;is at the evacuation site
2880,639,evacuee,outES,Evacuee 80 in triage category G is not assigned a helicopter
2880,639,evacuee,,Evacuee;80;in triage state;Y;is at the evacuation site
2880,642,evacuee,outES,Evacuee 79 in triage category G is not assigned a helicopter
2880,642,evacuee,,Evacuee;79;in triage state;Y;is at the evacuation site
2880,645,evacuee,outES,Evacuee 115 in triage category G is not assigned a helicopter
2880,645,evacuee,,Evacuee;115;in triage state;Y;is at the evacuation site
2880,648,evacuee,outES,Evacuee 98 in triage category G is not assigned a helicopter
2880,648,evacuee,,Evacuee;98;in triage state;Y;is at the evacuation site
2880,651,evacuee,outES,Evacuee 356 in triage category G is not assigned a helicopter
2880,651,evacuee,,Evacuee;356;in triage state;Y;is at the evacuation site
2880,654,evacuee,outES,Evacuee 78 in triage category G is not assigned a helicopter
2880,654,evacuee,,Evacuee;78;in triage state;Y;is at the evacuation site
2880,657,evacuee,outES,Evacuee 213 in triage category G is not assigned a helicopter
2880,657,evacuee,,Evacuee;213;in triage state;Y;is at the evacuation site
2880,660,evacuee,outES,Evacuee 344 in triage category G is not assigned a helicopter
2880,660,evacuee,,Evacuee;344;in triage state;Y;is at the evacuation site
2880,663,evacuee,outES,Evacuee 77 in triage category G is not assigned a helicopter
2880,663,evacuee,,Evacuee;77;in triage state;Y;is at the evacuation site
2880,666,evacuee,outES,Evacuee 156 in triage category G is not assigned a helicopter
2880,666,evacuee,,Evacuee;156;in triage state;Y;is at the evacuation site
2880,669,evacuee,outES,Evacuee 300 in triage category G is not assigned a helicopter
2880,669,evacuee,,Evacuee;300;in triage state;Y;is at the evacuation site
2880,672,evacuee,outES,Evacuee 165 in triage category G is not assigned a helicopter
2880,672,evacuee,,Evacuee;165;in triage state;Y;is at the evacuation site
2880,675,evacuee,outES,Evacuee 454 in triage category G is not assigned a helicopter
2880,675,evacuee,,Evacuee;454;in triage state;Y;is at the evacuation site
2880,678,evacuee,outES,Evacuee 440 in triage category G is not assigned a helicopter
2880,678,evacuee,,Evacuee;440;in triage state;Y;is at the evacuation site
2880,681,evacuee,outES,Evacuee 76 in triage category G is not assigned a helicopter
2880,681,evacuee,,Evacuee;76;in triage state;Y;is at the evacuation site
2880,684,evacuee,outES,Evacuee 431 in triage category G is not assigned a helicopter
2880,684,evacuee,,Evacuee;431;in triage state;Y;is at the evacuation site
2880,687,evacuee,outES,Evacuee 74 in triage category G is not assigned a helicopter
2880,687,evacuee,,Evacuee;74;in triage state;Y;is at the evacuation site
2880,690,evacuee,outES,Evacuee 363 in triage category G is not assigned a helicopter
2880,690,evacuee,,Evacuee;363;in triage state;Y;is at the evacuation site
2880,693,evacuee,outES,Evacuee 251 in triage category G is not assigned a helicopter
2880,693,evacuee,,Evacuee;251;in triage state;Y;is at the evacuation site
2880,696,evacuee,outES,Evacuee 134 in triage category G is not assigned a helicopter
2880,696,evacuee,,Evacuee;134;in triage state;Y;is at the evacuation site
2880,699,evacuee,outES,Evacuee 199 in triage category G is not assigned a helicopter
2880,699,evacuee,,Evacuee;199;in triage state;Y;is at the evacuation site
2880,702,evacuee,outES,Evacuee 66 in triage category G is not assigned a helicopter
2880,702,evacuee,,Evacuee;66;in triage state;Y;is at the evacuation site
2880,705,evacuee,outES,Evacuee 62 in triage category G is not assigned a helicopter
2880,705,evacuee,,Evacuee;62;in triage state;Y;is at the evacuation site
2880,708,evacuee,outES,Evacuee 223 in triage category G is not assigned a helicopter
2880,708,evacuee,,Evacuee;223;in triage state;Y;is at the evacuation site
2880,711,evacuee,outES,Evacuee 465 in triage category G is not assigned a helicopter
2880,711,evacuee,,Evacuee;465;in triage state;Y;is at the evacuation site
2880,714,evacuee,outES,Evacuee 60 in triage category G is not assigned a helicopter
2880,714,evacuee,,Evacuee;60;in triage state;Y;is at the evacuation site
2880,717,evacuee,outES,Evacuee 385 in triage category G is not assigned a helicopter
2880,717,evacuee,,Evacuee;385;in triage state;Y;is at the evacuation site
2880,720,evacuee,outES,Evacuee 181 in triage category G is not assigned a helicopter
2880,720,evacuee,,Evacuee;181;in triage state;Y;is at the evacuation site
2880,723,evacuee,outES,Evacuee 135 in triage category G is not assigned a helicopter
2880,723,evacuee,,Evacuee;135;in triage state;Y;is at the evacuation site
2880,726,evacuee,outES,Evacuee 15 in triage category G is not assigned a helicopter
2880,726,evacuee,,Evacuee;15;in triage state;Y;is at the evacuation site
2880,729,evacuee,outES,Evacuee 474 in triage category G is not assigned a helicopter
2880,729,evacuee,,Evacuee;474;in triage state;Y;is at the evacuation site
2880,732,evacuee,outES,Evacuee 17 in triage category G is not assigned a helicopter
2880,732,evacuee,,Evacuee;17;in triage state;Y;is at the evacuation site
2880,738,evacuee,outES,Evacuee 179 in triage category G is not assigned a helicopter
2880,738,evacuee,,Evacuee;179;in triage state;Y;is at the evacuation site
2880,741,evacuee,outES,Evacuee 147 in triage category G is not assigned a helicopter
2880,741,evacuee,,Evacuee;147;in triage state;Y;is at the evacuation site
2880,744,evacuee,outES,Evacuee 14 in triage category G is not assigned a helicopter
2880,744,evacuee,,Evacuee;14;in triage state;Y;is at the evacuation site
2880,747,evacuee,outES,Evacuee 65 in triage category G is not assigned a helicopter
2880,747,evacuee,,Evacuee;65;in triage state;Y;is at the evacuation site
2880,750,evacuee,outES,Evacuee 218 in triage category G is not assigned a helicopter
2880,750,evacuee,,Evacuee;218;in triage state;Y;is at the evacuation site
2880,753,evacuee,outES,Evacuee 453 in triage category G is not assigned a helicopter
2880,753,evacuee,,Evacuee;453;in triage state;Y;is at the evacuation site
2880,756,evacuee,outES,Evacuee 285 in triage category G is not assigned a helicopter
2880,756,evacuee,,Evacuee;285;in triage state;Y;is at the evacuation site
2880,759,evacuee,outES,Evacuee 89 in triage category G is not assigned a helicopter
2880,759,evacuee,,Evacuee;89;in triage state;Y;is at the evacuation site
2880,762,evacuee,outES,Evacuee 394 in triage category G is not assigned a helicopter
2880,762,evacuee,,Evacuee;394;in triage state;Y;is at the evacuation site
2880,765,evacuee,outES,Evacuee 240 in triage category G is not assigned a helicopter
2880,765,evacuee,,Evacuee;240;in triage state;Y;is at the evacuation site
2880,768,evacuee,outES,Evacuee 8 in triage category G is not assigned a helicopter
2880,768,evacuee,,Evacuee;8;in triage state;Y;is at the evacuation site
2880,771,evacuee,outES,Evacuee 355 in triage category G is not assigned a helicopter
2880,771,evacuee,,Evacuee;355;in triage state;Y;is at the evacuation site
2880,774,evacuee,outES,Evacuee 23 in triage category G is not assigned a helicopter
2880,774,evacuee,,Evacuee;23;in triage state;Y;is at the evacuation site
2880,777,evacuee,outES,Evacuee 200 in triage category G is not assigned a helicopter
2880,777,evacuee,,Evacuee;200;in triage state;Y;is at the evacuation site
2880,780,evacuee,outES,Evacuee 255 in triage category G is not assigned a helicopter
2880,780,evacuee,,Evacuee;255;in triage state;Y;is at the evacuation site
2880,783,evacuee,outES,Evacuee 18 in triage category G is not assigned a helicopter
2880,783,evacuee,,Evacuee;18;in triage state;Y;is at the evacuation site
2880,786,evacuee,outES,Evacuee 368 in triage category G is not assigned a helicopter
2880,786,evacuee,,Evacuee;368;in triage state;Y;is at the evacuation site
2880,789,evacuee,outES,Evacuee 4 in triage category G is not assigned a helicopter
2880,789,evacuee,,Evacuee;4;in triage state;Y;is at the evacuation site
2880,792,evacuee,outES,Evacuee 387 in triage category G is not assigned a helicopter
2880,792,evacuee,,Evacuee;387;in triage state;Y;is at the evacuation site
2880,795,evacuee,outES,Evacuee 246 in triage category G is not assigned a helicopter
2880,795,evacuee,,Evacuee;246;in triage state;Y;is at the evacuation site
2880,798,evacuee,outES,Evacuee 220 in triage category G is not assigned a helicopter
2880,798,evacuee,,Evacuee;220;in triage state;Y;is at the evacuation site
2880,801,evacuee,outES,Evacuee 173 in triage category G is not assigned a helicopter
2880,801,evacuee,,Evacuee;173;in triage state;Y;is at the evacuation site
2880,804,evacuee,outES,Evacuee 157 in triage category G is not assigned a helicopter
2880,804,evacuee,,Evacuee;157;in triage state;Y;is at the evacuation site
2880,807,evacuee,outES,Evacuee 451 in triage category G is not assigned a helicopter
2880,807,evacuee,,Evacuee;451;in triage state;Y;is at the evacuation site
2880,810,evacuee,outES,Evacuee 359 in triage category G is not assigned a helicopter
2880,810,evacuee,,Evacuee;359;in triage state;Y;is at the evacuation site
2880,813,evacuee,outES,Evacuee 286 in triage category G is not assigned a helicopter
2880,813,evacuee,,Evacuee;286;in triage state;Y;is at the evacuation site
2880,816,evacuee,outES,Evacuee 196 in triage category G is not assigned a helicopter
2880,816,evacuee,,Evacuee;196;in triage state;Y;is at the evacuation site
2880,819,evacuee,outES,Evacuee 407 in triage category G is not assigned a helicopter
2880,819,evacuee,,Evacuee;407;in triage state;Y;is at the evacuation site
2880,822,evacuee,outES,Evacuee 132 in triage category G is not assigned a helicopter
2880,822,evacuee,,Evacuee;132;in triage state;Y;is at the evacuation site
2880,825,evacuee,outES,Evacuee 31 in triage category G is not assigned a helicopter
2880,825,evacuee,,Evacuee;31;in triage state;Y;is at the evacuation site
2880,828,evacuee,outES,Evacuee 38 in triage category G is not assigned a helicopter
2880,828,evacuee,,Evacuee;38;in triage state;Y;is at the evacuation site
2880,831,evacuee,outES,Evacuee 2 in triage category G is not assigned a helicopter
2880,831,evacuee,,Evacuee;2;in triage state;Y;is at the evacuation site
2880,834,evacuee,outES,Evacuee 33 in triage category G is not assigned a helicopter
2880,834,evacuee,,Evacuee;33;in triage state;Y;is at the evacuation site
2880,837,evacuee,outES,Evacuee 271 in triage category G is not assigned a helicopter
2880,837,evacuee,,Evacuee;271;in triage state;Y;is at the evacuation site
2880,840,evacuee,outES,Evacuee 9 in triage category G is not assigned a helicopter
2880,840,evacuee,,Evacuee;9;in triage state;Y;is at the evacuation site
2880,843,evacuee,outES,Evacuee 25 in triage category G is not assigned a helicopter
2880,843,evacuee,,Evacuee;25;in triage state;Y;is at the evacuation site
2880,846,evacuee,outES,Evacuee 334 in triage category G is not assigned a helicopter
2880,846,evacuee,,Evacuee;334;in triage state;Y;is at the evacuation site
2880,849,evacuee,outES,Evacuee 70 in triage category G is not assigned a helicopter
2880,849,evacuee,,Evacuee;70;in triage state;Y;is at the evacuation site
2880,852,evacuee,outES,Evacuee 5 in triage category G is not assigned a helicopter
2880,852,evacuee,,Evacuee;5;in triage state;Y;is at the evacuation site
2880,855,evacuee,outES,Evacuee 250 in triage category G is not assigned a helicopter
2880,855,evacuee,,Evacuee;250;in triage state;Y;is at the evacuation site
2880,858,evacuee,outES,Evacuee 107 in triage category G is not assigned a helicopter
2880,858,evacuee,,Evacuee;107;in triage state;Y;is at the evacuation site
2880,861,evacuee,outES,Evacuee 229 in triage category G is not assigned a helicopter
2880,861,evacuee,,Evacuee;229;in triage state;Y;is at the evacuation site
2880,864,evacuee,outES,Evacuee 110 in triage category G is not assigned a helicopter
2880,864,evacuee,,Evacuee;110;in triage state;Y;is at the evacuation site
2880,867,evacuee,outES,Evacuee 141 in triage category G is not assigned a helicopter
2880,867,evacuee,,Evacuee;141;in triage state;Y;is at the evacuation site
2880,870,evacuee,outES,Evacuee 133 in triage category G is not assigned a helicopter
2880,870,evacuee,,Evacuee;133;in triage state;Y;is at the evacuation site
2880,876,evacuee,outES,Evacuee 473 in triage category G is not assigned a helicopter
2880,876,evacuee,,Evacuee;473;in triage state;Y;is at the evacuation site
2880,879,evacuee,outES,Evacuee 400 in triage category G is not assigned a helicopter
2880,879,evacuee,,Evacuee;400;in triage state;Y;is at the evacuation site
2880,882,evacuee,outES,Evacuee 268 in triage category G is not assigned a helicopter
2880,882,evacuee,,Evacuee;268;in triage state;Y;is at the evacuation site
2880,885,evacuee,outES,Evacuee 100 in triage category G is not assigned a helicopter
2880,885,evacuee,,Evacuee;100;in triage state;Y;is at the evacuation site
2880,888,evacuee,outES,Evacuee 29 in triage category G is not assigned a helicopter
2880,888,evacuee,,Evacuee;29;in triage state;Y;is at the evacuation site
2880,891,evacuee,outES,Evacuee 158 in triage category G is not assigned a helicopter
2880,891,evacuee,,Evacuee;158;in triage state;Y;is at the evacuation site
2880,894,evacuee,outES,Evacuee 187 in triage category G is not assigned a helicopter
2880,894,evacuee,,Evacuee;187;in triage state;Y;is at the evacuation site
2880,897,evacuee,outES,Evacuee 85 in triage category G is not assigned a helicopter
2880,897,evacuee,,Evacuee;85;in triage state;Y;is at the evacuation site
2880,903,evacuee,outES,Evacuee 71 in triage category G is not assigned a helicopter
2880,903,evacuee,,Evacuee;71;in triage state;Y;is at the evacuation site
2880,906,evacuee,outES,Evacuee 332 in triage category G is not assigned a helicopter
2880,906,evacuee,,Evacuee;332;in triage state;Y;is at the evacuation site
2880,909,evacuee,outES,Evacuee 81 in triage category G is not assigned a helicopter
2880,909,evacuee,,Evacuee;81;in triage state;Y;is at the evacuation site
2880,912,evacuee,outES,Evacuee 104 in triage category G is not assigned a helicopter
2880,912,evacuee,,Evacuee;104;in triage state;Y;is at the evacuation site
2880,915,evacuee,outES,Evacuee 40 in triage category G is not assigned a helicopter
2880,915,evacuee,,Evacuee;40;in triage state;Y;is at the evacuation site
2880,918,evacuee,outES,Evacuee 97 in triage category G is not assigned a helicopter
2880,918,evacuee,,Evacuee;97;in triage state;Y;is at the evacuation site
2880,921,evacuee,outES,Evacuee 3 in triage category G is not assigned a helicopter
2880,921,evacuee,,Evacuee;3;in triage state;Y;is at the evacuation site
2880,924,evacuee,outES,Evacuee 172 in triage category G is not assigned a helicopter
2880,924,evacuee,,Evacuee;172;in triage state;Y;is at the evacuation site
2880,927,evacuee,outES,Evacuee 256 in triage category G is not assigned a helicopter
2880,927,evacuee,,Evacuee;256;in triage state;Y;is at the evacuation site
2880,930,evacuee,outES,Evacuee 119 in triage category G is not assigned a helicopter
2880,930,evacuee,,Evacuee;119;in triage state;Y;is at the evacuation site
2880,933,evacuee,outES,Evacuee 6 in triage category G is not assigned a helicopter
2880,933,evacuee,,Evacuee;6;in triage state;Y;is at the evacuation site
2880,936,evacuee,outES,Evacuee 347 in triage category G is not assigned a helicopter
2880,936,evacuee,,Evacuee;347;in triage state;Y;is at the evacuation site
2880,939,evacuee,outES,Evacuee 82 in triage category G is not assigned a helicopter
2880,939,evacuee,,Evacuee;82;in triage state;Y;is at the evacuation site
2880,942,evacuee,outES,Evacuee 54 in triage category G is not assigned a helicopter
2880,942,evacuee,,Evacuee;54;in triage state;Y;is at the evacuation site
2880,945,evacuee,outES,Evacuee 22 in triage category G is not assigned a helicopter
2880,945,evacuee,,Evacuee;22;in triage state;Y;is at the evacuation site
2880,948,evacuee,outES,Evacuee 92 in triage category G is not assigned a helicopter
2880,948,evacuee,,Evacuee;92;in triage state;Y;is at the evacuation site
2880,951,evacuee,outES,Evacuee 44 in triage category G is not assigned a helicopter
2880,951,evacuee,,Evacuee;44;in triage state;Y;is at the evacuation site
2880,954,evacuee,outES,Evacuee 150 in triage category G is not assigned a helicopter
2880,954,evacuee,,Evacuee;150;in triage state;Y;is at the evacuation site
2880,957,evacuee,outES,Evacuee 10 in triage category G is not assigned a helicopter
2880,957,evacuee,,Evacuee;10;in triage state;Y;is at the evacuation site
2880,960,evacuee,outES,Evacuee 26 in triage category G is not assigned a helicopter
2880,960,evacuee,,Evacuee;26;in triage state;Y;is at the evacuation site
2880,963,evacuee,outES,Evacuee 343 in triage category G is not assigned a helicopter
2880,963,evacuee,,Evacuee;343;in triage state;Y;is at the evacuation site
2880,966,evacuee,outES,Evacuee 241 in triage category G is not assigned a helicopter
2880,966,evacuee,,Evacuee;241;in triage state;Y;is at the evacuation site
2880,969,evacuee,outES,Evacuee 418 in triage category G is not assigned a helicopter
2880,969,evacuee,,Evacuee;418;in triage state;Y;is at the evacuation site
2880,972,evacuee,outES,Evacuee 75 in triage category G is not assigned a helicopter
2880,972,evacuee,,Evacuee;75;in triage state;Y;is at the evacuation site
2880,975,evacuee,outES,Evacuee 37 in triage category G is not assigned a helicopter
2880,975,evacuee,,Evacuee;37;in triage state;Y;is at the evacuation site
2880,981,evacuee,outES,Evacuee 209 in triage category G is not assigned a helicopter
2880,981,evacuee,,Evacuee;209;in triage state;Y;is at the evacuation site
2880,984,evacuee,outES,Evacuee 402 in triage category G is not assigned a helicopter
2880,984,evacuee,,Evacuee;402;in triage state;Y;is at the evacuation site
2880,987,evacuee,outES,Evacuee 320 in triage category G is not assigned a helicopter
2880,987,evacuee,,Evacuee;320;in triage state;Y;is at the evacuation site
2880,990,evacuee,outES,Evacuee 116 in triage category G is not assigned a helicopter
2880,990,evacuee,,Evacuee;116;in triage state;Y;is at the evacuation site
2880,993,evacuee,outES,Evacuee 61 in triage category G is not assigned a helicopter
2880,993,evacuee,,Evacuee;61;in triage state;Y;is at the evacuation site
2880,996,evacuee,outES,Evacuee 52 in triage category G is not assigned a helicopter
2880,996,evacuee,,Evacuee;52;in triage state;Y;is at the evacuation site
2880,999,evacuee,outES,Evacuee 41 in triage category G is not assigned a helicopter
2880,999,evacuee,,Evacuee;41;in triage state;Y;is at the evacuation site
2880,1002,evacuee,outES,Evacuee 304 in triage category G is not assigned a helicopter
2880,1002,evacuee,,Evacuee;304;in triage state;Y;is at the evacuation site
2880,1005,evacuee,outES,Evacuee 154 in triage category G is not assigned a helicopter
2880,1005,evacuee,,Evacuee;154;in triage state;Y;is at the evacuation site
2880,1008,evacuee,outES,Evacuee 421 in triage category G is not assigned a helicopter
2880,1008,evacuee,,Evacuee;421;in triage state;Y;is at the evacuation site
2880,1011,evacuee,outES,Evacuee 405 in triage category G is not assigned a helicopter
2880,1011,evacuee,,Evacuee;405;in triage state;Y;is at the evacuation site
2880,1014,evacuee,outES,Evacuee 21 in triage category G is not assigned a helicopter
2880,1014,evacuee,,Evacuee;21;in triage state;Y;is at the evacuation site
2880,1017,evacuee,outES,Evacuee 68 in triage category G is not assigned a helicopter
2880,1017,evacuee,,Evacuee;68;in triage state;Y;is at the evacuation site
2880,1020,evacuee,outES,Evacuee 72 in triage category G is not assigned a helicopter
2880,1020,evacuee,,Evacuee;72;in triage state;Y;is at the evacuation site
2880,1023,evacuee,outES,Evacuee 46 in triage category G is not assigned a helicopter
2880,1023,evacuee,,Evacuee;46;in triage state;Y;is at the evacuation site
2880,1026,evacuee,outES,Evacuee 53 in triage category G is not assigned a helicopter
2880,1026,evacuee,,Evacuee;53;in triage state;Y;is at the evacuation site
2880,1029,evacuee,outES,Evacuee 13 in triage category G is not assigned a helicopter
2880,1029,evacuee,,Evacuee;13;in triage state;Y;is at the evacuation site
2880,1032,evacuee,outES,Evacuee 24 in triage category G is not assigned a helicopter
2880,1032,evacuee,,Evacuee;24;in triage state;Y;is at the evacuation site
2880,1035,evacuee,outES,Evacuee 32 in triage category G is not assigned a helicopter
2880,1035,evacuee,,Evacuee;32;in triage state;Y;is at the evacuation site
2880,1038,evacuee,outES,Evacuee 34 in triage category G is not assigned a helicopter
2880,1038,evacuee,,Evacuee;34;in triage state;Y;is at the evacuation site
2880,1041,evacuee,outES,Evacuee 64 in triage category G is not assigned a helicopter
2880,1041,evacuee,,Evacuee;64;in triage state;Y;is at the evacuation site
2880,1044,evacuee,outES,Evacuee 429 in triage category G is not assigned a helicopter
2880,1044,evacuee,,Evacuee;429;in triage state;Y;is at the evacuation site
2880,1047,evacuee,outES,Evacuee 102 in triage category G is not assigned a helicopter
2880,1047,evacuee,,Evacuee;102;in triage state;Y;is at the evacuation site
2880,1050,evacuee,outES,Evacuee 160 in triage category G is not assigned a helicopter
2880,1050,evacuee,,Evacuee;160;in triage state;Y;is at the evacuation site
2880,1053,evacuee,outES,Evacuee 20 in triage category G is not assigned a helicopter
2880,1053,evacuee,,Evacuee;20;in triage state;Y;is at the evacuation site
2880,1056,evacuee,outES,Evacuee 35 in triage category G is not assigned a helicopter
2880,1056,evacuee,,Evacuee;35;in triage state;Y;is at the evacuation site
2880,1059,evacuee,outES,Evacuee 155 in triage category G is not assigned a helicopter
2880,1059,evacuee,,Evacuee;155;in triage state;Y;is at the evacuation site
2880,1062,evacuee,outES,Evacuee 36 in triage category G is not assigned a helicopter
2880,1062,evacuee,,Evacuee;36;in triage state;Y;is at the evacuation site
2880,1065,evacuee,outES,Evacuee 198 in triage category G is not assigned a helicopter
2880,1065,evacuee,,Evacuee;198;in triage state;Y;is at the evacuation site
2880,1068,evacuee,outES,Evacuee 84 in triage category G is not assigned a helicopter
2880,1068,evacuee,,Evacuee;84;in triage state;Y;is at the evacuation site
2880,1071,evacuee,outES,Evacuee 42 in triage category G is not assigned a helicopter
2880,1071,evacuee,,Evacuee;42;in triage state;Y;is at the evacuation site
2880,1074,evacuee,outES,Evacuee 91 in triage category G is not assigned a helicopter
2880,1074,evacuee,,Evacuee;91;in triage state;Y;is at the evacuation site
2880,1077,evacuee,outES,Evacuee 43 in triage category G is not assigned a helicopter
2880,1077,evacuee,,Evacuee;43;in triage state;Y;is at the evacuation site
2880,1080,evacuee,outES,Evacuee 30 in triage category G is not assigned a helicopter
2880,1080,evacuee,,Evacuee;30;in triage state;Y;is at the evacuation site
2880,1083,evacuee,outES,Evacuee 336 in triage category G is not assigned a helicopter
2880,1083,evacuee,,Evacuee;336;in triage state;Y;is at the evacuation site
2880,1086,evacuee,outES,Evacuee 307 in triage category G is not assigned a helicopter
2880,1086,evacuee,,Evacuee;307;in triage state;Y;is at the evacuation site
2880,1089,evacuee,outES,Evacuee 212 in triage category G is not assigned a helicopter
2880,1089,evacuee,,Evacuee;212;in triage state;Y;is at the evacuation site
2880,1092,evacuee,outES,Evacuee 391 in triage category G is not assigned a helicopter
2880,1092,evacuee,,Evacuee;391;in triage state;Y;is at the evacuation site
2880,1095,evacuee,outES,Evacuee 388 in triage category G is not assigned a helicopter
2880,1095,evacuee,,Evacuee;388;in triage state;Y;is at the evacuation site
2880,1098,evacuee,outES,Evacuee 55 in triage category G is not assigned a helicopter
2880,1098,evacuee,,Evacuee;55;in triage state;Y;is at the evacuation site
2880,1101,evacuee,outES,Evacuee 48 in triage category G is not assigned a helicopter
2880,1101,evacuee,,Evacuee;48;in triage state;Y;is at the evacuation site
2880,1104,evacuee,outES,Evacuee 144 in triage category G is not assigned a helicopter
2880,1104,evacuee,,Evacuee;144;in triage state;Y;is at the evacuation site
2880,1107,evacuee,outES,Evacuee 50 in triage category G is not assigned a helicopter
2880,1107,evacuee,,Evacuee;50;in triage state;Y;is at the evacuation site
2880,1110,evacuee,outES,Evacuee 19 in triage category G is not assigned a helicopter
2880,1110,evacuee,,Evacuee;19;in triage state;Y;is at the evacuation site
2880,1113,evacuee,outES,Evacuee 182 in triage category G is not assigned a helicopter
2880,1113,evacuee,,Evacuee;182;in triage state;Y;is at the evacuation site
2880,1119,evacuee,outES,Evacuee 266 in triage category G is not assigned a helicopter
2880,1119,evacuee,,Evacuee;266;in triage state;Y;is at the evacuation site
2880,1122,evacuee,outES,Evacuee 120 in triage category G is not assigned a helicopter
2880,1122,evacuee,,Evacuee;120;in triage state;Y;is at the evacuation site
2880,1125,evacuee,outES,Evacuee 94 in triage category G is not assigned a helicopter
2880,1125,evacuee,,Evacuee;94;in triage state;Y;is at the evacuation site
2880,1128,evacuee,outES,Evacuee 63 in triage category G is not assigned a helicopter
2880,1128,evacuee,,Evacuee;63;in triage state;Y;is at the evacuation site
2880,1131,evacuee,outES,Evacuee 175 in triage category G is not assigned a helicopter
2880,1131,evacuee,,Evacuee;175;in triage state;Y;is at the evacuation site
2880,1134,evacuee,outES,Evacuee 47 in triage category G is not assigned a helicopter
2880,1134,evacuee,,Evacuee;47;in triage state;Y;is at the evacuation site
2880,1137,evacuee,outES,Evacuee 56 in triage category G is not assigned a helicopter
2880,1137,evacuee,,Evacuee;56;in triage state;Y;is at the evacuation site
2880,1140,evacuee,outES,Evacuee 367 in triage category G is not assigned a helicopter
2880,1140,evacuee,,Evacuee;367;in triage state;Y;is at the evacuation site
2880,1143,evacuee,outES,Evacuee 364 in triage category G is not assigned a helicopter
2880,1143,evacuee,,Evacuee;364;in triage state;Y;is at the evacuation site
2880,1146,evacuee,outES,Evacuee 208 in triage category G is not assigned a helicopter
2880,1146,evacuee,,Evacuee;208;in triage state;Y;is at the evacuation site
2880,1149,evacuee,outES,Evacuee 57 in triage category G is not assigned a helicopter
2880,1149,evacuee,,Evacuee;57;in triage state;Y;is at the evacuation site
2880,1152,evacuee,outES,Evacuee 231 in triage category G is not assigned a helicopter
2880,1152,evacuee,,Evacuee;231;in triage state;Y;is at the evacuation site
2880,1155,evacuee,outES,Evacuee 261 in triage category G is not assigned a helicopter
2880,1155,evacuee,,Evacuee;261;in triage state;Y;is at the evacuation site
2880,1158,evacuee,outES,Evacuee 45 in triage category G is not assigned a helicopter
2880,1158,evacuee,,Evacuee;45;in triage state;Y;is at the evacuation site
2880,1161,filterES,,Helicopter;1;is evacuating people
2880,1165,evacuee,outES,Evacuee 263 in triage category G is not assigned a helicopter
2880,1165,evacuee,,Evacuee;263;in triage state;Y;is at the evacuation site
2880,1168,evacuee,outES,Evacuee 190 in triage category G is not assigned a helicopter
2880,1168,evacuee,,Evacuee;190;in triage state;Y;is at the evacuation site
2880,1171,evacuee,outES,Evacuee 128 in triage category G is not assigned a helicopter
2880,1171,evacuee,,Evacuee;128;in triage state;Y;is at the evacuation site
2880,1174,evacuee,outES,Evacuee 416 in triage category G is not assigned a helicopter
2880,1174,evacuee,,Evacuee;416;in triage state;Y;is at the evacuation site
2880,1177,evacuee,outES,Evacuee 129 in triage category G is not assigned a helicopter
2880,1177,evacuee,,Evacuee;129;in triage state;Y;is at the evacuation site
2880,1180,evacuee,outES,Evacuee 308 in triage category G is not assigned a helicopter
2880,1180,evacuee,,Evacuee;308;in triage state;Y;is at the evacuation site
2880,1183,evacuee,outES,Evacuee 131 in triage category G is not assigned a helicopter
2880,1183,evacuee,,Evacuee;131;in triage state;Y;is at the evacuation site
2880,1186,evacuee,outES,Evacuee 137 in triage category G is not assigned a helicopter
2880,1186,evacuee,,Evacuee;137;in triage state;Y;is at the evacuation site
2880,1189,evacuee,outES,Evacuee 138 in triage category G is not assigned a helicopter
2880,1189,evacuee,,Evacuee;138;in triage state;Y;is at the evacuation site
2880,1192,evacuee,outES,Evacuee 265 in triage category G is not assigned a helicopter
2880,1192,evacuee,,Evacuee;265;in triage state;Y;is at the evacuation site
2880,1195,evacuee,outES,Evacuee 139 in triage category G is not assigned a helicopter
2880,1195,evacuee,,Evacuee;139;in triage state;Y;is at the evacuation site
2880,1198,evacuee,outES,Evacuee 194 in triage category G is not assigned a helicopter
2880,1198,evacuee,,Evacuee;194;in triage state;Y;is at the evacuation site
2880,1201,evacuee,outES,Evacuee 140 in triage category G is not assigned a helicopter
2880,1201,evacuee,,Evacuee;140;in triage state;Y;is at the evacuation site
2880,1204,evacuee,outES,Evacuee 130 in triage category G is not assigned a helicopter
2880,1204,evacuee,,Evacuee;130;in triage state;Y;is at the evacuation site
2880,1207,evacuee,outES,Evacuee 143 in triage category G is not assigned a helicopter
2880,1207,evacuee,,Evacuee;143;in triage state;Y;is at the evacuation site
2880,1210,evacuee,outES,Evacuee 149 in triage category G is not assigned a helicopter
2880,1210,evacuee,,Evacuee;149;in triage state;Y;is at the evacuation site
2880,1213,evacuee,outES,Evacuee 296 in triage category G is not assigned a helicopter
2880,1213,evacuee,,Evacuee;296;in triage state;Y;is at the evacuation site
2880,1216,evacuee,outES,Evacuee 151 in triage category G is not assigned a helicopter
2880,1216,evacuee,,Evacuee;151;in triage state;Y;is at the evacuation site
2880,1219,evacuee,outES,Evacuee 222 in triage category G is not assigned a helicopter
2880,1219,evacuee,,Evacuee;222;in triage state;Y;is at the evacuation site
2880,1222,evacuee,outES,Evacuee 152 in triage category G is not assigned a helicopter
2880,1222,evacuee,,Evacuee;152;in triage state;Y;is at the evacuation site
2880,1225,evacuee,outES,Evacuee 153 in triage category G is not assigned a helicopter
2880,1225,evacuee,,Evacuee;153;in triage state;Y;is at the evacuation site
2880,1228,evacuee,outES,Evacuee 67 in triage category G is not assigned a helicopter
2880,1228,evacuee,,Evacuee;67;in triage state;Y;is at the evacuation site
2880,1231,evacuee,outES,Evacuee 123 in triage category G is not assigned a helicopter
2880,1231,evacuee,,Evacuee;123;in triage state;Y;is at the evacuation site
2880,1234,evacuee,outES,Evacuee 159 in triage category G is not assigned a helicopter
2880,1234,evacuee,,Evacuee;159;in triage state;Y;is at the evacuation site
2880,1237,evacuee,outES,Evacuee 161 in triage category G is not assigned a helicopter
2880,1237,evacuee,,Evacuee;161;in triage state;Y;is at the evacuation site
2880,1240,evacuee,outES,Evacuee 28 in triage category G is not assigned a helicopter
2880,1240,evacuee,,Evacuee;28;in triage state;Y;is at the evacuation site
2880,1243,evacuee,outES,Evacuee 126 in triage category G is not assigned a helicopter
2880,1243,evacuee,,Evacuee;126;in triage state;Y;is at the evacuation site
2880,1246,evacuee,outES,Evacuee 234 in triage category G is not assigned a helicopter
2880,1246,evacuee,,Evacuee;234;in triage state;Y;is at the evacuation site
2880,1249,evacuee,outES,Evacuee 162 in triage category G is not assigned a helicopter
2880,1249,evacuee,,Evacuee;162;in triage state;Y;is at the evacuation site
2880,1252,evacuee,outES,Evacuee 163 in triage category G is not assigned a helicopter
2880,1252,evacuee,,Evacuee;163;in triage state;Y;is at the evacuation site
2880,1255,evacuee,outES,Evacuee 166 in triage category G is not assigned a helicopter
2880,1255,evacuee,,Evacuee;166;in triage state;Y;is at the evacuation site
2880,1258,evacuee,outES,Evacuee 16 in triage category G is not assigned a helicopter
2880,1258,evacuee,,Evacuee;16;in triage state;Y;is at the evacuation site
2880,1261,evacuee,outES,Evacuee 242 in triage category G is not assigned a helicopter
2880,1261,evacuee,,Evacuee;242;in triage state;Y;is at the evacuation site
2880,1264,evacuee,outES,Evacuee 178 in triage category G is not assigned a helicopter
2880,1264,evacuee,,Evacuee;178;in triage state;Y;is at the evacuation site
2880,1267,evacuee,outES,Evacuee 438 in triage category G is not assigned a helicopter
2880,1267,evacuee,,Evacuee;438;in triage state;Y;is at the evacuation site
2880,1270,evacuee,outES,Evacuee 146 in triage category G is not assigned a helicopter
2880,1270,evacuee,,Evacuee;146;in triage state;Y;is at the evacuation site
2880,1273,evacuee,outES,Evacuee 167 in triage category G is not assigned a helicopter
2880,1273,evacuee,,Evacuee;167;in triage state;Y;is at the evacuation site
2880,1276,evacuee,outES,Evacuee 145 in triage category G is not assigned a helicopter
2880,1276,evacuee,,Evacuee;145;in triage state;Y;is at the evacuation site
2880,1279,evacuee,outES,Evacuee 168 in triage category G is not assigned a helicopter
2880,1279,evacuee,,Evacuee;168;in triage state;Y;is at the evacuation site
2880,1282,evacuee,outES,Evacuee 176 in triage category G is not assigned a helicopter
2880,1282,evacuee,,Evacuee;176;in triage state;Y;is at the evacuation site
2880,1285,evacuee,outES,Evacuee 230 in triage category G is not assigned a helicopter
2880,1285,evacuee,,Evacuee;230;in triage state;Y;is at the evacuation site
2880,1288,evacuee,outES,Evacuee 169 in triage category G is not assigned a helicopter
2880,1288,evacuee,,Evacuee;169;in triage state;Y;is at the evacuation site
2880,1291,evacuee,outES,Evacuee 170 in triage category G is not assigned a helicopter
2880,1291,evacuee,,Evacuee;170;in triage state;Y;is at the evacuation site
2880,1294,evacuee,outES,Evacuee 171 in triage category G is not assigned a helicopter
2880,1294,evacuee,,Evacuee;171;in triage state;Y;is at the evacuation site
2880,1297,evacuee,outES,Evacuee 174 in triage category G is not assigned a helicopter
2880,1297,evacuee,,Evacuee;174;in triage state;Y;is at the evacuation site
2880,1300,evacuee,outES,Evacuee 177 in triage category G is not assigned a helicopter
2880,1300,evacuee,,Evacuee;177;in triage state;Y;is at the evacuation site
2880,1303,evacuee,outES,Evacuee 435 in triage category G is not assigned a helicopter
2880,1303,evacuee,,Evacuee;435;in triage state;Y;is at the evacuation site
2880,1306,evacuee,outES,Evacuee 58 in triage category G is not assigned a helicopter
2880,1306,evacuee,,Evacuee;58;in triage state;Y;is at the evacuation site
2880,1309,evacuee,outES,Evacuee 203 in triage category G is not assigned a helicopter
2880,1309,evacuee,,Evacuee;203;in triage state;Y;is at the evacuation site
2880,1312,evacuee,outES,Evacuee 232 in triage category G is not assigned a helicopter
2880,1312,evacuee,,Evacuee;232;in triage state;Y;is at the evacuation site
2880,1315,evacuee,outES,Evacuee 183 in triage category G is not assigned a helicopter
2880,1315,evacuee,,Evacuee;183;in triage state;Y;is at the evacuation site
2880,1318,evacuee,outES,Evacuee 184 in triage category G is not assigned a helicopter
2880,1318,evacuee,,Evacuee;184;in triage state;Y;is at the evacuation site
2880,1321,evacuee,outES,Evacuee 185 in triage category G is not assigned a helicopter
2880,1321,evacuee,,Evacuee;185;in triage state;Y;is at the evacuation site
2880,1324,evacuee,outES,Evacuee 186 in triage category G is not assigned a helicopter
2880,1324,evacuee,,Evacuee;186;in triage state;Y;is at the evacuation site
2880,1327,evacuee,outES,Evacuee 417 in triage category G is not assigned a helicopter
2880,1327,evacuee,,Evacuee;417;in triage state;Y;is at the evacuation site
2880,1330,evacuee,outES,Evacuee 217 in triage category G is not assigned a helicopter
2880,1330,evacuee,,Evacuee;217;in triage state;Y;is at the evacuation site
2880,1333,evacuee,outES,Evacuee 189 in triage category G is not assigned a helicopter
2880,1333,evacuee,,Evacuee;189;in triage state;Y;is at the evacuation site
2880,1336,evacuee,outES,Evacuee 253 in triage category G is not assigned a helicopter
2880,1336,evacuee,,Evacuee;253;in triage state;Y;is at the evacuation site
2880,1339,evacuee,outES,Evacuee 191 in triage category G is not assigned a helicopter
2880,1339,evacuee,,Evacuee;191;in triage state;Y;is at the evacuation site
2880,1342,evacuee,outES,Evacuee 314 in triage category G is not assigned a helicopter
2880,1342,evacuee,,Evacuee;314;in triage state;Y;is at the evacuation site
2880,1345,evacuee,outES,Evacuee 249 in triage category G is not assigned a helicopter
2880,1345,evacuee,,Evacuee;249;in triage state;Y;is at the evacuation site
2880,1348,evacuee,outES,Evacuee 193 in triage category G is not assigned a helicopter
2880,1348,evacuee,,Evacuee;193;in triage state;Y;is at the evacuation site
2880,1351,evacuee,outES,Evacuee 195 in triage category G is not assigned a helicopter
2880,1351,evacuee,,Evacuee;195;in triage state;Y;is at the evacuation site
2880,1354,evacuee,outES,Evacuee 399 in triage category G is not assigned a helicopter
2880,1354,evacuee,,Evacuee;399;in triage state;Y;is at the evacuation site
2880,1357,evacuee,outES,Evacuee 197 in triage category G is not assigned a helicopter
2880,1357,evacuee,,Evacuee;197;in triage state;Y;is at the evacuation site
2880,1360,evacuee,outES,Evacuee 450 in triage category G is not assigned a helicopter
2880,1360,evacuee,,Evacuee;450;in triage state;Y;is at the evacuation site
2880,1363,evacuee,outES,Evacuee 252 in triage category G is not assigned a helicopter
2880,1363,evacuee,,Evacuee;252;in triage state;Y;is at the evacuation site
2880,1366,evacuee,outES,Evacuee 329 in triage category G is not assigned a helicopter
2880,1366,evacuee,,Evacuee;329;in triage state;Y;is at the evacuation site
2880,1369,evacuee,outES,Evacuee 201 in triage category G is not assigned a helicopter
2880,1369,evacuee,,Evacuee;201;in triage state;Y;is at the evacuation site
2880,1372,evacuee,outES,Evacuee 11 in triage category G is not assigned a helicopter
2880,1372,evacuee,,Evacuee;11;in triage state;Y;is at the evacuation site
2880,1375,evacuee,outES,Evacuee 202 in triage category G is not assigned a helicopter
2880,1375,evacuee,,Evacuee;202;in triage state;Y;is at the evacuation site
2880,1378,evacuee,outES,Evacuee 390 in triage category G is not assigned a helicopter
2880,1378,evacuee,,Evacuee;390;in triage state;Y;is at the evacuation site
2880,1381,evacuee,outES,Evacuee 204 in triage category G is not assigned a helicopter
2880,1381,evacuee,,Evacuee;204;in triage state;Y;is at the evacuation site
2880,1384,evacuee,outES,Evacuee 258 in triage category G is not assigned a helicopter
2880,1384,evacuee,,Evacuee;258;in triage state;Y;is at the evacuation site
2880,1387,evacuee,outES,Evacuee 210 in triage category G is not assigned a helicopter
2880,1387,evacuee,,Evacuee;210;in triage state;Y;is at the evacuation site
2880,1390,evacuee,outES,Evacuee 275 in triage category G is not assigned a helicopter
2880,1390,evacuee,,Evacuee;275;in triage state;Y;is at the evacuation site
2880,1393,evacuee,outES,Evacuee 205 in triage category G is not assigned a helicopter
2880,1393,evacuee,,Evacuee;205;in triage state;Y;is at the evacuation site
2880,1396,evacuee,outES,Evacuee 323 in triage category G is not assigned a helicopter
2880,1396,evacuee,,Evacuee;323;in triage state;Y;is at the evacuation site
2880,1399,evacuee,outES,Evacuee 180 in triage category G is not assigned a helicopter
2880,1399,evacuee,,Evacuee;180;in triage state;Y;is at the evacuation site
2880,1402,evacuee,outES,Evacuee 206 in triage category G is not assigned a helicopter
2880,1402,evacuee,,Evacuee;206;in triage state;Y;is at the evacuation site
2880,1405,evacuee,outES,Evacuee 69 in triage category G is not assigned a helicopter
2880,1405,evacuee,,Evacuee;69;in triage state;Y;is at the evacuation site
2880,1408,evacuee,outES,Evacuee 207 in triage category G is not assigned a helicopter
2880,1408,evacuee,,Evacuee;207;in triage state;Y;is at the evacuation site
2880,1411,evacuee,outES,Evacuee 27 in triage category G is not assigned a helicopter
2880,1411,evacuee,,Evacuee;27;in triage state;Y;is at the evacuation site
2880,1414,evacuee,outES,Evacuee 211 in triage category G is not assigned a helicopter
2880,1414,evacuee,,Evacuee;211;in triage state;Y;is at the evacuation site
2880,1417,evacuee,outES,Evacuee 294 in triage category G is not assigned a helicopter
2880,1417,evacuee,,Evacuee;294;in triage state;Y;is at the evacuation site
2880,1420,evacuee,outES,Evacuee 214 in triage category G is not assigned a helicopter
2880,1420,evacuee,,Evacuee;214;in triage state;Y;is at the evacuation site
2880,1423,evacuee,outES,Evacuee 12 in triage category G is not assigned a helicopter
2880,1423,evacuee,,Evacuee;12;in triage state;Y;is at the evacuation site
2880,1426,evacuee,outES,Evacuee 216 in triage category G is not assigned a helicopter
2880,1426,evacuee,,Evacuee;216;in triage state;Y;is at the evacuation site
2880,1429,evacuee,outES,Evacuee 219 in triage category G is not assigned a helicopter
2880,1429,evacuee,,Evacuee;219;in triage state;Y;is at the evacuation site
2880,1432,evacuee,outES,Evacuee 221 in triage category G is not assigned a helicopter
2880,1432,evacuee,,Evacuee;221;in triage state;Y;is at the evacuation site
2880,1435,evacuee,outES,Evacuee 224 in triage category G is not assigned a helicopter
2880,1435,evacuee,,Evacuee;224;in triage state;Y;is at the evacuation site
2880,1438,evacuee,outES,Evacuee 339 in triage category G is not assigned a helicopter
2880,1438,evacuee,,Evacuee;339;in triage state;Y;is at the evacuation site
2880,1441,evacuee,outES,Evacuee 225 in triage category G is not assigned a helicopter
2880,1441,evacuee,,Evacuee;225;in triage state;Y;is at the evacuation site
2880,1444,evacuee,outES,Evacuee 164 in triage category G is not assigned a helicopter
2880,1444,evacuee,,Evacuee;164;in triage state;Y;is at the evacuation site
2880,1447,evacuee,outES,Evacuee 226 in triage category G is not assigned a helicopter
2880,1447,evacuee,,Evacuee;226;in triage state;Y;is at the evacuation site
2880,1450,evacuee,outES,Evacuee 464 in triage category G is not assigned a helicopter
2880,1450,evacuee,,Evacuee;464;in triage state;Y;is at the evacuation site
2880,1453,evacuee,outES,Evacuee 227 in triage category G is not assigned a helicopter
2880,1453,evacuee,,Evacuee;227;in triage state;Y;is at the evacuation site
2880,1456,evacuee,outES,Evacuee 267 in triage category G is not assigned a helicopter
2880,1456,evacuee,,Evacuee;267;in triage state;Y;is at the evacuation site
2880,1459,evacuee,outES,Evacuee 73 in triage category G is not assigned a helicopter
2880,1459,evacuee,,Evacuee;73;in triage state;Y;is at the evacuation site
2880,1462,evacuee,outES,Evacuee 233 in triage category G is not assigned a helicopter
2880,1462,evacuee,,Evacuee;233;in triage state;Y;is at the evacuation site
2880,1465,evacuee,outES,Evacuee 236 in triage category G is not assigned a helicopter
2880,1465,evacuee,,Evacuee;236;in triage state;Y;is at the evacuation site
2880,1468,evacuee,outES,Evacuee 7 in triage category G is not assigned a helicopter
2880,1468,evacuee,,Evacuee;7;in triage state;Y;is at the evacuation site
2880,1471,evacuee,outES,Evacuee 237 in triage category G is not assigned a helicopter
2880,1471,evacuee,,Evacuee;237;in triage state;Y;is at the evacuation site
2880,1474,evacuee,outES,Evacuee 238 in triage category G is not assigned a helicopter
2880,1474,evacuee,,Evacuee;238;in triage state;Y;is at the evacuation site
2880,1477,evacuee,outES,Evacuee 113 in triage category G is not assigned a helicopter
2880,1477,evacuee,,Evacuee;113;in triage state;Y;is at the evacuation site
2880,1480,evacuee,outES,Evacuee 239 in triage category G is not assigned a helicopter
2880,1480,evacuee,,Evacuee;239;in triage state;Y;is at the evacuation site
2880,1483,evacuee,outES,Evacuee 243 in triage category G is not assigned a helicopter
2880,1483,evacuee,,Evacuee;243;in triage state;Y;is at the evacuation site
2880,1486,evacuee,outES,Evacuee 96 in triage category G is not assigned a helicopter
2880,1486,evacuee,,Evacuee;96;in triage state;Y;is at the evacuation site
2880,1489,evacuee,outES,Evacuee 244 in triage category G is not assigned a helicopter
2880,1489,evacuee,,Evacuee;244;in triage state;Y;is at the evacuation site
2880,1492,evacuee,outES,Evacuee 247 in triage category G is not assigned a helicopter
2880,1492,evacuee,,Evacuee;247;in triage state;Y;is at the evacuation site
2880,1495,evacuee,outES,Evacuee 59 in triage category G is not assigned a helicopter
2880,1495,evacuee,,Evacuee;59;in triage state;Y;is at the evacuation site
2880,1498,evacuee,outES,Evacuee 248 in triage category G is not assigned a helicopter
2880,1498,evacuee,,Evacuee;248;in triage state;Y;is at the evacuation site
2880,1501,evacuee,outES,Evacuee 467 in triage category G is not assigned a helicopter
2880,1501,evacuee,,Evacuee;467;in triage state;Y;is at the evacuation site
2880,1504,evacuee,outES,Evacuee 298 in triage category G is not assigned a helicopter
2880,1504,evacuee,,Evacuee;298;in triage state;Y;is at the evacuation site
2880,1507,evacuee,outES,Evacuee 254 in triage category G is not assigned a helicopter
2880,1507,evacuee,,Evacuee;254;in triage state;Y;is at the evacuation site
2880,1510,evacuee,outES,Evacuee 257 in triage category G is not assigned a helicopter
2880,1510,evacuee,,Evacuee;257;in triage state;Y;is at the evacuation site
2880,3,evacueeManager,outEvac,Evacuee 1 in triage category Y is assigned helicopter 1
2880,3,evacueeManager,outEvac,Evacuee 2 in triage category Y is assigned helicopter 1
2880,3,evacueeManager,outEvac,Evacuee 3 in triage category Y is assigned helicopter 1
2880,3,evacueeManager,,OFF SHIP: White;0;Green;0;Yellow;472;Red;0;Black;25;ON SHIP: White;0;Green;0;Yellow;0;Red;0;Evacuees to Transfer;
2880,4,helipadManager,outHQ,0
2880,4,helipadManager,,;No helos are at ES
2880,5,helicopterQueue,,;No helos are waiting to land
2880,7,filterLoc,,
2880,10,filterLoc,,
2880,13,filterLoc,,
2880,16,filterLoc,,
2880,19,filterLoc,,
2880,22,filterLoc,,
2880,25,filterLoc,,
2880,28,filterLoc,,
2880,31,filterLoc,,
2880,34,filterLoc,,
2880,37,filterLoc,,
2880,40,filterLoc,,
2880,43,filterLoc,,
2880,46,filterLoc,,
2880,49,filterLoc,,
2880,52,filterLoc,,
2880,55,filterLoc,,
2880,58,filterLoc,,
2880,61,filterLoc,,
2880,64,filterLoc,,
2880,67,filterLoc,,
2880,70,filterLoc,,
2880,73,filterLoc,,
2880,76,filterLoc,,
2880,79,filterLoc,,
2880,82,filterLoc,,
2880,85,filterLoc,,
2880,88,filterLoc,,
2880,91,filterLoc,,
2880,94,filterLoc,,
2880,97,filterLoc,,
2880,100,filterLoc,,
2880,103,filterLoc,,
2880,106,filterLoc,,
2880,109,filterLoc,,
2880,112,filterLoc,,
2880,115,filterLoc,,
2880,118,filterLoc,,
2880,121,filterLoc,,
2880,124,filterLoc,,
2880,127,filterLoc,,
2880,130,filterLoc,,
2880,133,filterLoc,,
2880,136,filterLoc,,
2880,139,filterLoc,,
2880,142,filterLoc,,
2880,145,filterLoc,,
2880,148,filterLoc,,
2880,151,filterLoc,,
2880,154,filterLoc,,
2880,157,filterLoc,,
2880,160,filterLoc,,
2880,163,filterLoc,,
2880,166,filterLoc,,
2880,169,filterLoc,,
2880,172,filterLoc,,
2880,175,filterLoc,,
2880,178,filterLoc,,
2880,181,filterLoc,,
2880,184,filterLoc,,
2880,187,filterLoc,,
2880,190,filterLoc,,
2880,193,filterLoc,,
2880,196,filterLoc,,
2880,199,filterLoc,,
2880,202,filterLoc,,
2880,205,filterLoc,,
2880,208,filterLoc,,
2880,211,filterLoc,,
2880,214,filterLoc,,
2880,217,filterLoc,,
2880,220,filterLoc,,
2880,224,filterLoc,,
2880,227,filterLoc,,
2880,230,filterLoc,,
2880,233,filterLoc,,
2880,236,filterLoc,,
2880,239,filterLoc,,
2880,242,filterLoc,,
2880,245,filterLoc,,
2880,248,filterLoc,,
2880,251,filterLoc,,
2880,254,filterLoc,,
2880,257,filterLoc,,
2880,260,filterLoc,,
2880,263,filterLoc,,
2880,266,filterLoc,,
2880,269,filterLoc,,
2880,272,filterLoc,,
2880,275,filterLoc,,
2880,278,filterLoc,,
2880,281,filterLoc,,
2880,284,filterLoc,,
2880,287,filterLoc,,
2880,290,filterLoc,,
2880,293,filterLoc,,
2880,296,filterLoc,,
2880,299,filterLoc,,
2880,302,filterLoc,,
2880,305,filterLoc,,
2880,308,filterLoc,,
2880,311,filterLoc,,
2880,314,filterLoc,,
2880,317,filterLoc,,
2880,320,filterLoc,,
2880,323,filterLoc,,
2880,326,filterLoc,,
2880,329,filterLoc,,
2880,332,filterLoc,,
2880,335,filterLoc,,
2880,338,filterLoc,,
2880,341,filterLoc,,
2880,344,filterLoc,,
2880,347,filterLoc,,
2880,350,filterLoc,,
2880,353,filterLoc,,
2880,356,filterLoc,,
2880,359,filterLoc,,
2880,362,filterLoc,,
2880,365,filterLoc,,
2880,368,filterLoc,,
2880,371,filterLoc,,
2880,374,filterLoc,,
2880,377,filterLoc,,
2880,380,filterLoc,,
2880,383,filterLoc,,
2880,386,filterLoc,,
2880,389,filterLoc,,
2880,392,filterLoc,,
2880,395,filterLoc,,
2880,398,filterLoc,,
2880,401,filterLoc,,
2880,404,filterLoc,,
2880,407,filterLoc,,
2880,410,filterLoc,,
2880,413,filterLoc,,
2880,416,filterLoc,,
2880,419,filterLoc,,
2880,422,filterLoc,,
2880,425,filterLoc,,
2880,428,filterLoc,,
2880,431,filterLoc,,
2880,434,filterLoc,,
2880,437,filterLoc,,
2880,440,filterLoc,,
2880,443,filterLoc,,
2880,446,filterLoc,,
2880,449,filterLoc,,
2880,452,filterLoc,,
2880,455,filterLoc,,
2880,458,filterLoc,,
2880,461,filterLoc,,
2880,464,filterLoc,,
2880,467,filterLoc,,
2880,470,filterLoc,,
2880,473,filterLoc,,
2880,476,filterLoc,,
2880,479,filterLoc,,
2880,482,filterLoc,,
2880,485,filterLoc,,
2880,488,filterLoc,,
2880,491,filterLoc,,
2880,494,filterLoc,,
2880,497,filterLoc,,
2880,500,filterLoc,,
2880,503,filterLoc,,
2880,506,filterLoc,,
2880,509,filterLoc,,
2880,512,filterLoc,,
2880,515,filterLoc,,
2880,518,filterLoc,,
2880,521,filterLoc,,
2880,524,filterLoc,,
2880,527,filterLoc,,
2880,530,filterLoc,,
2880,533,filterLoc,,
2880,536,filterLoc,,
2880,539,filterLoc,,
2880,542,filterLoc,,
2880,545,filterLoc,,
2880,548,filterLoc,,
2880,551,filterLoc,,
2880,554,filterLoc,,
2880,557,filterLoc,,
2880,560,filterLoc,,
2880,563,filterLoc,,
2880,566,filterLoc,,
2880,569,filterLoc,,
2880,572,filterLoc,,
2880,575,filterLoc,,
2880,578,filterLoc,,
2880,581,filterLoc,,
2880,584,filterLoc,,
2880,587,filterLoc,,
2880,590,filterLoc,,
2880,593,filterLoc,,
2880,596,filterLoc,,
2880,599,filterLoc,,
2880,602,filterLoc,,
2880,605,filterLoc,,
2880,608,filterLoc,,
2880,611,filterLoc,,;Evacuee;1;in triage category;Y;is entering helicopter;1
2880,614,filterLoc,,
2880,617,filterLoc,,
2880,620,filterLoc,,
2880,623,filterLoc,,
2880,626,filterLoc,,
2880,629,filterLoc,,
2880,632,filterLoc,,
2880,635,filterLoc,,
2880,638,filterLoc,,
2880,641,filterLoc,,
2880,644,filterLoc,,
2880,647,filterLoc,,
2880,650,filterLoc,,
2880,653,filterLoc,,
2880,656,filterLoc,,
2880,659,filterLoc,,
2880,662,filterLoc,,
2880,665,filterLoc,,
2880,668,filterLoc,,
2880,671,filterLoc,,
2880,674,filterLoc,,
2880,677,filterLoc,,
2880,680,filterLoc,,
2880,683,filterLoc,,
2880,686,filterLoc,,
2880,689,filterLoc,,
2880,692,filterLoc,,
2880,695,filterLoc,,
2880,698,filterLoc,,
2880,701,filterLoc,,
2880,704,filterLoc,,
2880,707,filterLoc,,
2880,710,filterLoc,,
2880,713,filterLoc,,
2880,716,filterLoc,,
2880,719,filterLoc,,
2880,722,filterLoc,,
2880,725,filterLoc,,
2880,728,filterLoc,,
2880,731,filterLoc,,
2880,734,filterLoc,,
2880,737,filterLoc,,
2880,740,filterLoc,,
2880,743,filterLoc,,
2880,746,filterLoc,,
2880,749,filterLoc,,
2880,752,filterLoc,,
2880,755,filterLoc,,
2880,758,filterLoc,,
2880,761,filterLoc,,
2880,764,filterLoc,,
2880,767,filterLoc,,
2880,770,filterLoc,,
2880,773,filterLoc,,
2880,776,filterLoc,,
2880,779,filterLoc,,
2880,782,filterLoc,,
2880,785,filterLoc,,
2880,788,filterLoc,,
2880,791,filterLoc,,
2880,794,filterLoc,,
2880,797,filterLoc,,
2880,800,filterLoc,,
2880,803,filterLoc,,
2880,806,filterLoc,,
2880,809,filterLoc,,
2880,812,filterLoc,,
2880,815,filterLoc,,
2880,818,filterLoc,,
2880,821,filterLoc,,
2880,824,filterLoc,,
2880,827,filterLoc,,
2880,830,filterLoc,,;Evacuee;2;in triage category;Y;is entering helicopter;1
2880,833,filterLoc,,
2880,836,filterLoc,,
2880,839,filterLoc,,
2880,842,filterLoc,,
2880,845,filterLoc,,
2880,848,filterLoc,,
2880,851,filterLoc,,
2880,854,filterLoc,,
2880,857,filterLoc,,
2880,860,filterLoc,,
2880,863,filterLoc,,
2880,866,filterLoc,,
2880,869,filterLoc,,
2880,872,filterLoc,,
2880,875,filterLoc,,
2880,878,filterLoc,,
2880,881,filterLoc,,
2880,884,filterLoc,,
2880,887,filterLoc,,
2880,890,filterLoc,,
2880,893,filterLoc,,
2880,896,filterLoc,,
2880,899,filterLoc,,
2880,902,filterLoc,,
2880,905,filterLoc,,
2880,908,filterLoc,,
2880,911,filterLoc,,
2880,914,filterLoc,,
2880,917,filterLoc,,
2880,920,filterLoc,,;Evacuee;3;in triage category;Y;is entering helicopter;1
2880,923,filterLoc,,
2880,926,filterLoc,,
2880,929,filterLoc,,
2880,932,filterLoc,,
2880,935,filterLoc,,
2880,938,filterLoc,,
2880,941,filterLoc,,
2880,944,filterLoc,,
2880,947,filterLoc,,
2880,950,filterLoc,,
2880,953,filterLoc,,
2880,956,filterLoc,,
2880,959,filterLoc,,
2880,962,filterLoc,,
2880,965,filterLoc,,
2880,968,filterLoc,,
2880,971,filterLoc,,
2880,974,filterLoc,,
2880,977,filterLoc,,
2880,980,filterLoc,,
2880,983,filterLoc,,
2880,986,filterLoc,,
2880,989,filterLoc,,
2880,992,filterLoc,,
2880,995,filterLoc,,
2880,998,filterLoc,,
2880,1001,filterLoc,,
2880,1004,filterLoc,,
2880,1007,filterLoc,,
2880,1010,filterLoc,,
2880,1013,filterLoc,,
2880,1016,filterLoc,,
2880,1019,filterLoc,,
2880,1022,filterLoc,,
2880,1025,filterLoc,,
2880,1028,filterLoc,,
2880,1031,filterLoc,,
2880,1034,filterLoc,,
2880,1037,filterLoc,,
2880,1040,filterLoc,,
2880,1043,filterLoc,,
2880,1046,filterLoc,,
2880,1049,filterLoc,,
2880,1052,filterLoc,,
2880,1055,filterLoc,,
2880,1058,filterLoc,,
2880,1061,filterLoc,,
2880,1064,filterLoc,,
2880,1067,filterLoc,,
2880,1070,filterLoc,,
2880,1073,filterLoc,,
2880,1076,filterLoc,,
2880,1079,filterLoc,,
2880,1082,filterLoc,,
2880,1085,filterLoc,,
2880,1088,filterLoc,,
2880,1091,filterLoc,,
2880,1094,filterLoc,,
2880,1097,filterLoc,,
2880,1100,filterLoc,,
2880,1103,filterLoc,,
2880,1106,filterLoc,,
2880,1109,filterLoc,,
2880,1112,filterLoc,,
2880,1115,filterLoc,,
2880,1118,filterLoc,,
2880,1121,filterLoc,,
2880,1124,filterLoc,,
2880,1127,filterLoc,,
2880,1130,filterLoc,,
2880,1133,filterLoc,,
2880,1136,filterLoc,,
2880,1139,filterLoc,,
2880,1142,filterLoc,,
2880,1145,filterLoc,,
2880,1148,filterLoc,,
2880,1151,filterLoc,,
2880,1154,filterLoc,,
2880,1157,filterLoc,,
2880,1161,filterES,out,Helicopter 1 is evacuating people1
2880,1161,filterES,,
2880,1162,helicopter,,Helicopter;1;is loading people at the evacuation site;;and has;0;spots taken
2880,1164,filterLoc,,
2880,1167,filterLoc,,
2880,1170,filterLoc,,
2880,1173,filterLoc,,
2880,1176,filterLoc,,
2880,1179,filterLoc,,
2880,1182,filterLoc,,
2880,1185,filterLoc,,
2880,1188,filterLoc,,
2880,1191,filterLoc,,
2880,1194,filterLoc,,
2880,1197,filterLoc,,
2880,1200,filterLoc,,
2880,1203,filterLoc,,
2880,1206,filterLoc,,
2880,1209,filterLoc,,
2880,1212,filterLoc,,
2880,1215,filterLoc,,
2880,1218,filterLoc,,
2880,1221,filterLoc,,
2880,1224,filterLoc,,
2880,1227,filterLoc,,
2880,1230,filterLoc,,
2880,1233,filterLoc,,
2880,1236,filterLoc,,
2880,1239,filterLoc,,
2880,1242,filterLoc,,
2880,1245,filterLoc,,
2880,1248,filterLoc,,
2880,1251,filterLoc,,
2880,1254,filterLoc,,
2880,1257,filterLoc,,
2880,1260,filterLoc,,
2880,1263,filterLoc,,
2880,1266,filterLoc,,
2880,1269,filterLoc,,
2880,1272,filterLoc,,
2880,1275,filterLoc,,
2880,1278,filterLoc,,
2880,1281,filterLoc,,
2880,1284,filterLoc,,
2880,1287,filterLoc,,
2880,1290,filterLoc,,
2880,1293,filterLoc,,
2880,1296,filterLoc,,
2880,1299,filterLoc,,
2880,1302,filterLoc,,
2880,1305,filterLoc,,
2880,1308,filterLoc,,
2880,1311,filterLoc,,
2880,1314,filterLoc,,
2880,1317,filterLoc,,
2880,1320,filterLoc,,
2880,1323,filterLoc,,
2880,1326,filterLoc,,
2880,1329,filterLoc,,
2880,1332,filterLoc,,
2880,1335,filterLoc,,
2880,1338,filterLoc,,
2880,1341,filterLoc,,
2880,1344,filterLoc,,
2880,1347,filterLoc,,
2880,1350,filterLoc,,
2880,1353,filterLoc,,
2880,1356,filterLoc,,
2880,1359,filterLoc,,
2880,1362,filterLoc,,
2880,1365,filterLoc,,
2880,1368,filterLoc,,
2880,1371,filterLoc,,
2880,1374,filterLoc,,
2880,1377,filterLoc,,
2880,1380,filterLoc,,
2880,1383,filterLoc,,
2880,1386,filterLoc,,
2880,1389,filterLoc,,
2880,1392,filterLoc,,
2880,1395,filterLoc,,
2880,1398,filterLoc,,
2880,1401,filterLoc,,
2880,1404,filterLoc,,
2880,1407,filterLoc,,
2880,1410,filterLoc,,
2880,1413,filterLoc,,
2880,1416,filterLoc,,
2880,1419,filterLoc,,
2880,1422,filterLoc,,
2880,1425,filterLoc,,
2880,1428,filterLoc,,
2880,1431,filterLoc,,
2880,1434,filterLoc,,
2880,1437,filterLoc,,
2880,1440,filterLoc,,
2880,1443,filterLoc,,
2880,1446,filterLoc,,
2880,1449,filterLoc,,
2880,1452,filterLoc,,
2880,1455,filterLoc,,
2880,1458,filterLoc,,
2880,1461,filterLoc,,
2880,1464,filterLoc,,
2880,1467,filterLoc,,
2880,1470,filterLoc,,
2880,1473,filterLoc,,
2880,1476,filterLoc,,
2880,1479,filterLoc,,
2880,1482,filterLoc,,
2880,1485,filterLoc,,
2880,1488,filterLoc,,
2880,1491,filterLoc,,
2880,1494,filterLoc,,
2880,1497,filterLoc,,
2880,1500,filterLoc,,
2880,1503,filterLoc,,
2880,1506,filterLoc,,
2880,1509,filterLoc,,
2880,5,helicopterQueue,,;No helos are waiting to land
2880,611,filterLoc,out,Evacuee 1 in triage category Y is assigned helicopter 1
2880,611,filterLoc,,
2880,612,evacuee,,Evacuee;1;in triage state;Y;is entering helicopter;1
2880,830,filterLoc,out,Evacuee 2 in triage category Y is assigned helicopter 1
2880,830,filterLoc,,
2880,831,evacuee,,Evacuee;2;in triage state;Y;is entering helicopter;1
2880,920,filterLoc,out,Evacuee 3 in triage category Y is assigned helicopter 1
2880,920,filterLoc,,
2880,921,evacuee,,Evacuee;3;in triage state;Y;is entering helicopter;1
2880,1162,helicopter,,Helicopter;1;is returning to the FOL;;and has;0;spots taken
2880,612,evacuee,outHelo,Evacuee 1 in triage category Y is assigned helicopter 1
2880,612,evacuee,,Evacuee;1;in triage state;Y;is in helicopter;1
2880,831,evacuee,outHelo,Evacuee 2 in triage category Y is assigned helicopter 1
2880,831,evacuee,,Evacuee;2;in triage state;Y;is in helicopter;1
2880,921,evacuee,outHelo,Evacuee 3 in triage category Y is assigned helicopter 1
2880,921,evacuee,,Evacuee;3;in triage state;Y;is in helicopter;1
2880,1160,filterEvac,,;Evacuee;1;in triage category;Y;is entering helicopter;1;Evacuee;2;in triage category;Y;is entering helicopter;1;Evacuee;3;in triage category;Y;is entering helicopter;1
2880,1160,filterEvac,out,Evacuee 1 in triage category Y is assigned helicopter 1
2880,1160,filterEvac,out,Evacuee 2 in triage category Y is assigned helicopter 1
2880,1160,filterEvac,out,Evacuee 3 in triage category Y is assigned helicopter 1
2880,1160,filterEvac,,
2880,1162,helicopter,,Helicopter;1;is returning to the FOL;;and has;9;spots taken
2955,7,filterLoc,,
2955,10,filterLoc,,
2955,13,filterLoc,,
2955,16,filterLoc,,
2955,19,filterLoc,,
2955,22,filterLoc,,
2955,25,filterLoc,,
2955,28,filterLoc,,
2955,31,filterLoc,,
2955,34,filterLoc,,
2955,37,filterLoc,,
2955,40,filterLoc,,
2955,43,filterLoc,,
2955,46,filterLoc,,
2955,49,filterLoc,,
2955,52,filterLoc,,
2955,55,filterLoc,,
2955,58,filterLoc,,
2955,61,filterLoc,,
2955,64,filterLoc,,
2955,67,filterLoc,,
2955,70,filterLoc,,
2955,73,filterLoc,,
2955,76,filterLoc,,
2955,79,filterLoc,,
2955,82,filterLoc,,
2955,85,filterLoc,,
2955,88,filterLoc,,
2955,91,filterLoc,,
2955,94,filterLoc,,
2955,97,filterLoc,,
2955,100,filterLoc,,
2955,103,filterLoc,,
2955,106,filterLoc,,
2955,109,filterLoc,,
2955,112,filterLoc,,
2955,115,filterLoc,,
2955,118,filterLoc,,
2955,121,filterLoc,,
2955,124,filterLoc,,
2955,127,filterLoc,,
2955,130,filterLoc,,
2955,133,filterLoc,,
2955,136,filterLoc,,
2955,139,filterLoc,,
2955,142,filterLoc,,
2955,145,filterLoc,,
2955,148,filterLoc,,
2955,151,filterLoc,,
2955,154,filterLoc,,
2955,157,filterLoc,,
2955,160,filterLoc,,
2955,163,filterLoc,,
2955,166,filterLoc,,
2955,169,filterLoc,,
2955,172,filterLoc,,
2955,175,filterLoc,,
2955,178,filterLoc,,
2955,181,filterLoc,,
2955,184,filterLoc,,
2955,187,filterLoc,,
2955,190,filterLoc,,
2955,193,filterLoc,,
2955,196,filterLoc,,
2955,199,filterLoc,,
2955,202,filterLoc,,
2955,205,filterLoc,,
2955,208,filterLoc,,
2955,211,filterLoc,,
2955,214,filterLoc,,
2955,217,filterLoc,,
2955,220,filterLoc,,
2955,224,filterLoc,,
2955,227,filterLoc,,
2955,230,filterLoc,,
2955,233,filterLoc,,
2955,236,filterLoc,,
2955,239,filterLoc,,
2955,242,filterLoc,,
2955,245,filterLoc,,
2955,248,filterLoc,,
2955,251,filterLoc,,
2955,254,filterLoc,,
2955,257,filterLoc,,
2955,260,filterLoc,,
2955,263,filterLoc,,
2955,266,filterLoc,,
2955,269,filterLoc,,
2955,272,filterLoc,,
2955,275,filterLoc,,
2955,278,filterLoc,,
2955,281,filterLoc,,
2955,284,filterLoc,,
2955,287,filterLoc,,
2955,290,filterLoc,,
2955,293,filterLoc,,
2955,296,filterLoc,,
2955,299,filterLoc,,
2955,302,filterLoc,,
2955,305,filterLoc,,
2955,308,filterLoc,,
2955,311,filterLoc,,
2955,314,filterLoc,,
2955,317,filterLoc,,
2955,320,filterLoc,,
2955,323,filterLoc,,
2955,326,filterLoc,,
2955,329,filterLoc,,
2955,332,filterLoc,,
2955,335,filterLoc,,
2955,338,filterLoc,,
2955,341,filterLoc,,
2955,344,filterLoc,,
2955,347,filterLoc,,
2955,350,filterLoc,,
2955,353,filterLoc,,
2955,356,filterLoc,,
2955,359,filterLoc,,
2955,362,filterLoc,,
2955,365,filterLoc,,
2955,368,filterLoc,,
2955,371,filterLoc,,
2955,374,filterLoc,,
2955,377,filterLoc,,
2955,380,filterLoc,,
2955,383,filterLoc,,
2955,386,filterLoc,,
2955,389,filterLoc,,
2955,392,filterLoc,,
2955,395,filterLoc,,
2955,398,filterLoc,,
2955,401,filterLoc,,
2955,404,filterLoc,,
2955,407,filterLoc,,
2955,410,filterLoc,,
2955,413,filterLoc,,
2955,416,filterLoc,,
2955,419,filterLoc,,
2955,422,filterLoc,,
2955,425,filterLoc,,
2955,428,filterLoc,,
2955,431,filterLoc,,
2955,434,filterLoc,,
2955,437,filterLoc,,
2955,440,filterLoc,,
2955,443,filterLoc,,
2955,446,filterLoc,,
2955,449,filterLoc,,
2955,452,filterLoc,,
2955,455,filterLoc,,
2955,458,filterLoc,,
2955,461,filterLoc,,
2955,464,filterLoc,,
2955,467,filterLoc,,
2955,470,filterLoc,,
2955,473,filterLoc,,
2955,476,filterLoc,,
2955,479,filterLoc,,
2955,482,filterLoc,,
2955,485,filterLoc,,
2955,488,filterLoc,,
2955,491,filterLoc,,
2955,494,filterLoc,,
2955,497,filterLoc,,
2955,500,filterLoc,,
2955,503,filterLoc,,
2955,506,filterLoc,,
2955,509,filterLoc,,
2955,512,filterLoc,,
2955,515,filterLoc,,
2955,518,filterLoc,,
2955,521,filterLoc,,
2955,524,filterLoc,,
2955,527,filterLoc,,
2955,530,filterLoc,,
2955,533,filterLoc,,
2955,536,filterLoc,,
2955,539,filterLoc,,
2955,542,filterLoc,,
2955,545,filterLoc,,
2955,548,filterLoc,,
2955,551,filterLoc,,
2955,554,filterLoc,,
2955,557,filterLoc,,
2955,560,filterLoc,,
2955,563,filterLoc,,
2955,566,filterLoc,,
2955,569,filterLoc,,
2955,572,filterLoc,,
2955,575,filterLoc,,
2955,578,filterLoc,,
2955,581,filterLoc,,
2955,584,filterLoc,,
2955,587,filterLoc,,
2955,590,filterLoc,,
2955,593,filterLoc,,
2955,596,filterLoc,,
2955,599,filterLoc,,
2955,602,filterLoc,,
2955,605,filterLoc,,
2955,608,filterLoc,,
2955,611,filterLoc,,;Evacuee;1;in triage category;Y;is leaving helicopter;1
2955,614,filterLoc,,
2955,617,filterLoc,,
2955,620,filterLoc,,
2955,623,filterLoc,,
2955,626,filterLoc,,
2955,629,filterLoc,,
2955,632,filterLoc,,
2955,635,filterLoc,,
2955,638,filterLoc,,
2955,641,filterLoc,,
2955,644,filterLoc,,
2955,647,filterLoc,,
2955,650,filterLoc,,
2955,653,filterLoc,,
2955,656,filterLoc,,
2955,659,filterLoc,,
2955,662,filterLoc,,
2955,665,filterLoc,,
2955,668,filterLoc,,
2955,671,filterLoc,,
2955,674,filterLoc,,
2955,677,filterLoc,,
2955,680,filterLoc,,
2955,683,filterLoc,,
2955,686,filterLoc,,
2955,689,filterLoc,,
2955,692,filterLoc,,
2955,695,filterLoc,,
2955,698,filterLoc,,
2955,701,filterLoc,,
2955,704,filterLoc,,
2955,707,filterLoc,,
2955,710,filterLoc,,
2955,713,filterLoc,,
2955,716,filterLoc,,
2955,719,filterLoc,,
2955,722,filterLoc,,
2955,725,filterLoc,,
2955,728,filterLoc,,
2955,731,filterLoc,,
2955,734,filterLoc,,
2955,737,filterLoc,,
2955,740,filterLoc,,
2955,743,filterLoc,,
2955,746,filterLoc,,
2955,749,filterLoc,,
2955,752,filterLoc,,
2955,755,filterLoc,,
2955,758,filterLoc,,
2955,761,filterLoc,,
2955,764,filterLoc,,
2955,767,filterLoc,,
2955,770,filterLoc,,
2955,773,filterLoc,,
2955,776,filterLoc,,
2955,779,filterLoc,,
2955,782,filterLoc,,
2955,785,filterLoc,,
2955,788,filterLoc,,
2955,791,filterLoc,,
2955,794,filterLoc,,
2955,797,filterLoc,,
2955,800,filterLoc,,
2955,803,filterLoc,,
2955,806,filterLoc,,
2955,809,filterLoc,,
2955,812,filterLoc,,
2955,815,filterLoc,,
2955,818,filterLoc,,
2955,821,filterLoc,,
2955,824,filterLoc,,
2955,827,filterLoc,,
2955,830,filterLoc,,;Evacuee;2;in triage category;Y;is leaving helicopter;1
2955,833,filterLoc,,
2955,836,filterLoc,,
2955,839,filterLoc,,
2955,842,filterLoc,,
2955,845,filterLoc,,
2955,848,filterLoc,,
2955,851,filterLoc,,
2955,854,filterLoc,,
2955,857,filterLoc,,
2955,860,filterLoc,,
2955,863,filterLoc,,
2955,866,filterLoc,,
2955,869,filterLoc,,
2955,872,filterLoc,,
2955,875,filterLoc,,
2955,878,filterLoc,,
2955,881,filterLoc,,
2955,884,filterLoc,,
2955,887,filterLoc,,
2955,890,filterLoc,,
2955,893,filterLoc,,
2955,896,filterLoc,,
2955,899,filterLoc,,
2955,902,filterLoc,,
2955,905,filterLoc,,
2955,908,filterLoc,,
2955,911,filterLoc,,
2955,914,filterLoc,,
2955,917,filterLoc,,
2955,920,filterLoc,,;Evacuee;3;in triage category;Y;is leaving helicopter;1
2955,923,filterLoc,,
2955,926,filterLoc,,
2955,929,filterLoc,,
2955,932,filterLoc,,
2955,935,filterLoc,,
2955,938,filterLoc,,
2955,941,filterLoc,,
2955,944,filterLoc,,
2955,947,filterLoc,,
2955,950,filterLoc,,
2955,953,filterLoc,,
2955,956,filterLoc,,
2955,959,filterLoc,,
2955,962,filterLoc,,
2955,965,filterLoc,,
2955,968,filterLoc,,
2955,971,filterLoc,,
2955,974,filterLoc,,
2955,977,filterLoc,,
2955,980,filterLoc,,
2955,983,filterLoc,,
2955,986,filterLoc,,
2955,989,filterLoc,,
2955,992,filterLoc,,
2955,995,filterLoc,,
2955,998,filterLoc,,
2955,1001,filterLoc,,
2955,1004,filterLoc,,
2955,1007,filterLoc,,
2955,1010,filterLoc,,
2955,1013,filterLoc,,
2955,1016,filterLoc,,
2955,1019,filterLoc,,
2955,1022,filterLoc,,
2955,1025,filterLoc,,
2955,1028,filterLoc,,
2955,1031,filterLoc,,
2955,1034,filterLoc,,
2955,1037,filterLoc,,
2955,1040,filterLoc,,
2955,1043,filterLoc,,
2955,1046,filterLoc,,
2955,1049,filterLoc,,
2955,1052,filterLoc,,
2955,1055,filterLoc,,
2955,1058,filterLoc,,
2955,1061,filterLoc,,
2955,1064,filterLoc,,
2955,1067,filterLoc,,
2955,1070,filterLoc,,
2955,1073,filterLoc,,
2955,1076,filterLoc,,
2955,1079,filterLoc,,
2955,1082,filterLoc,,
2955,1085,filterLoc,,
2955,1088,filterLoc,,
2955,1091,filterLoc,,
2955,1094,filterLoc,,
2955,1097,filterLoc,,
2955,1100,filterLoc,,
2955,1103,filterLoc,,
2955,1106,filterLoc,,
2955,1109,filterLoc,,
2955,1112,filterLoc,,
2955,1115,filterLoc,,
2955,1118,filterLoc,,
2955,1121,filterLoc,,
2955,1124,filterLoc,,
2955,1127,filterLoc,,
2955,1130,filterLoc,,
2955,1133,filterLoc,,
2955,1136,filterLoc,,
2955,1139,filterLoc,,
2955,1142,filterLoc,,
2955,1145,filterLoc,,
2955,1148,filterLoc,,
2955,1151,filterLoc,,
2955,1154,filterLoc,,
2955,1157,filterLoc,,
2955,1162,helicopter,outEvac,Evacuee 1 in triage category Y is not assigned a helicopter
2955,1162,helicopter,outEvac,Evacuee 2 in triage category Y is not assigned a helicopter
2955,1162,helicopter,outEvac,Evacuee 3 in triage category Y is not assigned a helicopter
2955,1162,helicopter,,Helicopter;1;is unloading people at the FOL;;and has;0;spots taken
2955,1164,filterLoc,,
2955,1167,filterLoc,,
2955,1170,filterLoc,,
2955,1173,filterLoc,,
2955,1176,filterLoc,,
2955,1179,filterLoc,,
2955,1182,filterLoc,,
2955,1185,filterLoc,,
2955,1188,filterLoc,,
2955,1191,filterLoc,,
2955,1194,filterLoc,,
2955,1197,filterLoc,,
2955,1200,filterLoc,,
2955,1203,filterLoc,,
2955,1206,filterLoc,,
2955,1209,filterLoc,,
2955,1212,filterLoc,,
2955,1215,filterLoc,,
2955,1218,filterLoc,,
2955,1221,filterLoc,,
2955,1224,filterLoc,,
2955,1227,filterLoc,,
2955,1230,filterLoc,,
2955,1233,filterLoc,,
2955,1236,filterLoc,,
2955,1239,filterLoc,,
2955,1242,filterLoc,,
2955,1245,filterLoc,,
2955,1248,filterLoc,,
2955,1251,filterLoc,,
2955,1254,filterLoc,,
2955,1257,filterLoc,,
2955,1260,filterLoc,,
2955,1263,filterLoc,,
2955,1266,filterLoc,,
2955,1269,filterLoc,,
2955,1272,filterLoc,,
2955,1275,filterLoc,,
2955,1278,filterLoc,,
2955,1281,filterLoc,,
2955,1284,filterLoc,,
2955,1287,filterLoc,,
2955,1290,filterLoc,,
2955,1293,filterLoc,,
2955,1296,filterLoc,,
2955,1299,filterLoc,,
2955,1302,filterLoc,,
2955,1305,filterLoc,,
2955,1308,filterLoc,,
2955,1311,filterLoc,,
2955,1314,filterLoc,,
2955,1317,filterLoc,,
2955,1320,filterLoc,,
2955,1323,filterLoc,,
2955,1326,filterLoc,,
2955,1329,filterLoc,,
2955,1332,filterLoc,,
2955,1335,filterLoc,,
2955,1338,filterLoc,,
2955,1341,filterLoc,,
2955,1344,filterLoc,,
2955,1347,filterLoc,,
2955,1350,filterLoc,,
2955,1353,filterLoc,,
2955,1356,filterLoc,,
2955,1359,filterLoc,,
2955,1362,filterLoc,,
2955,1365,filterLoc,,
2955,1368,filterLoc,,
2955,1371,filterLoc,,
2955,1374,filterLoc,,
2955,1377,filterLoc,,
2955,1380,filterLoc,,
2955,1383,filterLoc,,
2955,1386,filterLoc,,
2955,1389,filterLoc,,
2955,1392,filterLoc,,
2955,1395,filterLoc,,
2955,1398,filterLoc,,
2955,1401,filterLoc,,
2955,1404,filterLoc,,
2955,1407,filterLoc,,
2955,1410,filterLoc,,
2955,1413,filterLoc,,
2955,1416,filterLoc,,
2955,1419,filterLoc,,
2955,1422,filterLoc,,
2955,1425,filterLoc,,
2955,1428,filterLoc,,
2955,1431,filterLoc,,
2955,1434,filterLoc,,
2955,1437,filterLoc,,
2955,1440,filterLoc,,
2955,1443,filterLoc,,
2955,1446,filterLoc,,
2955,1449,filterLoc,,
2955,1452,filterLoc,,
2955,1455,filterLoc,,
2955,1458,filterLoc,,
2955,1461,filterLoc,,
2955,1464,filterLoc,,
2955,1467,filterLoc,,
2955,1470,filterLoc,,
2955,1473,filterLoc,,
2955,1476,filterLoc,,
2955,1479,filterLoc,,
2955,1482,filterLoc,,
2955,1485,filterLoc,,
2955,1488,filterLoc,,
2955,1491,filterLoc,,
2955,1494,filterLoc,,
2955,1497,filterLoc,,
2955,1500,filterLoc,,
2955,1503,filterLoc,,
2955,1506,filterLoc,,
2955,1509,filterLoc,,
2955,611,filterLoc,out,Evacuee 1 in triage category Y is not assigned a helicopter
2955,611,filterLoc,,
2955,612,evacuee,,Evacuee;1;in triage state;Y;is entering the FOL
2955,830,filterLoc,out,Evacuee 2 in triage category Y is not assigned a helicopter
2955,830,filterLoc,,
2955,831,evacuee,,Evacuee;2;in triage state;Y;is entering the FOL
2955,920,filterLoc,out,Evacuee 3 in triage category Y is not assigned a helicopter
2955,920,filterLoc,,
2955,921,evacuee,,Evacuee;3;in triage state;Y;is entering the FOL
2955,222,FOL,,;EvacueeID;1;Triage Status;Y;EvacueeID;2;Triage Status;Y;EvacueeID;3;Triage Status;Y;Lives Saved;3
2955,612,evacuee,outFOL,Evacuee 1 in triage category Y is not assigned a helicopter
2955,612,evacuee,,Evacuee;1;in triage state;Y;is at the FOL
2955,831,evacuee,outFOL,Evacuee 2 in triage category Y is not assigned a helicopter
2955,831,evacuee,,Evacuee;2;in triage state;Y;is at the FOL
2955,921,evacuee,outFOL,Evacuee 3 in triage category Y is not assigned a helicopter
2955,921,evacuee,,Evacuee;3;in triage state;Y;is at the FOL
2955,222,FOL,,;EvacueeID;1;Triage Status;Y;EvacueeID;2;Triage Status;Y;EvacueeID;3;Triage Status;Y;Lives Saved;3
2970,1162,helicopter,,Helicopter;1;Is going to the evacuation site;;and has;0;spots taken
3045,5,helicopterQueue,,1;Helos are waiting to land;HeloID;1
3045,1162,helicopter,outES,Helicopter 1 is evacuating people1
3045,1162,helicopter,,Helicopter;1;is waiting to land at the evacuation site;;and has;0;spots taken
3045,4,helipadManager,,Helo;1;is at the ES
3045,5,helicopterQueue,outHM,Helicopter 1 is evacuating people1
3045,5,helicopterQueue,outHelo,Helicopter 1 is evacuating people1
3045,5,helicopterQueue,,;No helos are waiting to land
3045,1161,filterES,,Helicopter;1;is evacuating people
3045,1161,filterES,out,Helicopter 1 is evacuating people1
3045,1161,filterES,,
3045,1162,helicopter,,Helicopter;1;is waiting to land at the evacuation site;;and has;0;spots taken
3045,1162,helicopter,,Helicopter;1;is loading people at the evacuation site;;and has;0;spots taken
3060,3,evacueeManager,,OFF SHIP: White;0;Green;0;Yellow;469;Red;0;Black;25;ON SHIP: White;0;Green;0;Yellow;0;Red;0;Evacuees to Transfer;;EvacueeID;4;HeloID;1;OnShip;0;Triage Status;Y;EvacueeID;5;HeloID;1;OnShip;0;Triage Status;Y;EvacueeID;6;HeloID;1;OnShip;0;Triage Status;Y
3060,4,helipadManager,outEM,Helicopter 1 is evacuating people1
3060,4,helipadManager,outHelo,Helicopter 1 is evacuating people1
3060,4,helipadManager,,;No helos are at ES
3060,1161,filterES,,Helicopter;1;is evacuating people
3060,3,evacueeManager,outEvac,Evacuee 4 in triage category Y is assigned helicopter 1
3060,3,evacueeManager,outEvac,Evacuee 5 in triage category Y is assigned helicopter 1
3060,3,evacueeManager,outEvac,Evacuee 6 in triage category Y is assigned helicopter 1
3060,3,evacueeManager,,OFF SHIP: White;0;Green;0;Yellow;469;Red;0;Black;25;ON SHIP: White;0;Green;0;Yellow;0;Red;0;Evacuees to Transfer;
3060,4,helipadManager,outHQ,0
3060,4,helipadManager,,;No helos are at ES
3060,5,helicopterQueue,,;No helos are waiting to land
3060,7,filterLoc,,
3060,10,filterLoc,,
3060,13,filterLoc,,
3060,16,filterLoc,,
3060,19,filterLoc,,
3060,22,filterLoc,,
3060,25,filterLoc,,
3060,28,filterLoc,,
3060,31,filterLoc,,
3060,34,filterLoc,,
3060,37,filterLoc,,
3060,40,filterLoc,,
3060,43,filterLoc,,
3060,46,filterLoc,,
3060,49,filterLoc,,
3060,52,filterLoc,,
3060,55,filterLoc,,
3060,58,filterLoc,,
3060,61,filterLoc,,
3060,64,filterLoc,,
3060,67,filterLoc,,
3060,70,filterLoc,,
3060,73,filterLoc,,
3060,76,filterLoc,,
3060,79,filterLoc,,
3060,82,filterLoc,,
3060,85,filterLoc,,
3060,88,filterLoc,,
3060,91,filterLoc,,
3060,94,filterLoc,,
3060,97,filterLoc,,
3060,100,filterLoc,,
3060,103,filterLoc,,
3060,106,filterLoc,,
3060,109,filterLoc,,
3060,112,filterLoc,,
3060,115,filterLoc,,
3060,118,filterLoc,,
3060,121,filterLoc,,
3060,124,filterLoc,,
3060,127,filterLoc,,
3060,130,filterLoc,,
3060,133,filterLoc,,
3060,136,filterLoc,,
3060,139,filterLoc,,
3060,142,filterLoc,,
3060,145,filterLoc,,
3060,148,filterLoc,,
3060,151,filterLoc,,
3060,154,filterLoc,,
3060,157,filterLoc,,
3060,160,filterLoc,,
3060,163,filterLoc,,
3060,166,filterLoc,,
3060,169,filterLoc,,
3060,172,filterLoc,,
3060,175,filterLoc,,
3060,178,filterLoc,,
3060,181,filterLoc,,
3060,184,filterLoc,,
3060,187,filterLoc,,
3060,190,filterLoc,,
3060,193,filterLoc,,
3060,196,filterLoc,,
3060,199,filterLoc,,
3060,202,filterLoc,,
3060,205,filterLoc,,
3060,208,filterLoc,,
3060,211,filterLoc,,
3060,214,filterLoc,,
3060,217,filterLoc,,
3060,220,filterLoc,,
3060,224,filterLoc,,
3060,227,filterLoc,,
3060,230,filterLoc,,
3060,233,filterLoc,,
3060,236,filterLoc,,
3060,239,filterLoc,,
3060,242,filterLoc,,
3060,245,filterLoc,,
3060,248,filterLoc,,
3060,251,filterLoc,,
3060,254,filterLoc,,
3060,257,filterLoc,,
3060,260,filterLoc,,
3060,263,filterLoc,,
3060,266,filterLoc,,
3060,269,filterLoc,,
3060,272,filterLoc,,
3060,275,filterLoc,,
3060,278,filterLoc,,
3060,281,filterLoc,,
3060,284,filterLoc,,
3060,287,filterLoc,,
3060,290,filterLoc,,
3060,293,filterLoc,,
3060,296,filterLoc,,
3060,299,filterLoc,,
3060,302,filterLoc,,
3060,305,filterLoc,,
3060,308,filterLoc,,
3060,311,filterLoc,,
3060,314,filterLoc,,
3060,317,filterLoc,,
3060,320,filterLoc,,
3060,323,filterLoc,,
3060,326,filterLoc,,
3060,329,filterLoc,,
3060,332,filterLoc,,
3060,335,filterLoc,,
3060,338,filterLoc,,
3060,341,filterLoc,,
3060,344,filterLoc,,
3060,347,filterLoc,,
3060,350,filterLoc,,
3060,353,filterLoc,,
3060,356,filterLoc,,
3060,359,filterLoc,,
3060,362,filterLoc,,
3060,365,filterLoc,,
3060,368,filterLoc,,
3060,371,filterLoc,,
3060,374,filterLoc,,
3060,377,filterLoc,,
3060,380,filterLoc,,
3060,383,filterLoc,,
3060,386,filterLoc,,
3060,389,filterLoc,,
3060,392,filterLoc,,
3060,395,filterLoc,,
3060,398,filterLoc,,
3060,401,filterLoc,,
3060,404,filterLoc,,
3060,407,filterLoc,,
3060,410,filterLoc,,
3060,413,filterLoc,,
3060,416,filterLoc,,
3060,419,filterLoc,,
3060,422,filterLoc,,
3060,425,filterLoc,,
3060,428,filterLoc,,
3060,431,filterLoc,,
3060,434,filterLoc,,
3060,437,filterLoc,,
3060,440,filterLoc,,
3060,443,filterLoc,,
3060,446,filterLoc,,
3060,449,filterLoc,,
3060,452,filterLoc,,
3060,455,filterLoc,,
3060,458,filterLoc,,
3060,461,filterLoc,,
3060,464,filterLoc,,
3060,467,filterLoc,,
3060,470,filterLoc,,
3060,473,filterLoc,,
3060,476,filterLoc,,
3060,479,filterLoc,,
3060,482,filterLoc,,
3060,485,filterLoc,,
3060,488,filterLoc,,
3060,491,filterLoc,,
3060,494,filterLoc,,
3060,497,filterLoc,,
3060,500,filterLoc,,
3060,503,filterLoc,,
3060,506,filterLoc,,
3060,509,filterLoc,,
3060,512,filterLoc,,
3060,515,filterLoc,,
3060,518,filterLoc,,
3060,521,filterLoc,,
3060,524,filterLoc,,
3060,527,filterLoc,,
3060,530,filterLoc,,
3060,533,filterLoc,,
3060,536,filterLoc,,
3060,539,filterLoc,,
3060,542,filterLoc,,
3060,545,filterLoc,,
3060,548,filterLoc,,
3060,551,filterLoc,,
3060,554,filterLoc,,
3060,557,filterLoc,,
3060,560,filterLoc,,
3060,563,filterLoc,,
3060,566,filterLoc,,
3060,569,filterLoc,,
3060,572,filterLoc,,
3060,575,filterLoc,,
3060,578,filterLoc,,
3060,581,filterLoc,,
3060,584,filterLoc,,
3060,587,filterLoc,,
3060,590,filterLoc,,
3060,593,filterLoc,,
3060,596,filterLoc,,
3060,599,filterLoc,,
3060,602,filterLoc,,
3060,605,filterLoc,,
3060,608,filterLoc,,
3060,611,filterLoc,,
3060,614,filterLoc,,
3060,617,filterLoc,,
3060,620,filterLoc,,
3060,623,filterLoc,,
3060,626,filterLoc,,
3060,629,filterLoc,,
3060,632,filterLoc,,
3060,635,filterLoc,,
3060,638,filterLoc,,
3060,641,filterLoc,,
3060,644,filterLoc,,
3060,647,filterLoc,,
3060,650,filterLoc,,
3060,653,filterLoc,,
3060,656,filterLoc,,
3060,659,filterLoc,,
3060,662,filterLoc,,
3060,665,filterLoc,,
3060,668,filterLoc,,
3060,671,filterLoc,,
3060,674,filterLoc,,
3060,677,filterLoc,,
3060,680,filterLoc,,
3060,683,filterLoc,,
3060,686,filterLoc,,
3060,689,filterLoc,,
3060,692,filterLoc,,
3060,695,filterLoc,,
3060,698,filterLoc,,
3060,701,filterLoc,,
3060,704,filterLoc,,
3060,707,filterLoc,,
3060,710,filterLoc,,
3060,713,filterLoc,,
3060,716,filterLoc,,
3060,719,filterLoc,,
3060,722,filterLoc,,
3060,725,filterLoc,,
3060,728,filterLoc,,
3060,731,filterLoc,,
3060,734,filterLoc,,
3060,737,filterLoc,,
3060,740,filterLoc,,
3060,743,filterLoc,,
3060,746,filterLoc,,
3060,749,filterLoc,,
3060,752,filterLoc,,
3060,755,filterLoc,,
3060,758,filterLoc,,
3060,761,filterLoc,,
3060,764,filterLoc,,
3060,767,filterLoc,,
3060,770,filterLoc,,
3060,773,filterLoc,,
3060,776,filterLoc,,
3060,779,filterLoc,,
3060,782,filterLoc,,
3060,785,filterLoc,,
3060,788,filterLoc,,;Evacuee;4;in triage category;Y;is entering helicopter;1
3060,791,filterLoc,,
3060,794,filterLoc,,
3060,797,filterLoc,,
3060,800,filterLoc,,
3060,803,filterLoc,,
3060,806,filterLoc,,
3060,809,filterLoc,,
3060,812,filterLoc,,
3060,815,filterLoc,,
3060,818,filterLoc,,
3060,821,filterLoc,,
3060,824,filterLoc,,
3060,827,filterLoc,,
3060,830,filterLoc,,
3060,833,filterLoc,,
3060,836,filterLoc,,
3060,839,filterLoc,,
3060,842,filterLoc,,
3060,845,filterLoc,,
3060,848,filterLoc,,
3060,851,filterLoc,,;Evacuee;5;in triage category;Y;is entering helicopter;1
3060,854,filterLoc,,
3060,857,filterLoc,,
3060,860,filterLoc,,
3060,863,filterLoc,,
3060,866,filterLoc,,
3060,869,filterLoc,,
3060,872,filterLoc,,
3060,875,filterLoc,,
3060,878,filterLoc,,
3060,881,filterLoc,,
3060,884,filterLoc,,
3060,887,filterLoc,,
3060,890,filterLoc,,
3060,893,filterLoc,,
3060,896,filterLoc,,
3060,899,filterLoc,,
3060,902,filterLoc,,
3060,905,filterLoc,,
3060,908,filterLoc,,
3060,911,filterLoc,,
3060,914,filterLoc,,
3060,917,filterLoc,,
3060,920,filterLoc,,
3060,923,filterLoc,,
3060,926,filterLoc,,
3060,929,filterLoc,,
3060,932,filterLoc,,;Evacuee;6;in triage category;Y;is entering helicopter;1
3060,935,filterLoc,,
3060,938,filterLoc,,
3060,941,filterLoc,,
3060,944,filterLoc,,
3060,947,filterLoc,,
3060,950,filterLoc,,
3060,953,filterLoc,,
3060,956,filterLoc,,
3060,959,filterLoc,,
3060,962,filterLoc,,
3060,965,filterLoc,,
3060,968,filterLoc,,
3060,971,filterLoc,,
3060,974,filterLoc,,
3060,977,filterLoc,,
3060,980,filterLoc,,
3060,983,filterLoc,,
3060,986,filterLoc,,
3060,989,filterLoc,,
3060,992,filterLoc,,
3060,995,filterLoc,,
3060,998,filterLoc,,
3060,1001,filterLoc,,
3060,1004,filterLoc,,
3060,1007,filterLoc,,
3060,1010,filterLoc,,
3060,1013,filterLoc,,
3060,1016,filterLoc,,
3060,1019,filterLoc,,
3060,1022,filterLoc,,
3060,1025,filterLoc,,
3060,1028,filterLoc,,
3060,1031,filterLoc,,
3060,1034,filterLoc,,
3060,1037,filterLoc,,
3060,1040,filterLoc,,
3060,1043,filterLoc,,
3060,1046,filterLoc,,
3060,1049,filterLoc,,
3060,1052,filterLoc,,
3060,1055,filterLoc,,
3060,1058,filterLoc,,
3060,1061,filterLoc,,
3060,1064,filterLoc,,
3060,1067,filterLoc,,
3060,1070,filterLoc,,
3060,1073,filterLoc,,
3060,1076,filterLoc,,
3060,1079,filterLoc,,
3060,1082,filterLoc,,
3060,1085,filterLoc,,
3060,1088,filterLoc,,
3060,1091,filterLoc,,
3060,1094,filterLoc,,
3060,1097,filterLoc,,
3060,1100,filterLoc,,
3060,1103,filterLoc,,
3060,1106,filterLoc,,
3060,1109,filterLoc,,
3060,1112,filterLoc,,
3060,1115,filterLoc,,
3060,1118,filterLoc,,
3060,1121,filterLoc,,
3060,1124,filterLoc,,
3060,1127,filterLoc,,
3060,1130,filterLoc,,
3060,1133,filterLoc,,
3060,1136,filterLoc,,
3060,1139,filterLoc,,
3060,1142,filterLoc,,
3060,1145,filterLoc,,
3060,1148,filterLoc,,
3060,1151,filterLoc,,
3060,1154,filterLoc,,
3060,1157,filterLoc,,
3060,1161,filterES,out,Helicopter 1 is evacuating people1
3060,1161,filterES,,
3060,1162,helicopter,,Helicopter;1;is loading people at the evacuation site;;and has;0;spots taken
3060,1164,filterLoc,,
3060,1167,filterLoc,,
3060,1170,filterLoc,,
3060,1173,filterLoc,,
3060,1176,filterLoc,,
3060,1179,filterLoc,,
3060,1182,filterLoc,,
3060,1185,filterLoc,,
3060,1188,filterLoc,,
3060,1191,filterLoc,,
3060,1194,filterLoc,,
3060,1197,filterLoc,,
3060,1200,filterLoc,,
3060,1203,filterLoc,,
3060,1206,filterLoc,,
3060,1209,filterLoc,,
3060,1212,filterLoc,,
3060,1215,filterLoc,,
3060,1218,filterLoc,,
3060,1221,filterLoc,,
3060,1224,filterLoc,,
3060,1227,filterLoc,,
3060,1230,filterLoc,,
3060,1233,filterLoc,,
3060,1236,filterLoc,,
3060,1239,filterLoc,,
3060,1242,filterLoc,,
3060,1245,filterLoc,,
3060,1248,filterLoc,,
3060,1251,filterLoc,,
3060,1254,filterLoc,,
3060,1257,filterLoc,,
3060,1260,filterLoc,,
3060,1263,filterLoc,,
3060,1266,filterLoc,,
3060,1269,filterLoc,,
3060,1272,filterLoc,,
3060,1275,filterLoc,,
3060,1278,filterLoc,,
3060,1281,filterLoc,,
3060,1284,filterLoc,,
3060,1287,filterLoc,,
3060,1290,filterLoc,,
3060,1293,filterLoc,,
3060,1296,filterLoc,,
3060,1299,filterLoc,,
3060,1302,filterLoc,,
3060,1305,filterLoc,,
3060,1308,filterLoc,,
3060,1311,filterLoc,,
3060,1314,filterLoc,,
3060,1317,filterLoc,,
3060,1320,filterLoc,,
3060,1323,filterLoc,,
3060,1326,filterLoc,,
3060,1329,filterLoc,,
3060,1332,filterLoc,,
3060,1335,filterLoc,,
3060,1338,filterLoc,,
3060,1341,filterLoc,,
3060,1344,filterLoc,,
3060,1347,filterLoc,,
3060,1350,filterLoc,,
3060,1353,filterLoc,,
3060,1356,filterLoc,,
3060,1359,filterLoc,,
3060,1362,filterLoc,,
3060,1365,filterLoc,,
3060,1368,filterLoc,,
3060,1371,filterLoc,,
3060,1374,filterLoc,,
3060,1377,filterLoc,,
3060,1380,filterLoc,,
3060,1383,filterLoc,,
3060,1386,filterLoc,,
3060,1389,filterLoc,,
3060,1392,filterLoc,,
3060,1395,filterLoc,,
3060,1398,filterLoc,,
3060,1401,filterLoc,,
3060,1404,filterLoc,,
3060,1407,filterLoc,,
3060,1410,filterLoc,,
3060,1413,filterLoc,,
3060,1416,filterLoc,,
3060,1419,filterLoc,,
3060,1422,filterLoc,,
3060,1425,filterLoc,,
3060,1428,filterLoc,,
3060,1431,filterLoc,,
3060,1434,filterLoc,,
3060,1437,filterLoc,,
3060,1440,filterLoc,,
3060,1443,filterLoc,,
3060,1446,filterLoc,,
3060,1449,filterLoc,,
3060,1452,filterLoc,,
3060,1455,filterLoc,,
3060,1458,filterLoc,,
3060,1461,filterLoc,,
3060,1464,filterLoc,,
3060,1467,filterLoc,,
3060,1470,filterLoc,,
3060,1473,filterLoc,,
3060,1476,filterLoc,,
3060,1479,filterLoc,,
3060,1482,filterLoc,,
3060,1485,filterLoc,,
3060,1488,filterLoc,,
3060,1491,filterLoc,,
3060,1494,filterLoc,,
3060,1497,filterLoc,,
3060,1500,filterLoc,,
3060,1503,filterLoc,,
3060,1506,filterLoc,,
3060,1509,filterLoc,,
3060,5,helicopterQueue,,;No helos are waiting to land
3060,788,filterLoc,out,Evacuee 4 in triage category Y is assigned helicopter 1
3060,788,filterLoc,,
3060,789,evacuee,,Evacuee;4;in triage state;Y;is entering helicopter;1
3060,851,filterLoc,out,Evacuee 5 in triage category Y is assigned helicopter 1
3060,851,filterLoc,,
3060,852,evacuee,,Evacuee;5;in triage state;Y;is entering helicopter;1
3060,932,filterLoc,out,Evacuee 6 in triage category Y is assigned helicopter 1
3060,932,filterLoc,,
3060,933,evacuee,,Evacuee;6;in triage state;Y;is entering helicopter;1
3060,1162,helicopter,,Helicopter;1;is returning to the FOL;;and has;0;spots taken
3060,789,evacuee,outHelo,Evacuee 4 in triage category Y is assigned helicopter 1
3060,789,evacuee,,Evacuee;4;in triage state;Y;is in helicopter;1
3060,852,evacuee,outHelo,Evacuee 5 in triage category Y is assigned helicopter 1
3060,852,evacuee,,Evacuee;5;in triage state;Y;is in helicopter;1
3060,933,evacuee,outHelo,Evacuee 6 in triage category Y is assigned helicopter 1
3060,933,evacuee,,Evacuee;6;in triage state;Y;is in helicopter;1
3060,1160,filterEvac,,;Evacuee;4;in triage category;Y;is entering helicopter;1;Evacuee;5;in triage category;Y;is entering helicopter;1;Evacuee;6;in triage category;Y;is entering helicopter;1
3060,1160,filterEvac,out,Evacuee 4 in triage category Y is assigned helicopter 1
3060,1160,filterEvac,out,Evacuee 5 in triage category Y is assigned helicopter 1
3060,1160,filterEvac,out,Evacuee 6 in triage category Y is assigned helicopter 1
3060,1160,filterEvac,,
3060,1162,helicopter,,Helicopter;1;is returning to the FOL;;and has;9;spots taken
3135,7,filterLoc,,
3135,10,filterLoc,,
3135,13,filterLoc,,
3135,16,filterLoc,,
3135,19,filterLoc,,
3135,22,filterLoc,,
3135,25,filterLoc,,
3135,28,filterLoc,,
3135,31,filterLoc,,
3135,34,filterLoc,,
3135,37,filterLoc,,
3135,40,filterLoc,,
3135,43,filterLoc,,
3135,46,filterLoc,,
3135,49,filterLoc,,
3135,52,filterLoc,,
3135,55,filterLoc,,
3135,58,filterLoc,,
3135,61,filterLoc,,
3135,64,filterLoc,,
3135,67,filterLoc,,
3135,70,filterLoc,,
3135,73,filterLoc,,
3135,76,filterLoc,,
3135,79,filterLoc,,
3135,82,filterLoc,,
3135,85,filterLoc,,
3135,88,filterLoc,,
3135,91,filterLoc,,
3135,94,filterLoc,,
3135,97,filterLoc,,
3135,100,filterLoc,,
3135,103,filterLoc,,
3135,106,filterLoc,,
3135,109,filterLoc,,
3135,112,filterLoc,,
3135,115,filterLoc,,
3135,118,filterLoc,,
3135,121,filterLoc,,
3135,124,filterLoc,,
3135,127,filterLoc,,
3135,130,filterLoc,,
3135,133,filterLoc,,
3135,136,filterLoc,,
3135,139,filterLoc,,
3135,142,filterLoc,,
3135,145,filterLoc,,
3135,148,filterLoc,,
3135,151,filterLoc,,
3135,154,filterLoc,,
3135,157,filterLoc,,
3135,160,filterLoc,,
3135,163,filterLoc,,
3135,166,filterLoc,,
3135,169,filterLoc,,
3135,172,filterLoc,,
3135,175,filterLoc,,
3135,178,filterLoc,,
3135,181,filterLoc,,
3135,184,filterLoc,,
3135,187,filterLoc,,
3135,190,filterLoc,,
3135,193,filterLoc,,
3135,196,filterLoc,,
3135,199,filterLoc,,
3135,202,filterLoc,,
3135,205,filterLoc,,
3135,208,filterLoc,,
3135,211,filterLoc,,
3135,214,filterLoc,,
3135,217,filterLoc,,
3135,220,filterLoc,,
3135,224,filterLoc,,
3135,227,filterLoc,,
3135,230,filterLoc,,
3135,233,filterLoc,,
3135,236,filterLoc,,
3135,239,filterLoc,,
3135,242,filterLoc,,
3135,245,filterLoc,,
3135,248,filterLoc,,
3135,251,filterLoc,,
3135,254,filterLoc,,
3135,257,filterLoc,,
3135,260,filterLoc,,
3135,263,filterLoc,,
3135,266,filterLoc,,
3135,269,filterLoc,,
3135,272,filterLoc,,
3135,275,filterLoc,,
3135,278,filterLoc,,
3135,281,filterLoc,,
3135,284,filterLoc,,
3135,287,filterLoc,,
3135,290,filterLoc,,
3135,293,filterLoc,,
3135,296,filterLoc,,
3135,299,filterLoc,,
3135,302,filterLoc,,
3135,305,filterLoc,,
3135,308,filterLoc,,
3135,311,filterLoc,,
3135,314,filterLoc,,
3135,317,filterLoc,,
3135,320,filterLoc,,
3135,323,filterLoc,,
3135,326,filterLoc,,
3135,329,filterLoc,,
3135,332,filterLoc,,
3135,335,filterLoc,,
3135,338,filterLoc,,
3135,341,filterLoc,,
3135,344,filterLoc,,
3135,347,filterLoc,,
3135,350,filterLoc,,
3135,353,filterLoc,,
3135,356,filterLoc,,
3135,359,filterLoc,,
3135,362,filterLoc,,
3135,365,filterLoc,,
3135,368,filterLoc,,
3135,371,filterLoc,,
3135,374,filterLoc,,
3135,377,filterLoc,,
3135,380,filterLoc,,
3135,383,filterLoc,,
3135,386,filterLoc,,
3135,389,filterLoc,,
3135,392,filterLoc,,
3135,395,filterLoc,,
3135,398,filterLoc,,
3135,401,filterLoc,,
3135,404,filterLoc,,
3135,407,filterLoc,,
3135,410,filterLoc,,
3135,413,filterLoc,,
3135,416,filterLoc,,
3135,419,filterLoc,,
3135,422,filterLoc,,
3135,425,filterLoc,,
3135,428,filterLoc,,
3135,431,filterLoc,,
3135,434,filterLoc,,
3135,437,filterLoc,,
3135,440,filterLoc,,
3135,443,filterLoc,,
3135,446,filterLoc,,
3135,449,filterLoc,,
3135,452,filterLoc,,
3135,455,filterLoc,,
3135,458,filterLoc,,
3135,461,filterLoc,,
3135,464,filterLoc,,
3135,467,filterLoc,,
3135,470,filterLoc,,
3135,473,filterLoc,,
3135,476,filterLoc,,
3135,479,filterLoc,,
3135,482,filterLoc,,
3135,485,filterLoc,,
3135,488,filterLoc,,
3135,491,filterLoc,,
3135,494,filterLoc,,
3135,497,filterLoc,,
3135,500,filterLoc,,
3135,503,filterLoc,,
3135,506,filterLoc,,
3135,509,filterLoc,,
3135,512,filterLoc,,
3135,515,filterLoc,,
3135,518,filterLoc,,
3135,521,filterLoc,,
3135,524,filterLoc,,
3135,527,filterLoc,,
3135,530,filterLoc,,
3135,533,filterLoc,,
3135,536,filterLoc,,
3135,539,filterLoc,,
3135,542,filterLoc,,
3135,545,filterLoc,,
3135,548,filterLoc,,
3135,551,filterLoc,,
3135,554,filterLoc,,
3135,557,filterLoc,,
3135,560,filterLoc,,
3135,563,filterLoc,,
3135,566,filterLoc,,
3135,569,filterLoc,,
3135,572,filterLoc,,
3135,575,filterLoc,,
3135,578,filterLoc,,
3135,581,filterLoc,,
3135,584,filterLoc,,
3135,587,filterLoc,,
3135,590,filterLoc,,
3135,593,filterLoc,,
3135,596,filterLoc,,
3135,599,filterLoc,,
3135,602,filterLoc,,
3135,605,filterLoc,,
3135,608,filterLoc,,
3135,611,filterLoc,,
3135,614,filterLoc,,
3135,617,filterLoc,,
3135,620,filterLoc,,
3135,623,filterLoc,,
3135,626,filterLoc,,
3135,629,filterLoc,,
3135,632,filterLoc,,
3135,635,filterLoc,,
3135,638,filterLoc,,
3135,641,filterLoc,,
3135,644,filterLoc,,
3135,647,filterLoc,,
3135,650,filterLoc,,
3135,653,filterLoc,,
3135,656,filterLoc,,
3135,659,filterLoc,,
3135,662,filterLoc,,
3135,665,filterLoc,,
3135,668,filterLoc,,
3135,671,filterLoc,,
3135,674,filterLoc,,
3135,677,filterLoc,,
3135,680,filterLoc,,
3135,683,filterLoc,,
3135,686,filterLoc,,
3135,689,filterLoc,,
3135,692,filterLoc,,
3135,695,filterLoc,,
3135,698,filterLoc,,
3135,701,filterLoc,,
3135,704,filterLoc,,
3135,707,filterLoc,,
3135,710,filterLoc,,
3135,713,filterLoc,,
3135,716,filterLoc,,
3135,719,filterLoc,,
3135,722,filterLoc,,
3135,725,filterLoc,,
3135,728,filterLoc,,
3135,731,filterLoc,,
3135,734,filterLoc,,
3135,737,filterLoc,,
3135,740,filterLoc,,
3135,743,filterLoc,,
3135,746,filterLoc,,
3135,749,filterLoc,,
3135,752,filterLoc,,
3135,755,filterLoc,,
3135,758,filterLoc,,
3135,761,filterLoc,,
3135,764,filterLoc,,
3135,767,filterLoc,,
3135,770,filterLoc,,
3135,773,filterLoc,,
3135,776,filterLoc,,
3135,779,filterLoc,,
3135,782,filterLoc,,
3135,785,filterLoc,,
3135,788,filterLoc,,;Evacuee;4;in triage category;Y;is leaving helicopter;1
3135,791,filterLoc,,
3135,794,filterLoc,,
3135,797,filterLoc,,
3135,800,filterLoc,,
3135,803,filterLoc,,
3135,806,filterLoc,,
3135,809,filterLoc,,
3135,812,filterLoc,,
3135,815,filterLoc,,
3135,818,filterLoc,,
3135,821,filterLoc,,
3135,824,filterLoc,,
3135,827,filterLoc,,
3135,830,filterLoc,,
3135,833,filterLoc,,
3135,836,filterLoc,,
3135,839,filterLoc,,
3135,842,filterLoc,,
3135,845,filterLoc,,
3135,848,filterLoc,,
3135,851,filterLoc,,;Evacuee;5;in triage category;Y;is leaving helicopter;1
3135,854,filterLoc,,
3135,857,filterLoc,,
3135,860,filterLoc,,
3135,863,filterLoc,,
3135,866,filterLoc,,
3135,869,filterLoc,,
3135,872,filterLoc,,
3135,875,filterLoc,,
3135,878,filterLoc,,
3135,881,filterLoc,,
3135,884,filterLoc,,
3135,887,filterLoc,,
3135,890,filterLoc,,
3135,893,filterLoc,,
3135,896,filterLoc,,
3135,899,filterLoc,,
3135,902,filterLoc,,
3135,905,filterLoc,,
3135,908,filterLoc,,
3135,911,filterLoc,,
3135,914,filterLoc,,
3135,917,filterLoc,,
3135,920,filterLoc,,
3135,923,filterLoc,,
3135,926,filterLoc,,
3135,929,filterLoc,,
3135,932,filterLoc,,;Evacuee;6;in triage category;Y;is leaving helicopter;1
3135,935,filterLoc,,
3135,938,filterLoc,,
3135,941,filterLoc,,
3135,944,filterLoc,,
3135,947,filterLoc,,
3135,950,filterLoc,,
3135,953,filterLoc,,
3135,956,filterLoc,,
3135,959,filterLoc,,
3135,962,filterLoc,,
3135,965,filterLoc,,
3135,968,filterLoc,,
3135,971,filterLoc,,
3135,974,filterLoc,,
3135,977,filterLoc,,
3135,980,filterLoc,,
3135,983,filterLoc,,
3135,986,filterLoc,,
3135,989,filterLoc,,
3135,992,filterLoc,,
3135,995,filterLoc,,
3135,998,filterLoc,,
3135,1001,filterLoc,,
3135,1004,filterLoc,,
3135,1007,filterLoc,,
3135,1010,filterLoc,,
3135,1013,filterLoc,,
3135,1016,filterLoc,,
3135,1019,filterLoc,,
3135,1022,filterLoc,,
3135,1025,filterLoc,,
3135,1028,filterLoc,,
3135,1031,filterLoc,,
3135,1034,filterLoc,,
3135,1037,filterLoc,,
3135,1040,filterLoc,,
3135,1043,filterLoc,,
3135,1046,filterLoc,,
3135,1049,filterLoc,,
3135,1052,filterLoc,,
3135,1055,filterLoc,,
3135,1058,filterLoc,,
3135,1061,filterLoc,,
3135,1064,filterLoc,,
3135,1067,filterLoc,,
3135,1070,filterLoc,,
3135,1073,filterLoc,,
3135,1076,filterLoc,,
3135,1079,filterLoc,,
3135,1082,filterLoc,,
3135,1085,filterLoc,,
3135,1088,filterLoc,,
3135,1091,filterLoc,,
3135,1094,filterLoc,,
3135,1097,filterLoc,,
3135,1100,filterLoc,,
3135,1103,filterLoc,,
3135,1106,filterLoc,,
3135,1109,filterLoc,,
3135,1112,filterLoc,,
3135,1115,filterLoc,,
3135,1118,filterLoc,,
3135,1121,filterLoc,,
3135,1124,filterLoc,,
3135,1127,filterLoc,,
3135,1130,filterLoc,,
3135,1133,filterLoc,,
3135,1136,filterLoc,,
3135,1139,filterLoc,,
3135,1142,filterLoc,,
3135,1145,filterLoc,,
3135,1148,filterLoc,,
3135,1151,filterLoc,,
3135,1154,filterLoc,,
3135,1157,filterLoc,,
3135,1162,helicopter,outEvac,Evacuee 4 in triage category Y is not assigned a helicopter
3135,1162,helicopter,outEvac,Evacuee 5 in triage category Y is not assigned a helicopter
3135,1162,helicopter,outEvac,Evacuee 6 in triage category Y is not assigned a helicopter
3135,1162,helicopter,,Helicopter;1;is unloading people at the FOL;;and has;0;spots taken
3135,1164,filterLoc,,
3135,1167,filterLoc,,
3135,1170,filterLoc,,
3135,1173,filterLoc,,
3135,1176,filterLoc,,
3135,1179,filterLoc,,
3135,1182,filterLoc,,
3135,1185,filterLoc,,
3135,1188,filterLoc,,
3135,1191,filterLoc,,
3135,1194,filterLoc,,
3135,1197,filterLoc,,
3135,1200,filterLoc,,
3135,1203,filterLoc,,
3135,1206,filterLoc,,
3135,1209,filterLoc,,
3135,1212,filterLoc,,
3135,1215,filterLoc,,
3135,1218,filterLoc,,
3135,1221,filterLoc,,
3135,1224,filterLoc,,
3135,1227,filterLoc,,
3135,1230,filterLoc,,
3135,1233,filterLoc,,
3135,1236,filterLoc,,
3135,1239,filterLoc,,
3135,1242,filterLoc,,
3135,1245,filterLoc,,
3135,1248,filterLoc,,
3135,1251,filterLoc,,
3135,1254,filterLoc,,
3135,1257,filterLoc,,
3135,1260,filterLoc,,
3135,1263,filterLoc,,
3135,1266,filterLoc,,
3135,1269,filterLoc,,
3135,1272,filterLoc,,
3135,1275,filterLoc,,
3135,1278,filterLoc,,
3135,1281,filterLoc,,
3135,1284,filterLoc,,
3135,1287,filterLoc,,
3135,1290,filterLoc,,
3135,1293,filterLoc,,
3135,1296,filterLoc,,
3135,1299,filterLoc,,
3135,1302,filterLoc,,
3135,1305,filterLoc,,
3135,1308,filterLoc,,
3135,1311,filterLoc,,
3135,1314,filterLoc,,
3135,1317,filterLoc,,
3135,1320,filterLoc,,
3135,1323,filterLoc,,
3135,1326,filterLoc,,
3135,1329,filterLoc,,
3135,1332,filterLoc,,
3135,1335,filterLoc,,
3135,1338,filterLoc,,
3135,1341,filterLoc,,
3135,1344,filterLoc,,
3135,1347,filterLoc,,
3135,1350,filterLoc,,
3135,1353,filterLoc,,
3135,1356,filterLoc,,
3135,1359,filterLoc,,
3135,1362,filterLoc,,
3135,1365,filterLoc,,
3135,1368,filterLoc,,
3135,1371,filterLoc,,
3135,1374,filterLoc,,
3135,1377,filterLoc,,
3135,1380,filterLoc,,
3135,1383,filterLoc,,
3135,1386,filterLoc,,
3135,1389,filterLoc,,
3135,1392,filterLoc,,
3135,1395,filterLoc,,
3135,1398,filterLoc,,
3135,1401,filterLoc,,
3135,1404,filterLoc,,
3135,1407,filterLoc,,
3135,1410,filterLoc,,
3135,1413,filterLoc,,
3135,1416,filterLoc,,
3135,1419,filterLoc,,
3135,1422,filterLoc,,
3135,1425,filterLoc,,
3135,1428,filterLoc,,
3135,1431,filterLoc,,
3135,1434,filterLoc,,
3135,1437,filterLoc,,
3135,1440,filterLoc,,
3135,1443,filterLoc,,
3135,1446,filterLoc,,
3135,1449,filterLoc,,
3135,1452,filterLoc,,
3135,1455,filterLoc,,
3135,1458,filterLoc,,
3135,1461,filterLoc,,
3135,1464,filterLoc,,
3135,1467,filterLoc,,
3135,1470,filterLoc,,
3135,1473,filterLoc,,
3135,1476,filterLoc,,
3135,1479,filterLoc,,
3135,1482,filterLoc,,
3135,1485,filterLoc,,
3135,1488,filterLoc,,
3135,1491,filterLoc,,
3135,1494,filterLoc,,
3135,1497,filterLoc,,
3135,1500,filterLoc,,
3135,1503,filterLoc,,
3135,1506,filterLoc,,
3135,1509,filterLoc,,
3135,788,filterLoc,out,Evacuee 4 in triage category Y is not assigned a helicopter
3135,788,filterLoc,,
3135,789,evacuee,,Evacuee;4;in triage state;Y;is entering the FOL
3135,851,filterLoc,out,Evacuee 5 in triage category Y is not assigned a helicopter
3135,851,filterLoc,,
3135,852,evacuee,,Evacuee;5;in triage state;Y;is entering the FOL
3135,932,filterLoc,out,Evacuee 6 in triage category Y is not assigned a helicopter
3135,932,filterLoc,,
3135,933,evacuee,,Evacuee;6;in triage state;Y;is entering the FOL
3135,222,FOL,,;EvacueeID;1;Triage Status;Y;EvacueeID;2;Triage Status;Y;EvacueeID;3;Triage Status;Y;EvacueeID;4;Triage Status;Y;EvacueeID;5;Triage Status;Y;EvacueeID;6;Triage Status;Y;Lives Saved;6
3135,789,evacuee,outFOL,Evacuee 4 in triage category Y is not assigned a helicopter
3135,789,evacuee,,Evacuee;4;in triage state;Y;is at the FOL
3135,852,evacuee,outFOL,Evacuee 5 in triage category Y is not assigned a helicopter
3135,852,evacuee,,Evacuee;5;in triage state;Y;is at the FOL
3135,933,evacuee,outFOL,Evacuee 6 in triage category Y is not assigned a helicopter
3135,933,evacuee,,Evacuee;6;in triage state;Y;is at the FOL
3135,222,FOL,,;EvacueeID;1;Triage Status;Y;EvacueeID;2;Triage Status;Y;EvacueeID;3;Triage Status;Y;EvacueeID;4;Triage Status;Y;EvacueeID;5;Triage Status;Y;EvacueeID;6;Triage Status;Y;Lives Saved;6
3150,1162,helicopter,,Helicopter;1;Is going to the evacuation site;;and has;0;spots taken
3225,5,helicopterQueue,,1;Helos are waiting to land;HeloID;1
3225,1162,helicopter,outES,Helicopter 1 is evacuating people1
3225,1162,helicopter,,Helicopter;1;is waiting to land at the evacuation site;;and has;0;spots taken
3225,4,helipadManager,,Helo;1;is at the ES
3225,5,helicopterQueue,outHM,Helicopter 1 is evacuating people1
3225,5,helicopterQueue,outHelo,Helicopter 1 is evacuating people1
3225,5,helicopterQueue,,;No helos are waiting to land
3225,1161,filterES,,Helicopter;1;is evacuating people
3225,1161,filterES,out,Helicopter 1 is evacuating people1
3225,1161,filterES,,
3225,1162,helicopter,,Helicopter;1;is waiting to land at the evacuation site;;and has;0;spots taken
3225,1162,helicopter,,Helicopter;1;is loading people at the evacuation site;;and has;0;spots taken
3240,3,evacueeManager,,OFF SHIP: White;0;Green;0;Yellow;466;Red;0;Black;25;ON SHIP: White;0;Green;0;Yellow;0;Red;0;Evacuees to Transfer;;EvacueeID;7;HeloID;1;OnShip;0;Triage Status;Y;EvacueeID;8;HeloID;1;OnShip;0;Triage Status;Y;EvacueeID;9;HeloID;1;OnShip;0;Triage Status;Y
3240,4,helipadManager,outEM,Helicopter 1 is evacuating people1
3240,4,helipadManager,outHelo,Helicopter 1 is evacuating people1
3240,4,helipadManager,,;No helos are at ES
3240,1161,filterES,,Helicopter;1;is evacuating people
3240,3,evacueeManager,outEvac,Evacuee 7 in triage category Y is assigned helicopter 1
3240,3,evacueeManager,outEvac,Evacuee 8 in triage category Y is assigned helicopter 1
3240,3,evacueeManager,outEvac,Evacuee 9 in triage category Y is assigned helicopter 1
3240,3,evacueeManager,,OFF SHIP: White;0;Green;0;Yellow;466;Red;0;Black;25;ON SHIP: White;0;Green;0;Yellow;0;Red;0;Evacuees to Transfer;
3240,4,helipadManager,outHQ,0
3240,4,helipadManager,,;No helos are at ES
3240,5,helicopterQueue,,;No helos are waiting to land
3240,7,filterLoc,,
3240,10,filterLoc,,
3240,13,filterLoc,,
3240,16,filterLoc,,
3240,19,filterLoc,,
3240,22,filterLoc,,
3240,25,filterLoc,,
3240,28,filterLoc,,
3240,31,filterLoc,,
3240,34,filterLoc,,
3240,37,filterLoc,,
3240,40,filterLoc,,
3240,43,filterLoc,,
3240,46,filterLoc,,
3240,49,filterLoc,,
3240,52,filterLoc,,
3240,55,filterLoc,,
3240,58,filterLoc,,
3240,61,filterLoc,,
3240,64,filterLoc,,
3240,67,filterLoc,,
3240,70,filterLoc,,
3240,73,filterLoc,,
3240,76,filterLoc,,
3240,79,filterLoc,,
3240,82,filterLoc,,
3240,85,filterLoc,,
3240,88,filterLoc,,
3240,91,filterLoc,,
3240,94,filterLoc,,
3240,97,filterLoc,,
3240,100,filterLoc,,
3240,103,filterLoc,,
3240,106,filterLoc,,
3240,109,filterLoc,,
3240,112,filterLoc,,
3240,115,filterLoc,,
3240,118,filterLoc,,
3240,121,filterLoc,,
3240,124,filterLoc,,
3240,127,filterLoc,,
3240,130,filterLoc,,
3240,133,filterLoc,,
3240,136,filterLoc,,
3240,139,filterLoc,,
3240,142,filterLoc,,
3240,145,filterLoc,,
3240,148,filterLoc,,
3240,151,filterLoc,,
3240,154,filterLoc,,
3240,157,filterLoc,,
3240,160,filterLoc,,
3240,163,filterLoc,,
3240,166,filterLoc,,
3240,169,filterLoc,,
3240,172,filterLoc,,
3240,175,filterLoc,,
3240,178,filterLoc,,
3240,181,filterLoc,,
3240,184,filterLoc,,
3240,187,filterLoc,,
3240,190,filterLoc,,
3240,193,filterLoc,,
3240,196,filterLoc,,
3240,199,filterLoc,,
3240,202,filterLoc,,
3240,205,filterLoc,,
3240,208,filterLoc,,
3240,211,filterLoc,,
3240,214,filterLoc,,
3240,217,filterLoc,,
3240,220,filterLoc,,
3240,224,filterLoc,,
3240,227,filterLoc,,
3240,230,filterLoc,,
3240,233,filterLoc,,
3240,236,filterLoc,,
3240,239,filterLoc,,
3240,242,filterLoc,,
3240,245,filterLoc,,
3240,248,filterLoc,,
3240,251,filterLoc,,
3240,254,filterLoc,,
3240,257,filterLoc,,
3240,260,filterLoc,,
3240,263,filterLoc,,
3240,266,filterLoc,,
3240,269,filterLoc,,
3240,272,filterLoc,,
3240,275,filterLoc,,
3240,278,filterLoc,,
3240,281,filterLoc,,
3240,284,filterLoc,,
3240,287,filterLoc,,
3240,290,filterLoc,,
3240,293,filterLoc,,
3240,296,filterLoc,,
3240,299,filterLoc,,
3240,302,filterLoc,,
3240,305,filterLoc,,
3240,308,filterLoc,,
3240,311,filterLoc,,
3240,314,filterLoc,,
3240,317,filterLoc,,
3240,320,filterLoc,,
3240,323,filterLoc,,
3240,326,filterLoc,,
3240,329,filterLoc,,
3240,332,filterLoc,,
3240,335,filterLoc,,
3240,338,filterLoc,,
3240,341,filterLoc,,
3240,344,filterLoc,,
3240,347,filterLoc,,
3240,350,filterLoc,,
3240,353,filterLoc,,
3240,356,filterLoc,,
3240,359,filterLoc,,
3240,362,filterLoc,,
3240,365,filterLoc,,
3240,368,filterLoc,,
3240,371,filterLoc,,
3240,374,filterLoc,,
3240,377,filterLoc,,
3240,380,filterLoc,,
3240,383,filterLoc,,
3240,386,filterLoc,,
3240,389,filterLoc,,
3240,392,filterLoc,,
3240,395,filterLoc,,
3240,398,filterLoc,,
3240,401,filterLoc,,
3240,404,filterLoc,,
3240,407,filterLoc,,
3240,410,filterLoc,,
3240,413,filterLoc,,
3240,416,filterLoc,,
3240,419,filterLoc,,
3240,422,filterLoc,,
3240,425,filterLoc,,
3240,428,filterLoc,,
3240,431,filterLoc,,
3240,434,filterLoc,,
3240,437,filterLoc,,
3240,440,filterLoc,,
3240,443,filterLoc,,
3240,446,filterLoc,,
3240,449,filterLoc,,
3240,452,filterLoc,,
3240,455,filterLoc,,
3240,458,filterLoc,,
3240,461,filterLoc,,
3240,464,filterLoc,,
3240,467,filterLoc,,
3240,470,filterLoc,,
3240,473,filterLoc,,
3240,476,filterLoc,,
3240,479,filterLoc,,
3240,482,filterLoc,,
3240,485,filterLoc,,
3240,488,filterLoc,,
3240,491,filterLoc,,
3240,494,filterLoc,,
3240,497,filterLoc,,
3240,500,filterLoc,,
3240,503,filterLoc,,
3240,506,filterLoc,,
3240,509,filterLoc,,
3240,512,filterLoc,,
3240,515,filterLoc,,
3240,518,filterLoc,,
3240,521,filterLoc,,
3240,524,filterLoc,,
3240,527,filterLoc,,
3240,530,filterLoc,,
3240,533,filterLoc,,
3240,536,filterLoc,,
3240,539,filterLoc,,
3240,542,filterLoc,,
3240,545,filterLoc,,
3240,548,filterLoc,,
3240,551,filterLoc,,
3240,554,filterLoc,,
3240,557,filterLoc,,
3240,560,filterLoc,,
3240,563,filterLoc,,
3240,566,filterLoc,,
3240,569,filterLoc,,
3240,572,filterLoc,,
3240,575,filterLoc,,
3240,578,filterLoc,,
3240,581,filterLoc,,
3240,584,filterLoc,,
3240,587,filterLoc,,
3240,590,filterLoc,,
3240,593,filterLoc,,
3240,596,filterLoc,,
3240,599,filterLoc,,
3240,602,filterLoc,,
3240,605,filterLoc,,
3240,608,filterLoc,,
3240,611,filterLoc,,
3240,614,filterLoc,,
3240,617,filterLoc,,
3240,620,filterLoc,,
3240,623,filterLoc,,
3240,626,filterLoc,,
3240,629,filterLoc,,
3240,632,filterLoc,,
3240,635,filterLoc,,
3240,638,filterLoc,,
3240,641,filterLoc,,
3240,644,filterLoc,,
3240,647,filterLoc,,
3240,650,filterLoc,,
3240,653,filterLoc,,
3240,656,filterLoc,,
3240,659,filterLoc,,
3240,662,filterLoc,,
3240,665,filterLoc,,
3240,668,filterLoc,,
3240,671,filterLoc,,
3240,674,filterLoc,,
3240,677,filterLoc,,
3240,680,filterLoc,,
3240,683,filterLoc,,
3240,686,filterLoc,,
3240,689,filterLoc,,
3240,692,filterLoc,,
3240,695,filterLoc,,
3240,698,filterLoc,,
3240,701,filterLoc,,
3240,704,filterLoc,,
3240,707,filterLoc,,
3240,710,filterLoc,,
3240,713,filterLoc,,
3240,716,filterLoc,,
3240,719,filterLoc,,
3240,722,filterLoc,,
3240,725,filterLoc,,
3240,728,filterLoc,,
3240,731,filterLoc,,
3240,734,filterLoc,,
3240,737,filterLoc,,
3240,740,filterLoc,,
3240,743,filterLoc,,
3240,746,filterLoc,,
3240,749,filterLoc,,
3240,752,filterLoc,,
3240,755,filterLoc,,
3240,758,filterLoc,,
3240,761,filterLoc,,
3240,764,filterLoc,,
3240,767,filterLoc,,;Evacuee;8;in triage category;Y;is entering helicopter;1
3240,770,filterLoc,,
3240,773,filterLoc,,
3240,776,filterLoc,,
3240,779,filterLoc,,
3240,782,filterLoc,,
3240,785,filterLoc,,
3240,788,filterLoc,,
3240,791,filterLoc,,
3240,794,filterLoc,,
3240,797,filterLoc,,
3240,800,filterLoc,,
3240,803,filterLoc,,
3240,806,filterLoc,,
3240,809,filterLoc,,
3240,812,filterLoc,,
3240,815,filterLoc,,
3240,818,filterLoc,,
3240,821,filterLoc,,
3240,824,filterLoc,,
3240,827,filterLoc,,
3240,830,filterLoc,,
3240,833,filterLoc,,
3240,836,filterLoc,,
3240,839,filterLoc,,;Evacuee;9;in triage category;Y;is entering helicopter;1
3240,842,filterLoc,,
3240,845,filterLoc,,
3240,848,filterLoc,,
3240,851,filterLoc,,
3240,854,filterLoc,,
3240,857,filterLoc,,
3240,860,filterLoc,,
3240,863,filterLoc,,
3240,866,filterLoc,,
3240,869,filterLoc,,
3240,872,filterLoc,,
3240,875,filterLoc,,
3240,878,filterLoc,,
3240,881,filterLoc,,
3240,884,filterLoc,,
3240,887,filterLoc,,
3240,890,filterLoc,,
3240,893,filterLoc,,
3240,896,filterLoc,,
3240,899,filterLoc,,
3240,902,filterLoc,,
3240,905,filterLoc,,
3240,908,filterLoc,,
3240,911,filterLoc,,
3240,914,filterLoc,,
3240,917,filterLoc,,
3240,920,filterLoc,,
3240,923,filterLoc,,
3240,926,filterLoc,,
3240,929,filterLoc,,
3240,932,filterLoc,,
3240,935,filterLoc,,
3240,938,filterLoc,,
3240,941,filterLoc,,
3240,944,filterLoc,,
3240,947,filterLoc,,
3240,950,filterLoc,,
3240,953,filterLoc,,
3240,956,filterLoc,,
3240,959,filterLoc,,
3240,962,filterLoc,,
3240,965,filterLoc,,
3240,968,filterLoc,,
3240,971,filterLoc,,
3240,974,filterLoc,,
3240,977,filterLoc,,
3240,980,filterLoc,,
3240,983,filterLoc,,
3240,986,filterLoc,,
3240,989,filterLoc,,
3240,992,filterLoc,,
3240,995,filterLoc,,
3240,998,filterLoc,,
3240,1001,filterLoc,,
3240,1004,filterLoc,,
3240,1007,filterLoc,,
3240,1010,filterLoc,,
3240,1013,filterLoc,,
3240,1016,filterLoc,,
3240,1019,filterLoc,,
3240,1022,filterLoc,,
3240,1025,filterLoc,,
3240,1028,filterLoc,,
3240,1031,filterLoc,,
3240,1034,filterLoc,,
3240,1037,filterLoc,,
3240,1040,filterLoc,,
3240,1043,filterLoc,,
3240,1046,filterLoc,,
3240,1049,filterLoc,,
3240,1052,filterLoc,,
3240,1055,filterLoc,,
3240,1058,filterLoc,,
3240,1061,filterLoc,,
3240,1064,filterLoc,,
3240,1067,filterLoc,,
3240,1070,filterLoc,,
3240,1073,filterLoc,,
3240,1076,filterLoc,,
3240,1079,filterLoc,,
3240,1082,filterLoc,,
3240,1085,filterLoc,,
3240,1088,filterLoc,,
3240,1091,filterLoc,,
3240,1094,filterLoc,,
3240,1097,filterLoc,,
3240,1100,filterLoc,,
3240,1103,filterLoc,,
3240,1106,filterLoc,,
3240,1109,filterLoc,,
3240,1112,filterLoc,,
3240,1115,filterLoc,,
3240,1118,filterLoc,,
3240,1121,filterLoc,,
3240,1124,filterLoc,,
3240,1127,filterLoc,,
3240,1130,filterLoc,,
3240,1133,filterLoc,,
3240,1136,filterLoc,,
3240,1139,filterLoc,,
3240,1142,filterLoc,,
3240,1145,filterLoc,,
3240,1148,filterLoc,,
3240,1151,filterLoc,,
3240,1154,filterLoc,,
3240,1157,filterLoc,,
3240,1161,filterES,out,Helicopter 1 is evacuating people1
3240,1161,filterES,,
3240,1162,helicopter,,Helicopter;1;is loading people at the evacuation site;;and has;0;spots taken
3240,1164,filterLoc,,
3240,1167,filterLoc,,
3240,1170,filterLoc,,
3240,1173,filterLoc,,
3240,1176,filterLoc,,
3240,1179,filterLoc,,
3240,1182,filterLoc,,
3240,1185,filterLoc,,
3240,1188,filterLoc,,
3240,1191,filterLoc,,
3240,1194,filterLoc,,
3240,1197,filterLoc,,
3240,1200,filterLoc,,
3240,1203,filterLoc,,
3240,1206,filterLoc,,
3240,1209,filterLoc,,
3240,1212,filterLoc,,
3240,1215,filterLoc,,
3240,1218,filterLoc,,
3240,1221,filterLoc,,
3240,1224,filterLoc,,
3240,1227,filterLoc,,
3240,1230,filterLoc,,
3240,1233,filterLoc,,
3240,1236,filterLoc,,
3240,1239,filterLoc,,
3240,1242,filterLoc,,
3240,1245,filterLoc,,
3240,1248,filterLoc,,
3240,1251,filterLoc,,
3240,1254,filterLoc,,
3240,1257,filterLoc,,
3240,1260,filterLoc,,
3240,1263,filterLoc,,
3240,1266,filterLoc,,
3240,1269,filterLoc,,
3240,1272,filterLoc,,
3240,1275,filterLoc,,
3240,1278,filterLoc,,
3240,1281,filterLoc,,
3240,1284,filterLoc,,
3240,1287,filterLoc,,
3240,1290,filterLoc,,
3240,1293,filterLoc,,
3240,1296,filterLoc,,
3240,1299,filterLoc,,
3240,1302,filterLoc,,
3240,1305,filterLoc,,
3240,1308,filterLoc,,
3240,1311,filterLoc,,
3240,1314,filterLoc,,
3240,1317,filterLoc,,
3240,1320,filterLoc,,
3240,1323,filterLoc,,
3240,1326,filterLoc,,
3240,1329,filterLoc,,
3240,1332,filterLoc,,
3240,1335,filterLoc,,
3240,1338,filterLoc,,
3240,1341,filterLoc,,
3240,1344,filterLoc,,
3240,1347,filterLoc,,
3240,1350,filterLoc,,
3240,1353,filterLoc,,
3240,1356,filterLoc,,
3240,1359,filterLoc,,
3240,1362,filterLoc,,
3240,1365,filterLoc,,
3240,1368,filterLoc,,
3240,1371,filterLoc,,
3240,1374,filterLoc,,
3240,1377,filterLoc,,
3240,1380,filterLoc,,
3240,1383,filterLoc,,
3240,1386,filterLoc,,
3240,1389,filterLoc,,
3240,1392,filterLoc,,
3240,1395,filterLoc,,
3240,1398,filterLoc,,
3240,1401,filterLoc,,
3240,1404,filterLoc,,
3240,1407,filterLoc,,
3240,1410,filterLoc,,
3240,1413,filterLoc,,
3240,1416,filterLoc,,
3240,1419,filterLoc,,
3240,1422,filterLoc,,
3240,1425,filterLoc,,
3240,1428,filterLoc,,
3240,1431,filterLoc,,
3240,1434,filterLoc,,
3240,1437,filterLoc,,
3240,1440,filterLoc,,
3240,1443,filterLoc,,
3240,1446,filterLoc,,
3240,1449,filterLoc,,
3240,1452,filterLoc,,
3240,1455,filterLoc,,
3240,1458,filterLoc,,
3240,1461,filterLoc,,
3240,1464,filterLoc,,
3240,1467,filterLoc,,;Evacuee;7;in triage category;Y;is entering helicopter;1
3240,1470,filterLoc,,
3240,1473,filterLoc,,
3240,1476,filterLoc,,
3240,1479,filterLoc,,
3240,1482,filterLoc,,
3240,1485,filterLoc,,
3240,1488,filterLoc,,
3240,1491,filterLoc,,
3240,1494,filterLoc,,
3240,1497,filterLoc,,
3240,1500,filterLoc,,
3240,1503,filterLoc,,
3240,1506,filterLoc,,
3240,1509,filterLoc,,
3240,5,helicopterQueue,,;No helos are waiting to land
3240,767,filterLoc,out,Evacuee 8 in triage category Y is assigned helicopter 1
3240,767,filterLoc,,
3240,768,evacuee,,Evacuee;8;in triage state;Y;is entering helicopter;1
3240,839,filterLoc,out,Evacuee 9 in triage category Y is assigned helicopter 1
3240,839,filterLoc,,
3240,840,evacuee,,Evacuee;9;in triage state;Y;is entering helicopter;1
3240,1162,helicopter,,Helicopter;1;is returning to the FOL;;and has;0;spots taken
3240,1467,filterLoc,out,Evacuee 7 in triage category Y is assigned helicopter 1
3240,1467,filterLoc,,
3240,1468,evacuee,,Evacuee;7;in triage state;Y;is entering helicopter;1
3240,768,evacuee,outHelo,Evacuee 8 in triage category Y is assigned helicopter 1
3240,768,evacuee,,Evacuee;8;in triage state;Y;is in helicopter;1
3240,840,evacuee,outHelo,Evacuee 9 in triage category Y is assigned helicopter 1
3240,840,evacuee,,Evacuee;9;in triage state;Y;is in helicopter;1
3240,1160,filterEvac,,;Evacuee;7;in triage category;Y;is entering helicopter;1;Evacuee;8;in triage category;Y;is entering helicopter;1;Evacuee;9;in triage category;Y;is entering helicopter;1
3240,1468,evacuee,outHelo,Evacuee 7 in triage category Y is assigned helicopter 1
3240,1468,evacuee,,Evacuee;7;in triage state;Y;is in helicopter;1
3240,1160,filterEvac,out,Evacuee 7 in triage category Y is assigned helicopter 1
3240,1160,filterEvac,out,Evacuee 8 in triage category Y is assigned helicopter 1
3240,1160,filterEvac,out,Evacuee 9 in triage category Y is assigned helicopter 1
3240,1160,filterEvac,,
3240,1162,helicopter,,Helicopter;1;is returning to the FOL;;and has;9;spots taken
3315,7,filterLoc,,
3315,10,filterLoc,,
3315,13,filterLoc,,
3315,16,filterLoc,,
3315,19,filterLoc,,
3315,22,filterLoc,,
3315,25,filterLoc,,
3315,28,filterLoc,,
3315,31,filterLoc,,
3315,34,filterLoc,,
3315,37,filterLoc,,
3315,40,filterLoc,,
3315,43,filterLoc,,
3315,46,filterLoc,,
3315,49,filterLoc,,
3315,52,filterLoc,,
3315,55,filterLoc,,
3315,58,filterLoc,,
3315,61,filterLoc,,
3315,64,filterLoc,,
3315,67,filterLoc,,
3315,70,filterLoc,,
3315,73,filterLoc,,
3315,76,filterLoc,,
3315,79,filterLoc,,
3315,82,filterLoc,,
3315,85,filterLoc,,
3315,88,filterLoc,,
3315,91,filterLoc,,
3315,94,filterLoc,,
3315,97,filterLoc,,
3315,100,filterLoc,,
3315,103,filterLoc,,
3315,106,filterLoc,,
3315,109,filterLoc,,
3315,112,filterLoc,,
3315,115,filterLoc,,
3315,118,filterLoc,,
3315,121,filterLoc,,
3315,124,filterLoc,,
3315,127,filterLoc,,
3315,130,filterLoc,,
3315,133,filterLoc,,
3315,136,filterLoc,,
3315,139,filterLoc,,
3315,142,filterLoc,,
3315,145,filterLoc,,
3315,148,filterLoc,,
3315,151,filterLoc,,
3315,154,filterLoc,,
3315,157,filterLoc,,
3315,160,filterLoc,,
3315,163,filterLoc,,
3315,166,filterLoc,,
3315,169,filterLoc,,
3315,172,filterLoc,,
3315,175,filterLoc,,
3315,178,filterLoc,,
3315,181,filterLoc,,
3315,184,filterLoc,,
3315,187,filterLoc,,
3315,190,filterLoc,,
3315,193,filterLoc,,
3315,196,filterLoc,,
3315,199,filterLoc,,
3315,202,filterLoc,,
3315,205,filterLoc,,
3315,208,filterLoc,,
3315,211,filterLoc,,
3315,214,filterLoc,,
3315,217,filterLoc,,
3315,220,filterLoc,,
3315,224,filterLoc,,
3315,227,filterLoc,,
3315,230,filterLoc,,
3315,233,filterLoc,,
3315,236,filterLoc,,
3315,239,filterLoc,,
3315,242,filterLoc,,
3315,245,filterLoc,,
3315,248,filterLoc,,
3315,251,filterLoc,,
3315,254,filterLoc,,
3315,257,filterLoc,,
3315,260,filterLoc,,
3315,263,filterLoc,,
3315,266,filterLoc,,
3315,269,filterLoc,,
3315,272,filterLoc,,
3315,275,filterLoc,,
3315,278,filterLoc,,
3315,281,filterLoc,,
3315,284,filterLoc,,
3315,287,filterLoc,,
3315,290,filterLoc,,
3315,293,filterLoc,,
3315,296,filterLoc,,
3315,299,filterLoc,,
3315,302,filterLoc,,
3315,305,filterLoc,,
3315,308,filterLoc,,
3315,311,filterLoc,,
3315,314,filterLoc,,
3315,317,filterLoc,,
3315,320,filterLoc,,
3315,323,filterLoc,,
3315,326,filterLoc,,
3315,329,filterLoc,,
3315,332,filterLoc,,
3315,335,filterLoc,,
3315,338,filterLoc,,
3315,341,filterLoc,,
3315,344,filterLoc,,
3315,347,filterLoc,,
3315,350,filterLoc,,
3315,353,filterLoc,,
3315,356,filterLoc,,
3315,359,filterLoc,,
3315,362,filterLoc,,
3315,365,filterLoc,,
3315,368,filterLoc,,
3315,371,filterLoc,,
3315,374,filterLoc,,
3315,377,filterLoc,,
3315,380,filterLoc,,
3315,383,filterLoc,,
3315,386,filterLoc,,
3315,389,filterLoc,,
3315,392,filterLoc,,
3315,395,filterLoc,,
3315,398,filterLoc,,
3315,401,filterLoc,,
3315,404,filterLoc,,
3315,407,filterLoc,,
3315,410,filterLoc,,
3315,413,filterLoc,,
3315,416,filterLoc,,
3315,419,filterLoc,,
3315,422,filterLoc,,
3315,425,filterLoc,,
3315,428,filterLoc,,
3315,431,filterLoc,,
3315,434,filterLoc,,
3315,437,filterLoc,,
3315,440,filterLoc,,
3315,443,filterLoc,,
3315,446,filterLoc,,
3315,449,filterLoc,,
3315,452,filterLoc,,
3315,455,filterLoc,,
3315,458,filterLoc,,
3315,461,filterLoc,,
3315,464,filterLoc,,
3315,467,filterLoc,,
3315,470,filterLoc,,
3315,473,filterLoc,,
3315,476,filterLoc,,
3315,479,filterLoc,,
3315,482,filterLoc,,
3315,485,filterLoc,,
3315,488,filterLoc,,
3315,491,filterLoc,,
3315,494,filterLoc,,
3315,497,filterLoc,,
3315,500,filterLoc,,
3315,503,filterLoc,,
3315,506,filterLoc,,
3315,509,filterLoc,,
3315,512,filterLoc,,
3315,515,filterLoc,,
3315,518,filterLoc,,
3315,521,filterLoc,,
3315,524,filterLoc,,
3315,527,filterLoc,,
3315,530,filterLoc,,
3315,533,filterLoc,,
3315,536,filterLoc,,
3315,539,filterLoc,,
3315,542,filterLoc,,
3315,545,filterLoc,,
3315,548,filterLoc,,
3315,551,filterLoc,,
3315,554,filterLoc,,
3315,557,filterLoc,,
3315,560,filterLoc,,
3315,563,filterLoc,,
3315,566,filterLoc,,
3315,569,filterLoc,,
3315,572,filterLoc,,
3315,575,filterLoc,,
3315,578,filterLoc,,
3315,581,filterLoc,,
3315,584,filterLoc,,
3315,587,filterLoc,,
3315,590,filterLoc,,
3315,593,filterLoc,,
3315,596,filterLoc,,
3315,599,filterLoc,,
3315,602,filterLoc,,
3315,605,filterLoc,,
3315,608,filterLoc,,
3315,611,filterLoc,,
3315,614,filterLoc,,
3315,617,filterLoc,,
3315,620,filterLoc,,
3315,623,filterLoc,,
3315,626,filterLoc,,
3315,629,filterLoc,,
3315,632,filterLoc,,
3315,635,filterLoc,,
3315,638,filterLoc,,
3315,641,filterLoc,,
3315,644,filterLoc,,
3315,647,filterLoc,,
3315,650,filterLoc,,
3315,653,filterLoc,,
3315,656,filterLoc,,
3315,659,filterLoc,,
3315,662,filterLoc,,
3315,665,filterLoc,,
3315,668,filterLoc,,
3315,671,filterLoc,,
3315,674,filterLoc,,
3315,677,filterLoc,,
3315,680,filterLoc,,
3315,683,filterLoc,,
3315,686,filterLoc,,
3315,689,filterLoc,,
3315,692,filterLoc,,
3315,695,filterLoc,,
3315,698,filterLoc,,
3315,701,filterLoc,,
3315,704,filterLoc,,
3315,707,filterLoc,,
3315,710,filterLoc,,
3315,713,filterLoc,,
3315,716,filterLoc,,
3315,719,filterLoc,,
3315,722,filterLoc,,
3315,725,filterLoc,,
3315,728,filterLoc,,
3315,731,filterLoc,,
3315,734,filterLoc,,
3315,737,filterLoc,,
3315,740,filterLoc,,
3315,743,filterLoc,,
3315,746,filterLoc,,
3315,749,filterLoc,,
3315,752,filterLoc,,
3315,755,filterLoc,,
3315,758,filterLoc,,
3315,761,filterLoc,,
3315,764,filterLoc,,
3315,767,filterLoc,,;Evacuee;8;in triage category;Y;is leaving helicopter;1
3315,770,filterLoc,,
3315,773,filterLoc,,
3315,776,filterLoc,,
3315,779,filterLoc,,
3315,782,filterLoc,,
3315,785,filterLoc,,
3315,788,filterLoc,,
3315,791,filterLoc,,
3315,794,filterLoc,,
3315,797,filterLoc,,
3315,800,filterLoc,,
3315,803,filterLoc,,
3315,806,filterLoc,,
3315,809,filterLoc,,
3315,812,filterLoc,,
3315,815,filterLoc,,
3315,818,filterLoc,,
3315,821,filterLoc,,
3315,824,filterLoc,,
3315,827,filterLoc,,
3315,830,filterLoc,,
3315,833,filterLoc,,
3315,836,filterLoc,,
3315,839,filterLoc,,;Evacuee;9;in triage category;Y;is leaving helicopter;1
3315,842,filterLoc,,
3315,845,filterLoc,,
3315,848,filterLoc,,
3315,851,filterLoc,,
3315,854,filterLoc,,
3315,857,filterLoc,,
3315,860,filterLoc,,
3315,863,filterLoc,,
3315,866,filterLoc,,
3315,869,filterLoc,,
3315,872,filterLoc,,
3315,875,filterLoc,,
3315,878,filterLoc,,
3315,881,filterLoc,,
3315,884,filterLoc,,
3315,887,filterLoc,,
3315,890,filterLoc,,
3315,893,filterLoc,,
3315,896,filterLoc,,
3315,899,filterLoc,,
3315,902,filterLoc,,
3315,905,filterLoc,,
3315,908,filterLoc,,
3315,911,filterLoc,,
3315,914,filterLoc,,
3315,917,filterLoc,,
3315,920,filterLoc,,
3315,923,filterLoc,,
3315,926,filterLoc,,
3315,929,filterLoc,,
3315,932,filterLoc,,
3315,935,filterLoc,,
3315,938,filterLoc,,
3315,941,filterLoc,,
3315,944,filterLoc,,
3315,947,filterLoc,,
3315,950,filterLoc,,
3315,953,filterLoc,,
3315,956,filterLoc,,
3315,959,filterLoc,,
3315,962,filterLoc,,
3315,965,filterLoc,,
3315,968,filterLoc,,
3315,971,filterLoc,,
3315,974,filterLoc,,
3315,977,filterLoc,,
3315,980,filterLoc,,
3315,983,filterLoc,,
3315,986,filterLoc,,
3315,989,filterLoc,,
3315,992,filterLoc,,
3315,995,filterLoc,,
3315,998,filterLoc,,
3315,1001,filterLoc,,
3315,1004,filterLoc,,
3315,1007,filterLoc,,
3315,1010,filterLoc,,
3315,1013,filterLoc,,
3315,1016,filterLoc,,
3315,1019,filterLoc,,
3315,1022,filterLoc,,
3315,1025,filterLoc,,
3315,1028,filterLoc,,
3315,1031,filterLoc,,
3315,1034,filterLoc,,
3315,1037,filterLoc,,
3315,1040,filterLoc,,
3315,1043,filterLoc,,
3315,1046,filterLoc,,
3315,1049,filterLoc,,
3315,1052,filterLoc,,
3315,1055,filterLoc,,
3315,1058,filterLoc,,
3315,1061,filterLoc,,
3315,1064,filterLoc,,
3315,1067,filterLoc,,
3315,1070,filterLoc,,
3315,1073,filterLoc,,
3315,1076,filterLoc,,
3315,1079,filterLoc,,
3315,1082,filterLoc,,
3315,1085,filterLoc,,
3315,1088,filterLoc,,
3315,1091,filterLoc,,
3315,1094,filterLoc,,
3315,1097,filterLoc,,
3315,1100,filterLoc,,
3315,1103,filterLoc,,
3315,1106,filterLoc,,
3315,1109,filterLoc,,
3315,1112,filterLoc,,
3315,1115,filterLoc,,
3315,1118,filterLoc,,
3315,1121,filterLoc,,
3315,1124,filterLoc,,
3315,1127,filterLoc,,
3315,1130,filterLoc,,
3315,1133,filterLoc,,
3315,1136,filterLoc,,
3315,1139,filterLoc,,
3315,1142,filterLoc,,
3315,1145,filterLoc,,
3315,1148,filterLoc,,
3315,1151,filterLoc,,
3315,1154,filterLoc,,
3315,1157,filterLoc,,
3315,1162,helicopter,outEvac,Evacuee 7 in triage category Y is not assigned a helicopter
3315,1162,helicopter,outEvac,Evacuee 8 in triage category Y is not assigned a helicopter
3315,1162,helicopter,outEvac,Evacuee 9 in triage category Y is not assigned a helicopter
3315,1162,helicopter,,Helicopter;1;is unloading people at the FOL;;and has;0;spots taken
3315,1164,filterLoc,,
3315,1167,filterLoc,,
3315,1170,filterLoc,,
3315,1173,filterLoc,,
3315,1176,filterLoc,,
3315,1179,filterLoc,,
3315,1182,filterLoc,,
3315,1185,filterLoc,,
3315,1188,filterLoc,,
3315,1191,filterLoc,,
3315,1194,filterLoc,,
3315,1197,filterLoc,,
3315,1200,filterLoc,,
3315,1203,filterLoc,,
3315,1206,filterLoc,,
3315,1209,filterLoc,,
3315,1212,filterLoc,,
3315,1215,filterLoc,,
3315,1218,filterLoc,,
3315,1221,filterLoc,,
3315,1224,filterLoc,,
3315,1227,filterLoc,,
3315,1230,filterLoc,,
3315,1233,filterLoc,,
3315,1236,filterLoc,,
3315,1239,filterLoc,,
3315,1242,filterLoc,,
3315,1245,filterLoc,,
3315,1248,filterLoc,,
3315,1251,filterLoc,,
3315,1254,filterLoc,,
3315,1257,filterLoc,,
3315,1260,filterLoc,,
3315,1263,filterLoc,,
3315,1266,filterLoc,,
3315,1269,filterLoc,,
3315,1272,filterLoc,,
3315,1275,filterLoc,,
3315,1278,filterLoc,,
3315,1281,filterLoc,,
3315,1284,filterLoc,,
3315,1287,filterLoc,,
3315,1290,filterLoc,,
3315,1293,filterLoc,,
3315,1296,filterLoc,,
3315,1299,filterLoc,,
3315,1302,filterLoc,,
3315,1305,filterLoc,,
3315,1308,filterLoc,,
3315,1311,filterLoc,,
3315,1314,filterLoc,,
3315,1317,filterLoc,,
3315,1320,filterLoc,,
3315,1323,filterLoc,,
3315,1326,filterLoc,,
3315,1329,filterLoc,,
3315,1332,filterLoc,,
3315,1335,filterLoc,,
3315,1338,filterLoc,,
3315,1341,filterLoc,,
3315,1344,filterLoc,,
3315,1347,filterLoc,,
3315,1350,filterLoc,,
3315,1353,filterLoc,,
3315,1356,filterLoc,,
3315,1359,filterLoc,,
3315,1362,filterLoc,,
3315,1365,filterLoc,,
3315,1368,filterLoc,,
3315,1371,filterLoc,,
3315,1374,filterLoc,,
3315,1377,filterLoc,,
3315,1380,filterLoc,,
3315,1383,filterLoc,,
3315,1386,filterLoc,,
3315,1389,filterLoc,,
3315,1392,filterLoc,,
3315,1395,filterLoc,,
3315,1398,filterLoc,,
3315,1401,filterLoc,,
3315,1404,filterLoc,,
3315,1407,filterLoc,,
3315,1410,filterLoc,,
3315,1413,filterLoc,,
3315,1416,filterLoc,,
3315,1419,filterLoc,,
3315,1422,filterLoc,,
3315,1425,filterLoc,,
3315,1428,filterLoc,,
3315,1431,filterLoc,,
3315,1434,filterLoc,,
3315,1437,filterLoc,,
3315,1440,filterLoc,,
3315,1443,filterLoc,,
3315,1446,filterLoc,,
3315,1449,filterLoc,,
3315,1452,filterLoc,,
3315,1455,filterLoc,,
3315,1458,filterLoc,,
3315,1461,filterLoc,,
3315,1464,filterLoc,,
3315,1467,filterLoc,,;Evacuee;7;in triage category;Y;is leaving helicopter;1
3315,1470,filterLoc,,
3315,1473,filterLoc,,
3315,1476,filterLoc,,
3315,1479,filterLoc,,
3315,1482,filterLoc,,
3315,1485,filterLoc,,
3315,1488,filterLoc,,
3315,1491,filterLoc,,
3315,1494,filterLoc,,
3315,1497,filterLoc,,
3315,1500,filterLoc,,
3315,1503,filterLoc,,
3315,1506,filterLoc,,
3315,1509,filterLoc,,
3315,767,filterLoc,out,Evacuee 8 in triage category Y is not assigned a helicopter
3315,767,filterLoc,,
3315,768,evacuee,,Evacuee;8;in triage state;Y;is entering the FOL
3315,839,filterLoc,out,Evacuee 9 in triage category Y is not assigned a helicopter
3315,839,filterLoc,,
3315,840,evacuee,,Evacuee;9;in triage state;Y;is entering the FOL
3315,1467,filterLoc,out,Evacuee 7 in triage category Y is not assigned a helicopter
3315,1467,filterLoc,,
3315,1468,evacuee,,Evacuee;7;in triage state;Y;is entering the FOL
3315,222,FOL,,;EvacueeID;1;Triage Status;Y;EvacueeID;2;Triage Status;Y;EvacueeID;3;Triage Status;Y;EvacueeID;4;Triage Status;Y;EvacueeID;5;Triage Status;Y;EvacueeID;6;Triage Status;Y;EvacueeID;7;Triage Status;Y;EvacueeID;8;Triage Status;Y;EvacueeID;9;Triage Status;Y;Lives Saved;9
3315,768,evacuee,outFOL,Evacuee 8 in triage category Y is not assigned a helicopter
3315,768,evacuee,,Evacuee;8;in triage state;Y;is at the FOL
3315,840,evacuee,outFOL,Evacuee 9 in triage category Y is not assigned a helicopter
3315,840,evacuee,,Evacuee;9;in triage state;Y;is at the FOL
3315,1468,evacuee,outFOL,Evacuee 7 in triage category Y is not assigned a helicopter
3315,1468,evacuee,,Evacuee;7;in triage state;Y;is at the FOL
3315,222,FOL,,;EvacueeID;1;Triage Status;Y;EvacueeID;2;Triage Status;Y;EvacueeID;3;Triage Status;Y;EvacueeID;4;Triage Status;Y;EvacueeID;5;Triage Status;Y;EvacueeID;6;Triage Status;Y;EvacueeID;7;Triage Status;Y;EvacueeID;8;Triage Status;Y;EvacueeID;9;Triage Status;Y;Lives Saved;9
3330,1162,helicopter,,Helicopter;1;Is going to the evacuation site;;and has;0;spots taken
3360,3,evacueeManager,,OFF SHIP: White;0;Green;0;Yellow;0;Red;466;Black;25;ON SHIP: White;0;Green;0;Yellow;0;Red;0;Evacuees to Transfer;
3360,47,evacuee,outES,Evacuee 475 in triage category Y is not assigned a helicopter
3360,47,evacuee,,Evacuee;475;in triage state;R;is at the evacuation site
3360,50,evacuee,outES,Evacuee 472 in triage category Y is not assigned a helicopter
3360,50,evacuee,,Evacuee;472;in triage state;R;is at the evacuation site
3360,53,evacuee,outES,Evacuee 471 in triage category Y is not assigned a helicopter
3360,53,evacuee,,Evacuee;471;in triage state;R;is at the evacuation site
3360,56,evacuee,outES,Evacuee 468 in triage category Y is not assigned a helicopter
3360,56,evacuee,,Evacuee;468;in triage state;R;is at the evacuation site
3360,59,evacuee,outES,Evacuee 463 in triage category Y is not assigned a helicopter
3360,59,evacuee,,Evacuee;463;in triage state;R;is at the evacuation site
3360,62,evacuee,outES,Evacuee 462 in triage category Y is not assigned a helicopter
3360,62,evacuee,,Evacuee;462;in triage state;R;is at the evacuation site
3360,65,evacuee,outES,Evacuee 461 in triage category Y is not assigned a helicopter
3360,65,evacuee,,Evacuee;461;in triage state;R;is at the evacuation site
3360,68,evacuee,outES,Evacuee 459 in triage category Y is not assigned a helicopter
3360,68,evacuee,,Evacuee;459;in triage state;R;is at the evacuation site
3360,77,evacuee,outES,Evacuee 458 in triage category Y is not assigned a helicopter
3360,77,evacuee,,Evacuee;458;in triage state;R;is at the evacuation site
3360,80,evacuee,outES,Evacuee 456 in triage category Y is not assigned a helicopter
3360,80,evacuee,,Evacuee;456;in triage state;R;is at the evacuation site
3360,83,evacuee,outES,Evacuee 455 in triage category Y is not assigned a helicopter
3360,83,evacuee,,Evacuee;455;in triage state;R;is at the evacuation site
3360,86,evacuee,outES,Evacuee 448 in triage category Y is not assigned a helicopter
3360,86,evacuee,,Evacuee;448;in triage state;R;is at the evacuation site
3360,89,evacuee,outES,Evacuee 445 in triage category Y is not assigned a helicopter
3360,89,evacuee,,Evacuee;445;in triage state;R;is at the evacuation site
3360,92,evacuee,outES,Evacuee 442 in triage category Y is not assigned a helicopter
3360,92,evacuee,,Evacuee;442;in triage state;R;is at the evacuation site
3360,95,evacuee,outES,Evacuee 441 in triage category Y is not assigned a helicopter
3360,95,evacuee,,Evacuee;441;in triage state;R;is at the evacuation site
3360,98,evacuee,outES,Evacuee 439 in triage category Y is not assigned a helicopter
3360,98,evacuee,,Evacuee;439;in triage state;R;is at the evacuation site
3360,101,evacuee,outES,Evacuee 437 in triage category Y is not assigned a helicopter
3360,101,evacuee,,Evacuee;437;in triage state;R;is at the evacuation site
3360,104,evacuee,outES,Evacuee 436 in triage category Y is not assigned a helicopter
3360,104,evacuee,,Evacuee;436;in triage state;R;is at the evacuation site
3360,107,evacuee,outES,Evacuee 434 in triage category Y is not assigned a helicopter
3360,107,evacuee,,Evacuee;434;in triage state;R;is at the evacuation site
3360,110,evacuee,outES,Evacuee 433 in triage category Y is not assigned a helicopter
3360,110,evacuee,,Evacuee;433;in triage state;R;is at the evacuation site
3360,113,evacuee,outES,Evacuee 428 in triage category Y is not assigned a helicopter
3360,113,evacuee,,Evacuee;428;in triage state;R;is at the evacuation site
3360,116,evacuee,outES,Evacuee 426 in triage category Y is not assigned a helicopter
3360,116,evacuee,,Evacuee;426;in triage state;R;is at the evacuation site
3360,119,evacuee,outES,Evacuee 423 in triage category Y is not assigned a helicopter
3360,119,evacuee,,Evacuee;423;in triage state;R;is at the evacuation site
3360,122,evacuee,outES,Evacuee 420 in triage category Y is not assigned a helicopter
3360,122,evacuee,,Evacuee;420;in triage state;R;is at the evacuation site
3360,125,evacuee,outES,Evacuee 419 in triage category Y is not assigned a helicopter
3360,125,evacuee,,Evacuee;419;in triage state;R;is at the evacuation site
3360,128,evacuee,outES,Evacuee 414 in triage category Y is not assigned a helicopter
3360,128,evacuee,,Evacuee;414;in triage state;R;is at the evacuation site
3360,131,evacuee,outES,Evacuee 411 in triage category Y is not assigned a helicopter
3360,131,evacuee,,Evacuee;411;in triage state;R;is at the evacuation site
3360,134,evacuee,outES,Evacuee 422 in triage category Y is not assigned a helicopter
3360,134,evacuee,,Evacuee;422;in triage state;R;is at the evacuation site
3360,137,evacuee,outES,Evacuee 409 in triage category Y is not assigned a helicopter
3360,137,evacuee,,Evacuee;409;in triage state;R;is at the evacuation site
3360,140,evacuee,outES,Evacuee 408 in triage category Y is not assigned a helicopter
3360,140,evacuee,,Evacuee;408;in triage state;R;is at the evacuation site
3360,143,evacuee,outES,Evacuee 406 in triage category Y is not assigned a helicopter
3360,143,evacuee,,Evacuee;406;in triage state;R;is at the evacuation site
3360,146,evacuee,outES,Evacuee 404 in triage category Y is not assigned a helicopter
3360,146,evacuee,,Evacuee;404;in triage state;R;is at the evacuation site
3360,149,evacuee,outES,Evacuee 403 in triage category Y is not assigned a helicopter
3360,149,evacuee,,Evacuee;403;in triage state;R;is at the evacuation site
3360,152,evacuee,outES,Evacuee 401 in triage category Y is not assigned a helicopter
3360,152,evacuee,,Evacuee;401;in triage state;R;is at the evacuation site
3360,155,evacuee,outES,Evacuee 398 in triage category Y is not assigned a helicopter
3360,155,evacuee,,Evacuee;398;in triage state;R;is at the evacuation site
3360,158,evacuee,outES,Evacuee 397 in triage category Y is not assigned a helicopter
3360,158,evacuee,,Evacuee;397;in triage state;R;is at the evacuation site
3360,161,evacuee,outES,Evacuee 452 in triage category Y is not assigned a helicopter
3360,161,evacuee,,Evacuee;452;in triage state;R;is at the evacuation site
3360,164,evacuee,outES,Evacuee 396 in triage category Y is not assigned a helicopter
3360,164,evacuee,,Evacuee;396;in triage state;R;is at the evacuation site
3360,167,evacuee,outES,Evacuee 395 in triage category Y is not assigned a helicopter
3360,167,evacuee,,Evacuee;395;in triage state;R;is at the evacuation site
3360,170,evacuee,outES,Evacuee 393 in triage category Y is not assigned a helicopter
3360,170,evacuee,,Evacuee;393;in triage state;R;is at the evacuation site
3360,173,evacuee,outES,Evacuee 392 in triage category Y is not assigned a helicopter
3360,173,evacuee,,Evacuee;392;in triage state;R;is at the evacuation site
3360,176,evacuee,outES,Evacuee 389 in triage category Y is not assigned a helicopter
3360,176,evacuee,,Evacuee;389;in triage state;R;is at the evacuation site
3360,179,evacuee,outES,Evacuee 384 in triage category Y is not assigned a helicopter
3360,179,evacuee,,Evacuee;384;in triage state;R;is at the evacuation site
3360,182,evacuee,outES,Evacuee 430 in triage category Y is not assigned a helicopter
3360,182,evacuee,,Evacuee;430;in triage state;R;is at the evacuation site
3360,185,evacuee,outES,Evacuee 383 in triage category Y is not assigned a helicopter
3360,185,evacuee,,Evacuee;383;in triage state;R;is at the evacuation site
3360,191,evacuee,outES,Evacuee 382 in triage category Y is not assigned a helicopter
3360,191,evacuee,,Evacuee;382;in triage state;R;is at the evacuation site
3360,194,evacuee,outES,Evacuee 381 in triage category Y is not assigned a helicopter
3360,194,evacuee,,Evacuee;381;in triage state;R;is at the evacuation site
3360,197,evacuee,outES,Evacuee 427 in triage category Y is not assigned a helicopter
3360,197,evacuee,,Evacuee;427;in triage state;R;is at the evacuation site
3360,200,evacuee,outES,Evacuee 380 in triage category Y is not assigned a helicopter
3360,200,evacuee,,Evacuee;380;in triage state;R;is at the evacuation site
3360,203,evacuee,outES,Evacuee 379 in triage category Y is not assigned a helicopter
3360,203,evacuee,,Evacuee;379;in triage state;R;is at the evacuation site
3360,206,evacuee,outES,Evacuee 378 in triage category Y is not assigned a helicopter
3360,206,evacuee,,Evacuee;378;in triage state;R;is at the evacuation site
3360,209,evacuee,outES,Evacuee 377 in triage category Y is not assigned a helicopter
3360,209,evacuee,,Evacuee;377;in triage state;R;is at the evacuation site
3360,212,evacuee,outES,Evacuee 375 in triage category Y is not assigned a helicopter
3360,212,evacuee,,Evacuee;375;in triage state;R;is at the evacuation site
3360,215,evacuee,outES,Evacuee 374 in triage category Y is not assigned a helicopter
3360,215,evacuee,,Evacuee;374;in triage state;R;is at the evacuation site
3360,218,evacuee,outES,Evacuee 372 in triage category Y is not assigned a helicopter
3360,218,evacuee,,Evacuee;372;in triage state;R;is at the evacuation site
3360,221,evacuee,outES,Evacuee 371 in triage category Y is not assigned a helicopter
3360,221,evacuee,,Evacuee;371;in triage state;R;is at the evacuation site
3360,225,evacuee,outES,Evacuee 370 in triage category Y is not assigned a helicopter
3360,225,evacuee,,Evacuee;370;in triage state;R;is at the evacuation site
3360,228,evacuee,outES,Evacuee 457 in triage category Y is not assigned a helicopter
3360,228,evacuee,,Evacuee;457;in triage state;R;is at the evacuation site
3360,231,evacuee,outES,Evacuee 369 in triage category Y is not assigned a helicopter
3360,231,evacuee,,Evacuee;369;in triage state;R;is at the evacuation site
3360,234,evacuee,outES,Evacuee 366 in triage category Y is not assigned a helicopter
3360,234,evacuee,,Evacuee;366;in triage state;R;is at the evacuation site
3360,237,evacuee,outES,Evacuee 362 in triage category Y is not assigned a helicopter
3360,237,evacuee,,Evacuee;362;in triage state;R;is at the evacuation site
3360,240,evacuee,outES,Evacuee 425 in triage category Y is not assigned a helicopter
3360,240,evacuee,,Evacuee;425;in triage state;R;is at the evacuation site
3360,243,evacuee,outES,Evacuee 360 in triage category Y is not assigned a helicopter
3360,243,evacuee,,Evacuee;360;in triage state;R;is at the evacuation site
3360,246,evacuee,outES,Evacuee 357 in triage category Y is not assigned a helicopter
3360,246,evacuee,,Evacuee;357;in triage state;R;is at the evacuation site
3360,249,evacuee,outES,Evacuee 354 in triage category Y is not assigned a helicopter
3360,249,evacuee,,Evacuee;354;in triage state;R;is at the evacuation site
3360,252,evacuee,outES,Evacuee 353 in triage category Y is not assigned a helicopter
3360,252,evacuee,,Evacuee;353;in triage state;R;is at the evacuation site
3360,255,evacuee,outES,Evacuee 351 in triage category Y is not assigned a helicopter
3360,255,evacuee,,Evacuee;351;in triage state;R;is at the evacuation site
3360,258,evacuee,outES,Evacuee 349 in triage category Y is not assigned a helicopter
3360,258,evacuee,,Evacuee;349;in triage state;R;is at the evacuation site
3360,261,evacuee,outES,Evacuee 348 in triage category Y is not assigned a helicopter
3360,261,evacuee,,Evacuee;348;in triage state;R;is at the evacuation site
3360,264,evacuee,outES,Evacuee 346 in triage category Y is not assigned a helicopter
3360,264,evacuee,,Evacuee;346;in triage state;R;is at the evacuation site
3360,267,evacuee,outES,Evacuee 341 in triage category Y is not assigned a helicopter
3360,267,evacuee,,Evacuee;341;in triage state;R;is at the evacuation site
3360,270,evacuee,outES,Evacuee 340 in triage category Y is not assigned a helicopter
3360,270,evacuee,,Evacuee;340;in triage state;R;is at the evacuation site
3360,273,evacuee,outES,Evacuee 338 in triage category Y is not assigned a helicopter
3360,273,evacuee,,Evacuee;338;in triage state;R;is at the evacuation site
3360,276,evacuee,outES,Evacuee 335 in triage category Y is not assigned a helicopter
3360,276,evacuee,,Evacuee;335;in triage state;R;is at the evacuation site
3360,279,evacuee,outES,Evacuee 331 in triage category Y is not assigned a helicopter
3360,279,evacuee,,Evacuee;331;in triage state;R;is at the evacuation site
3360,282,evacuee,outES,Evacuee 330 in triage category Y is not assigned a helicopter
3360,282,evacuee,,Evacuee;330;in triage state;R;is at the evacuation site
3360,285,evacuee,outES,Evacuee 328 in triage category Y is not assigned a helicopter
3360,285,evacuee,,Evacuee;328;in triage state;R;is at the evacuation site
3360,288,evacuee,outES,Evacuee 327 in triage category Y is not assigned a helicopter
3360,288,evacuee,,Evacuee;327;in triage state;R;is at the evacuation site
3360,291,evacuee,outES,Evacuee 410 in triage category Y is not assigned a helicopter
3360,291,evacuee,,Evacuee;410;in triage state;R;is at the evacuation site
3360,294,evacuee,outES,Evacuee 326 in triage category Y is not assigned a helicopter
3360,294,evacuee,,Evacuee;326;in triage state;R;is at the evacuation site
3360,297,evacuee,outES,Evacuee 466 in triage category Y is not assigned a helicopter
3360,297,evacuee,,Evacuee;466;in triage state;R;is at the evacuation site
3360,300,evacuee,outES,Evacuee 325 in triage category Y is not assigned a helicopter
3360,300,evacuee,,Evacuee;325;in triage state;R;is at the evacuation site
3360,303,evacuee,outES,Evacuee 365 in triage category Y is not assigned a helicopter
3360,303,evacuee,,Evacuee;365;in triage state;R;is at the evacuation site
3360,306,evacuee,outES,Evacuee 322 in triage category Y is not assigned a helicopter
3360,306,evacuee,,Evacuee;322;in triage state;R;is at the evacuation site
3360,309,evacuee,outES,Evacuee 321 in triage category Y is not assigned a helicopter
3360,309,evacuee,,Evacuee;321;in triage state;R;is at the evacuation site
3360,312,evacuee,outES,Evacuee 319 in triage category Y is not assigned a helicopter
3360,312,evacuee,,Evacuee;319;in triage state;R;is at the evacuation site
3360,315,evacuee,outES,Evacuee 318 in triage category Y is not assigned a helicopter
3360,315,evacuee,,Evacuee;318;in triage state;R;is at the evacuation site
3360,318,evacuee,outES,Evacuee 317 in triage category Y is not assigned a helicopter
3360,318,evacuee,,Evacuee;317;in triage state;R;is at the evacuation site
3360,321,evacuee,outES,Evacuee 460 in triage category Y is not assigned a helicopter
3360,321,evacuee,,Evacuee;460;in triage state;R;is at the evacuation site
3360,324,evacuee,outES,Evacuee 316 in triage category Y is not assigned a helicopter
3360,324,evacuee,,Evacuee;316;in triage state;R;is at the evacuation site
3360,327,evacuee,outES,Evacuee 446 in triage category Y is not assigned a helicopter
3360,327,evacuee,,Evacuee;446;in triage state;R;is at the evacuation site
3360,330,evacuee,outES,Evacuee 313 in triage category Y is not assigned a helicopter
3360,330,evacuee,,Evacuee;313;in triage state;R;is at the evacuation site
3360,333,evacuee,outES,Evacuee 443 in triage category Y is not assigned a helicopter
3360,333,evacuee,,Evacuee;443;in triage state;R;is at the evacuation site
3360,336,evacuee,outES,Evacuee 312 in triage category Y is not assigned a helicopter
3360,336,evacuee,,Evacuee;312;in triage state;R;is at the evacuation site
3360,339,evacuee,outES,Evacuee 309 in triage category Y is not assigned a helicopter
3360,339,evacuee,,Evacuee;309;in triage state;R;is at the evacuation site
3360,342,evacuee,outES,Evacuee 306 in triage category Y is not assigned a helicopter
3360,342,evacuee,,Evacuee;306;in triage state;R;is at the evacuation site
3360,345,evacuee,outES,Evacuee 305 in triage category Y is not assigned a helicopter
3360,345,evacuee,,Evacuee;305;in triage state;R;is at the evacuation site
3360,348,evacuee,outES,Evacuee 303 in triage category Y is not assigned a helicopter
3360,348,evacuee,,Evacuee;303;in triage state;R;is at the evacuation site
3360,351,evacuee,outES,Evacuee 295 in triage category Y is not assigned a helicopter
3360,351,evacuee,,Evacuee;295;in triage state;R;is at the evacuation site
3360,354,evacuee,outES,Evacuee 352 in triage category Y is not assigned a helicopter
3360,354,evacuee,,Evacuee;352;in triage state;R;is at the evacuation site
3360,357,evacuee,outES,Evacuee 293 in triage category Y is not assigned a helicopter
3360,357,evacuee,,Evacuee;293;in triage state;R;is at the evacuation site
3360,363,evacuee,outES,Evacuee 413 in triage category Y is not assigned a helicopter
3360,363,evacuee,,Evacuee;413;in triage state;R;is at the evacuation site
3360,366,evacuee,outES,Evacuee 292 in triage category Y is not assigned a helicopter
3360,366,evacuee,,Evacuee;292;in triage state;R;is at the evacuation site
3360,369,evacuee,outES,Evacuee 291 in triage category Y is not assigned a helicopter
3360,369,evacuee,,Evacuee;291;in triage state;R;is at the evacuation site
3360,372,evacuee,outES,Evacuee 290 in triage category Y is not assigned a helicopter
3360,372,evacuee,,Evacuee;290;in triage state;R;is at the evacuation site
3360,375,evacuee,outES,Evacuee 350 in triage category Y is not assigned a helicopter
3360,375,evacuee,,Evacuee;350;in triage state;R;is at the evacuation site
3360,378,evacuee,outES,Evacuee 288 in triage category Y is not assigned a helicopter
3360,378,evacuee,,Evacuee;288;in triage state;R;is at the evacuation site
3360,381,evacuee,outES,Evacuee 287 in triage category Y is not assigned a helicopter
3360,381,evacuee,,Evacuee;287;in triage state;R;is at the evacuation site
3360,384,evacuee,outES,Evacuee 415 in triage category Y is not assigned a helicopter
3360,384,evacuee,,Evacuee;415;in triage state;R;is at the evacuation site
3360,387,evacuee,outES,Evacuee 376 in triage category Y is not assigned a helicopter
3360,387,evacuee,,Evacuee;376;in triage state;R;is at the evacuation site
3360,390,evacuee,outES,Evacuee 284 in triage category Y is not assigned a helicopter
3360,390,evacuee,,Evacuee;284;in triage state;R;is at the evacuation site
3360,393,evacuee,outES,Evacuee 283 in triage category Y is not assigned a helicopter
3360,393,evacuee,,Evacuee;283;in triage state;R;is at the evacuation site
3360,396,evacuee,outES,Evacuee 282 in triage category Y is not assigned a helicopter
3360,396,evacuee,,Evacuee;282;in triage state;R;is at the evacuation site
3360,399,evacuee,outES,Evacuee 281 in triage category Y is not assigned a helicopter
3360,399,evacuee,,Evacuee;281;in triage state;R;is at the evacuation site
3360,402,evacuee,outES,Evacuee 280 in triage category Y is not assigned a helicopter
3360,402,evacuee,,Evacuee;280;in triage state;R;is at the evacuation site
3360,405,evacuee,outES,Evacuee 333 in triage category Y is not assigned a helicopter
3360,405,evacuee,,Evacuee;333;in triage state;R;is at the evacuation site
3360,408,evacuee,outES,Evacuee 279 in triage category Y is not assigned a helicopter
3360,408,evacuee,,Evacuee;279;in triage state;R;is at the evacuation site
3360,411,evacuee,outES,Evacuee 278 in triage category Y is not assigned a helicopter
3360,411,evacuee,,Evacuee;278;in triage state;R;is at the evacuation site
3360,414,evacuee,outES,Evacuee 277 in triage category Y is not assigned a helicopter
3360,414,evacuee,,Evacuee;277;in triage state;R;is at the evacuation site
3360,417,evacuee,outES,Evacuee 315 in triage category Y is not assigned a helicopter
3360,417,evacuee,,Evacuee;315;in triage state;R;is at the evacuation site
3360,420,evacuee,outES,Evacuee 274 in triage category Y is not assigned a helicopter
3360,420,evacuee,,Evacuee;274;in triage state;R;is at the evacuation site
3360,423,evacuee,outES,Evacuee 273 in triage category Y is not assigned a helicopter
3360,423,evacuee,,Evacuee;273;in triage state;R;is at the evacuation site
3360,426,evacuee,outES,Evacuee 337 in triage category Y is not assigned a helicopter
3360,426,evacuee,,Evacuee;337;in triage state;R;is at the evacuation site
3360,429,evacuee,outES,Evacuee 301 in triage category Y is not assigned a helicopter
3360,429,evacuee,,Evacuee;301;in triage state;R;is at the evacuation site
3360,432,evacuee,outES,Evacuee 272 in triage category Y is not assigned a helicopter
3360,432,evacuee,,Evacuee;272;in triage state;R;is at the evacuation site
3360,435,evacuee,outES,Evacuee 270 in triage category Y is not assigned a helicopter
3360,435,evacuee,,Evacuee;270;in triage state;R;is at the evacuation site
3360,438,evacuee,outES,Evacuee 264 in triage category Y is not assigned a helicopter
3360,438,evacuee,,Evacuee;264;in triage state;R;is at the evacuation site
3360,441,evacuee,outES,Evacuee 262 in triage category Y is not assigned a helicopter
3360,441,evacuee,,Evacuee;262;in triage state;R;is at the evacuation site
3360,444,evacuee,outES,Evacuee 260 in triage category Y is not assigned a helicopter
3360,444,evacuee,,Evacuee;260;in triage state;R;is at the evacuation site
3360,447,evacuee,outES,Evacuee 259 in triage category Y is not assigned a helicopter
3360,447,evacuee,,Evacuee;259;in triage state;R;is at the evacuation site
3360,450,evacuee,outES,Evacuee 125 in triage category Y is not assigned a helicopter
3360,450,evacuee,,Evacuee;125;in triage state;R;is at the evacuation site
3360,453,evacuee,outES,Evacuee 114 in triage category Y is not assigned a helicopter
3360,453,evacuee,,Evacuee;114;in triage state;R;is at the evacuation site
3360,456,evacuee,outES,Evacuee 289 in triage category Y is not assigned a helicopter
3360,456,evacuee,,Evacuee;289;in triage state;R;is at the evacuation site
3360,459,evacuee,outES,Evacuee 88 in triage category Y is not assigned a helicopter
3360,459,evacuee,,Evacuee;88;in triage state;R;is at the evacuation site
3360,462,evacuee,outES,Evacuee 449 in triage category Y is not assigned a helicopter
3360,462,evacuee,,Evacuee;449;in triage state;R;is at the evacuation site
3360,465,evacuee,outES,Evacuee 122 in triage category Y is not assigned a helicopter
3360,465,evacuee,,Evacuee;122;in triage state;R;is at the evacuation site
3360,468,evacuee,outES,Evacuee 108 in triage category Y is not assigned a helicopter
3360,468,evacuee,,Evacuee;108;in triage state;R;is at the evacuation site
3360,471,evacuee,outES,Evacuee 276 in triage category Y is not assigned a helicopter
3360,471,evacuee,,Evacuee;276;in triage state;R;is at the evacuation site
3360,474,evacuee,outES,Evacuee 121 in triage category Y is not assigned a helicopter
3360,474,evacuee,,Evacuee;121;in triage state;R;is at the evacuation site
3360,477,evacuee,outES,Evacuee 386 in triage category Y is not assigned a helicopter
3360,477,evacuee,,Evacuee;386;in triage state;R;is at the evacuation site
3360,480,evacuee,outES,Evacuee 117 in triage category Y is not assigned a helicopter
3360,480,evacuee,,Evacuee;117;in triage state;R;is at the evacuation site
3360,483,evacuee,outES,Evacuee 192 in triage category Y is not assigned a helicopter
3360,483,evacuee,,Evacuee;192;in triage state;R;is at the evacuation site
3360,486,evacuee,outES,Evacuee 432 in triage category Y is not assigned a helicopter
3360,486,evacuee,,Evacuee;432;in triage state;R;is at the evacuation site
3360,489,evacuee,outES,Evacuee 245 in triage category Y is not assigned a helicopter
3360,489,evacuee,,Evacuee;245;in triage state;R;is at the evacuation site
3360,492,evacuee,outES,Evacuee 310 in triage category Y is not assigned a helicopter
3360,492,evacuee,,Evacuee;310;in triage state;R;is at the evacuation site
3360,495,evacuee,outES,Evacuee 118 in triage category Y is not assigned a helicopter
3360,495,evacuee,,Evacuee;118;in triage state;R;is at the evacuation site
3360,501,evacuee,outES,Evacuee 470 in triage category Y is not assigned a helicopter
3360,501,evacuee,,Evacuee;470;in triage state;R;is at the evacuation site
3360,504,evacuee,outES,Evacuee 469 in triage category Y is not assigned a helicopter
3360,504,evacuee,,Evacuee;469;in triage state;R;is at the evacuation site
3360,507,evacuee,outES,Evacuee 215 in triage category Y is not assigned a helicopter
3360,507,evacuee,,Evacuee;215;in triage state;R;is at the evacuation site
3360,510,evacuee,outES,Evacuee 345 in triage category Y is not assigned a helicopter
3360,510,evacuee,,Evacuee;345;in triage state;R;is at the evacuation site
3360,513,evacuee,outES,Evacuee 302 in triage category Y is not assigned a helicopter
3360,513,evacuee,,Evacuee;302;in triage state;R;is at the evacuation site
3360,516,evacuee,outES,Evacuee 112 in triage category Y is not assigned a helicopter
3360,516,evacuee,,Evacuee;112;in triage state;R;is at the evacuation site
3360,519,evacuee,outES,Evacuee 299 in triage category Y is not assigned a helicopter
3360,519,evacuee,,Evacuee;299;in triage state;R;is at the evacuation site
3360,522,evacuee,outES,Evacuee 109 in triage category Y is not assigned a helicopter
3360,522,evacuee,,Evacuee;109;in triage state;R;is at the evacuation site
3360,525,evacuee,outES,Evacuee 373 in triage category Y is not assigned a helicopter
3360,525,evacuee,,Evacuee;373;in triage state;R;is at the evacuation site
3360,528,evacuee,outES,Evacuee 358 in triage category Y is not assigned a helicopter
3360,528,evacuee,,Evacuee;358;in triage state;R;is at the evacuation site
3360,531,evacuee,outES,Evacuee 188 in triage category Y is not assigned a helicopter
3360,531,evacuee,,Evacuee;188;in triage state;R;is at the evacuation site
3360,534,evacuee,outES,Evacuee 106 in triage category Y is not assigned a helicopter
3360,534,evacuee,,Evacuee;106;in triage state;R;is at the evacuation site
3360,537,evacuee,outES,Evacuee 311 in triage category Y is not assigned a helicopter
3360,537,evacuee,,Evacuee;311;in triage state;R;is at the evacuation site
3360,540,evacuee,outES,Evacuee 148 in triage category Y is not assigned a helicopter
3360,540,evacuee,,Evacuee;148;in triage state;R;is at the evacuation site
3360,543,evacuee,outES,Evacuee 235 in triage category Y is not assigned a helicopter
3360,543,evacuee,,Evacuee;235;in triage state;R;is at the evacuation site
3360,546,evacuee,outES,Evacuee 105 in triage category Y is not assigned a helicopter
3360,546,evacuee,,Evacuee;105;in triage state;R;is at the evacuation site
3360,549,evacuee,outES,Evacuee 424 in triage category Y is not assigned a helicopter
3360,549,evacuee,,Evacuee;424;in triage state;R;is at the evacuation site
3360,552,evacuee,outES,Evacuee 269 in triage category Y is not assigned a helicopter
3360,552,evacuee,,Evacuee;269;in triage state;R;is at the evacuation site
3360,555,evacuee,outES,Evacuee 103 in triage category Y is not assigned a helicopter
3360,555,evacuee,,Evacuee;103;in triage state;R;is at the evacuation site
3360,558,evacuee,outES,Evacuee 124 in triage category Y is not assigned a helicopter
3360,558,evacuee,,Evacuee;124;in triage state;R;is at the evacuation site
3360,561,evacuee,outES,Evacuee 111 in triage category Y is not assigned a helicopter
3360,561,evacuee,,Evacuee;111;in triage state;R;is at the evacuation site
3360,564,evacuee,outES,Evacuee 39 in triage category Y is not assigned a helicopter
3360,564,evacuee,,Evacuee;39;in triage state;R;is at the evacuation site
3360,567,evacuee,outES,Evacuee 228 in triage category Y is not assigned a helicopter
3360,567,evacuee,,Evacuee;228;in triage state;R;is at the evacuation site
3360,573,evacuee,outES,Evacuee 101 in triage category Y is not assigned a helicopter
3360,573,evacuee,,Evacuee;101;in triage state;R;is at the evacuation site
3360,576,evacuee,outES,Evacuee 142 in triage category Y is not assigned a helicopter
3360,576,evacuee,,Evacuee;142;in triage state;R;is at the evacuation site
3360,579,evacuee,outES,Evacuee 99 in triage category Y is not assigned a helicopter
3360,579,evacuee,,Evacuee;99;in triage state;R;is at the evacuation site
3360,585,evacuee,outES,Evacuee 324 in triage category Y is not assigned a helicopter
3360,585,evacuee,,Evacuee;324;in triage state;R;is at the evacuation site
3360,588,evacuee,outES,Evacuee 95 in triage category Y is not assigned a helicopter
3360,588,evacuee,,Evacuee;95;in triage state;R;is at the evacuation site
3360,591,evacuee,outES,Evacuee 447 in triage category Y is not assigned a helicopter
3360,591,evacuee,,Evacuee;447;in triage state;R;is at the evacuation site
3360,594,evacuee,outES,Evacuee 361 in triage category Y is not assigned a helicopter
3360,594,evacuee,,Evacuee;361;in triage state;R;is at the evacuation site
3360,597,evacuee,outES,Evacuee 342 in triage category Y is not assigned a helicopter
3360,597,evacuee,,Evacuee;342;in triage state;R;is at the evacuation site
3360,600,evacuee,outES,Evacuee 93 in triage category Y is not assigned a helicopter
3360,600,evacuee,,Evacuee;93;in triage state;R;is at the evacuation site
3360,603,evacuee,outES,Evacuee 136 in triage category Y is not assigned a helicopter
3360,603,evacuee,,Evacuee;136;in triage state;R;is at the evacuation site
3360,606,evacuee,outES,Evacuee 412 in triage category Y is not assigned a helicopter
3360,606,evacuee,,Evacuee;412;in triage state;R;is at the evacuation site
3360,609,evacuee,outES,Evacuee 90 in triage category Y is not assigned a helicopter
3360,609,evacuee,,Evacuee;90;in triage state;R;is at the evacuation site
3360,615,evacuee,outES,Evacuee 83 in triage category Y is not assigned a helicopter
3360,615,evacuee,,Evacuee;83;in triage state;R;is at the evacuation site
3360,618,evacuee,outES,Evacuee 127 in triage category Y is not assigned a helicopter
3360,618,evacuee,,Evacuee;127;in triage state;R;is at the evacuation site
3360,621,evacuee,outES,Evacuee 49 in triage category Y is not assigned a helicopter
3360,621,evacuee,,Evacuee;49;in triage state;R;is at the evacuation site
3360,624,evacuee,outES,Evacuee 87 in triage category Y is not assigned a helicopter
3360,624,evacuee,,Evacuee;87;in triage state;R;is at the evacuation site
3360,627,evacuee,outES,Evacuee 297 in triage category Y is not assigned a helicopter
3360,627,evacuee,,Evacuee;297;in triage state;R;is at the evacuation site
3360,630,evacuee,outES,Evacuee 86 in triage category Y is not assigned a helicopter
3360,630,evacuee,,Evacuee;86;in triage state;R;is at the evacuation site
3360,633,evacuee,outES,Evacuee 51 in triage category Y is not assigned a helicopter
3360,633,evacuee,,Evacuee;51;in triage state;R;is at the evacuation site
3360,636,evacuee,outES,Evacuee 444 in triage category Y is not assigned a helicopter
3360,636,evacuee,,Evacuee;444;in triage state;R;is at the evacuation site
3360,639,evacuee,outES,Evacuee 80 in triage category Y is not assigned a helicopter
3360,639,evacuee,,Evacuee;80;in triage state;R;is at the evacuation site
3360,642,evacuee,outES,Evacuee 79 in triage category Y is not assigned a helicopter
3360,642,evacuee,,Evacuee;79;in triage state;R;is at the evacuation site
3360,645,evacuee,outES,Evacuee 115 in triage category Y is not assigned a helicopter
3360,645,evacuee,,Evacuee;115;in triage state;R;is at the evacuation site
3360,648,evacuee,outES,Evacuee 98 in triage category Y is not assigned a helicopter
3360,648,evacuee,,Evacuee;98;in triage state;R;is at the evacuation site
3360,651,evacuee,outES,Evacuee 356 in triage category Y is not assigned a helicopter
3360,651,evacuee,,Evacuee;356;in triage state;R;is at the evacuation site
3360,654,evacuee,outES,Evacuee 78 in triage category Y is not assigned a helicopter
3360,654,evacuee,,Evacuee;78;in triage state;R;is at the evacuation site
3360,657,evacuee,outES,Evacuee 213 in triage category Y is not assigned a helicopter
3360,657,evacuee,,Evacuee;213;in triage state;R;is at the evacuation site
3360,660,evacuee,outES,Evacuee 344 in triage category Y is not assigned a helicopter
3360,660,evacuee,,Evacuee;344;in triage state;R;is at the evacuation site
3360,663,evacuee,outES,Evacuee 77 in triage category Y is not assigned a helicopter
3360,663,evacuee,,Evacuee;77;in triage state;R;is at the evacuation site
3360,666,evacuee,outES,Evacuee 156 in triage category Y is not assigned a helicopter
3360,666,evacuee,,Evacuee;156;in triage state;R;is at the evacuation site
3360,669,evacuee,outES,Evacuee 300 in triage category Y is not assigned a helicopter
3360,669,evacuee,,Evacuee;300;in triage state;R;is at the evacuation site
3360,672,evacuee,outES,Evacuee 165 in triage category Y is not assigned a helicopter
3360,672,evacuee,,Evacuee;165;in triage state;R;is at the evacuation site
3360,675,evacuee,outES,Evacuee 454 in triage category Y is not assigned a helicopter
3360,675,evacuee,,Evacuee;454;in triage state;R;is at the evacuation site
3360,678,evacuee,outES,Evacuee 440 in triage category Y is not assigned a helicopter
3360,678,evacuee,,Evacuee;440;in triage state;R;is at the evacuation site
3360,681,evacuee,outES,Evacuee 76 in triage category Y is not assigned a helicopter
3360,681,evacuee,,Evacuee;76;in triage state;R;is at the evacuation site
3360,684,evacuee,outES,Evacuee 431 in triage category Y is not assigned a helicopter
3360,684,evacuee,,Evacuee;431;in triage state;R;is at the evacuation site
3360,687,evacuee,outES,Evacuee 74 in triage category Y is not assigned a helicopter
3360,687,evacuee,,Evacuee;74;in triage state;R;is at the evacuation site
3360,690,evacuee,outES,Evacuee 363 in triage category Y is not assigned a helicopter
3360,690,evacuee,,Evacuee;363;in triage state;R;is at the evacuation site
3360,693,evacuee,outES,Evacuee 251 in triage category Y is not assigned a helicopter
3360,693,evacuee,,Evacuee;251;in triage state;R;is at the evacuation site
3360,696,evacuee,outES,Evacuee 134 in triage category Y is not assigned a helicopter
3360,696,evacuee,,Evacuee;134;in triage state;R;is at the evacuation site
3360,699,evacuee,outES,Evacuee 199 in triage category Y is not assigned a helicopter
3360,699,evacuee,,Evacuee;199;in triage state;R;is at the evacuation site
3360,702,evacuee,outES,Evacuee 66 in triage category Y is not assigned a helicopter
3360,702,evacuee,,Evacuee;66;in triage state;R;is at the evacuation site
3360,705,evacuee,outES,Evacuee 62 in triage category Y is not assigned a helicopter
3360,705,evacuee,,Evacuee;62;in triage state;R;is at the evacuation site
3360,708,evacuee,outES,Evacuee 223 in triage category Y is not assigned a helicopter
3360,708,evacuee,,Evacuee;223;in triage state;R;is at the evacuation site
3360,711,evacuee,outES,Evacuee 465 in triage category Y is not assigned a helicopter
3360,711,evacuee,,Evacuee;465;in triage state;R;is at the evacuation site
3360,714,evacuee,outES,Evacuee 60 in triage category Y is not assigned a helicopter
3360,714,evacuee,,Evacuee;60;in triage state;R;is at the evacuation site
3360,717,evacuee,outES,Evacuee 385 in triage category Y is not assigned a helicopter
3360,717,evacuee,,Evacuee;385;in triage state;R;is at the evacuation site
3360,720,evacuee,outES,Evacuee 181 in triage category Y is not assigned a helicopter
3360,720,evacuee,,Evacuee;181;in triage state;R;is at the evacuation site
3360,723,evacuee,outES,Evacuee 135 in triage category Y is not assigned a helicopter
3360,723,evacuee,,Evacuee;135;in triage state;R;is at the evacuation site
3360,726,evacuee,outES,Evacuee 15 in triage category Y is not assigned a helicopter
3360,726,evacuee,,Evacuee;15;in triage state;R;is at the evacuation site
3360,729,evacuee,outES,Evacuee 474 in triage category Y is not assigned a helicopter
3360,729,evacuee,,Evacuee;474;in triage state;R;is at the evacuation site
3360,732,evacuee,outES,Evacuee 17 in triage category Y is not assigned a helicopter
3360,732,evacuee,,Evacuee;17;in triage state;R;is at the evacuation site
3360,738,evacuee,outES,Evacuee 179 in triage category Y is not assigned a helicopter
3360,738,evacuee,,Evacuee;179;in triage state;R;is at the evacuation site
3360,741,evacuee,outES,Evacuee 147 in triage category Y is not assigned a helicopter
3360,741,evacuee,,Evacuee;147;in triage state;R;is at the evacuation site
3360,744,evacuee,outES,Evacuee 14 in triage category Y is not assigned a helicopter
3360,744,evacuee,,Evacuee;14;in triage state;R;is at the evacuation site
3360,747,evacuee,outES,Evacuee 65 in triage category Y is not assigned a helicopter
3360,747,evacuee,,Evacuee;65;in triage state;R;is at the evacuation site
3360,750,evacuee,outES,Evacuee 218 in triage category Y is not assigned a helicopter
3360,750,evacuee,,Evacuee;218;in triage state;R;is at the evacuation site
3360,753,evacuee,outES,Evacuee 453 in triage category Y is not assigned a helicopter
3360,753,evacuee,,Evacuee;453;in triage state;R;is at the evacuation site
3360,756,evacuee,outES,Evacuee 285 in triage category Y is not assigned a helicopter
3360,756,evacuee,,Evacuee;285;in triage state;R;is at the evacuation site
3360,759,evacuee,outES,Evacuee 89 in triage category Y is not assigned a helicopter
3360,759,evacuee,,Evacuee;89;in triage state;R;is at the evacuation site
3360,762,evacuee,outES,Evacuee 394 in triage category Y is not assigned a helicopter
3360,762,evacuee,,Evacuee;394;in triage state;R;is at the evacuation site
3360,765,evacuee,outES,Evacuee 240 in triage category Y is not assigned a helicopter
3360,765,evacuee,,Evacuee;240;in triage state;R;is at the evacuation site
3360,771,evacuee,outES,Evacuee 355 in triage category Y is not assigned a helicopter
3360,771,evacuee,,Evacuee;355;in triage state;R;is at the evacuation site
3360,774,evacuee,outES,Evacuee 23 in triage category Y is not assigned a helicopter
3360,774,evacuee,,Evacuee;23;in triage state;R;is at the evacuation site
3360,777,evacuee,outES,Evacuee 200 in triage category Y is not assigned a helicopter
3360,777,evacuee,,Evacuee;200;in triage state;R;is at the evacuation site
3360,780,evacuee,outES,Evacuee 255 in triage category Y is not assigned a helicopter
3360,780,evacuee,,Evacuee;255;in triage state;R;is at the evacuation site
3360,783,evacuee,outES,Evacuee 18 in triage category Y is not assigned a helicopter
3360,783,evacuee,,Evacuee;18;in triage state;R;is at the evacuation site
3360,786,evacuee,outES,Evacuee 368 in triage category Y is not assigned a helicopter
3360,786,evacuee,,Evacuee;368;in triage state;R;is at the evacuation site
3360,792,evacuee,outES,Evacuee 387 in triage category Y is not assigned a helicopter
3360,792,evacuee,,Evacuee;387;in triage state;R;is at the evacuation site
3360,795,evacuee,outES,Evacuee 246 in triage category Y is not assigned a helicopter
3360,795,evacuee,,Evacuee;246;in triage state;R;is at the evacuation site
3360,798,evacuee,outES,Evacuee 220 in triage category Y is not assigned a helicopter
3360,798,evacuee,,Evacuee;220;in triage state;R;is at the evacuation site
3360,801,evacuee,outES,Evacuee 173 in triage category Y is not assigned a helicopter
3360,801,evacuee,,Evacuee;173;in triage state;R;is at the evacuation site
3360,804,evacuee,outES,Evacuee 157 in triage category Y is not assigned a helicopter
3360,804,evacuee,,Evacuee;157;in triage state;R;is at the evacuation site
3360,807,evacuee,outES,Evacuee 451 in triage category Y is not assigned a helicopter
3360,807,evacuee,,Evacuee;451;in triage state;R;is at the evacuation site
3360,810,evacuee,outES,Evacuee 359 in triage category Y is not assigned a helicopter
3360,810,evacuee,,Evacuee;359;in triage state;R;is at the evacuation site
3360,813,evacuee,outES,Evacuee 286 in triage category Y is not assigned a helicopter
3360,813,evacuee,,Evacuee;286;in triage state;R;is at the evacuation site
3360,816,evacuee,outES,Evacuee 196 in triage category Y is not assigned a helicopter
3360,816,evacuee,,Evacuee;196;in triage state;R;is at the evacuation site
3360,819,evacuee,outES,Evacuee 407 in triage category Y is not assigned a helicopter
3360,819,evacuee,,Evacuee;407;in triage state;R;is at the evacuation site
3360,822,evacuee,outES,Evacuee 132 in triage category Y is not assigned a helicopter
3360,822,evacuee,,Evacuee;132;in triage state;R;is at the evacuation site
3360,825,evacuee,outES,Evacuee 31 in triage category Y is not assigned a helicopter
3360,825,evacuee,,Evacuee;31;in triage state;R;is at the evacuation site
3360,828,evacuee,outES,Evacuee 38 in triage category Y is not assigned a helicopter
3360,828,evacuee,,Evacuee;38;in triage state;R;is at the evacuation site
3360,834,evacuee,outES,Evacuee 33 in triage category Y is not assigned a helicopter
3360,834,evacuee,,Evacuee;33;in triage state;R;is at the evacuation site
3360,837,evacuee,outES,Evacuee 271 in triage category Y is not assigned a helicopter
3360,837,evacuee,,Evacuee;271;in triage state;R;is at the evacuation site
3360,843,evacuee,outES,Evacuee 25 in triage category Y is not assigned a helicopter
3360,843,evacuee,,Evacuee;25;in triage state;R;is at the evacuation site
3360,846,evacuee,outES,Evacuee 334 in triage category Y is not assigned a helicopter
3360,846,evacuee,,Evacuee;334;in triage state;R;is at the evacuation site
3360,849,evacuee,outES,Evacuee 70 in triage category Y is not assigned a helicopter
3360,849,evacuee,,Evacuee;70;in triage state;R;is at the evacuation site
3360,855,evacuee,outES,Evacuee 250 in triage category Y is not assigned a helicopter
3360,855,evacuee,,Evacuee;250;in triage state;R;is at the evacuation site
3360,858,evacuee,outES,Evacuee 107 in triage category Y is not assigned a helicopter
3360,858,evacuee,,Evacuee;107;in triage state;R;is at the evacuation site
3360,861,evacuee,outES,Evacuee 229 in triage category Y is not assigned a helicopter
3360,861,evacuee,,Evacuee;229;in triage state;R;is at the evacuation site
3360,864,evacuee,outES,Evacuee 110 in triage category Y is not assigned a helicopter
3360,864,evacuee,,Evacuee;110;in triage state;R;is at the evacuation site
3360,867,evacuee,outES,Evacuee 141 in triage category Y is not assigned a helicopter
3360,867,evacuee,,Evacuee;141;in triage state;R;is at the evacuation site
3360,870,evacuee,outES,Evacuee 133 in triage category Y is not assigned a helicopter
3360,870,evacuee,,Evacuee;133;in triage state;R;is at the evacuation site
3360,876,evacuee,outES,Evacuee 473 in triage category Y is not assigned a helicopter
3360,876,evacuee,,Evacuee;473;in triage state;R;is at the evacuation site
3360,879,evacuee,outES,Evacuee 400 in triage category Y is not assigned a helicopter
3360,879,evacuee,,Evacuee;400;in triage state;R;is at the evacuation site
3360,882,evacuee,outES,Evacuee 268 in triage category Y is not assigned a helicopter
3360,882,evacuee,,Evacuee;268;in triage state;R;is at the evacuation site
3360,885,evacuee,outES,Evacuee 100 in triage category Y is not assigned a helicopter
3360,885,evacuee,,Evacuee;100;in triage state;R;is at the evacuation site
3360,888,evacuee,outES,Evacuee 29 in triage category Y is not assigned a helicopter
3360,888,evacuee,,Evacuee;29;in triage state;R;is at the evacuation site
3360,891,evacuee,outES,Evacuee 158 in triage category Y is not assigned a helicopter
3360,891,evacuee,,Evacuee;158;in triage state;R;is at the evacuation site
3360,894,evacuee,outES,Evacuee 187 in triage category Y is not assigned a helicopter
3360,894,evacuee,,Evacuee;187;in triage state;R;is at the evacuation site
3360,897,evacuee,outES,Evacuee 85 in triage category Y is not assigned a helicopter
3360,897,evacuee,,Evacuee;85;in triage state;R;is at the evacuation site
3360,903,evacuee,outES,Evacuee 71 in triage category Y is not assigned a helicopter
3360,903,evacuee,,Evacuee;71;in triage state;R;is at the evacuation site
3360,906,evacuee,outES,Evacuee 332 in triage category Y is not assigned a helicopter
3360,906,evacuee,,Evacuee;332;in triage state;R;is at the evacuation site
3360,909,evacuee,outES,Evacuee 81 in triage category Y is not assigned a helicopter
3360,909,evacuee,,Evacuee;81;in triage state;R;is at the evacuation site
3360,912,evacuee,outES,Evacuee 104 in triage category Y is not assigned a helicopter
3360,912,evacuee,,Evacuee;104;in triage state;R;is at the evacuation site
3360,915,evacuee,outES,Evacuee 40 in triage category Y is not assigned a helicopter
3360,915,evacuee,,Evacuee;40;in triage state;R;is at the evacuation site
3360,918,evacuee,outES,Evacuee 97 in triage category Y is not assigned a helicopter
3360,918,evacuee,,Evacuee;97;in triage state;R;is at the evacuation site
3360,924,evacuee,outES,Evacuee 172 in triage category Y is not assigned a helicopter
3360,924,evacuee,,Evacuee;172;in triage state;R;is at the evacuation site
3360,927,evacuee,outES,Evacuee 256 in triage category Y is not assigned a helicopter
3360,927,evacuee,,Evacuee;256;in triage state;R;is at the evacuation site
3360,930,evacuee,outES,Evacuee 119 in triage category Y is not assigned a helicopter
3360,930,evacuee,,Evacuee;119;in triage state;R;is at the evacuation site
3360,936,evacuee,outES,Evacuee 347 in triage category Y is not assigned a helicopter
3360,936,evacuee,,Evacuee;347;in triage state;R;is at the evacuation site
3360,939,evacuee,outES,Evacuee 82 in triage category Y is not assigned a helicopter
3360,939,evacuee,,Evacuee;82;in triage state;R;is at the evacuation site
3360,942,evacuee,outES,Evacuee 54 in triage category Y is not assigned a helicopter
3360,942,evacuee,,Evacuee;54;in triage state;R;is at the evacuation site
3360,945,evacuee,outES,Evacuee 22 in triage category Y is not assigned a helicopter
3360,945,evacuee,,Evacuee;22;in triage state;R;is at the evacuation site
3360,948,evacuee,outES,Evacuee 92 in triage category Y is not assigned a helicopter
3360,948,evacuee,,Evacuee;92;in triage state;R;is at the evacuation site
3360,951,evacuee,outES,Evacuee 44 in triage category Y is not assigned a helicopter
3360,951,evacuee,,Evacuee;44;in triage state;R;is at the evacuation site
3360,954,evacuee,outES,Evacuee 150 in triage category Y is not assigned a helicopter
3360,954,evacuee,,Evacuee;150;in triage state;R;is at the evacuation site
3360,957,evacuee,outES,Evacuee 10 in triage category Y is not assigned a helicopter
3360,957,evacuee,,Evacuee;10;in triage state;R;is at the evacuation site
3360,960,evacuee,outES,Evacuee 26 in triage category Y is not assigned a helicopter
3360,960,evacuee,,Evacuee;26;in triage state;R;is at the evacuation site
3360,963,evacuee,outES,Evacuee 343 in triage category Y is not assigned a helicopter
3360,963,evacuee,,Evacuee;343;in triage state;R;is at the evacuation site
3360,966,evacuee,outES,Evacuee 241 in triage category Y is not assigned a helicopter
3360,966,evacuee,,Evacuee;241;in triage state;R;is at the evacuation site
3360,969,evacuee,outES,Evacuee 418 in triage category Y is not assigned a helicopter
3360,969,evacuee,,Evacuee;418;in triage state;R;is at the evacuation site
3360,972,evacuee,outES,Evacuee 75 in triage category Y is not assigned a helicopter
3360,972,evacuee,,Evacuee;75;in triage state;R;is at the evacuation site
3360,975,evacuee,outES,Evacuee 37 in triage category Y is not assigned a helicopter
3360,975,evacuee,,Evacuee;37;in triage state;R;is at the evacuation site
3360,981,evacuee,outES,Evacuee 209 in triage category Y is not assigned a helicopter
3360,981,evacuee,,Evacuee;209;in triage state;R;is at the evacuation site
3360,984,evacuee,outES,Evacuee 402 in triage category Y is not assigned a helicopter
3360,984,evacuee,,Evacuee;402;in triage state;R;is at the evacuation site
3360,987,evacuee,outES,Evacuee 320 in triage category Y is not assigned a helicopter
3360,987,evacuee,,Evacuee;320;in triage state;R;is at the evacuation site
3360,990,evacuee,outES,Evacuee 116 in triage category Y is not assigned a helicopter
3360,990,evacuee,,Evacuee;116;in triage state;R;is at the evacuation site
3360,993,evacuee,outES,Evacuee 61 in triage category Y is not assigned a helicopter
3360,993,evacuee,,Evacuee;61;in triage state;R;is at the evacuation site
3360,996,evacuee,outES,Evacuee 52 in triage category Y is not assigned a helicopter
3360,996,evacuee,,Evacuee;52;in triage state;R;is at the evacuation site
3360,999,evacuee,outES,Evacuee 41 in triage category Y is not assigned a helicopter
3360,999,evacuee,,Evacuee;41;in triage state;R;is at the evacuation site
3360,1002,evacuee,outES,Evacuee 304 in triage category Y is not assigned a helicopter
3360,1002,evacuee,,Evacuee;304;in triage state;R;is at the evacuation site
3360,1005,evacuee,outES,Evacuee 154 in triage category Y is not assigned a helicopter
3360,1005,evacuee,,Evacuee;154;in triage state;R;is at the evacuation site
3360,1008,evacuee,outES,Evacuee 421 in triage category Y is not assigned a helicopter
3360,1008,evacuee,,Evacuee;421;in triage state;R;is at the evacuation site
3360,1011,evacuee,outES,Evacuee 405 in triage category Y is not assigned a helicopter
3360,1011,evacuee,,Evacuee;405;in triage state;R;is at the evacuation site
3360,1014,evacuee,outES,Evacuee 21 in triage category Y is not assigned a helicopter
3360,1014,evacuee,,Evacuee;21;in triage state;R;is at the evacuation site
3360,1017,evacuee,outES,Evacuee 68 in triage category Y is not assigned a helicopter
3360,1017,evacuee,,Evacuee;68;in triage state;R;is at the evacuation site
3360,1020,evacuee,outES,Evacuee 72 in triage category Y is not assigned a helicopter
3360,1020,evacuee,,Evacuee;72;in triage state;R;is at the evacuation site
3360,1023,evacuee,outES,Evacuee 46 in triage category Y is not assigned a helicopter
3360,1023,evacuee,,Evacuee;46;in triage state;R;is at the evacuation site
3360,1026,evacuee,outES,Evacuee 53 in triage category Y is not assigned a helicopter
3360,1026,evacuee,,Evacuee;53;in triage state;R;is at the evacuation site
3360,1029,evacuee,outES,Evacuee 13 in triage category Y is not assigned a helicopter
3360,1029,evacuee,,Evacuee;13;in triage state;R;is at the evacuation site
3360,1032,evacuee,outES,Evacuee 24 in triage category Y is not assigned a helicopter
3360,1032,evacuee,,Evacuee;24;in triage state;R;is at the evacuation site
3360,1035,evacuee,outES,Evacuee 32 in triage category Y is not assigned a helicopter
3360,1035,evacuee,,Evacuee;32;in triage state;R;is at the evacuation site
3360,1038,evacuee,outES,Evacuee 34 in triage category Y is not assigned a helicopter
3360,1038,evacuee,,Evacuee;34;in triage state;R;is at the evacuation site
3360,1041,evacuee,outES,Evacuee 64 in triage category Y is not assigned a helicopter
3360,1041,evacuee,,Evacuee;64;in triage state;R;is at the evacuation site
3360,1044,evacuee,outES,Evacuee 429 in triage category Y is not assigned a helicopter
3360,1044,evacuee,,Evacuee;429;in triage state;R;is at the evacuation site
3360,1047,evacuee,outES,Evacuee 102 in triage category Y is not assigned a helicopter
3360,1047,evacuee,,Evacuee;102;in triage state;R;is at the evacuation site
3360,1050,evacuee,outES,Evacuee 160 in triage category Y is not assigned a helicopter
3360,1050,evacuee,,Evacuee;160;in triage state;R;is at the evacuation site
3360,1053,evacuee,outES,Evacuee 20 in triage category Y is not assigned a helicopter
3360,1053,evacuee,,Evacuee;20;in triage state;R;is at the evacuation site
3360,1056,evacuee,outES,Evacuee 35 in triage category Y is not assigned a helicopter
3360,1056,evacuee,,Evacuee;35;in triage state;R;is at the evacuation site
3360,1059,evacuee,outES,Evacuee 155 in triage category Y is not assigned a helicopter
3360,1059,evacuee,,Evacuee;155;in triage state;R;is at the evacuation site
3360,1062,evacuee,outES,Evacuee 36 in triage category Y is not assigned a helicopter
3360,1062,evacuee,,Evacuee;36;in triage state;R;is at the evacuation site
3360,1065,evacuee,outES,Evacuee 198 in triage category Y is not assigned a helicopter
3360,1065,evacuee,,Evacuee;198;in triage state;R;is at the evacuation site
3360,1068,evacuee,outES,Evacuee 84 in triage category Y is not assigned a helicopter
3360,1068,evacuee,,Evacuee;84;in triage state;R;is at the evacuation site
3360,1071,evacuee,outES,Evacuee 42 in triage category Y is not assigned a helicopter
3360,1071,evacuee,,Evacuee;42;in triage state;R;is at the evacuation site
3360,1074,evacuee,outES,Evacuee 91 in triage category Y is not assigned a helicopter
3360,1074,evacuee,,Evacuee;91;in triage state;R;is at the evacuation site
3360,1077,evacuee,outES,Evacuee 43 in triage category Y is not assigned a helicopter
3360,1077,evacuee,,Evacuee;43;in triage state;R;is at the evacuation site
3360,1080,evacuee,outES,Evacuee 30 in triage category Y is not assigned a helicopter
3360,1080,evacuee,,Evacuee;30;in triage state;R;is at the evacuation site
3360,1083,evacuee,outES,Evacuee 336 in triage category Y is not assigned a helicopter
3360,1083,evacuee,,Evacuee;336;in triage state;R;is at the evacuation site
3360,1086,evacuee,outES,Evacuee 307 in triage category Y is not assigned a helicopter
3360,1086,evacuee,,Evacuee;307;in triage state;R;is at the evacuation site
3360,1089,evacuee,outES,Evacuee 212 in triage category Y is not assigned a helicopter
3360,1089,evacuee,,Evacuee;212;in triage state;R;is at the evacuation site
3360,1092,evacuee,outES,Evacuee 391 in triage category Y is not assigned a helicopter
3360,1092,evacuee,,Evacuee;391;in triage state;R;is at the evacuation site
3360,1095,evacuee,outES,Evacuee 388 in triage category Y is not assigned a helicopter
3360,1095,evacuee,,Evacuee;388;in triage state;R;is at the evacuation site
3360,1098,evacuee,outES,Evacuee 55 in triage category Y is not assigned a helicopter
3360,1098,evacuee,,Evacuee;55;in triage state;R;is at the evacuation site
3360,1101,evacuee,outES,Evacuee 48 in triage category Y is not assigned a helicopter
3360,1101,evacuee,,Evacuee;48;in triage state;R;is at the evacuation site
3360,1104,evacuee,outES,Evacuee 144 in triage category Y is not assigned a helicopter
3360,1104,evacuee,,Evacuee;144;in triage state;R;is at the evacuation site
3360,1107,evacuee,outES,Evacuee 50 in triage category Y is not assigned a helicopter
3360,1107,evacuee,,Evacuee;50;in triage state;R;is at the evacuation site
3360,1110,evacuee,outES,Evacuee 19 in triage category Y is not assigned a helicopter
3360,1110,evacuee,,Evacuee;19;in triage state;R;is at the evacuation site
3360,1113,evacuee,outES,Evacuee 182 in triage category Y is not assigned a helicopter
3360,1113,evacuee,,Evacuee;182;in triage state;R;is at the evacuation site
3360,1119,evacuee,outES,Evacuee 266 in triage category Y is not assigned a helicopter
3360,1119,evacuee,,Evacuee;266;in triage state;R;is at the evacuation site
3360,1122,evacuee,outES,Evacuee 120 in triage category Y is not assigned a helicopter
3360,1122,evacuee,,Evacuee;120;in triage state;R;is at the evacuation site
3360,1125,evacuee,outES,Evacuee 94 in triage category Y is not assigned a helicopter
3360,1125,evacuee,,Evacuee;94;in triage state;R;is at the evacuation site
3360,1128,evacuee,outES,Evacuee 63 in triage category Y is not assigned a helicopter
3360,1128,evacuee,,Evacuee;63;in triage state;R;is at the evacuation site
3360,1131,evacuee,outES,Evacuee 175 in triage category Y is not assigned a helicopter
3360,1131,evacuee,,Evacuee;175;in triage state;R;is at the evacuation site
3360,1134,evacuee,outES,Evacuee 47 in triage category Y is not assigned a helicopter
3360,1134,evacuee,,Evacuee;47;in triage state;R;is at the evacuation site
3360,1137,evacuee,outES,Evacuee 56 in triage category Y is not assigned a helicopter
3360,1137,evacuee,,Evacuee;56;in triage state;R;is at the evacuation site
3360,1140,evacuee,outES,Evacuee 367 in triage category Y is not assigned a helicopter
3360,1140,evacuee,,Evacuee;367;in triage state;R;is at the evacuation site
3360,1143,evacuee,outES,Evacuee 364 in triage category Y is not assigned a helicopter
3360,1143,evacuee,,Evacuee;364;in triage state;R;is at the evacuation site
3360,1146,evacuee,outES,Evacuee 208 in triage category Y is not assigned a helicopter
3360,1146,evacuee,,Evacuee;208;in triage state;R;is at the evacuation site
3360,1149,evacuee,outES,Evacuee 57 in triage category Y is not assigned a helicopter
3360,1149,evacuee,,Evacuee;57;in triage state;R;is at the evacuation site
3360,1152,evacuee,outES,Evacuee 231 in triage category Y is not assigned a helicopter
3360,1152,evacuee,,Evacuee;231;in triage state;R;is at the evacuation site
3360,1155,evacuee,outES,Evacuee 261 in triage category Y is not assigned a helicopter
3360,1155,evacuee,,Evacuee;261;in triage state;R;is at the evacuation site
3360,1158,evacuee,outES,Evacuee 45 in triage category Y is not assigned a helicopter
3360,1158,evacuee,,Evacuee;45;in triage state;R;is at the evacuation site
3360,1165,evacuee,outES,Evacuee 263 in triage category Y is not assigned a helicopter
3360,1165,evacuee,,Evacuee;263;in triage state;R;is at the evacuation site
3360,1168,evacuee,outES,Evacuee 190 in triage category Y is not assigned a helicopter
3360,1168,evacuee,,Evacuee;190;in triage state;R;is at the evacuation site
3360,1171,evacuee,outES,Evacuee 128 in triage category Y is not assigned a helicopter
3360,1171,evacuee,,Evacuee;128;in triage state;R;is at the evacuation site
3360,1174,evacuee,outES,Evacuee 416 in triage category Y is not assigned a helicopter
3360,1174,evacuee,,Evacuee;416;in triage state;R;is at the evacuation site
3360,1177,evacuee,outES,Evacuee 129 in triage category Y is not assigned a helicopter
3360,1177,evacuee,,Evacuee;129;in triage state;R;is at the evacuation site
3360,1180,evacuee,outES,Evacuee 308 in triage category Y is not assigned a helicopter
3360,1180,evacuee,,Evacuee;308;in triage state;R;is at the evacuation site
3360,1183,evacuee,outES,Evacuee 131 in triage category Y is not assigned a helicopter
3360,1183,evacuee,,Evacuee;131;in triage state;R;is at the evacuation site
3360,1186,evacuee,outES,Evacuee 137 in triage category Y is not assigned a helicopter
3360,1186,evacuee,,Evacuee;137;in triage state;R;is at the evacuation site
3360,1189,evacuee,outES,Evacuee 138 in triage category Y is not assigned a helicopter
3360,1189,evacuee,,Evacuee;138;in triage state;R;is at the evacuation site
3360,1192,evacuee,outES,Evacuee 265 in triage category Y is not assigned a helicopter
3360,1192,evacuee,,Evacuee;265;in triage state;R;is at the evacuation site
3360,1195,evacuee,outES,Evacuee 139 in triage category Y is not assigned a helicopter
3360,1195,evacuee,,Evacuee;139;in triage state;R;is at the evacuation site
3360,1198,evacuee,outES,Evacuee 194 in triage category Y is not assigned a helicopter
3360,1198,evacuee,,Evacuee;194;in triage state;R;is at the evacuation site
3360,1201,evacuee,outES,Evacuee 140 in triage category Y is not assigned a helicopter
3360,1201,evacuee,,Evacuee;140;in triage state;R;is at the evacuation site
3360,1204,evacuee,outES,Evacuee 130 in triage category Y is not assigned a helicopter
3360,1204,evacuee,,Evacuee;130;in triage state;R;is at the evacuation site
3360,1207,evacuee,outES,Evacuee 143 in triage category Y is not assigned a helicopter
3360,1207,evacuee,,Evacuee;143;in triage state;R;is at the evacuation site
3360,1210,evacuee,outES,Evacuee 149 in triage category Y is not assigned a helicopter
3360,1210,evacuee,,Evacuee;149;in triage state;R;is at the evacuation site
3360,1213,evacuee,outES,Evacuee 296 in triage category Y is not assigned a helicopter
3360,1213,evacuee,,Evacuee;296;in triage state;R;is at the evacuation site
3360,1216,evacuee,outES,Evacuee 151 in triage category Y is not assigned a helicopter
3360,1216,evacuee,,Evacuee;151;in triage state;R;is at the evacuation site
3360,1219,evacuee,outES,Evacuee 222 in triage category Y is not assigned a helicopter
3360,1219,evacuee,,Evacuee;222;in triage state;R;is at the evacuation site
3360,1222,evacuee,outES,Evacuee 152 in triage category Y is not assigned a helicopter
3360,1222,evacuee,,Evacuee;152;in triage state;R;is at the evacuation site
3360,1225,evacuee,outES,Evacuee 153 in triage category Y is not assigned a helicopter
3360,1225,evacuee,,Evacuee;153;in triage state;R;is at the evacuation site
3360,1228,evacuee,outES,Evacuee 67 in triage category Y is not assigned a helicopter
3360,1228,evacuee,,Evacuee;67;in triage state;R;is at the evacuation site
3360,1231,evacuee,outES,Evacuee 123 in triage category Y is not assigned a helicopter
3360,1231,evacuee,,Evacuee;123;in triage state;R;is at the evacuation site
3360,1234,evacuee,outES,Evacuee 159 in triage category Y is not assigned a helicopter
3360,1234,evacuee,,Evacuee;159;in triage state;R;is at the evacuation site
3360,1237,evacuee,outES,Evacuee 161 in triage category Y is not assigned a helicopter
3360,1237,evacuee,,Evacuee;161;in triage state;R;is at the evacuation site
3360,1240,evacuee,outES,Evacuee 28 in triage category Y is not assigned a helicopter
3360,1240,evacuee,,Evacuee;28;in triage state;R;is at the evacuation site
3360,1243,evacuee,outES,Evacuee 126 in triage category Y is not assigned a helicopter
3360,1243,evacuee,,Evacuee;126;in triage state;R;is at the evacuation site
3360,1246,evacuee,outES,Evacuee 234 in triage category Y is not assigned a helicopter
3360,1246,evacuee,,Evacuee;234;in triage state;R;is at the evacuation site
3360,1249,evacuee,outES,Evacuee 162 in triage category Y is not assigned a helicopter
3360,1249,evacuee,,Evacuee;162;in triage state;R;is at the evacuation site
3360,1252,evacuee,outES,Evacuee 163 in triage category Y is not assigned a helicopter
3360,1252,evacuee,,Evacuee;163;in triage state;R;is at the evacuation site
3360,1255,evacuee,outES,Evacuee 166 in triage category Y is not assigned a helicopter
3360,1255,evacuee,,Evacuee;166;in triage state;R;is at the evacuation site
3360,1258,evacuee,outES,Evacuee 16 in triage category Y is not assigned a helicopter
3360,1258,evacuee,,Evacuee;16;in triage state;R;is at the evacuation site
3360,1261,evacuee,outES,Evacuee 242 in triage category Y is not assigned a helicopter
3360,1261,evacuee,,Evacuee;242;in triage state;R;is at the evacuation site
3360,1264,evacuee,outES,Evacuee 178 in triage category Y is not assigned a helicopter
3360,1264,evacuee,,Evacuee;178;in triage state;R;is at the evacuation site
3360,1267,evacuee,outES,Evacuee 438 in triage category Y is not assigned a helicopter
3360,1267,evacuee,,Evacuee;438;in triage state;R;is at the evacuation site
3360,1270,evacuee,outES,Evacuee 146 in triage category Y is not assigned a helicopter
3360,1270,evacuee,,Evacuee;146;in triage state;R;is at the evacuation site
3360,1273,evacuee,outES,Evacuee 167 in triage category Y is not assigned a helicopter
3360,1273,evacuee,,Evacuee;167;in triage state;R;is at the evacuation site
3360,1276,evacuee,outES,Evacuee 145 in triage category Y is not assigned a helicopter
3360,1276,evacuee,,Evacuee;145;in triage state;R;is at the evacuation site
3360,1279,evacuee,outES,Evacuee 168 in triage category Y is not assigned a helicopter
3360,1279,evacuee,,Evacuee;168;in triage state;R;is at the evacuation site
3360,1282,evacuee,outES,Evacuee 176 in triage category Y is not assigned a helicopter
3360,1282,evacuee,,Evacuee;176;in triage state;R;is at the evacuation site
3360,1285,evacuee,outES,Evacuee 230 in triage category Y is not assigned a helicopter
3360,1285,evacuee,,Evacuee;230;in triage state;R;is at the evacuation site
3360,1288,evacuee,outES,Evacuee 169 in triage category Y is not assigned a helicopter
3360,1288,evacuee,,Evacuee;169;in triage state;R;is at the evacuation site
3360,1291,evacuee,outES,Evacuee 170 in triage category Y is not assigned a helicopter
3360,1291,evacuee,,Evacuee;170;in triage state;R;is at the evacuation site
3360,1294,evacuee,outES,Evacuee 171 in triage category Y is not assigned a helicopter
3360,1294,evacuee,,Evacuee;171;in triage state;R;is at the evacuation site
3360,1297,evacuee,outES,Evacuee 174 in triage category Y is not assigned a helicopter
3360,1297,evacuee,,Evacuee;174;in triage state;R;is at the evacuation site
3360,1300,evacuee,outES,Evacuee 177 in triage category Y is not assigned a helicopter
3360,1300,evacuee,,Evacuee;177;in triage state;R;is at the evacuation site
3360,1303,evacuee,outES,Evacuee 435 in triage category Y is not assigned a helicopter
3360,1303,evacuee,,Evacuee;435;in triage state;R;is at the evacuation site
3360,1306,evacuee,outES,Evacuee 58 in triage category Y is not assigned a helicopter
3360,1306,evacuee,,Evacuee;58;in triage state;R;is at the evacuation site
3360,1309,evacuee,outES,Evacuee 203 in triage category Y is not assigned a helicopter
3360,1309,evacuee,,Evacuee;203;in triage state;R;is at the evacuation site
3360,1312,evacuee,outES,Evacuee 232 in triage category Y is not assigned a helicopter
3360,1312,evacuee,,Evacuee;232;in triage state;R;is at the evacuation site
3360,1315,evacuee,outES,Evacuee 183 in triage category Y is not assigned a helicopter
3360,1315,evacuee,,Evacuee;183;in triage state;R;is at the evacuation site
3360,1318,evacuee,outES,Evacuee 184 in triage category Y is not assigned a helicopter
3360,1318,evacuee,,Evacuee;184;in triage state;R;is at the evacuation site
3360,1321,evacuee,outES,Evacuee 185 in triage category Y is not assigned a helicopter
3360,1321,evacuee,,Evacuee;185;in triage state;R;is at the evacuation site
3360,1324,evacuee,outES,Evacuee 186 in triage category Y is not assigned a helicopter
3360,1324,evacuee,,Evacuee;186;in triage state;R;is at the evacuation site
3360,1327,evacuee,outES,Evacuee 417 in triage category Y is not assigned a helicopter
3360,1327,evacuee,,Evacuee;417;in triage state;R;is at the evacuation site
3360,1330,evacuee,outES,Evacuee 217 in triage category Y is not assigned a helicopter
3360,1330,evacuee,,Evacuee;217;in triage state;R;is at the evacuation site
3360,1333,evacuee,outES,Evacuee 189 in triage category Y is not assigned a helicopter
3360,1333,evacuee,,Evacuee;189;in triage state;R;is at the evacuation site
3360,1336,evacuee,outES,Evacuee 253 in triage category Y is not assigned a helicopter
3360,1336,evacuee,,Evacuee;253;in triage state;R;is at the evacuation site
3360,1339,evacuee,outES,Evacuee 191 in triage category Y is not assigned a helicopter
3360,1339,evacuee,,Evacuee;191;in triage state;R;is at the evacuation site
3360,1342,evacuee,outES,Evacuee 314 in triage category Y is not assigned a helicopter
3360,1342,evacuee,,Evacuee;314;in triage state;R;is at the evacuation site
3360,1345,evacuee,outES,Evacuee 249 in triage category Y is not assigned a helicopter
3360,1345,evacuee,,Evacuee;249;in triage state;R;is at the evacuation site
3360,1348,evacuee,outES,Evacuee 193 in triage category Y is not assigned a helicopter
3360,1348,evacuee,,Evacuee;193;in triage state;R;is at the evacuation site
3360,1351,evacuee,outES,Evacuee 195 in triage category Y is not assigned a helicopter
3360,1351,evacuee,,Evacuee;195;in triage state;R;is at the evacuation site
3360,1354,evacuee,outES,Evacuee 399 in triage category Y is not assigned a helicopter
3360,1354,evacuee,,Evacuee;399;in triage state;R;is at the evacuation site
3360,1357,evacuee,outES,Evacuee 197 in triage category Y is not assigned a helicopter
3360,1357,evacuee,,Evacuee;197;in triage state;R;is at the evacuation site
3360,1360,evacuee,outES,Evacuee 450 in triage category Y is not assigned a helicopter
3360,1360,evacuee,,Evacuee;450;in triage state;R;is at the evacuation site
3360,1363,evacuee,outES,Evacuee 252 in triage category Y is not assigned a helicopter
3360,1363,evacuee,,Evacuee;252;in triage state;R;is at the evacuation site
3360,1366,evacuee,outES,Evacuee 329 in triage category Y is not assigned a helicopter
3360,1366,evacuee,,Evacuee;329;in triage state;R;is at the evacuation site
3360,1369,evacuee,outES,Evacuee 201 in triage category Y is not assigned a helicopter
3360,1369,evacuee,,Evacuee;201;in triage state;R;is at the evacuation site
3360,1372,evacuee,outES,Evacuee 11 in triage category Y is not assigned a helicopter
3360,1372,evacuee,,Evacuee;11;in triage state;R;is at the evacuation site
3360,1375,evacuee,outES,Evacuee 202 in triage category Y is not assigned a helicopter
3360,1375,evacuee,,Evacuee;202;in triage state;R;is at the evacuation site
3360,1378,evacuee,outES,Evacuee 390 in triage category Y is not assigned a helicopter
3360,1378,evacuee,,Evacuee;390;in triage state;R;is at the evacuation site
3360,1381,evacuee,outES,Evacuee 204 in triage category Y is not assigned a helicopter
3360,1381,evacuee,,Evacuee;204;in triage state;R;is at the evacuation site
3360,1384,evacuee,outES,Evacuee 258 in triage category Y is not assigned a helicopter
3360,1384,evacuee,,Evacuee;258;in triage state;R;is at the evacuation site
3360,1387,evacuee,outES,Evacuee 210 in triage category Y is not assigned a helicopter
3360,1387,evacuee,,Evacuee;210;in triage state;R;is at the evacuation site
3360,1390,evacuee,outES,Evacuee 275 in triage category Y is not assigned a helicopter
3360,1390,evacuee,,Evacuee;275;in triage state;R;is at the evacuation site
3360,1393,evacuee,outES,Evacuee 205 in triage category Y is not assigned a helicopter
3360,1393,evacuee,,Evacuee;205;in triage state;R;is at the evacuation site
3360,1396,evacuee,outES,Evacuee 323 in triage category Y is not assigned a helicopter
3360,1396,evacuee,,Evacuee;323;in triage state;R;is at the evacuation site
3360,1399,evacuee,outES,Evacuee 180 in triage category Y is not assigned a helicopter
3360,1399,evacuee,,Evacuee;180;in triage state;R;is at the evacuation site
3360,1402,evacuee,outES,Evacuee 206 in triage category Y is not assigned a helicopter
3360,1402,evacuee,,Evacuee;206;in triage state;R;is at the evacuation site
3360,1405,evacuee,outES,Evacuee 69 in triage category Y is not assigned a helicopter
3360,1405,evacuee,,Evacuee;69;in triage state;R;is at the evacuation site
3360,1408,evacuee,outES,Evacuee 207 in triage category Y is not assigned a helicopter
3360,1408,evacuee,,Evacuee;207;in triage state;R;is at the evacuation site
3360,1411,evacuee,outES,Evacuee 27 in triage category Y is not assigned a helicopter
3360,1411,evacuee,,Evacuee;27;in triage state;R;is at the evacuation site
3360,1414,evacuee,outES,Evacuee 211 in triage category Y is not assigned a helicopter
3360,1414,evacuee,,Evacuee;211;in triage state;R;is at the evacuation site
3360,1417,evacuee,outES,Evacuee 294 in triage category Y is not assigned a helicopter
3360,1417,evacuee,,Evacuee;294;in triage state;R;is at the evacuation site
3360,1420,evacuee,outES,Evacuee 214 in triage category Y is not assigned a helicopter
3360,1420,evacuee,,Evacuee;214;in triage state;R;is at the evacuation site
3360,1423,evacuee,outES,Evacuee 12 in triage category Y is not assigned a helicopter
3360,1423,evacuee,,Evacuee;12;in triage state;R;is at the evacuation site
3360,1426,evacuee,outES,Evacuee 216 in triage category Y is not assigned a helicopter
3360,1426,evacuee,,Evacuee;216;in triage state;R;is at the evacuation site
3360,1429,evacuee,outES,Evacuee 219 in triage category Y is not assigned a helicopter
3360,1429,evacuee,,Evacuee;219;in triage state;R;is at the evacuation site
3360,1432,evacuee,outES,Evacuee 221 in triage category Y is not assigned a helicopter
3360,1432,evacuee,,Evacuee;221;in triage state;R;is at the evacuation site
3360,1435,evacuee,outES,Evacuee 224 in triage category Y is not assigned a helicopter
3360,1435,evacuee,,Evacuee;224;in triage state;R;is at the evacuation site
3360,1438,evacuee,outES,Evacuee 339 in triage category Y is not assigned a helicopter
3360,1438,evacuee,,Evacuee;339;in triage state;R;is at the evacuation site
3360,1441,evacuee,outES,Evacuee 225 in triage category Y is not assigned a helicopter
3360,1441,evacuee,,Evacuee;225;in triage state;R;is at the evacuation site
3360,1444,evacuee,outES,Evacuee 164 in triage category Y is not assigned a helicopter
3360,1444,evacuee,,Evacuee;164;in triage state;R;is at the evacuation site
3360,1447,evacuee,outES,Evacuee 226 in triage category Y is not assigned a helicopter
3360,1447,evacuee,,Evacuee;226;in triage state;R;is at the evacuation site
3360,1450,evacuee,outES,Evacuee 464 in triage category Y is not assigned a helicopter
3360,1450,evacuee,,Evacuee;464;in triage state;R;is at the evacuation site
3360,1453,evacuee,outES,Evacuee 227 in triage category Y is not assigned a helicopter
3360,1453,evacuee,,Evacuee;227;in triage state;R;is at the evacuation site
3360,1456,evacuee,outES,Evacuee 267 in triage category Y is not assigned a helicopter
3360,1456,evacuee,,Evacuee;267;in triage state;R;is at the evacuation site
3360,1459,evacuee,outES,Evacuee 73 in triage category Y is not assigned a helicopter
3360,1459,evacuee,,Evacuee;73;in triage state;R;is at the evacuation site
3360,1462,evacuee,outES,Evacuee 233 in triage category Y is not assigned a helicopter
3360,1462,evacuee,,Evacuee;233;in triage state;R;is at the evacuation site
3360,1465,evacuee,outES,Evacuee 236 in triage category Y is not assigned a helicopter
3360,1465,evacuee,,Evacuee;236;in triage state;R;is at the evacuation site
3360,1471,evacuee,outES,Evacuee 237 in triage category Y is not assigned a helicopter
3360,1471,evacuee,,Evacuee;237;in triage state;R;is at the evacuation site
3360,1474,evacuee,outES,Evacuee 238 in triage category Y is not assigned a helicopter
3360,1474,evacuee,,Evacuee;238;in triage state;R;is at the evacuation site
3360,1477,evacuee,outES,Evacuee 113 in triage category Y is not assigned a helicopter
3360,1477,evacuee,,Evacuee;113;in triage state;R;is at the evacuation site
3360,1480,evacuee,outES,Evacuee 239 in triage category Y is not assigned a helicopter
3360,1480,evacuee,,Evacuee;239;in triage state;R;is at the evacuation site
3360,1483,evacuee,outES,Evacuee 243 in triage category Y is not assigned a helicopter
3360,1483,evacuee,,Evacuee;243;in triage state;R;is at the evacuation site
3360,1486,evacuee,outES,Evacuee 96 in triage category Y is not assigned a helicopter
3360,1486,evacuee,,Evacuee;96;in triage state;R;is at the evacuation site
3360,1489,evacuee,outES,Evacuee 244 in triage category Y is not assigned a helicopter
3360,1489,evacuee,,Evacuee;244;in triage state;R;is at the evacuation site
3360,1492,evacuee,outES,Evacuee 247 in triage category Y is not assigned a helicopter
3360,1492,evacuee,,Evacuee;247;in triage state;R;is at the evacuation site
3360,1495,evacuee,outES,Evacuee 59 in triage category Y is not assigned a helicopter
3360,1495,evacuee,,Evacuee;59;in triage state;R;is at the evacuation site
3360,1498,evacuee,outES,Evacuee 248 in triage category Y is not assigned a helicopter
3360,1498,evacuee,,Evacuee;248;in triage state;R;is at the evacuation site
3360,1501,evacuee,outES,Evacuee 467 in triage category Y is not assigned a helicopter
3360,1501,evacuee,,Evacuee;467;in triage state;R;is at the evacuation site
3360,1504,evacuee,outES,Evacuee 298 in triage category Y is not assigned a helicopter
3360,1504,evacuee,,Evacuee;298;in triage state;R;is at the evacuation site
3360,1507,evacuee,outES,Evacuee 254 in triage category Y is not assigned a helicopter
3360,1507,evacuee,,Evacuee;254;in triage state;R;is at the evacuation site
3360,1510,evacuee,outES,Evacuee 257 in triage category Y is not assigned a helicopter
3360,1510,evacuee,,Evacuee;257;in triage state;R;is at the evacuation site
3405,5,helicopterQueue,,1;Helos are waiting to land;HeloID;1
3405,1162,helicopter,outES,Helicopter 1 is evacuating people1
3405,1162,helicopter,,Helicopter;1;is waiting to land at the evacuation site;;and has;0;spots taken
3405,4,helipadManager,,Helo;1;is at the ES
3405,5,helicopterQueue,outHM,Helicopter 1 is evacuating people1
3405,5,helicopterQueue,outHelo,Helicopter 1 is evacuating people1
3405,5,helicopterQueue,,;No helos are waiting to land
3405,1161,filterES,,Helicopter;1;is evacuating people
3405,1161,filterES,out,Helicopter 1 is evacuating people1
3405,1161,filterES,,
3405,1162,helicopter,,Helicopter;1;is waiting to land at the evacuation site;;and has;0;spots taken
3405,1162,helicopter,,Helicopter;1;is loading people at the evacuation site;;and has;0;spots taken
3420,3,evacueeManager,,OFF SHIP: White;0;Green;0;Yellow;0;Red;463;Black;25;ON SHIP: White;0;Green;0;Yellow;0;Red;0;Evacuees to Transfer;;EvacueeID;10;HeloID;1;OnShip;0;Triage Status;R;EvacueeID;11;HeloID;1;OnShip;0;Triage Status;R;EvacueeID;12;HeloID;1;OnShip;0;Triage Status;R
3420,4,helipadManager,outEM,Helicopter 1 is evacuating people1
3420,4,helipadManager,outHelo,Helicopter 1 is evacuating people1
3420,4,helipadManager,,;No helos are at ES
3420,1161,filterES,,Helicopter;1;is evacuating people
3420,3,evacueeManager,outEvac,Evacuee 10 in triage category R is assigned helicopter 1
3420,3,evacueeManager,outEvac,Evacuee 11 in triage category R is assigned helicopter 1
3420,3,evacueeManager,outEvac,Evacuee 12 in triage category R is assigned helicopter 1
3420,3,evacueeManager,,OFF SHIP: White;0;Green;0;Yellow;0;Red;463;Black;25;ON SHIP: White;0;Green;0;Yellow;0;Red;0;Evacuees to Transfer;
3420,4,helipadManager,outHQ,0
3420,4,helipadManager,,;No helos are at ES
3420,5,helicopterQueue,,;No helos are waiting to land
3420,7,filterLoc,,
3420,10,filterLoc,,
3420,13,filterLoc,,
3420,16,filterLoc,,
3420,19,filterLoc,,
3420,22,filterLoc,,
3420,25,filterLoc,,
3420,28,filterLoc,,
3420,31,filterLoc,,
3420,34,filterLoc,,
3420,37,filterLoc,,
3420,40,filterLoc,,
3420,43,filterLoc,,
3420,46,filterLoc,,
3420,49,filterLoc,,
3420,52,filterLoc,,
3420,55,filterLoc,,
3420,58,filterLoc,,
3420,61,filterLoc,,
3420,64,filterLoc,,
3420,67,filterLoc,,
3420,70,filterLoc,,
3420,73,filterLoc,,
3420,76,filterLoc,,
3420,79,filterLoc,,
3420,82,filterLoc,,
3420,85,filterLoc,,
3420,88,filterLoc,,
3420,91,filterLoc,,
3420,94,filterLoc,,
3420,97,filterLoc,,
3420,100,filterLoc,,
3420,103,filterLoc,,
3420,106,filterLoc,,
3420,109,filterLoc,,
3420,112,filterLoc,,
3420,115,filterLoc,,
3420,118,filterLoc,,
3420,121,filterLoc,,
3420,124,filterLoc,,
3420,127,filterLoc,,
3420,130,filterLoc,,
3420,133,filterLoc,,
3420,136,filterLoc,,
3420,139,filterLoc,,
3420,142,filterLoc,,
3420,145,filterLoc,,
3420,148,filterLoc,,
3420,151,filterLoc,,
3420,154,filterLoc,,
3420,157,filterLoc,,
3420,160,filterLoc,,
3420,163,filterLoc,,
3420,166,filterLoc,,
3420,169,filterLoc,,
3420,172,filterLoc,,
3420,175,filterLoc,,
3420,178,filterLoc,,
3420,181,filterLoc,,
3420,184,filterLoc,,
3420,187,filterLoc,,
3420,190,filterLoc,,
3420,193,filterLoc,,
3420,196,filterLoc,,
3420,199,filterLoc,,
3420,202,filterLoc,,
3420,205,filterLoc,,
3420,208,filterLoc,,
3420,211,filterLoc,,
3420,214,filterLoc,,
3420,217,filterLoc,,
3420,220,filterLoc,,
3420,224,filterLoc,,
3420,227,filterLoc,,
3420,230,filterLoc,,
3420,233,filterLoc,,
3420,236,filterLoc,,
3420,239,filterLoc,,
3420,242,filterLoc,,
3420,245,filterLoc,,
3420,248,filterLoc,,
3420,251,filterLoc,,
3420,254,filterLoc,,
3420,257,filterLoc,,
3420,260,filterLoc,,
3420,263,filterLoc,,
3420,266,filterLoc,,
3420,269,filterLoc,,
3420,272,filterLoc,,
3420,275,filterLoc,,
3420,278,filterLoc,,
3420,281,filterLoc,,
3420,284,filterLoc,,
3420,287,filterLoc,,
3420,290,filterLoc,,
3420,293,filterLoc,,
3420,296,filterLoc,,
3420,299,filterLoc,,
3420,302,filterLoc,,
3420,305,filterLoc,,
3420,308,filterLoc,,
3420,311,filterLoc,,
3420,314,filterLoc,,
3420,317,filterLoc,,
3420,320,filterLoc,,
3420,323,filterLoc,,
3420,326,filterLoc,,
3420,329,filterLoc,,
3420,332,filterLoc,,
3420,335,filterLoc,,
3420,338,filterLoc,,
3420,341,filterLoc,,
3420,344,filterLoc,,
3420,347,filterLoc,,
3420,350,filterLoc,,
3420,353,filterLoc,,
3420,356,filterLoc,,
3420,359,filterLoc,,
3420,362,filterLoc,,
3420,365,filterLoc,,
3420,368,filterLoc,,
3420,371,filterLoc,,
3420,374,filterLoc,,
3420,377,filterLoc,,
3420,380,filterLoc,,
3420,383,filterLoc,,
3420,386,filterLoc,,
3420,389,filterLoc,,
3420,392,filterLoc,,
3420,395,filterLoc,,
3420,398,filterLoc,,
3420,401,filterLoc,,
3420,404,filterLoc,,
3420,407,filterLoc,,
3420,410,filterLoc,,
3420,413,filterLoc,,
3420,416,filterLoc,,
3420,419,filterLoc,,
3420,422,filterLoc,,
3420,425,filterLoc,,
3420,428,filterLoc,,
3420,431,filterLoc,,
3420,434,filterLoc,,
3420,437,filterLoc,,
3420,440,filterLoc,,
3420,443,filterLoc,,
3420,446,filterLoc,,
3420,449,filterLoc,,
3420,452,filterLoc,,
3420,455,filterLoc,,
3420,458,filterLoc,,
3420,461,filterLoc,,
3420,464,filterLoc,,
3420,467,filterLoc,,
3420,470,filterLoc,,
3420,473,filterLoc,,
3420,476,filterLoc,,
3420,479,filterLoc,,
3420,482,filterLoc,,
3420,485,filterLoc,,
3420,488,filterLoc,,
3420,491,filterLoc,,
3420,494,filterLoc,,
3420,497,filterLoc,,
3420,500,filterLoc,,
3420,503,filterLoc,,
3420,506,filterLoc,,
3420,509,filterLoc,,
3420,512,filterLoc,,
3420,515,filterLoc,,
3420,518,filterLoc,,
3420,521,filterLoc,,
3420,524,filterLoc,,
3420,527,filterLoc,,
3420,530,filterLoc,,
3420,533,filterLoc,,
3420,536,filterLoc,,
3420,539,filterLoc,,
3420,542,filterLoc,,
3420,545,filterLoc,,
3420,548,filterLoc,,
3420,551,filterLoc,,
3420,554,filterLoc,,
3420,557,filterLoc,,
3420,560,filterLoc,,
3420,563,filterLoc,,
3420,566,filterLoc,,
3420,569,filterLoc,,
3420,572,filterLoc,,
3420,575,filterLoc,,
3420,578,filterLoc,,
3420,581,filterLoc,,
3420,584,filterLoc,,
3420,587,filterLoc,,
3420,590,filterLoc,,
3420,593,filterLoc,,
3420,596,filterLoc,,
3420,599,filterLoc,,
3420,602,filterLoc,,
3420,605,filterLoc,,
3420,608,filterLoc,,
3420,611,filterLoc,,
3420,614,filterLoc,,
3420,617,filterLoc,,
3420,620,filterLoc,,
3420,623,filterLoc,,
3420,626,filterLoc,,
3420,629,filterLoc,,
3420,632,filterLoc,,
3420,635,filterLoc,,
3420,638,filterLoc,,
3420,641,filterLoc,,
3420,644,filterLoc,,
3420,647,filterLoc,,
3420,650,filterLoc,,
3420,653,filterLoc,,
3420,656,filterLoc,,
3420,659,filterLoc,,
3420,662,filterLoc,,
3420,665,filterLoc,,
3420,668,filterLoc,,
3420,671,filterLoc,,
3420,674,filterLoc,,
3420,677,filterLoc,,
3420,680,filterLoc,,
3420,683,filterLoc,,
3420,686,filterLoc,,
3420,689,filterLoc,,
3420,692,filterLoc,,
3420,695,filterLoc,,
3420,698,filterLoc,,
3420,701,filterLoc,,
3420,704,filterLoc,,
3420,707,filterLoc,,
3420,710,filterLoc,,
3420,713,filterLoc,,
3420,716,filterLoc,,
3420,719,filterLoc,,
3420,722,filterLoc,,
3420,725,filterLoc,,
3420,728,filterLoc,,
3420,731,filterLoc,,
3420,734,filterLoc,,
3420,737,filterLoc,,
3420,740,filterLoc,,
3420,743,filterLoc,,
3420,746,filterLoc,,
3420,749,filterLoc,,
3420,752,filterLoc,,
3420,755,filterLoc,,
3420,758,filterLoc,,
3420,761,filterLoc,,
3420,764,filterLoc,,
3420,767,filterLoc,,
3420,770,filterLoc,,
3420,773,filterLoc,,
3420,776,filterLoc,,
3420,779,filterLoc,,
3420,782,filterLoc,,
3420,785,filterLoc,,
3420,788,filterLoc,,
3420,791,filterLoc,,
3420,794,filterLoc,,
3420,797,filterLoc,,
3420,800,filterLoc,,
3420,803,filterLoc,,
3420,806,filterLoc,,
3420,809,filterLoc,,
3420,812,filterLoc,,
3420,815,filterLoc,,
3420,818,filterLoc,,
3420,821,filterLoc,,
3420,824,filterLoc,,
3420,827,filterLoc,,
3420,830,filterLoc,,
3420,833,filterLoc,,
3420,836,filterLoc,,
3420,839,filterLoc,,
3420,842,filterLoc,,
3420,845,filterLoc,,
3420,848,filterLoc,,
3420,851,filterLoc,,
3420,854,filterLoc,,
3420,857,filterLoc,,
3420,860,filterLoc,,
3420,863,filterLoc,,
3420,866,filterLoc,,
3420,869,filterLoc,,
3420,872,filterLoc,,
3420,875,filterLoc,,
3420,878,filterLoc,,
3420,881,filterLoc,,
3420,884,filterLoc,,
3420,887,filterLoc,,
3420,890,filterLoc,,
3420,893,filterLoc,,
3420,896,filterLoc,,
3420,899,filterLoc,,
3420,902,filterLoc,,
3420,905,filterLoc,,
3420,908,filterLoc,,
3420,911,filterLoc,,
3420,914,filterLoc,,
3420,917,filterLoc,,
3420,920,filterLoc,,
3420,923,filterLoc,,
3420,926,filterLoc,,
3420,929,filterLoc,,
3420,932,filterLoc,,
3420,935,filterLoc,,
3420,938,filterLoc,,
3420,941,filterLoc,,
3420,944,filterLoc,,
3420,947,filterLoc,,
3420,950,filterLoc,,
3420,953,filterLoc,,
3420,956,filterLoc,,;Evacuee;10;in triage category;R;is entering helicopter;1
3420,959,filterLoc,,
3420,962,filterLoc,,
3420,965,filterLoc,,
3420,968,filterLoc,,
3420,971,filterLoc,,
3420,974,filterLoc,,
3420,977,filterLoc,,
3420,980,filterLoc,,
3420,983,filterLoc,,
3420,986,filterLoc,,
3420,989,filterLoc,,
3420,992,filterLoc,,
3420,995,filterLoc,,
3420,998,filterLoc,,
3420,1001,filterLoc,,
3420,1004,filterLoc,,
3420,1007,filterLoc,,
3420,1010,filterLoc,,
3420,1013,filterLoc,,
3420,1016,filterLoc,,
3420,1019,filterLoc,,
3420,1022,filterLoc,,
3420,1025,filterLoc,,
3420,1028,filterLoc,,
3420,1031,filterLoc,,
3420,1034,filterLoc,,
3420,1037,filterLoc,,
3420,1040,filterLoc,,
3420,1043,filterLoc,,
3420,1046,filterLoc,,
3420,1049,filterLoc,,
3420,1052,filterLoc,,
3420,1055,filterLoc,,
3420,1058,filterLoc,,
3420,1061,filterLoc,,
3420,1064,filterLoc,,
3420,1067,filterLoc,,
3420,1070,filterLoc,,
3420,1073,filterLoc,,
3420,1076,filterLoc,,
3420,1079,filterLoc,,
3420,1082,filterLoc,,
3420,1085,filterLoc,,
3420,1088,filterLoc,,
3420,1091,filterLoc,,
3420,1094,filterLoc,,
3420,1097,filterLoc,,
3420,1100,filterLoc,,
3420,1103,filterLoc,,
3420,1106,filterLoc,,
3420,1109,filterLoc,,
3420,1112,filterLoc,,
3420,1115,filterLoc,,
3420,1118,filterLoc,,
3420,1121,filterLoc,,
3420,1124,filterLoc,,
3420,1127,filterLoc,,
3420,1130,filterLoc,,
3420,1133,filterLoc,,
3420,1136,filterLoc,,
3420,1139,filterLoc,,
3420,1142,filterLoc,,
3420,1145,filterLoc,,
3420,1148,filterLoc,,
3420,1151,filterLoc,,
3420,1154,filterLoc,,
3420,1157,filterLoc,,
3420,1161,filterES,out,Helicopter 1 is evacuating people1
3420,1161,filterES,,
3420,1162,helicopter,,Helicopter;1;is loading people at the evacuation site;;and has;0;spots taken
3420,1164,filterLoc,,
3420,1167,filterLoc,,
3420,1170,filterLoc,,
3420,1173,filterLoc,,
3420,1176,filterLoc,,
3420,1179,filterLoc,,
3420,1182,filterLoc,,
3420,1185,filterLoc,,
3420,1188,filterLoc,,
3420,1191,filterLoc,,
3420,1194,filterLoc,,
3420,1197,filterLoc,,
3420,1200,filterLoc,,
3420,1203,filterLoc,,
3420,1206,filterLoc,,
3420,1209,filterLoc,,
3420,1212,filterLoc,,
3420,1215,filterLoc,,
3420,1218,filterLoc,,
3420,1221,filterLoc,,
3420,1224,filterLoc,,
3420,1227,filterLoc,,
3420,1230,filterLoc,,
3420,1233,filterLoc,,
3420,1236,filterLoc,,
3420,1239,filterLoc,,
3420,1242,filterLoc,,
3420,1245,filterLoc,,
3420,1248,filterLoc,,
3420,1251,filterLoc,,
3420,1254,filterLoc,,
3420,1257,filterLoc,,
3420,1260,filterLoc,,
3420,1263,filterLoc,,
3420,1266,filterLoc,,
3420,1269,filterLoc,,
3420,1272,filterLoc,,
3420,1275,filterLoc,,
3420,1278,filterLoc,,
3420,1281,filterLoc,,
3420,1284,filterLoc,,
3420,1287,filterLoc,,
3420,1290,filterLoc,,
3420,1293,filterLoc,,
3420,1296,filterLoc,,
3420,1299,filterLoc,,
3420,1302,filterLoc,,
3420,1305,filterLoc,,
3420,1308,filterLoc,,
3420,1311,filterLoc,,
3420,1314,filterLoc,,
3420,1317,filterLoc,,
3420,1320,filterLoc,,
3420,1323,filterLoc,,
3420,1326,filterLoc,,
3420,1329,filterLoc,,
3420,1332,filterLoc,,
3420,1335,filterLoc,,
3420,1338,filterLoc,,
3420,1341,filterLoc,,
3420,1344,filterLoc,,
3420,1347,filterLoc,,
3420,1350,filterLoc,,
3420,1353,filterLoc,,
3420,1356,filterLoc,,
3420,1359,filterLoc,,
3420,1362,filterLoc,,
3420,1365,filterLoc,,
3420,1368,filterLoc,,
3420,1371,filterLoc,,;Evacuee;11;in triage category;R;is entering helicopter;1
3420,1374,filterLoc,,
3420,1377,filterLoc,,
3420,1380,filterLoc,,
3420,1383,filterLoc,,
3420,1386,filterLoc,,
3420,1389,filterLoc,,
3420,1392,filterLoc,,
3420,1395,filterLoc,,
3420,1398,filterLoc,,
3420,1401,filterLoc,,
3420,1404,filterLoc,,
3420,1407,filterLoc,,
3420,1410,filterLoc,,
3420,1413,filterLoc,,
3420,1416,filterLoc,,
3420,1419,filterLoc,,
3420,1422,filterLoc,,;Evacuee;12;in triage category;R;is entering helicopter;1
3420,1425,filterLoc,,
3420,1428,filterLoc,,
3420,1431,filterLoc,,
3420,1434,filterLoc,,
3420,1437,filterLoc,,
3420,1440,filterLoc,,
3420,1443,filterLoc,,
3420,1446,filterLoc,,
3420,1449,filterLoc,,
3420,1452,filterLoc,,
3420,1455,filterLoc,,
3420,1458,filterLoc,,
3420,1461,filterLoc,,
3420,1464,filterLoc,,
3420,1467,filterLoc,,
3420,1470,filterLoc,,
3420,1473,filterLoc,,
3420,1476,filterLoc,,
3420,1479,filterLoc,,
3420,1482,filterLoc,,
3420,1485,filterLoc,,
3420,1488,filterLoc,,
3420,1491,filterLoc,,
3420,1494,filterLoc,,
3420,1497,filterLoc,,
3420,1500,filterLoc,,
3420,1503,filterLoc,,
3420,1506,filterLoc,,
3420,1509,filterLoc,,
3420,5,helicopterQueue,,;No helos are waiting to land
3420,956,filterLoc,out,Evacuee 10 in triage category R is assigned helicopter 1
3420,956,filterLoc,,
3420,957,evacuee,,Evacuee;10;in triage state;R;is entering helicopter;1
3420,1162,helicopter,,Helicopter;1;is returning to the FOL;;and has;0;spots taken
3420,1371,filterLoc,out,Evacuee 11 in triage category R is assigned helicopter 1
3420,1371,filterLoc,,
3420,1372,evacuee,,Evacuee;11;in triage state;R;is entering helicopter;1
3420,1422,filterLoc,out,Evacuee 12 in triage category R is assigned helicopter 1
3420,1422,filterLoc,,
3420,1423,evacuee,,Evacuee;12;in triage state;R;is entering helicopter;1
3420,957,evacuee,outHelo,Evacuee 10 in triage category R is assigned helicopter 1
3420,957,evacuee,,Evacuee;10;in triage state;R;is in helicopter;1
3420,1160,filterEvac,,;Evacuee;10;in triage category;R;is entering helicopter;1;Evacuee;11;in triage category;R;is entering helicopter;1;Evacuee;12;in triage category;R;is entering helicopter;1
3420,1372,evacuee,outHelo,Evacuee 11 in triage category R is assigned helicopter 1
3420,1372,evacuee,,Evacuee;11;in triage state;R;is in helicopter;1
3420,1423,evacuee,outHelo,Evacuee 12 in triage category R is assigned helicopter 1
3420,1423,evacuee,,Evacuee;12;in triage state;R;is in helicopter;1
3420,1160,filterEvac,out,Evacuee 10 in triage category R is assigned helicopter 1
3420,1160,filterEvac,out,Evacuee 11 in triage category R is assigned helicopter 1
3420,1160,filterEvac,out,Evacuee 12 in triage category R is assigned helicopter 1
3420,1160,filterEvac,,
3420,1162,helicopter,,Helicopter;1;is returning to the FOL;;and has;9;spots taken
3450,3,evacueeManager,,OFF SHIP: White;0;Green;0;Yellow;0;Red;0;Black;488;ON SHIP: White;0;Green;0;Yellow;0;Red;0;Evacuees to Transfer;
3450,47,evacuee,outES,Evacuee 475 in triage category R is not assigned a helicopter
3450,47,evacuee,,Evacuee;475;in triage state;B;is at the evacuation site
3450,50,evacuee,outES,Evacuee 472 in triage category R is not assigned a helicopter
3450,50,evacuee,,Evacuee;472;in triage state;B;is at the evacuation site
3450,53,evacuee,outES,Evacuee 471 in triage category R is not assigned a helicopter
3450,53,evacuee,,Evacuee;471;in triage state;B;is at the evacuation site
3450,56,evacuee,outES,Evacuee 468 in triage category R is not assigned a helicopter
3450,56,evacuee,,Evacuee;468;in triage state;B;is at the evacuation site
3450,59,evacuee,outES,Evacuee 463 in triage category R is not assigned a helicopter
3450,59,evacuee,,Evacuee;463;in triage state;B;is at the evacuation site
3450,62,evacuee,outES,Evacuee 462 in triage category R is not assigned a helicopter
3450,62,evacuee,,Evacuee;462;in triage state;B;is at the evacuation site
3450,65,evacuee,outES,Evacuee 461 in triage category R is not assigned a helicopter
3450,65,evacuee,,Evacuee;461;in triage state;B;is at the evacuation site
3450,68,evacuee,outES,Evacuee 459 in triage category R is not assigned a helicopter
3450,68,evacuee,,Evacuee;459;in triage state;B;is at the evacuation site
3450,77,evacuee,outES,Evacuee 458 in triage category R is not assigned a helicopter
3450,77,evacuee,,Evacuee;458;in triage state;B;is at the evacuation site
3450,80,evacuee,outES,Evacuee 456 in triage category R is not assigned a helicopter
3450,80,evacuee,,Evacuee;456;in triage state;B;is at the evacuation site
3450,83,evacuee,outES,Evacuee 455 in triage category R is not assigned a helicopter
3450,83,evacuee,,Evacuee;455;in triage state;B;is at the evacuation site
3450,86,evacuee,outES,Evacuee 448 in triage category R is not assigned a helicopter
3450,86,evacuee,,Evacuee;448;in triage state;B;is at the evacuation site
3450,89,evacuee,outES,Evacuee 445 in triage category R is not assigned a helicopter
3450,89,evacuee,,Evacuee;445;in triage state;B;is at the evacuation site
3450,92,evacuee,outES,Evacuee 442 in triage category R is not assigned a helicopter
3450,92,evacuee,,Evacuee;442;in triage state;B;is at the evacuation site
3450,95,evacuee,outES,Evacuee 441 in triage category R is not assigned a helicopter
3450,95,evacuee,,Evacuee;441;in triage state;B;is at the evacuation site
3450,98,evacuee,outES,Evacuee 439 in triage category R is not assigned a helicopter
3450,98,evacuee,,Evacuee;439;in triage state;B;is at the evacuation site
3450,101,evacuee,outES,Evacuee 437 in triage category R is not assigned a helicopter
3450,101,evacuee,,Evacuee;437;in triage state;B;is at the evacuation site
3450,104,evacuee,outES,Evacuee 436 in triage category R is not assigned a helicopter
3450,104,evacuee,,Evacuee;436;in triage state;B;is at the evacuation site
3450,107,evacuee,outES,Evacuee 434 in triage category R is not assigned a helicopter
3450,107,evacuee,,Evacuee;434;in triage state;B;is at the evacuation site
3450,110,evacuee,outES,Evacuee 433 in triage category R is not assigned a helicopter
3450,110,evacuee,,Evacuee;433;in triage state;B;is at the evacuation site
3450,113,evacuee,outES,Evacuee 428 in triage category R is not assigned a helicopter
3450,113,evacuee,,Evacuee;428;in triage state;B;is at the evacuation site
3450,116,evacuee,outES,Evacuee 426 in triage category R is not assigned a helicopter
3450,116,evacuee,,Evacuee;426;in triage state;B;is at the evacuation site
3450,119,evacuee,outES,Evacuee 423 in triage category R is not assigned a helicopter
3450,119,evacuee,,Evacuee;423;in triage state;B;is at the evacuation site
3450,122,evacuee,outES,Evacuee 420 in triage category R is not assigned a helicopter
3450,122,evacuee,,Evacuee;420;in triage state;B;is at the evacuation site
3450,125,evacuee,outES,Evacuee 419 in triage category R is not assigned a helicopter
3450,125,evacuee,,Evacuee;419;in triage state;B;is at the evacuation site
3450,128,evacuee,outES,Evacuee 414 in triage category R is not assigned a helicopter
3450,128,evacuee,,Evacuee;414;in triage state;B;is at the evacuation site
3450,131,evacuee,outES,Evacuee 411 in triage category R is not assigned a helicopter
3450,131,evacuee,,Evacuee;411;in triage state;B;is at the evacuation site
3450,134,evacuee,outES,Evacuee 422 in triage category R is not assigned a helicopter
3450,134,evacuee,,Evacuee;422;in triage state;B;is at the evacuation site
3450,137,evacuee,outES,Evacuee 409 in triage category R is not assigned a helicopter
3450,137,evacuee,,Evacuee;409;in triage state;B;is at the evacuation site
3450,140,evacuee,outES,Evacuee 408 in triage category R is not assigned a helicopter
3450,140,evacuee,,Evacuee;408;in triage state;B;is at the evacuation site
3450,143,evacuee,outES,Evacuee 406 in triage category R is not assigned a helicopter
3450,143,evacuee,,Evacuee;406;in triage state;B;is at the evacuation site
3450,146,evacuee,outES,Evacuee 404 in triage category R is not assigned a helicopter
3450,146,evacuee,,Evacuee;404;in triage state;B;is at the evacuation site
3450,149,evacuee,outES,Evacuee 403 in triage category R is not assigned a helicopter
3450,149,evacuee,,Evacuee;403;in triage state;B;is at the evacuation site
3450,152,evacuee,outES,Evacuee 401 in triage category R is not assigned a helicopter
3450,152,evacuee,,Evacuee;401;in triage state;B;is at the evacuation site
3450,155,evacuee,outES,Evacuee 398 in triage category R is not assigned a helicopter
3450,155,evacuee,,Evacuee;398;in triage state;B;is at the evacuation site
3450,158,evacuee,outES,Evacuee 397 in triage category R is not assigned a helicopter
3450,158,evacuee,,Evacuee;397;in triage state;B;is at the evacuation site
3450,161,evacuee,outES,Evacuee 452 in triage category R is not assigned a helicopter
3450,161,evacuee,,Evacuee;452;in triage state;B;is at the evacuation site
3450,164,evacuee,outES,Evacuee 396 in triage category R is not assigned a helicopter
3450,164,evacuee,,Evacuee;396;in triage state;B;is at the evacuation site
3450,167,evacuee,outES,Evacuee 395 in triage category R is not assigned a helicopter
3450,167,evacuee,,Evacuee;395;in triage state;B;is at the evacuation site
3450,170,evacuee,outES,Evacuee 393 in triage category R is not assigned a helicopter
3450,170,evacuee,,Evacuee;393;in triage state;B;is at the evacuation site
3450,173,evacuee,outES,Evacuee 392 in triage category R is not assigned a helicopter
3450,173,evacuee,,Evacuee;392;in triage state;B;is at the evacuation site
3450,176,evacuee,outES,Evacuee 389 in triage category R is not assigned a helicopter
3450,176,evacuee,,Evacuee;389;in triage state;B;is at the evacuation site
3450,179,evacuee,outES,Evacuee 384 in triage category R is not assigned a helicopter
3450,179,evacuee,,Evacuee;384;in triage state;B;is at the evacuation site
3450,182,evacuee,outES,Evacuee 430 in triage category R is not assigned a helicopter
3450,182,evacuee,,Evacuee;430;in triage state;B;is at the evacuation site
3450,185,evacuee,outES,Evacuee 383 in triage category R is not assigned a helicopter
3450,185,evacuee,,Evacuee;383;in triage state;B;is at the evacuation site
3450,191,evacuee,outES,Evacuee 382 in triage category R is not assigned a helicopter
3450,191,evacuee,,Evacuee;382;in triage state;B;is at the evacuation site
3450,194,evacuee,outES,Evacuee 381 in triage category R is not assigned a helicopter
3450,194,evacuee,,Evacuee;381;in triage state;B;is at the evacuation site
3450,197,evacuee,outES,Evacuee 427 in triage category R is not assigned a helicopter
3450,197,evacuee,,Evacuee;427;in triage state;B;is at the evacuation site
3450,200,evacuee,outES,Evacuee 380 in triage category R is not assigned a helicopter
3450,200,evacuee,,Evacuee;380;in triage state;B;is at the evacuation site
3450,203,evacuee,outES,Evacuee 379 in triage category R is not assigned a helicopter
3450,203,evacuee,,Evacuee;379;in triage state;B;is at the evacuation site
3450,206,evacuee,outES,Evacuee 378 in triage category R is not assigned a helicopter
3450,206,evacuee,,Evacuee;378;in triage state;B;is at the evacuation site
3450,209,evacuee,outES,Evacuee 377 in triage category R is not assigned a helicopter
3450,209,evacuee,,Evacuee;377;in triage state;B;is at the evacuation site
3450,212,evacuee,outES,Evacuee 375 in triage category R is not assigned a helicopter
3450,212,evacuee,,Evacuee;375;in triage state;B;is at the evacuation site
3450,215,evacuee,outES,Evacuee 374 in triage category R is not assigned a helicopter
3450,215,evacuee,,Evacuee;374;in triage state;B;is at the evacuation site
3450,218,evacuee,outES,Evacuee 372 in triage category R is not assigned a helicopter
3450,218,evacuee,,Evacuee;372;in triage state;B;is at the evacuation site
3450,221,evacuee,outES,Evacuee 371 in triage category R is not assigned a helicopter
3450,221,evacuee,,Evacuee;371;in triage state;B;is at the evacuation site
3450,225,evacuee,outES,Evacuee 370 in triage category R is not assigned a helicopter
3450,225,evacuee,,Evacuee;370;in triage state;B;is at the evacuation site
3450,228,evacuee,outES,Evacuee 457 in triage category R is not assigned a helicopter
3450,228,evacuee,,Evacuee;457;in triage state;B;is at the evacuation site
3450,231,evacuee,outES,Evacuee 369 in triage category R is not assigned a helicopter
3450,231,evacuee,,Evacuee;369;in triage state;B;is at the evacuation site
3450,234,evacuee,outES,Evacuee 366 in triage category R is not assigned a helicopter
3450,234,evacuee,,Evacuee;366;in triage state;B;is at the evacuation site
3450,237,evacuee,outES,Evacuee 362 in triage category R is not assigned a helicopter
3450,237,evacuee,,Evacuee;362;in triage state;B;is at the evacuation site
3450,240,evacuee,outES,Evacuee 425 in triage category R is not assigned a helicopter
3450,240,evacuee,,Evacuee;425;in triage state;B;is at the evacuation site
3450,243,evacuee,outES,Evacuee 360 in triage category R is not assigned a helicopter
3450,243,evacuee,,Evacuee;360;in triage state;B;is at the evacuation site
3450,246,evacuee,outES,Evacuee 357 in triage category R is not assigned a helicopter
3450,246,evacuee,,Evacuee;357;in triage state;B;is at the evacuation site
3450,249,evacuee,outES,Evacuee 354 in triage category R is not assigned a helicopter
3450,249,evacuee,,Evacuee;354;in triage state;B;is at the evacuation site
3450,252,evacuee,outES,Evacuee 353 in triage category R is not assigned a helicopter
3450,252,evacuee,,Evacuee;353;in triage state;B;is at the evacuation site
3450,255,evacuee,outES,Evacuee 351 in triage category R is not assigned a helicopter
3450,255,evacuee,,Evacuee;351;in triage state;B;is at the evacuation site
3450,258,evacuee,outES,Evacuee 349 in triage category R is not assigned a helicopter
3450,258,evacuee,,Evacuee;349;in triage state;B;is at the evacuation site
3450,261,evacuee,outES,Evacuee 348 in triage category R is not assigned a helicopter
3450,261,evacuee,,Evacuee;348;in triage state;B;is at the evacuation site
3450,264,evacuee,outES,Evacuee 346 in triage category R is not assigned a helicopter
3450,264,evacuee,,Evacuee;346;in triage state;B;is at the evacuation site
3450,267,evacuee,outES,Evacuee 341 in triage category R is not assigned a helicopter
3450,267,evacuee,,Evacuee;341;in triage state;B;is at the evacuation site
3450,270,evacuee,outES,Evacuee 340 in triage category R is not assigned a helicopter
3450,270,evacuee,,Evacuee;340;in triage state;B;is at the evacuation site
3450,273,evacuee,outES,Evacuee 338 in triage category R is not assigned a helicopter
3450,273,evacuee,,Evacuee;338;in triage state;B;is at the evacuation site
3450,276,evacuee,outES,Evacuee 335 in triage category R is not assigned a helicopter
3450,276,evacuee,,Evacuee;335;in triage state;B;is at the evacuation site
3450,279,evacuee,outES,Evacuee 331 in triage category R is not assigned a helicopter
3450,279,evacuee,,Evacuee;331;in triage state;B;is at the evacuation site
3450,282,evacuee,outES,Evacuee 330 in triage category R is not assigned a helicopter
3450,282,evacuee,,Evacuee;330;in triage state;B;is at the evacuation site
3450,285,evacuee,outES,Evacuee 328 in triage category R is not assigned a helicopter
3450,285,evacuee,,Evacuee;328;in triage state;B;is at the evacuation site
3450,288,evacuee,outES,Evacuee 327 in triage category R is not assigned a helicopter
3450,288,evacuee,,Evacuee;327;in triage state;B;is at the evacuation site
3450,291,evacuee,outES,Evacuee 410 in triage category R is not assigned a helicopter
3450,291,evacuee,,Evacuee;410;in triage state;B;is at the evacuation site
3450,294,evacuee,outES,Evacuee 326 in triage category R is not assigned a helicopter
3450,294,evacuee,,Evacuee;326;in triage state;B;is at the evacuation site
3450,297,evacuee,outES,Evacuee 466 in triage category R is not assigned a helicopter
3450,297,evacuee,,Evacuee;466;in triage state;B;is at the evacuation site
3450,300,evacuee,outES,Evacuee 325 in triage category R is not assigned a helicopter
3450,300,evacuee,,Evacuee;325;in triage state;B;is at the evacuation site
3450,303,evacuee,outES,Evacuee 365 in triage category R is not assigned a helicopter
3450,303,evacuee,,Evacuee;365;in triage state;B;is at the evacuation site
3450,306,evacuee,outES,Evacuee 322 in triage category R is not assigned a helicopter
3450,306,evacuee,,Evacuee;322;in triage state;B;is at the evacuation site
3450,309,evacuee,outES,Evacuee 321 in triage category R is not assigned a helicopter
3450,309,evacuee,,Evacuee;321;in triage state;B;is at the evacuation site
3450,312,evacuee,outES,Evacuee 319 in triage category R is not assigned a helicopter
3450,312,evacuee,,Evacuee;319;in triage state;B;is at the evacuation site
3450,315,evacuee,outES,Evacuee 318 in triage category R is not assigned a helicopter
3450,315,evacuee,,Evacuee;318;in triage state;B;is at the evacuation site
3450,318,evacuee,outES,Evacuee 317 in triage category R is not assigned a helicopter
3450,318,evacuee,,Evacuee;317;in triage state;B;is at the evacuation site
3450,321,evacuee,outES,Evacuee 460 in triage category R is not assigned a helicopter
3450,321,evacuee,,Evacuee;460;in triage state;B;is at the evacuation site
3450,324,evacuee,outES,Evacuee 316 in triage category R is not assigned a helicopter
3450,324,evacuee,,Evacuee;316;in triage state;B;is at the evacuation site
3450,327,evacuee,outES,Evacuee 446 in triage category R is not assigned a helicopter
3450,327,evacuee,,Evacuee;446;in triage state;B;is at the evacuation site
3450,330,evacuee,outES,Evacuee 313 in triage category R is not assigned a helicopter
3450,330,evacuee,,Evacuee;313;in triage state;B;is at the evacuation site
3450,333,evacuee,outES,Evacuee 443 in triage category R is not assigned a helicopter
3450,333,evacuee,,Evacuee;443;in triage state;B;is at the evacuation site
3450,336,evacuee,outES,Evacuee 312 in triage category R is not assigned a helicopter
3450,336,evacuee,,Evacuee;312;in triage state;B;is at the evacuation site
3450,339,evacuee,outES,Evacuee 309 in triage category R is not assigned a helicopter
3450,339,evacuee,,Evacuee;309;in triage state;B;is at the evacuation site
3450,342,evacuee,outES,Evacuee 306 in triage category R is not assigned a helicopter
3450,342,evacuee,,Evacuee;306;in triage state;B;is at the evacuation site
3450,345,evacuee,outES,Evacuee 305 in triage category R is not assigned a helicopter
3450,345,evacuee,,Evacuee;305;in triage state;B;is at the evacuation site
3450,348,evacuee,outES,Evacuee 303 in triage category R is not assigned a helicopter
3450,348,evacuee,,Evacuee;303;in triage state;B;is at the evacuation site
3450,351,evacuee,outES,Evacuee 295 in triage category R is not assigned a helicopter
3450,351,evacuee,,Evacuee;295;in triage state;B;is at the evacuation site
3450,354,evacuee,outES,Evacuee 352 in triage category R is not assigned a helicopter
3450,354,evacuee,,Evacuee;352;in triage state;B;is at the evacuation site
3450,357,evacuee,outES,Evacuee 293 in triage category R is not assigned a helicopter
3450,357,evacuee,,Evacuee;293;in triage state;B;is at the evacuation site
3450,363,evacuee,outES,Evacuee 413 in triage category R is not assigned a helicopter
3450,363,evacuee,,Evacuee;413;in triage state;B;is at the evacuation site
3450,366,evacuee,outES,Evacuee 292 in triage category R is not assigned a helicopter
3450,366,evacuee,,Evacuee;292;in triage state;B;is at the evacuation site
3450,369,evacuee,outES,Evacuee 291 in triage category R is not assigned a helicopter
3450,369,evacuee,,Evacuee;291;in triage state;B;is at the evacuation site
3450,372,evacuee,outES,Evacuee 290 in triage category R is not assigned a helicopter
3450,372,evacuee,,Evacuee;290;in triage state;B;is at the evacuation site
3450,375,evacuee,outES,Evacuee 350 in triage category R is not assigned a helicopter
3450,375,evacuee,,Evacuee;350;in triage state;B;is at the evacuation site
3450,378,evacuee,outES,Evacuee 288 in triage category R is not assigned a helicopter
3450,378,evacuee,,Evacuee;288;in triage state;B;is at the evacuation site
3450,381,evacuee,outES,Evacuee 287 in triage category R is not assigned a helicopter
3450,381,evacuee,,Evacuee;287;in triage state;B;is at the evacuation site
3450,384,evacuee,outES,Evacuee 415 in triage category R is not assigned a helicopter
3450,384,evacuee,,Evacuee;415;in triage state;B;is at the evacuation site
3450,387,evacuee,outES,Evacuee 376 in triage category R is not assigned a helicopter
3450,387,evacuee,,Evacuee;376;in triage state;B;is at the evacuation site
3450,390,evacuee,outES,Evacuee 284 in triage category R is not assigned a helicopter
3450,390,evacuee,,Evacuee;284;in triage state;B;is at the evacuation site
3450,393,evacuee,outES,Evacuee 283 in triage category R is not assigned a helicopter
3450,393,evacuee,,Evacuee;283;in triage state;B;is at the evacuation site
3450,396,evacuee,outES,Evacuee 282 in triage category R is not assigned a helicopter
3450,396,evacuee,,Evacuee;282;in triage state;B;is at the evacuation site
3450,399,evacuee,outES,Evacuee 281 in triage category R is not assigned a helicopter
3450,399,evacuee,,Evacuee;281;in triage state;B;is at the evacuation site
3450,402,evacuee,outES,Evacuee 280 in triage category R is not assigned a helicopter
3450,402,evacuee,,Evacuee;280;in triage state;B;is at the evacuation site
3450,405,evacuee,outES,Evacuee 333 in triage category R is not assigned a helicopter
3450,405,evacuee,,Evacuee;333;in triage state;B;is at the evacuation site
3450,408,evacuee,outES,Evacuee 279 in triage category R is not assigned a helicopter
3450,408,evacuee,,Evacuee;279;in triage state;B;is at the evacuation site
3450,411,evacuee,outES,Evacuee 278 in triage category R is not assigned a helicopter
3450,411,evacuee,,Evacuee;278;in triage state;B;is at the evacuation site
3450,414,evacuee,outES,Evacuee 277 in triage category R is not assigned a helicopter
3450,414,evacuee,,Evacuee;277;in triage state;B;is at the evacuation site
3450,417,evacuee,outES,Evacuee 315 in triage category R is not assigned a helicopter
3450,417,evacuee,,Evacuee;315;in triage state;B;is at the evacuation site
3450,420,evacuee,outES,Evacuee 274 in triage category R is not assigned a helicopter
3450,420,evacuee,,Evacuee;274;in triage state;B;is at the evacuation site
3450,423,evacuee,outES,Evacuee 273 in triage category R is not assigned a helicopter
3450,423,evacuee,,Evacuee;273;in triage state;B;is at the evacuation site
3450,426,evacuee,outES,Evacuee 337 in triage category R is not assigned a helicopter
3450,426,evacuee,,Evacuee;337;in triage state;B;is at the evacuation site
3450,429,evacuee,outES,Evacuee 301 in triage category R is not assigned a helicopter
3450,429,evacuee,,Evacuee;301;in triage state;B;is at the evacuation site
3450,432,evacuee,outES,Evacuee 272 in triage category R is not assigned a helicopter
3450,432,evacuee,,Evacuee;272;in triage state;B;is at the evacuation site
3450,435,evacuee,outES,Evacuee 270 in triage category R is not assigned a helicopter
3450,435,evacuee,,Evacuee;270;in triage state;B;is at the evacuation site
3450,438,evacuee,outES,Evacuee 264 in triage category R is not assigned a helicopter
3450,438,evacuee,,Evacuee;264;in triage state;B;is at the evacuation site
3450,441,evacuee,outES,Evacuee 262 in triage category R is not assigned a helicopter
3450,441,evacuee,,Evacuee;262;in triage state;B;is at the evacuation site
3450,444,evacuee,outES,Evacuee 260 in triage category R is not assigned a helicopter
3450,444,evacuee,,Evacuee;260;in triage state;B;is at the evacuation site
3450,447,evacuee,outES,Evacuee 259 in triage category R is not assigned a helicopter
3450,447,evacuee,,Evacuee;259;in triage state;B;is at the evacuation site
3450,450,evacuee,outES,Evacuee 125 in triage category R is not assigned a helicopter
3450,450,evacuee,,Evacuee;125;in triage state;B;is at the evacuation site
3450,453,evacuee,outES,Evacuee 114 in triage category R is not assigned a helicopter
3450,453,evacuee,,Evacuee;114;in triage state;B;is at the evacuation site
3450,456,evacuee,outES,Evacuee 289 in triage category R is not assigned a helicopter
3450,456,evacuee,,Evacuee;289;in triage state;B;is at the evacuation site
3450,459,evacuee,outES,Evacuee 88 in triage category R is not assigned a helicopter
3450,459,evacuee,,Evacuee;88;in triage state;B;is at the evacuation site
3450,462,evacuee,outES,Evacuee 449 in triage category R is not assigned a helicopter
3450,462,evacuee,,Evacuee;449;in triage state;B;is at the evacuation site
3450,465,evacuee,outES,Evacuee 122 in triage category R is not assigned a helicopter
3450,465,evacuee,,Evacuee;122;in triage state;B;is at the evacuation site
3450,468,evacuee,outES,Evacuee 108 in triage category R is not assigned a helicopter
3450,468,evacuee,,Evacuee;108;in triage state;B;is at the evacuation site
3450,471,evacuee,outES,Evacuee 276 in triage category R is not assigned a helicopter
3450,471,evacuee,,Evacuee;276;in triage state;B;is at the evacuation site
3450,474,evacuee,outES,Evacuee 121 in triage category R is not assigned a helicopter
3450,474,evacuee,,Evacuee;121;in triage state;B;is at the evacuation site
3450,477,evacuee,outES,Evacuee 386 in triage category R is not assigned a helicopter
3450,477,evacuee,,Evacuee;386;in triage state;B;is at the evacuation site
3450,480,evacuee,outES,Evacuee 117 in triage category R is not assigned a helicopter
3450,480,evacuee,,Evacuee;117;in triage state;B;is at the evacuation site
3450,483,evacuee,outES,Evacuee 192 in triage category R is not assigned a helicopter
3450,483,evacuee,,Evacuee;192;in triage state;B;is at the evacuation site
3450,486,evacuee,outES,Evacuee 432 in triage category R is not assigned a helicopter
3450,486,evacuee,,Evacuee;432;in triage state;B;is at the evacuation site
3450,489,evacuee,outES,Evacuee 245 in triage category R is not assigned a helicopter
3450,489,evacuee,,Evacuee;245;in triage state;B;is at the evacuation site
3450,492,evacuee,outES,Evacuee 310 in triage category R is not assigned a helicopter
3450,492,evacuee,,Evacuee;310;in triage state;B;is at the evacuation site
3450,495,evacuee,outES,Evacuee 118 in triage category R is not assigned a helicopter
3450,495,evacuee,,Evacuee;118;in triage state;B;is at the evacuation site
3450,501,evacuee,outES,Evacuee 470 in triage category R is not assigned a helicopter
3450,501,evacuee,,Evacuee;470;in triage state;B;is at the evacuation site
3450,504,evacuee,outES,Evacuee 469 in triage category R is not assigned a helicopter
3450,504,evacuee,,Evacuee;469;in triage state;B;is at the evacuation site
3450,507,evacuee,outES,Evacuee 215 in triage category R is not assigned a helicopter
3450,507,evacuee,,Evacuee;215;in triage state;B;is at the evacuation site
3450,510,evacuee,outES,Evacuee 345 in triage category R is not assigned a helicopter
3450,510,evacuee,,Evacuee;345;in triage state;B;is at the evacuation site
3450,513,evacuee,outES,Evacuee 302 in triage category R is not assigned a helicopter
3450,513,evacuee,,Evacuee;302;in triage state;B;is at the evacuation site
3450,516,evacuee,outES,Evacuee 112 in triage category R is not assigned a helicopter
3450,516,evacuee,,Evacuee;112;in triage state;B;is at the evacuation site
3450,519,evacuee,outES,Evacuee 299 in triage category R is not assigned a helicopter
3450,519,evacuee,,Evacuee;299;in triage state;B;is at the evacuation site
3450,522,evacuee,outES,Evacuee 109 in triage category R is not assigned a helicopter
3450,522,evacuee,,Evacuee;109;in triage state;B;is at the evacuation site
3450,525,evacuee,outES,Evacuee 373 in triage category R is not assigned a helicopter
3450,525,evacuee,,Evacuee;373;in triage state;B;is at the evacuation site
3450,528,evacuee,outES,Evacuee 358 in triage category R is not assigned a helicopter
3450,528,evacuee,,Evacuee;358;in triage state;B;is at the evacuation site
3450,531,evacuee,outES,Evacuee 188 in triage category R is not assigned a helicopter
3450,531,evacuee,,Evacuee;188;in triage state;B;is at the evacuation site
3450,534,evacuee,outES,Evacuee 106 in triage category R is not assigned a helicopter
3450,534,evacuee,,Evacuee;106;in triage state;B;is at the evacuation site
3450,537,evacuee,outES,Evacuee 311 in triage category R is not assigned a helicopter
3450,537,evacuee,,Evacuee;311;in triage state;B;is at the evacuation site
3450,540,evacuee,outES,Evacuee 148 in triage category R is not assigned a helicopter
3450,540,evacuee,,Evacuee;148;in triage state;B;is at the evacuation site
3450,543,evacuee,outES,Evacuee 235 in triage category R is not assigned a helicopter
3450,543,evacuee,,Evacuee;235;in triage state;B;is at the evacuation site
3450,546,evacuee,outES,Evacuee 105 in triage category R is not assigned a helicopter
3450,546,evacuee,,Evacuee;105;in triage state;B;is at the evacuation site
3450,549,evacuee,outES,Evacuee 424 in triage category R is not assigned a helicopter
3450,549,evacuee,,Evacuee;424;in triage state;B;is at the evacuation site
3450,552,evacuee,outES,Evacuee 269 in triage category R is not assigned a helicopter
3450,552,evacuee,,Evacuee;269;in triage state;B;is at the evacuation site
3450,555,evacuee,outES,Evacuee 103 in triage category R is not assigned a helicopter
3450,555,evacuee,,Evacuee;103;in triage state;B;is at the evacuation site
3450,558,evacuee,outES,Evacuee 124 in triage category R is not assigned a helicopter
3450,558,evacuee,,Evacuee;124;in triage state;B;is at the evacuation site
3450,561,evacuee,outES,Evacuee 111 in triage category R is not assigned a helicopter
3450,561,evacuee,,Evacuee;111;in triage state;B;is at the evacuation site
3450,564,evacuee,outES,Evacuee 39 in triage category R is not assigned a helicopter
3450,564,evacuee,,Evacuee;39;in triage state;B;is at the evacuation site
3450,567,evacuee,outES,Evacuee 228 in triage category R is not assigned a helicopter
3450,567,evacuee,,Evacuee;228;in triage state;B;is at the evacuation site
3450,573,evacuee,outES,Evacuee 101 in triage category R is not assigned a helicopter
3450,573,evacuee,,Evacuee;101;in triage state;B;is at the evacuation site
3450,576,evacuee,outES,Evacuee 142 in triage category R is not assigned a helicopter
3450,576,evacuee,,Evacuee;142;in triage state;B;is at the evacuation site
3450,579,evacuee,outES,Evacuee 99 in triage category R is not assigned a helicopter
3450,579,evacuee,,Evacuee;99;in triage state;B;is at the evacuation site
3450,585,evacuee,outES,Evacuee 324 in triage category R is not assigned a helicopter
3450,585,evacuee,,Evacuee;324;in triage state;B;is at the evacuation site
3450,588,evacuee,outES,Evacuee 95 in triage category R is not assigned a helicopter
3450,588,evacuee,,Evacuee;95;in triage state;B;is at the evacuation site
3450,591,evacuee,outES,Evacuee 447 in triage category R is not assigned a helicopter
3450,591,evacuee,,Evacuee;447;in triage state;B;is at the evacuation site
3450,594,evacuee,outES,Evacuee 361 in triage category R is not assigned a helicopter
3450,594,evacuee,,Evacuee;361;in triage state;B;is at the evacuation site
3450,597,evacuee,outES,Evacuee 342 in triage category R is not assigned a helicopter
3450,597,evacuee,,Evacuee;342;in triage state;B;is at the evacuation site
3450,600,evacuee,outES,Evacuee 93 in triage category R is not assigned a helicopter
3450,600,evacuee,,Evacuee;93;in triage state;B;is at the evacuation site
3450,603,evacuee,outES,Evacuee 136 in triage category R is not assigned a helicopter
3450,603,evacuee,,Evacuee;136;in triage state;B;is at the evacuation site
3450,606,evacuee,outES,Evacuee 412 in triage category R is not assigned a helicopter
3450,606,evacuee,,Evacuee;412;in triage state;B;is at the evacuation site
3450,609,evacuee,outES,Evacuee 90 in triage category R is not assigned a helicopter
3450,609,evacuee,,Evacuee;90;in triage state;B;is at the evacuation site
3450,615,evacuee,outES,Evacuee 83 in triage category R is not assigned a helicopter
3450,615,evacuee,,Evacuee;83;in triage state;B;is at the evacuation site
3450,618,evacuee,outES,Evacuee 127 in triage category R is not assigned a helicopter
3450,618,evacuee,,Evacuee;127;in triage state;B;is at the evacuation site
3450,621,evacuee,outES,Evacuee 49 in triage category R is not assigned a helicopter
3450,621,evacuee,,Evacuee;49;in triage state;B;is at the evacuation site
3450,624,evacuee,outES,Evacuee 87 in triage category R is not assigned a helicopter
3450,624,evacuee,,Evacuee;87;in triage state;B;is at the evacuation site
3450,627,evacuee,outES,Evacuee 297 in triage category R is not assigned a helicopter
3450,627,evacuee,,Evacuee;297;in triage state;B;is at the evacuation site
3450,630,evacuee,outES,Evacuee 86 in triage category R is not assigned a helicopter
3450,630,evacuee,,Evacuee;86;in triage state;B;is at the evacuation site
3450,633,evacuee,outES,Evacuee 51 in triage category R is not assigned a helicopter
3450,633,evacuee,,Evacuee;51;in triage state;B;is at the evacuation site
3450,636,evacuee,outES,Evacuee 444 in triage category R is not assigned a helicopter
3450,636,evacuee,,Evacuee;444;in triage state;B;is at the evacuation site
3450,639,evacuee,outES,Evacuee 80 in triage category R is not assigned a helicopter
3450,639,evacuee,,Evacuee;80;in triage state;B;is at the evacuation site
3450,642,evacuee,outES,Evacuee 79 in triage category R is not assigned a helicopter
3450,642,evacuee,,Evacuee;79;in triage state;B;is at the evacuation site
3450,645,evacuee,outES,Evacuee 115 in triage category R is not assigned a helicopter
3450,645,evacuee,,Evacuee;115;in triage state;B;is at the evacuation site
3450,648,evacuee,outES,Evacuee 98 in triage category R is not assigned a helicopter
3450,648,evacuee,,Evacuee;98;in triage state;B;is at the evacuation site
3450,651,evacuee,outES,Evacuee 356 in triage category R is not assigned a helicopter
3450,651,evacuee,,Evacuee;356;in triage state;B;is at the evacuation site
3450,654,evacuee,outES,Evacuee 78 in triage category R is not assigned a helicopter
3450,654,evacuee,,Evacuee;78;in triage state;B;is at the evacuation site
3450,657,evacuee,outES,Evacuee 213 in triage category R is not assigned a helicopter
3450,657,evacuee,,Evacuee;213;in triage state;B;is at the evacuation site
3450,660,evacuee,outES,Evacuee 344 in triage category R is not assigned a helicopter
3450,660,evacuee,,Evacuee;344;in triage state;B;is at the evacuation site
3450,663,evacuee,outES,Evacuee 77 in triage category R is not assigned a helicopter
3450,663,evacuee,,Evacuee;77;in triage state;B;is at the evacuation site
3450,666,evacuee,outES,Evacuee 156 in triage category R is not assigned a helicopter
3450,666,evacuee,,Evacuee;156;in triage state;B;is at the evacuation site
3450,669,evacuee,outES,Evacuee 300 in triage category R is not assigned a helicopter
3450,669,evacuee,,Evacuee;300;in triage state;B;is at the evacuation site
3450,672,evacuee,outES,Evacuee 165 in triage category R is not assigned a helicopter
3450,672,evacuee,,Evacuee;165;in triage state;B;is at the evacuation site
3450,675,evacuee,outES,Evacuee 454 in triage category R is not assigned a helicopter
3450,675,evacuee,,Evacuee;454;in triage state;B;is at the evacuation site
3450,678,evacuee,outES,Evacuee 440 in triage category R is not assigned a helicopter
3450,678,evacuee,,Evacuee;440;in triage state;B;is at the evacuation site
3450,681,evacuee,outES,Evacuee 76 in triage category R is not assigned a helicopter
3450,681,evacuee,,Evacuee;76;in triage state;B;is at the evacuation site
3450,684,evacuee,outES,Evacuee 431 in triage category R is not assigned a helicopter
3450,684,evacuee,,Evacuee;431;in triage state;B;is at the evacuation site
3450,687,evacuee,outES,Evacuee 74 in triage category R is not assigned a helicopter
3450,687,evacuee,,Evacuee;74;in triage state;B;is at the evacuation site
3450,690,evacuee,outES,Evacuee 363 in triage category R is not assigned a helicopter
3450,690,evacuee,,Evacuee;363;in triage state;B;is at the evacuation site
3450,693,evacuee,outES,Evacuee 251 in triage category R is not assigned a helicopter
3450,693,evacuee,,Evacuee;251;in triage state;B;is at the evacuation site
3450,696,evacuee,outES,Evacuee 134 in triage category R is not assigned a helicopter
3450,696,evacuee,,Evacuee;134;in triage state;B;is at the evacuation site
3450,699,evacuee,outES,Evacuee 199 in triage category R is not assigned a helicopter
3450,699,evacuee,,Evacuee;199;in triage state;B;is at the evacuation site
3450,702,evacuee,outES,Evacuee 66 in triage category R is not assigned a helicopter
3450,702,evacuee,,Evacuee;66;in triage state;B;is at the evacuation site
3450,705,evacuee,outES,Evacuee 62 in triage category R is not assigned a helicopter
3450,705,evacuee,,Evacuee;62;in triage state;B;is at the evacuation site
3450,708,evacuee,outES,Evacuee 223 in triage category R is not assigned a helicopter
3450,708,evacuee,,Evacuee;223;in triage state;B;is at the evacuation site
3450,711,evacuee,outES,Evacuee 465 in triage category R is not assigned a helicopter
3450,711,evacuee,,Evacuee;465;in triage state;B;is at the evacuation site
3450,714,evacuee,outES,Evacuee 60 in triage category R is not assigned a helicopter
3450,714,evacuee,,Evacuee;60;in triage state;B;is at the evacuation site
3450,717,evacuee,outES,Evacuee 385 in triage category R is not assigned a helicopter
3450,717,evacuee,,Evacuee;385;in triage state;B;is at the evacuation site
3450,720,evacuee,outES,Evacuee 181 in triage category R is not assigned a helicopter
3450,720,evacuee,,Evacuee;181;in triage state;B;is at the evacuation site
3450,723,evacuee,outES,Evacuee 135 in triage category R is not assigned a helicopter
3450,723,evacuee,,Evacuee;135;in triage state;B;is at the evacuation site
3450,726,evacuee,outES,Evacuee 15 in triage category R is not assigned a helicopter
3450,726,evacuee,,Evacuee;15;in triage state;B;is at the evacuation site
3450,729,evacuee,outES,Evacuee 474 in triage category R is not assigned a helicopter
3450,729,evacuee,,Evacuee;474;in triage state;B;is at the evacuation site
3450,732,evacuee,outES,Evacuee 17 in triage category R is not assigned a helicopter
3450,732,evacuee,,Evacuee;17;in triage state;B;is at the evacuation site
3450,738,evacuee,outES,Evacuee 179 in triage category R is not assigned a helicopter
3450,738,evacuee,,Evacuee;179;in triage state;B;is at the evacuation site
3450,741,evacuee,outES,Evacuee 147 in triage category R is not assigned a helicopter
3450,741,evacuee,,Evacuee;147;in triage state;B;is at the evacuation site
3450,744,evacuee,outES,Evacuee 14 in triage category R is not assigned a helicopter
3450,744,evacuee,,Evacuee;14;in triage state;B;is at the evacuation site
3450,747,evacuee,outES,Evacuee 65 in triage category R is not assigned a helicopter
3450,747,evacuee,,Evacuee;65;in triage state;B;is at the evacuation site
3450,750,evacuee,outES,Evacuee 218 in triage category R is not assigned a helicopter
3450,750,evacuee,,Evacuee;218;in triage state;B;is at the evacuation site
3450,753,evacuee,outES,Evacuee 453 in triage category R is not assigned a helicopter
3450,753,evacuee,,Evacuee;453;in triage state;B;is at the evacuation site
3450,756,evacuee,outES,Evacuee 285 in triage category R is not assigned a helicopter
3450,756,evacuee,,Evacuee;285;in triage state;B;is at the evacuation site
3450,759,evacuee,outES,Evacuee 89 in triage category R is not assigned a helicopter
3450,759,evacuee,,Evacuee;89;in triage state;B;is at the evacuation site
3450,762,evacuee,outES,Evacuee 394 in triage category R is not assigned a helicopter
3450,762,evacuee,,Evacuee;394;in triage state;B;is at the evacuation site
3450,765,evacuee,outES,Evacuee 240 in triage category R is not assigned a helicopter
3450,765,evacuee,,Evacuee;240;in triage state;B;is at the evacuation site
3450,771,evacuee,outES,Evacuee 355 in triage category R is not assigned a helicopter
3450,771,evacuee,,Evacuee;355;in triage state;B;is at the evacuation site
3450,774,evacuee,outES,Evacuee 23 in triage category R is not assigned a helicopter
3450,774,evacuee,,Evacuee;23;in triage state;B;is at the evacuation site
3450,777,evacuee,outES,Evacuee 200 in triage category R is not assigned a helicopter
3450,777,evacuee,,Evacuee;200;in triage state;B;is at the evacuation site
3450,780,evacuee,outES,Evacuee 255 in triage category R is not assigned a helicopter
3450,780,evacuee,,Evacuee;255;in triage state;B;is at the evacuation site
3450,783,evacuee,outES,Evacuee 18 in triage category R is not assigned a helicopter
3450,783,evacuee,,Evacuee;18;in triage state;B;is at the evacuation site
3450,786,evacuee,outES,Evacuee 368 in triage category R is not assigned a helicopter
3450,786,evacuee,,Evacuee;368;in triage state;B;is at the evacuation site
3450,792,evacuee,outES,Evacuee 387 in triage category R is not assigned a helicopter
3450,792,evacuee,,Evacuee;387;in triage state;B;is at the evacuation site
3450,795,evacuee,outES,Evacuee 246 in triage category R is not assigned a helicopter
3450,795,evacuee,,Evacuee;246;in triage state;B;is at the evacuation site
3450,798,evacuee,outES,Evacuee 220 in triage category R is not assigned a helicopter
3450,798,evacuee,,Evacuee;220;in triage state;B;is at the evacuation site
3450,801,evacuee,outES,Evacuee 173 in triage category R is not assigned a helicopter
3450,801,evacuee,,Evacuee;173;in triage state;B;is at the evacuation site
3450,804,evacuee,outES,Evacuee 157 in triage category R is not assigned a helicopter
3450,804,evacuee,,Evacuee;157;in triage state;B;is at the evacuation site
3450,807,evacuee,outES,Evacuee 451 in triage category R is not assigned a helicopter
3450,807,evacuee,,Evacuee;451;in triage state;B;is at the evacuation site
3450,810,evacuee,outES,Evacuee 359 in triage category R is not assigned a helicopter
3450,810,evacuee,,Evacuee;359;in triage state;B;is at the evacuation site
3450,813,evacuee,outES,Evacuee 286 in triage category R is not assigned a helicopter
3450,813,evacuee,,Evacuee;286;in triage state;B;is at the evacuation site
3450,816,evacuee,outES,Evacuee 196 in triage category R is not assigned a helicopter
3450,816,evacuee,,Evacuee;196;in triage state;B;is at the evacuation site
3450,819,evacuee,outES,Evacuee 407 in triage category R is not assigned a helicopter
3450,819,evacuee,,Evacuee;407;in triage state;B;is at the evacuation site
3450,822,evacuee,outES,Evacuee 132 in triage category R is not assigned a helicopter
3450,822,evacuee,,Evacuee;132;in triage state;B;is at the evacuation site
3450,825,evacuee,outES,Evacuee 31 in triage category R is not assigned a helicopter
3450,825,evacuee,,Evacuee;31;in triage state;B;is at the evacuation site
3450,828,evacuee,outES,Evacuee 38 in triage category R is not assigned a helicopter
3450,828,evacuee,,Evacuee;38;in triage state;B;is at the evacuation site
3450,834,evacuee,outES,Evacuee 33 in triage category R is not assigned a helicopter
3450,834,evacuee,,Evacuee;33;in triage state;B;is at the evacuation site
3450,837,evacuee,outES,Evacuee 271 in triage category R is not assigned a helicopter
3450,837,evacuee,,Evacuee;271;in triage state;B;is at the evacuation site
3450,843,evacuee,outES,Evacuee 25 in triage category R is not assigned a helicopter
3450,843,evacuee,,Evacuee;25;in triage state;B;is at the evacuation site
3450,846,evacuee,outES,Evacuee 334 in triage category R is not assigned a helicopter
3450,846,evacuee,,Evacuee;334;in triage state;B;is at the evacuation site
3450,849,evacuee,outES,Evacuee 70 in triage category R is not assigned a helicopter
3450,849,evacuee,,Evacuee;70;in triage state;B;is at the evacuation site
3450,855,evacuee,outES,Evacuee 250 in triage category R is not assigned a helicopter
3450,855,evacuee,,Evacuee;250;in triage state;B;is at the evacuation site
3450,858,evacuee,outES,Evacuee 107 in triage category R is not assigned a helicopter
3450,858,evacuee,,Evacuee;107;in triage state;B;is at the evacuation site
3450,861,evacuee,outES,Evacuee 229 in triage category R is not assigned a helicopter
3450,861,evacuee,,Evacuee;229;in triage state;B;is at the evacuation site
3450,864,evacuee,outES,Evacuee 110 in triage category R is not assigned a helicopter
3450,864,evacuee,,Evacuee;110;in triage state;B;is at the evacuation site
3450,867,evacuee,outES,Evacuee 141 in triage category R is not assigned a helicopter
3450,867,evacuee,,Evacuee;141;in triage state;B;is at the evacuation site
3450,870,evacuee,outES,Evacuee 133 in triage category R is not assigned a helicopter
3450,870,evacuee,,Evacuee;133;in triage state;B;is at the evacuation site
3450,876,evacuee,outES,Evacuee 473 in triage category R is not assigned a helicopter
3450,876,evacuee,,Evacuee;473;in triage state;B;is at the evacuation site
3450,879,evacuee,outES,Evacuee 400 in triage category R is not assigned a helicopter
3450,879,evacuee,,Evacuee;400;in triage state;B;is at the evacuation site
3450,882,evacuee,outES,Evacuee 268 in triage category R is not assigned a helicopter
3450,882,evacuee,,Evacuee;268;in triage state;B;is at the evacuation site
3450,885,evacuee,outES,Evacuee 100 in triage category R is not assigned a helicopter
3450,885,evacuee,,Evacuee;100;in triage state;B;is at the evacuation site
3450,888,evacuee,outES,Evacuee 29 in triage category R is not assigned a helicopter
3450,888,evacuee,,Evacuee;29;in triage state;B;is at the evacuation site
3450,891,evacuee,outES,Evacuee 158 in triage category R is not assigned a helicopter
3450,891,evacuee,,Evacuee;158;in triage state;B;is at the evacuation site
3450,894,evacuee,outES,Evacuee 187 in triage category R is not assigned a helicopter
3450,894,evacuee,,Evacuee;187;in triage state;B;is at the evacuation site
3450,897,evacuee,outES,Evacuee 85 in triage category R is not assigned a helicopter
3450,897,evacuee,,Evacuee;85;in triage state;B;is at the evacuation site
3450,903,evacuee,outES,Evacuee 71 in triage category R is not assigned a helicopter
3450,903,evacuee,,Evacuee;71;in triage state;B;is at the evacuation site
3450,906,evacuee,outES,Evacuee 332 in triage category R is not assigned a helicopter
3450,906,evacuee,,Evacuee;332;in triage state;B;is at the evacuation site
3450,909,evacuee,outES,Evacuee 81 in triage category R is not assigned a helicopter
3450,909,evacuee,,Evacuee;81;in triage state;B;is at the evacuation site
3450,912,evacuee,outES,Evacuee 104 in triage category R is not assigned a helicopter
3450,912,evacuee,,Evacuee;104;in triage state;B;is at the evacuation site
3450,915,evacuee,outES,Evacuee 40 in triage category R is not assigned a helicopter
3450,915,evacuee,,Evacuee;40;in triage state;B;is at the evacuation site
3450,918,evacuee,outES,Evacuee 97 in triage category R is not assigned a helicopter
3450,918,evacuee,,Evacuee;97;in triage state;B;is at the evacuation site
3450,924,evacuee,outES,Evacuee 172 in triage category R is not assigned a helicopter
3450,924,evacuee,,Evacuee;172;in triage state;B;is at the evacuation site
3450,927,evacuee,outES,Evacuee 256 in triage category R is not assigned a helicopter
3450,927,evacuee,,Evacuee;256;in triage state;B;is at the evacuation site
3450,930,evacuee,outES,Evacuee 119 in triage category R is not assigned a helicopter
3450,930,evacuee,,Evacuee;119;in triage state;B;is at the evacuation site
3450,936,evacuee,outES,Evacuee 347 in triage category R is not assigned a helicopter
3450,936,evacuee,,Evacuee;347;in triage state;B;is at the evacuation site
3450,939,evacuee,outES,Evacuee 82 in triage category R is not assigned a helicopter
3450,939,evacuee,,Evacuee;82;in triage state;B;is at the evacuation site
3450,942,evacuee,outES,Evacuee 54 in triage category R is not assigned a helicopter
3450,942,evacuee,,Evacuee;54;in triage state;B;is at the evacuation site
3450,945,evacuee,outES,Evacuee 22 in triage category R is not assigned a helicopter
3450,945,evacuee,,Evacuee;22;in triage state;B;is at the evacuation site
3450,948,evacuee,outES,Evacuee 92 in triage category R is not assigned a helicopter
3450,948,evacuee,,Evacuee;92;in triage state;B;is at the evacuation site
3450,951,evacuee,outES,Evacuee 44 in triage category R is not assigned a helicopter
3450,951,evacuee,,Evacuee;44;in triage state;B;is at the evacuation site
3450,954,evacuee,outES,Evacuee 150 in triage category R is not assigned a helicopter
3450,954,evacuee,,Evacuee;150;in triage state;B;is at the evacuation site
3450,960,evacuee,outES,Evacuee 26 in triage category R is not assigned a helicopter
3450,960,evacuee,,Evacuee;26;in triage state;B;is at the evacuation site
3450,963,evacuee,outES,Evacuee 343 in triage category R is not assigned a helicopter
3450,963,evacuee,,Evacuee;343;in triage state;B;is at the evacuation site
3450,966,evacuee,outES,Evacuee 241 in triage category R is not assigned a helicopter
3450,966,evacuee,,Evacuee;241;in triage state;B;is at the evacuation site
3450,969,evacuee,outES,Evacuee 418 in triage category R is not assigned a helicopter
3450,969,evacuee,,Evacuee;418;in triage state;B;is at the evacuation site
3450,972,evacuee,outES,Evacuee 75 in triage category R is not assigned a helicopter
3450,972,evacuee,,Evacuee;75;in triage state;B;is at the evacuation site
3450,975,evacuee,outES,Evacuee 37 in triage category R is not assigned a helicopter
3450,975,evacuee,,Evacuee;37;in triage state;B;is at the evacuation site
3450,981,evacuee,outES,Evacuee 209 in triage category R is not assigned a helicopter
3450,981,evacuee,,Evacuee;209;in triage state;B;is at the evacuation site
3450,984,evacuee,outES,Evacuee 402 in triage category R is not assigned a helicopter
3450,984,evacuee,,Evacuee;402;in triage state;B;is at the evacuation site
3450,987,evacuee,outES,Evacuee 320 in triage category R is not assigned a helicopter
3450,987,evacuee,,Evacuee;320;in triage state;B;is at the evacuation site
3450,990,evacuee,outES,Evacuee 116 in triage category R is not assigned a helicopter
3450,990,evacuee,,Evacuee;116;in triage state;B;is at the evacuation site
3450,993,evacuee,outES,Evacuee 61 in triage category R is not assigned a helicopter
3450,993,evacuee,,Evacuee;61;in triage state;B;is at the evacuation site
3450,996,evacuee,outES,Evacuee 52 in triage category R is not assigned a helicopter
3450,996,evacuee,,Evacuee;52;in triage state;B;is at the evacuation site
3450,999,evacuee,outES,Evacuee 41 in triage category R is not assigned a helicopter
3450,999,evacuee,,Evacuee;41;in triage state;B;is at the evacuation site
3450,1002,evacuee,outES,Evacuee 304 in triage category R is not assigned a helicopter
3450,1002,evacuee,,Evacuee;304;in triage state;B;is at the evacuation site
3450,1005,evacuee,outES,Evacuee 154 in triage category R is not assigned a helicopter
3450,1005,evacuee,,Evacuee;154;in triage state;B;is at the evacuation site
3450,1008,evacuee,outES,Evacuee 421 in triage category R is not assigned a helicopter
3450,1008,evacuee,,Evacuee;421;in triage state;B;is at the evacuation site
3450,1011,evacuee,outES,Evacuee 405 in triage category R is not assigned a helicopter
3450,1011,evacuee,,Evacuee;405;in triage state;B;is at the evacuation site
3450,1014,evacuee,outES,Evacuee 21 in triage category R is not assigned a helicopter
3450,1014,evacuee,,Evacuee;21;in triage state;B;is at the evacuation site
3450,1017,evacuee,outES,Evacuee 68 in triage category R is not assigned a helicopter
3450,1017,evacuee,,Evacuee;68;in triage state;B;is at the evacuation site
3450,1020,evacuee,outES,Evacuee 72 in triage category R is not assigned a helicopter
3450,1020,evacuee,,Evacuee;72;in triage state;B;is at the evacuation site
3450,1023,evacuee,outES,Evacuee 46 in triage category R is not assigned a helicopter
3450,1023,evacuee,,Evacuee;46;in triage state;B;is at the evacuation site
3450,1026,evacuee,outES,Evacuee 53 in triage category R is not assigned a helicopter
3450,1026,evacuee,,Evacuee;53;in triage state;B;is at the evacuation site
3450,1029,evacuee,outES,Evacuee 13 in triage category R is not assigned a helicopter
3450,1029,evacuee,,Evacuee;13;in triage state;B;is at the evacuation site
3450,1032,evacuee,outES,Evacuee 24 in triage category R is not assigned a helicopter
3450,1032,evacuee,,Evacuee;24;in triage state;B;is at the evacuation site
3450,1035,evacuee,outES,Evacuee 32 in triage category R is not assigned a helicopter
3450,1035,evacuee,,Evacuee;32;in triage state;B;is at the evacuation site
3450,1038,evacuee,outES,Evacuee 34 in triage category R is not assigned a helicopter
3450,1038,evacuee,,Evacuee;34;in triage state;B;is at the evacuation site
3450,1041,evacuee,outES,Evacuee 64 in triage category R is not assigned a helicopter
3450,1041,evacuee,,Evacuee;64;in triage state;B;is at the evacuation site
3450,1044,evacuee,outES,Evacuee 429 in triage category R is not assigned a helicopter
3450,1044,evacuee,,Evacuee;429;in triage state;B;is at the evacuation site
3450,1047,evacuee,outES,Evacuee 102 in triage category R is not assigned a helicopter
3450,1047,evacuee,,Evacuee;102;in triage state;B;is at the evacuation site
3450,1050,evacuee,outES,Evacuee 160 in triage category R is not assigned a helicopter
3450,1050,evacuee,,Evacuee;160;in triage state;B;is at the evacuation site
3450,1053,evacuee,outES,Evacuee 20 in triage category R is not assigned a helicopter
3450,1053,evacuee,,Evacuee;20;in triage state;B;is at the evacuation site
3450,1056,evacuee,outES,Evacuee 35 in triage category R is not assigned a helicopter
3450,1056,evacuee,,Evacuee;35;in triage state;B;is at the evacuation site
3450,1059,evacuee,outES,Evacuee 155 in triage category R is not assigned a helicopter
3450,1059,evacuee,,Evacuee;155;in triage state;B;is at the evacuation site
3450,1062,evacuee,outES,Evacuee 36 in triage category R is not assigned a helicopter
3450,1062,evacuee,,Evacuee;36;in triage state;B;is at the evacuation site
3450,1065,evacuee,outES,Evacuee 198 in triage category R is not assigned a helicopter
3450,1065,evacuee,,Evacuee;198;in triage state;B;is at the evacuation site
3450,1068,evacuee,outES,Evacuee 84 in triage category R is not assigned a helicopter
3450,1068,evacuee,,Evacuee;84;in triage state;B;is at the evacuation site
3450,1071,evacuee,outES,Evacuee 42 in triage category R is not assigned a helicopter
3450,1071,evacuee,,Evacuee;42;in triage state;B;is at the evacuation site
3450,1074,evacuee,outES,Evacuee 91 in triage category R is not assigned a helicopter
3450,1074,evacuee,,Evacuee;91;in triage state;B;is at the evacuation site
3450,1077,evacuee,outES,Evacuee 43 in triage category R is not assigned a helicopter
3450,1077,evacuee,,Evacuee;43;in triage state;B;is at the evacuation site
3450,1080,evacuee,outES,Evacuee 30 in triage category R is not assigned a helicopter
3450,1080,evacuee,,Evacuee;30;in triage state;B;is at the evacuation site
3450,1083,evacuee,outES,Evacuee 336 in triage category R is not assigned a helicopter
3450,1083,evacuee,,Evacuee;336;in triage state;B;is at the evacuation site
3450,1086,evacuee,outES,Evacuee 307 in triage category R is not assigned a helicopter
3450,1086,evacuee,,Evacuee;307;in triage state;B;is at the evacuation site
3450,1089,evacuee,outES,Evacuee 212 in triage category R is not assigned a helicopter
3450,1089,evacuee,,Evacuee;212;in triage state;B;is at the evacuation site
3450,1092,evacuee,outES,Evacuee 391 in triage category R is not assigned a helicopter
3450,1092,evacuee,,Evacuee;391;in triage state;B;is at the evacuation site
3450,1095,evacuee,outES,Evacuee 388 in triage category R is not assigned a helicopter
3450,1095,evacuee,,Evacuee;388;in triage state;B;is at the evacuation site
3450,1098,evacuee,outES,Evacuee 55 in triage category R is not assigned a helicopter
3450,1098,evacuee,,Evacuee;55;in triage state;B;is at the evacuation site
3450,1101,evacuee,outES,Evacuee 48 in triage category R is not assigned a helicopter
3450,1101,evacuee,,Evacuee;48;in triage state;B;is at the evacuation site
3450,1104,evacuee,outES,Evacuee 144 in triage category R is not assigned a helicopter
3450,1104,evacuee,,Evacuee;144;in triage state;B;is at the evacuation site
3450,1107,evacuee,outES,Evacuee 50 in triage category R is not assigned a helicopter
3450,1107,evacuee,,Evacuee;50;in triage state;B;is at the evacuation site
3450,1110,evacuee,outES,Evacuee 19 in triage category R is not assigned a helicopter
3450,1110,evacuee,,Evacuee;19;in triage state;B;is at the evacuation site
3450,1113,evacuee,outES,Evacuee 182 in triage category R is not assigned a helicopter
3450,1113,evacuee,,Evacuee;182;in triage state;B;is at the evacuation site
3450,1119,evacuee,outES,Evacuee 266 in triage category R is not assigned a helicopter
3450,1119,evacuee,,Evacuee;266;in triage state;B;is at the evacuation site
3450,1122,evacuee,outES,Evacuee 120 in triage category R is not assigned a helicopter
3450,1122,evacuee,,Evacuee;120;in triage state;B;is at the evacuation site
3450,1125,evacuee,outES,Evacuee 94 in triage category R is not assigned a helicopter
3450,1125,evacuee,,Evacuee;94;in triage state;B;is at the evacuation site
3450,1128,evacuee,outES,Evacuee 63 in triage category R is not assigned a helicopter
3450,1128,evacuee,,Evacuee;63;in triage state;B;is at the evacuation site
3450,1131,evacuee,outES,Evacuee 175 in triage category R is not assigned a helicopter
3450,1131,evacuee,,Evacuee;175;in triage state;B;is at the evacuation site
3450,1134,evacuee,outES,Evacuee 47 in triage category R is not assigned a helicopter
3450,1134,evacuee,,Evacuee;47;in triage state;B;is at the evacuation site
3450,1137,evacuee,outES,Evacuee 56 in triage category R is not assigned a helicopter
3450,1137,evacuee,,Evacuee;56;in triage state;B;is at the evacuation site
3450,1140,evacuee,outES,Evacuee 367 in triage category R is not assigned a helicopter
3450,1140,evacuee,,Evacuee;367;in triage state;B;is at the evacuation site
3450,1143,evacuee,outES,Evacuee 364 in triage category R is not assigned a helicopter
3450,1143,evacuee,,Evacuee;364;in triage state;B;is at the evacuation site
3450,1146,evacuee,outES,Evacuee 208 in triage category R is not assigned a helicopter
3450,1146,evacuee,,Evacuee;208;in triage state;B;is at the evacuation site
3450,1149,evacuee,outES,Evacuee 57 in triage category R is not assigned a helicopter
3450,1149,evacuee,,Evacuee;57;in triage state;B;is at the evacuation site
3450,1152,evacuee,outES,Evacuee 231 in triage category R is not assigned a helicopter
3450,1152,evacuee,,Evacuee;231;in triage state;B;is at the evacuation site
3450,1155,evacuee,outES,Evacuee 261 in triage category R is not assigned a helicopter
3450,1155,evacuee,,Evacuee;261;in triage state;B;is at the evacuation site
3450,1158,evacuee,outES,Evacuee 45 in triage category R is not assigned a helicopter
3450,1158,evacuee,,Evacuee;45;in triage state;B;is at the evacuation site
3450,1165,evacuee,outES,Evacuee 263 in triage category R is not assigned a helicopter
3450,1165,evacuee,,Evacuee;263;in triage state;B;is at the evacuation site
3450,1168,evacuee,outES,Evacuee 190 in triage category R is not assigned a helicopter
3450,1168,evacuee,,Evacuee;190;in triage state;B;is at the evacuation site
3450,1171,evacuee,outES,Evacuee 128 in triage category R is not assigned a helicopter
3450,1171,evacuee,,Evacuee;128;in triage state;B;is at the evacuation site
3450,1174,evacuee,outES,Evacuee 416 in triage category R is not assigned a helicopter
3450,1174,evacuee,,Evacuee;416;in triage state;B;is at the evacuation site
3450,1177,evacuee,outES,Evacuee 129 in triage category R is not assigned a helicopter
3450,1177,evacuee,,Evacuee;129;in triage state;B;is at the evacuation site
3450,1180,evacuee,outES,Evacuee 308 in triage category R is not assigned a helicopter
3450,1180,evacuee,,Evacuee;308;in triage state;B;is at the evacuation site
3450,1183,evacuee,outES,Evacuee 131 in triage category R is not assigned a helicopter
3450,1183,evacuee,,Evacuee;131;in triage state;B;is at the evacuation site
3450,1186,evacuee,outES,Evacuee 137 in triage category R is not assigned a helicopter
3450,1186,evacuee,,Evacuee;137;in triage state;B;is at the evacuation site
3450,1189,evacuee,outES,Evacuee 138 in triage category R is not assigned a helicopter
3450,1189,evacuee,,Evacuee;138;in triage state;B;is at the evacuation site
3450,1192,evacuee,outES,Evacuee 265 in triage category R is not assigned a helicopter
3450,1192,evacuee,,Evacuee;265;in triage state;B;is at the evacuation site
3450,1195,evacuee,outES,Evacuee 139 in triage category R is not assigned a helicopter
3450,1195,evacuee,,Evacuee;139;in triage state;B;is at the evacuation site
3450,1198,evacuee,outES,Evacuee 194 in triage category R is not assigned a helicopter
3450,1198,evacuee,,Evacuee;194;in triage state;B;is at the evacuation site
3450,1201,evacuee,outES,Evacuee 140 in triage category R is not assigned a helicopter
3450,1201,evacuee,,Evacuee;140;in triage state;B;is at the evacuation site
3450,1204,evacuee,outES,Evacuee 130 in triage category R is not assigned a helicopter
3450,1204,evacuee,,Evacuee;130;in triage state;B;is at the evacuation site
3450,1207,evacuee,outES,Evacuee 143 in triage category R is not assigned a helicopter
3450,1207,evacuee,,Evacuee;143;in triage state;B;is at the evacuation site
3450,1210,evacuee,outES,Evacuee 149 in triage category R is not assigned a helicopter
3450,1210,evacuee,,Evacuee;149;in triage state;B;is at the evacuation site
3450,1213,evacuee,outES,Evacuee 296 in triage category R is not assigned a helicopter
3450,1213,evacuee,,Evacuee;296;in triage state;B;is at the evacuation site
3450,1216,evacuee,outES,Evacuee 151 in triage category R is not assigned a helicopter
3450,1216,evacuee,,Evacuee;151;in triage state;B;is at the evacuation site
3450,1219,evacuee,outES,Evacuee 222 in triage category R is not assigned a helicopter
3450,1219,evacuee,,Evacuee;222;in triage state;B;is at the evacuation site
3450,1222,evacuee,outES,Evacuee 152 in triage category R is not assigned a helicopter
3450,1222,evacuee,,Evacuee;152;in triage state;B;is at the evacuation site
3450,1225,evacuee,outES,Evacuee 153 in triage category R is not assigned a helicopter
3450,1225,evacuee,,Evacuee;153;in triage state;B;is at the evacuation site
3450,1228,evacuee,outES,Evacuee 67 in triage category R is not assigned a helicopter
3450,1228,evacuee,,Evacuee;67;in triage state;B;is at the evacuation site
3450,1231,evacuee,outES,Evacuee 123 in triage category R is not assigned a helicopter
3450,1231,evacuee,,Evacuee;123;in triage state;B;is at the evacuation site
3450,1234,evacuee,outES,Evacuee 159 in triage category R is not assigned a helicopter
3450,1234,evacuee,,Evacuee;159;in triage state;B;is at the evacuation site
3450,1237,evacuee,outES,Evacuee 161 in triage category R is not assigned a helicopter
3450,1237,evacuee,,Evacuee;161;in triage state;B;is at the evacuation site
3450,1240,evacuee,outES,Evacuee 28 in triage category R is not assigned a helicopter
3450,1240,evacuee,,Evacuee;28;in triage state;B;is at the evacuation site
3450,1243,evacuee,outES,Evacuee 126 in triage category R is not assigned a helicopter
3450,1243,evacuee,,Evacuee;126;in triage state;B;is at the evacuation site
3450,1246,evacuee,outES,Evacuee 234 in triage category R is not assigned a helicopter
3450,1246,evacuee,,Evacuee;234;in triage state;B;is at the evacuation site
3450,1249,evacuee,outES,Evacuee 162 in triage category R is not assigned a helicopter
3450,1249,evacuee,,Evacuee;162;in triage state;B;is at the evacuation site
3450,1252,evacuee,outES,Evacuee 163 in triage category R is not assigned a helicopter
3450,1252,evacuee,,Evacuee;163;in triage state;B;is at the evacuation site
3450,1255,evacuee,outES,Evacuee 166 in triage category R is not assigned a helicopter
3450,1255,evacuee,,Evacuee;166;in triage state;B;is at the evacuation site
3450,1258,evacuee,outES,Evacuee 16 in triage category R is not assigned a helicopter
3450,1258,evacuee,,Evacuee;16;in triage state;B;is at the evacuation site
3450,1261,evacuee,outES,Evacuee 242 in triage category R is not assigned a helicopter
3450,1261,evacuee,,Evacuee;242;in triage state;B;is at the evacuation site
3450,1264,evacuee,outES,Evacuee 178 in triage category R is not assigned a helicopter
3450,1264,evacuee,,Evacuee;178;in triage state;B;is at the evacuation site
3450,1267,evacuee,outES,Evacuee 438 in triage category R is not assigned a helicopter
3450,1267,evacuee,,Evacuee;438;in triage state;B;is at the evacuation site
3450,1270,evacuee,outES,Evacuee 146 in triage category R is not assigned a helicopter
3450,1270,evacuee,,Evacuee;146;in triage state;B;is at the evacuation site
3450,1273,evacuee,outES,Evacuee 167 in triage category R is not assigned a helicopter
3450,1273,evacuee,,Evacuee;167;in triage state;B;is at the evacuation site
3450,1276,evacuee,outES,Evacuee 145 in triage category R is not assigned a helicopter
3450,1276,evacuee,,Evacuee;145;in triage state;B;is at the evacuation site
3450,1279,evacuee,outES,Evacuee 168 in triage category R is not assigned a helicopter
3450,1279,evacuee,,Evacuee;168;in triage state;B;is at the evacuation site
3450,1282,evacuee,outES,Evacuee 176 in triage category R is not assigned a helicopter
3450,1282,evacuee,,Evacuee;176;in triage state;B;is at the evacuation site
3450,1285,evacuee,outES,Evacuee 230 in triage category R is not assigned a helicopter
3450,1285,evacuee,,Evacuee;230;in triage state;B;is at the evacuation site
3450,1288,evacuee,outES,Evacuee 169 in triage category R is not assigned a helicopter
3450,1288,evacuee,,Evacuee;169;in triage state;B;is at the evacuation site
3450,1291,evacuee,outES,Evacuee 170 in triage category R is not assigned a helicopter
3450,1291,evacuee,,Evacuee;170;in triage state;B;is at the evacuation site
3450,1294,evacuee,outES,Evacuee 171 in triage category R is not assigned a helicopter
3450,1294,evacuee,,Evacuee;171;in triage state;B;is at the evacuation site
3450,1297,evacuee,outES,Evacuee 174 in triage category R is not assigned a helicopter
3450,1297,evacuee,,Evacuee;174;in triage state;B;is at the evacuation site
3450,1300,evacuee,outES,Evacuee 177 in triage category R is not assigned a helicopter
3450,1300,evacuee,,Evacuee;177;in triage state;B;is at the evacuation site
3450,1303,evacuee,outES,Evacuee 435 in triage category R is not assigned a helicopter
3450,1303,evacuee,,Evacuee;435;in triage state;B;is at the evacuation site
3450,1306,evacuee,outES,Evacuee 58 in triage category R is not assigned a helicopter
3450,1306,evacuee,,Evacuee;58;in triage state;B;is at the evacuation site
3450,1309,evacuee,outES,Evacuee 203 in triage category R is not assigned a helicopter
3450,1309,evacuee,,Evacuee;203;in triage state;B;is at the evacuation site
3450,1312,evacuee,outES,Evacuee 232 in triage category R is not assigned a helicopter
3450,1312,evacuee,,Evacuee;232;in triage state;B;is at the evacuation site
3450,1315,evacuee,outES,Evacuee 183 in triage category R is not assigned a helicopter
3450,1315,evacuee,,Evacuee;183;in triage state;B;is at the evacuation site
3450,1318,evacuee,outES,Evacuee 184 in triage category R is not assigned a helicopter
3450,1318,evacuee,,Evacuee;184;in triage state;B;is at the evacuation site
3450,1321,evacuee,outES,Evacuee 185 in triage category R is not assigned a helicopter
3450,1321,evacuee,,Evacuee;185;in triage state;B;is at the evacuation site
3450,1324,evacuee,outES,Evacuee 186 in triage category R is not assigned a helicopter
3450,1324,evacuee,,Evacuee;186;in triage state;B;is at the evacuation site
3450,1327,evacuee,outES,Evacuee 417 in triage category R is not assigned a helicopter
3450,1327,evacuee,,Evacuee;417;in triage state;B;is at the evacuation site
3450,1330,evacuee,outES,Evacuee 217 in triage category R is not assigned a helicopter
3450,1330,evacuee,,Evacuee;217;in triage state;B;is at the evacuation site
3450,1333,evacuee,outES,Evacuee 189 in triage category R is not assigned a helicopter
3450,1333,evacuee,,Evacuee;189;in triage state;B;is at the evacuation site
3450,1336,evacuee,outES,Evacuee 253 in triage category R is not assigned a helicopter
3450,1336,evacuee,,Evacuee;253;in triage state;B;is at the evacuation site
3450,1339,evacuee,outES,Evacuee 191 in triage category R is not assigned a helicopter
3450,1339,evacuee,,Evacuee;191;in triage state;B;is at the evacuation site
3450,1342,evacuee,outES,Evacuee 314 in triage category R is not assigned a helicopter
3450,1342,evacuee,,Evacuee;314;in triage state;B;is at the evacuation site
3450,1345,evacuee,outES,Evacuee 249 in triage category R is not assigned a helicopter
3450,1345,evacuee,,Evacuee;249;in triage state;B;is at the evacuation site
3450,1348,evacuee,outES,Evacuee 193 in triage category R is not assigned a helicopter
3450,1348,evacuee,,Evacuee;193;in triage state;B;is at the evacuation site
3450,1351,evacuee,outES,Evacuee 195 in triage category R is not assigned a helicopter
3450,1351,evacuee,,Evacuee;195;in triage state;B;is at the evacuation site
3450,1354,evacuee,outES,Evacuee 399 in triage category R is not assigned a helicopter
3450,1354,evacuee,,Evacuee;399;in triage state;B;is at the evacuation site
3450,1357,evacuee,outES,Evacuee 197 in triage category R is not assigned a helicopter
3450,1357,evacuee,,Evacuee;197;in triage state;B;is at the evacuation site
3450,1360,evacuee,outES,Evacuee 450 in triage category R is not assigned a helicopter
3450,1360,evacuee,,Evacuee;450;in triage state;B;is at the evacuation site
3450,1363,evacuee,outES,Evacuee 252 in triage category R is not assigned a helicopter
3450,1363,evacuee,,Evacuee;252;in triage state;B;is at the evacuation site
3450,1366,evacuee,outES,Evacuee 329 in triage category R is not assigned a helicopter
3450,1366,evacuee,,Evacuee;329;in triage state;B;is at the evacuation site
3450,1369,evacuee,outES,Evacuee 201 in triage category R is not assigned a helicopter
3450,1369,evacuee,,Evacuee;201;in triage state;B;is at the evacuation site
3450,1375,evacuee,outES,Evacuee 202 in triage category R is not assigned a helicopter
3450,1375,evacuee,,Evacuee;202;in triage state;B;is at the evacuation site
3450,1378,evacuee,outES,Evacuee 390 in triage category R is not assigned a helicopter
3450,1378,evacuee,,Evacuee;390;in triage state;B;is at the evacuation site
3450,1381,evacuee,outES,Evacuee 204 in triage category R is not assigned a helicopter
3450,1381,evacuee,,Evacuee;204;in triage state;B;is at the evacuation site
3450,1384,evacuee,outES,Evacuee 258 in triage category R is not assigned a helicopter
3450,1384,evacuee,,Evacuee;258;in triage state;B;is at the evacuation site
3450,1387,evacuee,outES,Evacuee 210 in triage category R is not assigned a helicopter
3450,1387,evacuee,,Evacuee;210;in triage state;B;is at the evacuation site
3450,1390,evacuee,outES,Evacuee 275 in triage category R is not assigned a helicopter
3450,1390,evacuee,,Evacuee;275;in triage state;B;is at the evacuation site
3450,1393,evacuee,outES,Evacuee 205 in triage category R is not assigned a helicopter
3450,1393,evacuee,,Evacuee;205;in triage state;B;is at the evacuation site
3450,1396,evacuee,outES,Evacuee 323 in triage category R is not assigned a helicopter
3450,1396,evacuee,,Evacuee;323;in triage state;B;is at the evacuation site
3450,1399,evacuee,outES,Evacuee 180 in triage category R is not assigned a helicopter
3450,1399,evacuee,,Evacuee;180;in triage state;B;is at the evacuation site
3450,1402,evacuee,outES,Evacuee 206 in triage category R is not assigned a helicopter
3450,1402,evacuee,,Evacuee;206;in triage state;B;is at the evacuation site
3450,1405,evacuee,outES,Evacuee 69 in triage category R is not assigned a helicopter
3450,1405,evacuee,,Evacuee;69;in triage state;B;is at the evacuation site
3450,1408,evacuee,outES,Evacuee 207 in triage category R is not assigned a helicopter
3450,1408,evacuee,,Evacuee;207;in triage state;B;is at the evacuation site
3450,1411,evacuee,outES,Evacuee 27 in triage category R is not assigned a helicopter
3450,1411,evacuee,,Evacuee;27;in triage state;B;is at the evacuation site
3450,1414,evacuee,outES,Evacuee 211 in triage category R is not assigned a helicopter
3450,1414,evacuee,,Evacuee;211;in triage state;B;is at the evacuation site
3450,1417,evacuee,outES,Evacuee 294 in triage category R is not assigned a helicopter
3450,1417,evacuee,,Evacuee;294;in triage state;B;is at the evacuation site
3450,1420,evacuee,outES,Evacuee 214 in triage category R is not assigned a helicopter
3450,1420,evacuee,,Evacuee;214;in triage state;B;is at the evacuation site
3450,1426,evacuee,outES,Evacuee 216 in triage category R is not assigned a helicopter
3450,1426,evacuee,,Evacuee;216;in triage state;B;is at the evacuation site
3450,1429,evacuee,outES,Evacuee 219 in triage category R is not assigned a helicopter
3450,1429,evacuee,,Evacuee;219;in triage state;B;is at the evacuation site
3450,1432,evacuee,outES,Evacuee 221 in triage category R is not assigned a helicopter
3450,1432,evacuee,,Evacuee;221;in triage state;B;is at the evacuation site
3450,1435,evacuee,outES,Evacuee 224 in triage category R is not assigned a helicopter
3450,1435,evacuee,,Evacuee;224;in triage state;B;is at the evacuation site
3450,1438,evacuee,outES,Evacuee 339 in triage category R is not assigned a helicopter
3450,1438,evacuee,,Evacuee;339;in triage state;B;is at the evacuation site
3450,1441,evacuee,outES,Evacuee 225 in triage category R is not assigned a helicopter
3450,1441,evacuee,,Evacuee;225;in triage state;B;is at the evacuation site
3450,1444,evacuee,outES,Evacuee 164 in triage category R is not assigned a helicopter
3450,1444,evacuee,,Evacuee;164;in triage state;B;is at the evacuation site
3450,1447,evacuee,outES,Evacuee 226 in triage category R is not assigned a helicopter
3450,1447,evacuee,,Evacuee;226;in triage state;B;is at the evacuation site
3450,1450,evacuee,outES,Evacuee 464 in triage category R is not assigned a helicopter
3450,1450,evacuee,,Evacuee;464;in triage state;B;is at the evacuation site
3450,1453,evacuee,outES,Evacuee 227 in triage category R is not assigned a helicopter
3450,1453,evacuee,,Evacuee;227;in triage state;B;is at the evacuation site
3450,1456,evacuee,outES,Evacuee 267 in triage category R is not assigned a helicopter
3450,1456,evacuee,,Evacuee;267;in triage state;B;is at the evacuation site
3450,1459,evacuee,outES,Evacuee 73 in triage category R is not assigned a helicopter
3450,1459,evacuee,,Evacuee;73;in triage state;B;is at the evacuation site
3450,1462,evacuee,outES,Evacuee 233 in triage category R is not assigned a helicopter
3450,1462,evacuee,,Evacuee;233;in triage state;B;is at the evacuation site
3450,1465,evacuee,outES,Evacuee 236 in triage category R is not assigned a helicopter
3450,1465,evacuee,,Evacuee;236;in triage state;B;is at the evacuation site
3450,1471,evacuee,outES,Evacuee 237 in triage category R is not assigned a helicopter
3450,1471,evacuee,,Evacuee;237;in triage state;B;is at the evacuation site
3450,1474,evacuee,outES,Evacuee 238 in triage category R is not assigned a helicopter
3450,1474,evacuee,,Evacuee;238;in triage state;B;is at the evacuation site
3450,1477,evacuee,outES,Evacuee 113 in triage category R is not assigned a helicopter
3450,1477,evacuee,,Evacuee;113;in triage state;B;is at the evacuation site
3450,1480,evacuee,outES,Evacuee 239 in triage category R is not assigned a helicopter
3450,1480,evacuee,,Evacuee;239;in triage state;B;is at the evacuation site
3450,1483,evacuee,outES,Evacuee 243 in triage category R is not assigned a helicopter
3450,1483,evacuee,,Evacuee;243;in triage state;B;is at the evacuation site
3450,1486,evacuee,outES,Evacuee 96 in triage category R is not assigned a helicopter
3450,1486,evacuee,,Evacuee;96;in triage state;B;is at the evacuation site
3450,1489,evacuee,outES,Evacuee 244 in triage category R is not assigned a helicopter
3450,1489,evacuee,,Evacuee;244;in triage state;B;is at the evacuation site
3450,1492,evacuee,outES,Evacuee 247 in triage category R is not assigned a helicopter
3450,1492,evacuee,,Evacuee;247;in triage state;B;is at the evacuation site
3450,1495,evacuee,outES,Evacuee 59 in triage category R is not assigned a helicopter
3450,1495,evacuee,,Evacuee;59;in triage state;B;is at the evacuation site
3450,1498,evacuee,outES,Evacuee 248 in triage category R is not assigned a helicopter
3450,1498,evacuee,,Evacuee;248;in triage state;B;is at the evacuation site
3450,1501,evacuee,outES,Evacuee 467 in triage category R is not assigned a helicopter
3450,1501,evacuee,,Evacuee;467;in triage state;B;is at the evacuation site
3450,1504,evacuee,outES,Evacuee 298 in triage category R is not assigned a helicopter
3450,1504,evacuee,,Evacuee;298;in triage state;B;is at the evacuation site
3450,1507,evacuee,outES,Evacuee 254 in triage category R is not assigned a helicopter
3450,1507,evacuee,,Evacuee;254;in triage state;B;is at the evacuation site
3450,1510,evacuee,outES,Evacuee 257 in triage category R is not assigned a helicopter
3450,1510,evacuee,,Evacuee;257;in triage state;B;is at the evacuation site
3495,7,filterLoc,,
3495,10,filterLoc,,
3495,13,filterLoc,,
3495,16,filterLoc,,
3495,19,filterLoc,,
3495,22,filterLoc,,
3495,25,filterLoc,,
3495,28,filterLoc,,
3495,31,filterLoc,,
3495,34,filterLoc,,
3495,37,filterLoc,,
3495,40,filterLoc,,
3495,43,filterLoc,,
3495,46,filterLoc,,
3495,49,filterLoc,,
3495,52,filterLoc,,
3495,55,filterLoc,,
3495,58,filterLoc,,
3495,61,filterLoc,,
3495,64,filterLoc,,
3495,67,filterLoc,,
3495,70,filterLoc,,
3495,73,filterLoc,,
3495,76,filterLoc,,
3495,79,filterLoc,,
3495,82,filterLoc,,
3495,85,filterLoc,,
3495,88,filterLoc,,
3495,91,filterLoc,,
3495,94,filterLoc,,
3495,97,filterLoc,,
3495,100,filterLoc,,
3495,103,filterLoc,,
3495,106,filterLoc,,
3495,109,filterLoc,,
3495,112,filterLoc,,
3495,115,filterLoc,,
3495,118,filterLoc,,
3495,121,filterLoc,,
3495,124,filterLoc,,
3495,127,filterLoc,,
3495,130,filterLoc,,
3495,133,filterLoc,,
3495,136,filterLoc,,
3495,139,filterLoc,,
3495,142,filterLoc,,
3495,145,filterLoc,,
3495,148,filterLoc,,
3495,151,filterLoc,,
3495,154,filterLoc,,
3495,157,filterLoc,,
3495,160,filterLoc,,
3495,163,filterLoc,,
3495,166,filterLoc,,
3495,169,filterLoc,,
3495,172,filterLoc,,
3495,175,filterLoc,,
3495,178,filterLoc,,
3495,181,filterLoc,,
3495,184,filterLoc,,
3495,187,filterLoc,,
3495,190,filterLoc,,
3495,193,filterLoc,,
3495,196,filterLoc,,
3495,199,filterLoc,,
3495,202,filterLoc,,
3495,205,filterLoc,,
3495,208,filterLoc,,
3495,211,filterLoc,,
3495,214,filterLoc,,
3495,217,filterLoc,,
3495,220,filterLoc,,
3495,224,filterLoc,,
3495,227,filterLoc,,
3495,230,filterLoc,,
3495,233,filterLoc,,
3495,236,filterLoc,,
3495,239,filterLoc,,
3495,242,filterLoc,,
3495,245,filterLoc,,
3495,248,filterLoc,,
3495,251,filterLoc,,
3495,254,filterLoc,,
3495,257,filterLoc,,
3495,260,filterLoc,,
3495,263,filterLoc,,
3495,266,filterLoc,,
3495,269,filterLoc,,
3495,272,filterLoc,,
3495,275,filterLoc,,
3495,278,filterLoc,,
3495,281,filterLoc,,
3495,284,filterLoc,,
3495,287,filterLoc,,
3495,290,filterLoc,,
3495,293,filterLoc,,
3495,296,filterLoc,,
3495,299,filterLoc,,
3495,302,filterLoc,,
3495,305,filterLoc,,
3495,308,filterLoc,,
3495,311,filterLoc,,
3495,314,filterLoc,,
3495,317,filterLoc,,
3495,320,filterLoc,,
3495,323,filterLoc,,
3495,326,filterLoc,,
3495,329,filterLoc,,
3495,332,filterLoc,,
3495,335,filterLoc,,
3495,338,filterLoc,,
3495,341,filterLoc,,
3495,344,filterLoc,,
3495,347,filterLoc,,
3495,350,filterLoc,,
3495,353,filterLoc,,
3495,356,filterLoc,,
3495,359,filterLoc,,
3495,362,filterLoc,,
3495,365,filterLoc,,
3495,368,filterLoc,,
3495,371,filterLoc,,
3495,374,filterLoc,,
3495,377,filterLoc,,
3495,380,filterLoc,,
3495,383,filterLoc,,
3495,386,filterLoc,,
3495,389,filterLoc,,
3495,392,filterLoc,,
3495,395,filterLoc,,
3495,398,filterLoc,,
3495,401,filterLoc,,
3495,404,filterLoc,,
3495,407,filterLoc,,
3495,410,filterLoc,,
3495,413,filterLoc,,
3495,416,filterLoc,,
3495,419,filterLoc,,
3495,422,filterLoc,,
3495,425,filterLoc,,
3495,428,filterLoc,,
3495,431,filterLoc,,
3495,434,filterLoc,,
3495,437,filterLoc,,
3495,440,filterLoc,,
3495,443,filterLoc,,
3495,446,filterLoc,,
3495,449,filterLoc,,
3495,452,filterLoc,,
3495,455,filterLoc,,
3495,458,filterLoc,,
3495,461,filterLoc,,
3495,464,filterLoc,,
3495,467,filterLoc,,
3495,470,filterLoc,,
3495,473,filterLoc,,
3495,476,filterLoc,,
3495,479,filterLoc,,
3495,482,filterLoc,,
3495,485,filterLoc,,
3495,488,filterLoc,,
3495,491,filterLoc,,
3495,494,filterLoc,,
3495,497,filterLoc,,
3495,500,filterLoc,,
3495,503,filterLoc,,
3495,506,filterLoc,,
3495,509,filterLoc,,
3495,512,filterLoc,,
3495,515,filterLoc,,
3495,518,filterLoc,,
3495,521,filterLoc,,
3495,524,filterLoc,,
3495,527,filterLoc,,
3495,530,filterLoc,,
3495,533,filterLoc,,
3495,536,filterLoc,,
3495,539,filterLoc,,
3495,542,filterLoc,,
3495,545,filterLoc,,
3495,548,filterLoc,,
3495,551,filterLoc,,
3495,554,filterLoc,,
3495,557,filterLoc,,
3495,560,filterLoc,,
3495,563,filterLoc,,
3495,566,filterLoc,,
3495,569,filterLoc,,
3495,572,filterLoc,,
3495,575,filterLoc,,
3495,578,filterLoc,,
3495,581,filterLoc,,
3495,584,filterLoc,,
3495,587,filterLoc,,
3495,590,filterLoc,,
3495,593,filterLoc,,
3495,596,filterLoc,,
3495,599,filterLoc,,
3495,602,filterLoc,,
3495,605,filterLoc,,
3495,608,filterLoc,,
3495,611,filterLoc,,
3495,614,filterLoc,,
3495,617,filterLoc,,
3495,620,filterLoc,,
3495,623,filterLoc,,
3495,626,filterLoc,,
3495,629,filterLoc,,
3495,632,filterLoc,,
3495,635,filterLoc,,
3495,638,filterLoc,,
3495,641,filterLoc,,
3495,644,filterLoc,,
3495,647,filterLoc,,
3495,650,filterLoc,,
3495,653,filterLoc,,
3495,656,filterLoc,,
3495,659,filterLoc,,
3495,662,filterLoc,,
3495,665,filterLoc,,
3495,668,filterLoc,,
3495,671,filterLoc,,
3495,674,filterLoc,,
3495,677,filterLoc,,
3495,680,filterLoc,,
3495,683,filterLoc,,
3495,686,filterLoc,,
3495,689,filterLoc,,
3495,692,filterLoc,,
3495,695,filterLoc,,
3495,698,filterLoc,,
3495,701,filterLoc,,
3495,704,filterLoc,,
3495,707,filterLoc,,
3495,710,filterLoc,,
3495,713,filterLoc,,
3495,716,filterLoc,,
3495,719,filterLoc,,
3495,722,filterLoc,,
3495,725,filterLoc,,
3495,728,filterLoc,,
3495,731,filterLoc,,
3495,734,filterLoc,,
3495,737,filterLoc,,
3495,740,filterLoc,,
3495,743,filterLoc,,
3495,746,filterLoc,,
3495,749,filterLoc,,
3495,752,filterLoc,,
3495,755,filterLoc,,
3495,758,filterLoc,,
3495,761,filterLoc,,
3495,764,filterLoc,,
3495,767,filterLoc,,
3495,770,filterLoc,,
3495,773,filterLoc,,
3495,776,filterLoc,,
3495,779,filterLoc,,
3495,782,filterLoc,,
3495,785,filterLoc,,
3495,788,filterLoc,,
3495,791,filterLoc,,
3495,794,filterLoc,,
3495,797,filterLoc,,
3495,800,filterLoc,,
3495,803,filterLoc,,
3495,806,filterLoc,,
3495,809,filterLoc,,
3495,812,filterLoc,,
3495,815,filterLoc,,
3495,818,filterLoc,,
3495,821,filterLoc,,
3495,824,filterLoc,,
3495,827,filterLoc,,
3495,830,filterLoc,,
3495,833,filterLoc,,
3495,836,filterLoc,,
3495,839,filterLoc,,
3495,842,filterLoc,,
3495,845,filterLoc,,
3495,848,filterLoc,,
3495,851,filterLoc,,
3495,854,filterLoc,,
3495,857,filterLoc,,
3495,860,filterLoc,,
3495,863,filterLoc,,
3495,866,filterLoc,,
3495,869,filterLoc,,
3495,872,filterLoc,,
3495,875,filterLoc,,
3495,878,filterLoc,,
3495,881,filterLoc,,
3495,884,filterLoc,,
3495,887,filterLoc,,
3495,890,filterLoc,,
3495,893,filterLoc,,
3495,896,filterLoc,,
3495,899,filterLoc,,
3495,902,filterLoc,,
3495,905,filterLoc,,
3495,908,filterLoc,,
3495,911,filterLoc,,
3495,914,filterLoc,,
3495,917,filterLoc,,
3495,920,filterLoc,,
3495,923,filterLoc,,
3495,926,filterLoc,,
3495,929,filterLoc,,
3495,932,filterLoc,,
3495,935,filterLoc,,
3495,938,filterLoc,,
3495,941,filterLoc,,
3495,944,filterLoc,,
3495,947,filterLoc,,
3495,950,filterLoc,,
3495,953,filterLoc,,
3495,956,filterLoc,,;Evacuee;10;in triage category;R;is leaving helicopter;1
3495,959,filterLoc,,
3495,962,filterLoc,,
3495,965,filterLoc,,
3495,968,filterLoc,,
3495,971,filterLoc,,
3495,974,filterLoc,,
3495,977,filterLoc,,
3495,980,filterLoc,,
3495,983,filterLoc,,
3495,986,filterLoc,,
3495,989,filterLoc,,
3495,992,filterLoc,,
3495,995,filterLoc,,
3495,998,filterLoc,,
3495,1001,filterLoc,,
3495,1004,filterLoc,,
3495,1007,filterLoc,,
3495,1010,filterLoc,,
3495,1013,filterLoc,,
3495,1016,filterLoc,,
3495,1019,filterLoc,,
3495,1022,filterLoc,,
3495,1025,filterLoc,,
3495,1028,filterLoc,,
3495,1031,filterLoc,,
3495,1034,filterLoc,,
3495,1037,filterLoc,,
3495,1040,filterLoc,,
3495,1043,filterLoc,,
3495,1046,filterLoc,,
3495,1049,filterLoc,,
3495,1052,filterLoc,,
3495,1055,filterLoc,,
3495,1058,filterLoc,,
3495,1061,filterLoc,,
3495,1064,filterLoc,,
3495,1067,filterLoc,,
3495,1070,filterLoc,,
3495,1073,filterLoc,,
3495,1076,filterLoc,,
3495,1079,filterLoc,,
3495,1082,filterLoc,,
3495,1085,filterLoc,,
3495,1088,filterLoc,,
3495,1091,filterLoc,,
3495,1094,filterLoc,,
3495,1097,filterLoc,,
3495,1100,filterLoc,,
3495,1103,filterLoc,,
3495,1106,filterLoc,,
3495,1109,filterLoc,,
3495,1112,filterLoc,,
3495,1115,filterLoc,,
3495,1118,filterLoc,,
3495,1121,filterLoc,,
3495,1124,filterLoc,,
3495,1127,filterLoc,,
3495,1130,filterLoc,,
3495,1133,filterLoc,,
3495,1136,filterLoc,,
3495,1139,filterLoc,,
3495,1142,filterLoc,,
3495,1145,filterLoc,,
3495,1148,filterLoc,,
3495,1151,filterLoc,,
3495,1154,filterLoc,,
3495,1157,filterLoc,,
3495,1162,helicopter,outEvac,Evacuee 10 in triage category R is not assigned a helicopter
3495,1162,helicopter,outEvac,Evacuee 11 in triage category R is not assigned a helicopter
3495,1162,helicopter,outEvac,Evacuee 12 in triage category R is not assigned a helicopter
3495,1162,helicopter,,Helicopter;1;is unloading people at the FOL;;and has;0;spots taken
3495,1164,filterLoc,,
3495,1167,filterLoc,,
3495,1170,filterLoc,,
3495,1173,filterLoc,,
3495,1176,filterLoc,,
3495,1179,filterLoc,,
3495,1182,filterLoc,,
3495,1185,filterLoc,,
3495,1188,filterLoc,,
3495,1191,filterLoc,,
3495,1194,filterLoc,,
3495,1197,filterLoc,,
3495,1200,filterLoc,,
3495,1203,filterLoc,,
3495,1206,filterLoc,,
3495,1209,filterLoc,,
3495,1212,filterLoc,,
3495,1215,filterLoc,,
3495,1218,filterLoc,,
3495,1221,filterLoc,,
3495,1224,filterLoc,,
3495,1227,filterLoc,,
3495,1230,filterLoc,,
3495,1233,filterLoc,,
3495,1236,filterLoc,,
3495,1239,filterLoc,,
3495,1242,filterLoc,,
3495,1245,filterLoc,,
3495,1248,filterLoc,,
3495,1251,filterLoc,,
3495,1254,filterLoc,,
3495,1257,filterLoc,,
3495,1260,filterLoc,,
3495,1263,filterLoc,,
3495,1266,filterLoc,,
3495,1269,filterLoc,,
3495,1272,filterLoc,,
3495,1275,filterLoc,,
3495,1278,filterLoc,,
3495,1281,filterLoc,,
3495,1284,filterLoc,,
3495,1287,filterLoc,,
3495,1290,filterLoc,,
3495,1293,filterLoc,,
3495,1296,filterLoc,,
3495,1299,filterLoc,,
3495,1302,filterLoc,,
3495,1305,filterLoc,,
3495,1308,filterLoc,,
3495,1311,filterLoc,,
3495,1314,filterLoc,,
3495,1317,filterLoc,,
3495,1320,filterLoc,,
3495,1323,filterLoc,,
3495,1326,filterLoc,,
3495,1329,filterLoc,,
3495,1332,filterLoc,,
3495,1335,filterLoc,,
3495,1338,filterLoc,,
3495,1341,filterLoc,,
3495,1344,filterLoc,,
3495,1347,filterLoc,,
3495,1350,filterLoc,,
3495,1353,filterLoc,,
3495,1356,filterLoc,,
3495,1359,filterLoc,,
3495,1362,filterLoc,,
3495,1365,filterLoc,,
3495,1368,filterLoc,,
3495,1371,filterLoc,,;Evacuee;11;in triage category;R;is leaving helicopter;1
3495,1374,filterLoc,,
3495,1377,filterLoc,,
3495,1380,filterLoc,,
3495,1383,filterLoc,,
3495,1386,filterLoc,,
3495,1389,filterLoc,,
3495,1392,filterLoc,,
3495,1395,filterLoc,,
3495,1398,filterLoc,,
3495,1401,filterLoc,,
3495,1404,filterLoc,,
3495,1407,filterLoc,,
3495,1410,filterLoc,,
3495,1413,filterLoc,,
3495,1416,filterLoc,,
3495,1419,filterLoc,,
3495,1422,filterLoc,,;Evacuee;12;in triage category;R;is leaving helicopter;1
3495,1425,filterLoc,,
3495,1428,filterLoc,,
3495,1431,filterLoc,,
3495,1434,filterLoc,,
3495,1437,filterLoc,,
3495,1440,filterLoc,,
3495,1443,filterLoc,,
3495,1446,filterLoc,,
3495,1449,filterLoc,,
3495,1452,filterLoc,,
3495,1455,filterLoc,,
3495,1458,filterLoc,,
3495,1461,filterLoc,,
3495,1464,filterLoc,,
3495,1467,filterLoc,,
3495,1470,filterLoc,,
3495,1473,filterLoc,,
3495,1476,filterLoc,,
3495,1479,filterLoc,,
3495,1482,filterLoc,,
3495,1485,filterLoc,,
3495,1488,filterLoc,,
3495,1491,filterLoc,,
3495,1494,filterLoc,,
3495,1497,filterLoc,,
3495,1500,filterLoc,,
3495,1503,filterLoc,,
3495,1506,filterLoc,,
3495,1509,filterLoc,,
3495,956,filterLoc,out,Evacuee 10 in triage category R is not assigned a helicopter
3495,956,filterLoc,,
3495,957,evacuee,,Evacuee;10;in triage state;R;is entering the FOL
3495,1371,filterLoc,out,Evacuee 11 in triage category R is not assigned a helicopter
3495,1371,filterLoc,,
3495,1372,evacuee,,Evacuee;11;in triage state;R;is entering the FOL
3495,1422,filterLoc,out,Evacuee 12 in triage category R is not assigned a helicopter
3495,1422,filterLoc,,
3495,1423,evacuee,,Evacuee;12;in triage state;R;is entering the FOL
3495,222,FOL,,;EvacueeID;1;Triage Status;Y;EvacueeID;2;Triage Status;Y;EvacueeID;3;Triage Status;Y;EvacueeID;4;Triage Status;Y;EvacueeID;5;Triage Status;Y;EvacueeID;6;Triage Status;Y;EvacueeID;7;Triage Status;Y;EvacueeID;8;Triage Status;Y;EvacueeID;9;Triage Status;Y;EvacueeID;10;Triage Status;R;EvacueeID;11;Triage Status;R;EvacueeID;12;Triage Status;R;Lives Saved;12
3495,957,evacuee,outFOL,Evacuee 10 in triage category R is not assigned a helicopter
3495,957,evacuee,,Evacuee;10;in triage state;R;is at the FOL
3495,1372,evacuee,outFOL,Evacuee 11 in triage category R is not assigned a helicopter
3495,1372,evacuee,,Evacuee;11;in triage state;R;is at the FOL
3495,1423,evacuee,outFOL,Evacuee 12 in triage category R is not assigned a helicopter
3495,1423,evacuee,,Evacuee;12;in triage state;R;is at the FOL
3495,222,FOL,,;EvacueeID;1;Triage Status;Y;EvacueeID;2;Triage Status;Y;EvacueeID;3;Triage Status;Y;EvacueeID;4;Triage Status;Y;EvacueeID;5;Triage Status;Y;EvacueeID;6;Triage Status;Y;EvacueeID;7;Triage Status;Y;EvacueeID;8;Triage Status;Y;EvacueeID;9;Triage Status;Y;EvacueeID;10;Triage Status;R;EvacueeID;11;Triage Status;R;EvacueeID;12;Triage Status;R;Lives Saved;12
3510,1162,helicopter,,Helicopter;1;Is going to the evacuation site;;and has;0;spots taken
3585,5,helicopterQueue,,1;Helos are waiting to land;HeloID;1
3585,1162,helicopter,outES,Helicopter 1 is evacuating people1
3585,1162,helicopter,,Helicopter;1;is waiting to land at the evacuation site;;and has;0;spots taken
3585,4,helipadManager,,Helo;1;is at the ES
3585,5,helicopterQueue,outHM,Helicopter 1 is evacuating people1
3585,5,helicopterQueue,outHelo,Helicopter 1 is evacuating people1
3585,5,helicopterQueue,,;No helos are waiting to land
3585,1161,filterES,,Helicopter;1;is evacuating people
3585,1161,filterES,out,Helicopter 1 is evacuating people1
3585,1161,filterES,,
3585,1162,helicopter,,Helicopter;1;is waiting to land at the evacuation site;;and has;0;spots taken
3585,1162,helicopter,,Helicopter;1;is loading people at the evacuation site;;and has;0;spots taken
3600,3,evacueeManager,,OFF SHIP: White;0;Green;0;Yellow;0;Red;0;Black;488;ON SHIP: White;0;Green;0;Yellow;0;Red;0;Evacuees to Transfer;
3600,4,helipadManager,outEM,Helicopter 1 is evacuating people1
3600,4,helipadManager,outHelo,Helicopter 1 is evacuating people1
3600,4,helipadManager,,;No helos are at ES
3600,1161,filterES,,Helicopter;1;is evacuating people
3600,2,coastGuardShip,,The ship will arrive in 132 hours.
3600,3,evacueeManager,outHM,1
3600,3,evacueeManager,outCGS,1
3600,3,evacueeManager,,OFF SHIP: White;0;Green;0;Yellow;0;Red;0;Black;488;ON SHIP: White;0;Green;0;Yellow;0;Red;0;Evacuees to Transfer;
3600,4,helipadManager,outHQ,0
3600,4,helipadManager,,;No helos are at ES;Stopped evacuating people
3600,5,helicopterQueue,,;No helos are waiting to land
3600,1161,filterES,out,Helicopter 1 is evacuating people1
3600,1161,filterES,,
3600,1162,helicopter,,Helicopter;1;is loading people at the evacuation site;;and has;0;spots taken
3600,5,helicopterQueue,,;No helos are waiting to land
3600,1162,helicopter,,Helicopter;1;is returning to the FOL;;and has;0;spots taken
3675,1162,helicopter,,Helicopter;1;is unloading people at the FOL;;and has;0;spots taken
3690,1162,helicopter,,Helicopter;1;Is going to the evacuation site;;and has;0;spots taken
3765,5,helicopterQueue,,1;Helos are waiting to land;HeloID;1
3765,1162,helicopter,outES,Helicopter 1 is evacuating people1
3765,1162,helicopter,,Helicopter;1;is waiting to land at the evacuation site;;and has;0;spots taken
3765,4,helipadManager,,Helo;1;is at the ES;Stopped evacuating people
3765,5,helicopterQueue,outHM,Helicopter 1 is evacuating people1
3765,5,helicopterQueue,outHelo,Helicopter 1 is evacuating people1
3765,5,helicopterQueue,,;No helos are waiting to land
3765,1161,filterES,,Helicopter;1;is evacuating people
3765,1161,filterES,out,Helicopter 1 is evacuating people1
3765,1161,filterES,,
3765,1162,helicopter,,Helicopter;1;is waiting to land at the evacuation site;;and has;0;spots taken
3765,1162,helicopter,,Helicopter;1;is loading people at the evacuation site;;and has;0;spots taken
3780,4,helipadManager,outHelo,Helicopter 1 has stopped
3780,4,helipadManager,outHQ,1
3780,4,helipadManager,,Helo;1;is at the ES;Stopped evacuating people
3780,5,helicopterQueue,,;No helos are waiting to land
3780,1161,filterES,,Helicopter;1;has stopped
3780,5,helicopterQueue,,;No helos are waiting to land
3780,1161,filterES,out,Helicopter 1 has stopped
3780,1161,filterES,,
3780,1162,helicopter,,Helicopter;1;is loading people at the evacuation site;;and has;0;spots taken
3780,1162,helicopter,,Helicopter;1;is returning to the FOL;;and has;0;spots taken
3855,1162,helicopter,,Helicopter;1;is unloading people at the FOL;;and has;0;spots taken
11520,2,coastGuardShip,,There are no more evacuees.
11520,2,coastGuardShip,,There are no more evacuees.
11520,3,evacueeManager,,OFF SHIP: White;0;Green;0;Yellow;0;Red;0;Black;488;ON SHIP: White;0;Green;0;Yellow;0;Red;0;Evacuees to Transfer;
11520,4,helipadManager,,Helo;1;is at the ES;Stopped evacuating people
11520,5,helicopterQueue,,;No helos are waiting to land
11520,7,filterLoc,,
11520,8,evacuee,,Evacuee;500;in triage state;B;is at the evacuation site
11520,10,filterLoc,,
11520,11,evacuee,,Evacuee;498;in triage state;B;is at the evacuation site
11520,13,filterLoc,,
11520,14,evacuee,,Evacuee;494;in triage state;B;is at the evacuation site
11520,16,filterLoc,,
11520,17,evacuee,,Evacuee;492;in triage state;B;is at the evacuation site
11520,19,filterLoc,,
11520,20,evacuee,,Evacuee;489;in triage state;B;is at the evacuation site
11520,22,filterLoc,,
11520,23,evacuee,,Evacuee;486;in triage state;B;is at the evacuation site
11520,25,filterLoc,,
11520,26,evacuee,,Evacuee;484;in triage state;B;is at the evacuation site
11520,28,filterLoc,,
11520,29,evacuee,,Evacuee;483;in triage state;B;is at the evacuation site
11520,31,filterLoc,,
11520,32,evacuee,,Evacuee;482;in triage state;B;is at the evacuation site
11520,34,filterLoc,,
11520,35,evacuee,,Evacuee;499;in triage state;B;is at the evacuation site
11520,37,filterLoc,,
11520,38,evacuee,,Evacuee;479;in triage state;B;is at the evacuation site
11520,40,filterLoc,,
11520,41,evacuee,,Evacuee;478;in triage state;B;is at the evacuation site
11520,43,filterLoc,,
11520,44,evacuee,,Evacuee;476;in triage state;B;is at the evacuation site
11520,46,filterLoc,,
11520,47,evacuee,,Evacuee;475;in triage state;B;is at the evacuation site
11520,49,filterLoc,,
11520,50,evacuee,,Evacuee;472;in triage state;B;is at the evacuation site
11520,52,filterLoc,,
11520,53,evacuee,,Evacuee;471;in triage state;B;is at the evacuation site
11520,55,filterLoc,,
11520,56,evacuee,,Evacuee;468;in triage state;B;is at the evacuation site
11520,58,filterLoc,,
11520,59,evacuee,,Evacuee;463;in triage state;B;is at the evacuation site
11520,61,filterLoc,,
11520,62,evacuee,,Evacuee;462;in triage state;B;is at the evacuation site
11520,64,filterLoc,,
11520,65,evacuee,,Evacuee;461;in triage state;B;is at the evacuation site
11520,67,filterLoc,,
11520,68,evacuee,,Evacuee;459;in triage state;B;is at the evacuation site
11520,70,filterLoc,,
11520,71,evacuee,,Evacuee;495;in triage state;B;is at the evacuation site
11520,73,filterLoc,,
11520,74,evacuee,,Evacuee;477;in triage state;B;is at the evacuation site
11520,76,filterLoc,,
11520,77,evacuee,,Evacuee;458;in triage state;B;is at the evacuation site
11520,79,filterLoc,,
11520,80,evacuee,,Evacuee;456;in triage state;B;is at the evacuation site
11520,82,filterLoc,,
11520,83,evacuee,,Evacuee;455;in triage state;B;is at the evacuation site
11520,85,filterLoc,,
11520,86,evacuee,,Evacuee;448;in triage state;B;is at the evacuation site
11520,88,filterLoc,,
11520,89,evacuee,,Evacuee;445;in triage state;B;is at the evacuation site
11520,91,filterLoc,,
11520,92,evacuee,,Evacuee;442;in triage state;B;is at the evacuation site
11520,94,filterLoc,,
11520,95,evacuee,,Evacuee;441;in triage state;B;is at the evacuation site
11520,97,filterLoc,,
11520,98,evacuee,,Evacuee;439;in triage state;B;is at the evacuation site
11520,100,filterLoc,,
11520,101,evacuee,,Evacuee;437;in triage state;B;is at the evacuation site
11520,103,filterLoc,,
11520,104,evacuee,,Evacuee;436;in triage state;B;is at the evacuation site
11520,106,filterLoc,,
11520,107,evacuee,,Evacuee;434;in triage state;B;is at the evacuation site
11520,109,filterLoc,,
11520,110,evacuee,,Evacuee;433;in triage state;B;is at the evacuation site
11520,112,filterLoc,,
11520,113,evacuee,,Evacuee;428;in triage state;B;is at the evacuation site
11520,115,filterLoc,,
11520,116,evacuee,,Evacuee;426;in triage state;B;is at the evacuation site
11520,118,filterLoc,,
11520,119,evacuee,,Evacuee;423;in triage state;B;is at the evacuation site
11520,121,filterLoc,,
11520,122,evacuee,,Evacuee;420;in triage state;B;is at the evacuation site
11520,124,filterLoc,,
11520,125,evacuee,,Evacuee;419;in triage state;B;is at the evacuation site
11520,127,filterLoc,,
11520,128,evacuee,,Evacuee;414;in triage state;B;is at the evacuation site
11520,130,filterLoc,,
11520,131,evacuee,,Evacuee;411;in triage state;B;is at the evacuation site
11520,133,filterLoc,,
11520,134,evacuee,,Evacuee;422;in triage state;B;is at the evacuation site
11520,136,filterLoc,,
11520,137,evacuee,,Evacuee;409;in triage state;B;is at the evacuation site
11520,139,filterLoc,,
11520,140,evacuee,,Evacuee;408;in triage state;B;is at the evacuation site
11520,142,filterLoc,,
11520,143,evacuee,,Evacuee;406;in triage state;B;is at the evacuation site
11520,145,filterLoc,,
11520,146,evacuee,,Evacuee;404;in triage state;B;is at the evacuation site
11520,148,filterLoc,,
11520,149,evacuee,,Evacuee;403;in triage state;B;is at the evacuation site
11520,151,filterLoc,,
11520,152,evacuee,,Evacuee;401;in triage state;B;is at the evacuation site
11520,154,filterLoc,,
11520,155,evacuee,,Evacuee;398;in triage state;B;is at the evacuation site
11520,157,filterLoc,,
11520,158,evacuee,,Evacuee;397;in triage state;B;is at the evacuation site
11520,160,filterLoc,,
11520,161,evacuee,,Evacuee;452;in triage state;B;is at the evacuation site
11520,163,filterLoc,,
11520,164,evacuee,,Evacuee;396;in triage state;B;is at the evacuation site
11520,166,filterLoc,,
11520,167,evacuee,,Evacuee;395;in triage state;B;is at the evacuation site
11520,169,filterLoc,,
11520,170,evacuee,,Evacuee;393;in triage state;B;is at the evacuation site
11520,172,filterLoc,,
11520,173,evacuee,,Evacuee;392;in triage state;B;is at the evacuation site
11520,175,filterLoc,,
11520,176,evacuee,,Evacuee;389;in triage state;B;is at the evacuation site
11520,178,filterLoc,,
11520,179,evacuee,,Evacuee;384;in triage state;B;is at the evacuation site
11520,181,filterLoc,,
11520,182,evacuee,,Evacuee;430;in triage state;B;is at the evacuation site
11520,184,filterLoc,,
11520,185,evacuee,,Evacuee;383;in triage state;B;is at the evacuation site
11520,187,filterLoc,,
11520,188,evacuee,,Evacuee;480;in triage state;B;is at the evacuation site
11520,190,filterLoc,,
11520,191,evacuee,,Evacuee;382;in triage state;B;is at the evacuation site
11520,193,filterLoc,,
11520,194,evacuee,,Evacuee;381;in triage state;B;is at the evacuation site
11520,196,filterLoc,,
11520,197,evacuee,,Evacuee;427;in triage state;B;is at the evacuation site
11520,199,filterLoc,,
11520,200,evacuee,,Evacuee;380;in triage state;B;is at the evacuation site
11520,202,filterLoc,,
11520,203,evacuee,,Evacuee;379;in triage state;B;is at the evacuation site
11520,205,filterLoc,,
11520,206,evacuee,,Evacuee;378;in triage state;B;is at the evacuation site
11520,208,filterLoc,,
11520,209,evacuee,,Evacuee;377;in triage state;B;is at the evacuation site
11520,211,filterLoc,,
11520,212,evacuee,,Evacuee;375;in triage state;B;is at the evacuation site
11520,214,filterLoc,,
11520,215,evacuee,,Evacuee;374;in triage state;B;is at the evacuation site
11520,217,filterLoc,,
11520,218,evacuee,,Evacuee;372;in triage state;B;is at the evacuation site
11520,220,filterLoc,,
11520,221,evacuee,,Evacuee;371;in triage state;B;is at the evacuation site
11520,222,FOL,,;EvacueeID;1;Triage Status;Y;EvacueeID;2;Triage Status;Y;EvacueeID;3;Triage Status;Y;EvacueeID;4;Triage Status;Y;EvacueeID;5;Triage Status;Y;EvacueeID;6;Triage Status;Y;EvacueeID;7;Triage Status;Y;EvacueeID;8;Triage Status;Y;EvacueeID;9;Triage Status;Y;EvacueeID;10;Triage Status;R;EvacueeID;11;Triage Status;R;EvacueeID;12;Triage Status;R;Lives Saved;12
11520,224,filterLoc,,
11520,225,evacuee,,Evacuee;370;in triage state;B;is at the evacuation site
11520,227,filterLoc,,
11520,228,evacuee,,Evacuee;457;in triage state;B;is at the evacuation site
11520,230,filterLoc,,
11520,231,evacuee,,Evacuee;369;in triage state;B;is at the evacuation site
11520,233,filterLoc,,
11520,234,evacuee,,Evacuee;366;in triage state;B;is at the evacuation site
11520,236,filterLoc,,
11520,237,evacuee,,Evacuee;362;in triage state;B;is at the evacuation site
11520,239,filterLoc,,
11520,240,evacuee,,Evacuee;425;in triage state;B;is at the evacuation site
11520,242,filterLoc,,
11520,243,evacuee,,Evacuee;360;in triage state;B;is at the evacuation site
11520,245,filterLoc,,
11520,246,evacuee,,Evacuee;357;in triage state;B;is at the evacuation site
11520,248,filterLoc,,
11520,249,evacuee,,Evacuee;354;in triage state;B;is at the evacuation site
11520,251,filterLoc,,
11520,252,evacuee,,Evacuee;353;in triage state;B;is at the evacuation site
11520,254,filterLoc,,
11520,255,evacuee,,Evacuee;351;in triage state;B;is at the evacuation site
11520,257,filterLoc,,
11520,258,evacuee,,Evacuee;349;in triage state;B;is at the evacuation site
11520,260,filterLoc,,
11520,261,evacuee,,Evacuee;348;in triage state;B;is at the evacuation site
11520,263,filterLoc,,
11520,264,evacuee,,Evacuee;346;in triage state;B;is at the evacuation site
11520,266,filterLoc,,
11520,267,evacuee,,Evacuee;341;in triage state;B;is at the evacuation site
11520,269,filterLoc,,
11520,270,evacuee,,Evacuee;340;in triage state;B;is at the evacuation site
11520,272,filterLoc,,
11520,273,evacuee,,Evacuee;338;in triage state;B;is at the evacuation site
11520,275,filterLoc,,
11520,276,evacuee,,Evacuee;335;in triage state;B;is at the evacuation site
11520,278,filterLoc,,
11520,279,evacuee,,Evacuee;331;in triage state;B;is at the evacuation site
11520,281,filterLoc,,
11520,282,evacuee,,Evacuee;330;in triage state;B;is at the evacuation site
11520,284,filterLoc,,
11520,285,evacuee,,Evacuee;328;in triage state;B;is at the evacuation site
11520,287,filterLoc,,
11520,288,evacuee,,Evacuee;327;in triage state;B;is at the evacuation site
11520,290,filterLoc,,
11520,291,evacuee,,Evacuee;410;in triage state;B;is at the evacuation site
11520,293,filterLoc,,
11520,294,evacuee,,Evacuee;326;in triage state;B;is at the evacuation site
11520,296,filterLoc,,
11520,297,evacuee,,Evacuee;466;in triage state;B;is at the evacuation site
11520,299,filterLoc,,
11520,300,evacuee,,Evacuee;325;in triage state;B;is at the evacuation site
11520,302,filterLoc,,
11520,303,evacuee,,Evacuee;365;in triage state;B;is at the evacuation site
11520,305,filterLoc,,
11520,306,evacuee,,Evacuee;322;in triage state;B;is at the evacuation site
11520,308,filterLoc,,
11520,309,evacuee,,Evacuee;321;in triage state;B;is at the evacuation site
11520,311,filterLoc,,
11520,312,evacuee,,Evacuee;319;in triage state;B;is at the evacuation site
11520,314,filterLoc,,
11520,315,evacuee,,Evacuee;318;in triage state;B;is at the evacuation site
11520,317,filterLoc,,
11520,318,evacuee,,Evacuee;317;in triage state;B;is at the evacuation site
11520,320,filterLoc,,
11520,321,evacuee,,Evacuee;460;in triage state;B;is at the evacuation site
11520,323,filterLoc,,
11520,324,evacuee,,Evacuee;316;in triage state;B;is at the evacuation site
11520,326,filterLoc,,
11520,327,evacuee,,Evacuee;446;in triage state;B;is at the evacuation site
11520,329,filterLoc,,
11520,330,evacuee,,Evacuee;313;in triage state;B;is at the evacuation site
11520,332,filterLoc,,
11520,333,evacuee,,Evacuee;443;in triage state;B;is at the evacuation site
11520,335,filterLoc,,
11520,336,evacuee,,Evacuee;312;in triage state;B;is at the evacuation site
11520,338,filterLoc,,
11520,339,evacuee,,Evacuee;309;in triage state;B;is at the evacuation site
11520,341,filterLoc,,
11520,342,evacuee,,Evacuee;306;in triage state;B;is at the evacuation site
11520,344,filterLoc,,
11520,345,evacuee,,Evacuee;305;in triage state;B;is at the evacuation site
11520,347,filterLoc,,
11520,348,evacuee,,Evacuee;303;in triage state;B;is at the evacuation site
11520,350,filterLoc,,
11520,351,evacuee,,Evacuee;295;in triage state;B;is at the evacuation site
11520,353,filterLoc,,
11520,354,evacuee,,Evacuee;352;in triage state;B;is at the evacuation site
11520,356,filterLoc,,
11520,357,evacuee,,Evacuee;293;in triage state;B;is at the evacuation site
11520,359,filterLoc,,
11520,360,evacuee,,Evacuee;488;in triage state;B;is at the evacuation site
11520,362,filterLoc,,
11520,363,evacuee,,Evacuee;413;in triage state;B;is at the evacuation site
11520,365,filterLoc,,
11520,366,evacuee,,Evacuee;292;in triage state;B;is at the evacuation site
11520,368,filterLoc,,
11520,369,evacuee,,Evacuee;291;in triage state;B;is at the evacuation site
11520,371,filterLoc,,
11520,372,evacuee,,Evacuee;290;in triage state;B;is at the evacuation site
11520,374,filterLoc,,
11520,375,evacuee,,Evacuee;350;in triage state;B;is at the evacuation site
11520,377,filterLoc,,
11520,378,evacuee,,Evacuee;288;in triage state;B;is at the evacuation site
11520,380,filterLoc,,
11520,381,evacuee,,Evacuee;287;in triage state;B;is at the evacuation site
11520,383,filterLoc,,
11520,384,evacuee,,Evacuee;415;in triage state;B;is at the evacuation site
11520,386,filterLoc,,
11520,387,evacuee,,Evacuee;376;in triage state;B;is at the evacuation site
11520,389,filterLoc,,
11520,390,evacuee,,Evacuee;284;in triage state;B;is at the evacuation site
11520,392,filterLoc,,
11520,393,evacuee,,Evacuee;283;in triage state;B;is at the evacuation site
11520,395,filterLoc,,
11520,396,evacuee,,Evacuee;282;in triage state;B;is at the evacuation site
11520,398,filterLoc,,
11520,399,evacuee,,Evacuee;281;in triage state;B;is at the evacuation site
11520,401,filterLoc,,
11520,402,evacuee,,Evacuee;280;in triage state;B;is at the evacuation site
11520,404,filterLoc,,
11520,405,evacuee,,Evacuee;333;in triage state;B;is at the evacuation site
11520,407,filterLoc,,
11520,408,evacuee,,Evacuee;279;in triage state;B;is at the evacuation site
11520,410,filterLoc,,
11520,411,evacuee,,Evacuee;278;in triage state;B;is at the evacuation site
11520,413,filterLoc,,
11520,414,evacuee,,Evacuee;277;in triage state;B;is at the evacuation site
11520,416,filterLoc,,
11520,417,evacuee,,Evacuee;315;in triage state;B;is at the evacuation site
11520,419,filterLoc,,
11520,420,evacuee,,Evacuee;274;in triage state;B;is at the evacuation site
11520,422,filterLoc,,
11520,423,evacuee,,Evacuee;273;in triage state;B;is at the evacuation site
11520,425,filterLoc,,
11520,426,evacuee,,Evacuee;337;in triage state;B;is at the evacuation site
11520,428,filterLoc,,
11520,429,evacuee,,Evacuee;301;in triage state;B;is at the evacuation site
11520,431,filterLoc,,
11520,432,evacuee,,Evacuee;272;in triage state;B;is at the evacuation site
11520,434,filterLoc,,
11520,435,evacuee,,Evacuee;270;in triage state;B;is at the evacuation site
11520,437,filterLoc,,
11520,438,evacuee,,Evacuee;264;in triage state;B;is at the evacuation site
11520,440,filterLoc,,
11520,441,evacuee,,Evacuee;262;in triage state;B;is at the evacuation site
11520,443,filterLoc,,
11520,444,evacuee,,Evacuee;260;in triage state;B;is at the evacuation site
11520,446,filterLoc,,
11520,447,evacuee,,Evacuee;259;in triage state;B;is at the evacuation site
11520,449,filterLoc,,
11520,450,evacuee,,Evacuee;125;in triage state;B;is at the evacuation site
11520,452,filterLoc,,
11520,453,evacuee,,Evacuee;114;in triage state;B;is at the evacuation site
11520,455,filterLoc,,
11520,456,evacuee,,Evacuee;289;in triage state;B;is at the evacuation site
11520,458,filterLoc,,
11520,459,evacuee,,Evacuee;88;in triage state;B;is at the evacuation site
11520,461,filterLoc,,
11520,462,evacuee,,Evacuee;449;in triage state;B;is at the evacuation site
11520,464,filterLoc,,
11520,465,evacuee,,Evacuee;122;in triage state;B;is at the evacuation site
11520,467,filterLoc,,
11520,468,evacuee,,Evacuee;108;in triage state;B;is at the evacuation site
11520,470,filterLoc,,
11520,471,evacuee,,Evacuee;276;in triage state;B;is at the evacuation site
11520,473,filterLoc,,
11520,474,evacuee,,Evacuee;121;in triage state;B;is at the evacuation site
11520,476,filterLoc,,
11520,477,evacuee,,Evacuee;386;in triage state;B;is at the evacuation site
11520,479,filterLoc,,
11520,480,evacuee,,Evacuee;117;in triage state;B;is at the evacuation site
11520,482,filterLoc,,
11520,483,evacuee,,Evacuee;192;in triage state;B;is at the evacuation site
11520,485,filterLoc,,
11520,486,evacuee,,Evacuee;432;in triage state;B;is at the evacuation site
11520,488,filterLoc,,
11520,489,evacuee,,Evacuee;245;in triage state;B;is at the evacuation site
11520,491,filterLoc,,
11520,492,evacuee,,Evacuee;310;in triage state;B;is at the evacuation site
11520,494,filterLoc,,
11520,495,evacuee,,Evacuee;118;in triage state;B;is at the evacuation site
11520,497,filterLoc,,
11520,498,evacuee,,Evacuee;491;in triage state;B;is at the evacuation site
11520,500,filterLoc,,
11520,501,evacuee,,Evacuee;470;in triage state;B;is at the evacuation site
11520,503,filterLoc,,
11520,504,evacuee,,Evacuee;469;in triage state;B;is at the evacuation site
11520,506,filterLoc,,
11520,507,evacuee,,Evacuee;215;in triage state;B;is at the evacuation site
11520,509,filterLoc,,
11520,510,evacuee,,Evacuee;345;in triage state;B;is at the evacuation site
11520,512,filterLoc,,
11520,513,evacuee,,Evacuee;302;in triage state;B;is at the evacuation site
11520,515,filterLoc,,
11520,516,evacuee,,Evacuee;112;in triage state;B;is at the evacuation site
11520,518,filterLoc,,
11520,519,evacuee,,Evacuee;299;in triage state;B;is at the evacuation site
11520,521,filterLoc,,
11520,522,evacuee,,Evacuee;109;in triage state;B;is at the evacuation site
11520,524,filterLoc,,
11520,525,evacuee,,Evacuee;373;in triage state;B;is at the evacuation site
11520,527,filterLoc,,
11520,528,evacuee,,Evacuee;358;in triage state;B;is at the evacuation site
11520,530,filterLoc,,
11520,531,evacuee,,Evacuee;188;in triage state;B;is at the evacuation site
11520,533,filterLoc,,
11520,534,evacuee,,Evacuee;106;in triage state;B;is at the evacuation site
11520,536,filterLoc,,
11520,537,evacuee,,Evacuee;311;in triage state;B;is at the evacuation site
11520,539,filterLoc,,
11520,540,evacuee,,Evacuee;148;in triage state;B;is at the evacuation site
11520,542,filterLoc,,
11520,543,evacuee,,Evacuee;235;in triage state;B;is at the evacuation site
11520,545,filterLoc,,
11520,546,evacuee,,Evacuee;105;in triage state;B;is at the evacuation site
11520,548,filterLoc,,
11520,549,evacuee,,Evacuee;424;in triage state;B;is at the evacuation site
11520,551,filterLoc,,
11520,552,evacuee,,Evacuee;269;in triage state;B;is at the evacuation site
11520,554,filterLoc,,
11520,555,evacuee,,Evacuee;103;in triage state;B;is at the evacuation site
11520,557,filterLoc,,
11520,558,evacuee,,Evacuee;124;in triage state;B;is at the evacuation site
11520,560,filterLoc,,
11520,561,evacuee,,Evacuee;111;in triage state;B;is at the evacuation site
11520,563,filterLoc,,
11520,564,evacuee,,Evacuee;39;in triage state;B;is at the evacuation site
11520,566,filterLoc,,
11520,567,evacuee,,Evacuee;228;in triage state;B;is at the evacuation site
11520,569,filterLoc,,
11520,570,evacuee,,Evacuee;497;in triage state;B;is at the evacuation site
11520,572,filterLoc,,
11520,573,evacuee,,Evacuee;101;in triage state;B;is at the evacuation site
11520,575,filterLoc,,
11520,576,evacuee,,Evacuee;142;in triage state;B;is at the evacuation site
11520,578,filterLoc,,
11520,579,evacuee,,Evacuee;99;in triage state;B;is at the evacuation site
11520,581,filterLoc,,
11520,582,evacuee,,Evacuee;485;in triage state;B;is at the evacuation site
11520,584,filterLoc,,
11520,585,evacuee,,Evacuee;324;in triage state;B;is at the evacuation site
11520,587,filterLoc,,
11520,588,evacuee,,Evacuee;95;in triage state;B;is at the evacuation site
11520,590,filterLoc,,
11520,591,evacuee,,Evacuee;447;in triage state;B;is at the evacuation site
11520,593,filterLoc,,
11520,594,evacuee,,Evacuee;361;in triage state;B;is at the evacuation site
11520,596,filterLoc,,
11520,597,evacuee,,Evacuee;342;in triage state;B;is at the evacuation site
11520,599,filterLoc,,
11520,600,evacuee,,Evacuee;93;in triage state;B;is at the evacuation site
11520,602,filterLoc,,
11520,603,evacuee,,Evacuee;136;in triage state;B;is at the evacuation site
11520,605,filterLoc,,
11520,606,evacuee,,Evacuee;412;in triage state;B;is at the evacuation site
11520,608,filterLoc,,
11520,609,evacuee,,Evacuee;90;in triage state;B;is at the evacuation site
11520,611,filterLoc,,
11520,612,evacuee,,Evacuee;1;in triage state;Y;is at the FOL
11520,614,filterLoc,,
11520,615,evacuee,,Evacuee;83;in triage state;B;is at the evacuation site
11520,617,filterLoc,,
11520,618,evacuee,,Evacuee;127;in triage state;B;is at the evacuation site
11520,620,filterLoc,,
11520,621,evacuee,,Evacuee;49;in triage state;B;is at the evacuation site
11520,623,filterLoc,,
11520,624,evacuee,,Evacuee;87;in triage state;B;is at the evacuation site
11520,626,filterLoc,,
11520,627,evacuee,,Evacuee;297;in triage state;B;is at the evacuation site
11520,629,filterLoc,,
11520,630,evacuee,,Evacuee;86;in triage state;B;is at the evacuation site
11520,632,filterLoc,,
11520,633,evacuee,,Evacuee;51;in triage state;B;is at the evacuation site
11520,635,filterLoc,,
11520,636,evacuee,,Evacuee;444;in triage state;B;is at the evacuation site
11520,638,filterLoc,,
11520,639,evacuee,,Evacuee;80;in triage state;B;is at the evacuation site
11520,641,filterLoc,,
11520,642,evacuee,,Evacuee;79;in triage state;B;is at the evacuation site
11520,644,filterLoc,,
11520,645,evacuee,,Evacuee;115;in triage state;B;is at the evacuation site
11520,647,filterLoc,,
11520,648,evacuee,,Evacuee;98;in triage state;B;is at the evacuation site
11520,650,filterLoc,,
11520,651,evacuee,,Evacuee;356;in triage state;B;is at the evacuation site
11520,653,filterLoc,,
11520,654,evacuee,,Evacuee;78;in triage state;B;is at the evacuation site
11520,656,filterLoc,,
11520,657,evacuee,,Evacuee;213;in triage state;B;is at the evacuation site
11520,659,filterLoc,,
11520,660,evacuee,,Evacuee;344;in triage state;B;is at the evacuation site
11520,662,filterLoc,,
11520,663,evacuee,,Evacuee;77;in triage state;B;is at the evacuation site
11520,665,filterLoc,,
11520,666,evacuee,,Evacuee;156;in triage state;B;is at the evacuation site
11520,668,filterLoc,,
11520,669,evacuee,,Evacuee;300;in triage state;B;is at the evacuation site
11520,671,filterLoc,,
11520,672,evacuee,,Evacuee;165;in triage state;B;is at the evacuation site
11520,674,filterLoc,,
11520,675,evacuee,,Evacuee;454;in triage state;B;is at the evacuation site
11520,677,filterLoc,,
11520,678,evacuee,,Evacuee;440;in triage state;B;is at the evacuation site
11520,680,filterLoc,,
11520,681,evacuee,,Evacuee;76;in triage state;B;is at the evacuation site
11520,683,filterLoc,,
11520,684,evacuee,,Evacuee;431;in triage state;B;is at the evacuation site
11520,686,filterLoc,,
11520,687,evacuee,,Evacuee;74;in triage state;B;is at the evacuation site
11520,689,filterLoc,,
11520,690,evacuee,,Evacuee;363;in triage state;B;is at the evacuation site
11520,692,filterLoc,,
11520,693,evacuee,,Evacuee;251;in triage state;B;is at the evacuation site
11520,695,filterLoc,,
11520,696,evacuee,,Evacuee;134;in triage state;B;is at the evacuation site
11520,698,filterLoc,,
11520,699,evacuee,,Evacuee;199;in triage state;B;is at the evacuation site
11520,701,filterLoc,,
11520,702,evacuee,,Evacuee;66;in triage state;B;is at the evacuation site
11520,704,filterLoc,,
11520,705,evacuee,,Evacuee;62;in triage state;B;is at the evacuation site
11520,707,filterLoc,,
11520,708,evacuee,,Evacuee;223;in triage state;B;is at the evacuation site
11520,710,filterLoc,,
11520,711,evacuee,,Evacuee;465;in triage state;B;is at the evacuation site
11520,713,filterLoc,,
11520,714,evacuee,,Evacuee;60;in triage state;B;is at the evacuation site
11520,716,filterLoc,,
11520,717,evacuee,,Evacuee;385;in triage state;B;is at the evacuation site
11520,719,filterLoc,,
11520,720,evacuee,,Evacuee;181;in triage state;B;is at the evacuation site
11520,722,filterLoc,,
11520,723,evacuee,,Evacuee;135;in triage state;B;is at the evacuation site
11520,725,filterLoc,,
11520,726,evacuee,,Evacuee;15;in triage state;B;is at the evacuation site
11520,728,filterLoc,,
11520,729,evacuee,,Evacuee;474;in triage state;B;is at the evacuation site
11520,731,filterLoc,,
11520,732,evacuee,,Evacuee;17;in triage state;B;is at the evacuation site
11520,734,filterLoc,,
11520,735,evacuee,,Evacuee;481;in triage state;B;is at the evacuation site
11520,737,filterLoc,,
11520,738,evacuee,,Evacuee;179;in triage state;B;is at the evacuation site
11520,740,filterLoc,,
11520,741,evacuee,,Evacuee;147;in triage state;B;is at the evacuation site
11520,743,filterLoc,,
11520,744,evacuee,,Evacuee;14;in triage state;B;is at the evacuation site
11520,746,filterLoc,,
11520,747,evacuee,,Evacuee;65;in triage state;B;is at the evacuation site
11520,749,filterLoc,,
11520,750,evacuee,,Evacuee;218;in triage state;B;is at the evacuation site
11520,752,filterLoc,,
11520,753,evacuee,,Evacuee;453;in triage state;B;is at the evacuation site
11520,755,filterLoc,,
11520,756,evacuee,,Evacuee;285;in triage state;B;is at the evacuation site
11520,758,filterLoc,,
11520,759,evacuee,,Evacuee;89;in triage state;B;is at the evacuation site
11520,761,filterLoc,,
11520,762,evacuee,,Evacuee;394;in triage state;B;is at the evacuation site
11520,764,filterLoc,,
11520,765,evacuee,,Evacuee;240;in triage state;B;is at the evacuation site
11520,767,filterLoc,,
11520,768,evacuee,,Evacuee;8;in triage state;Y;is at the FOL
11520,770,filterLoc,,
11520,771,evacuee,,Evacuee;355;in triage state;B;is at the evacuation site
11520,773,filterLoc,,
11520,774,evacuee,,Evacuee;23;in triage state;B;is at the evacuation site
11520,776,filterLoc,,
11520,777,evacuee,,Evacuee;200;in triage state;B;is at the evacuation site
11520,779,filterLoc,,
11520,780,evacuee,,Evacuee;255;in triage state;B;is at the evacuation site
11520,782,filterLoc,,
11520,783,evacuee,,Evacuee;18;in triage state;B;is at the evacuation site
11520,785,filterLoc,,
11520,786,evacuee,,Evacuee;368;in triage state;B;is at the evacuation site
11520,788,filterLoc,,
11520,789,evacuee,,Evacuee;4;in triage state;Y;is at the FOL
11520,791,filterLoc,,
11520,792,evacuee,,Evacuee;387;in triage state;B;is at the evacuation site
11520,794,filterLoc,,
11520,795,evacuee,,Evacuee;246;in triage state;B;is at the evacuation site
11520,797,filterLoc,,
11520,798,evacuee,,Evacuee;220;in triage state;B;is at the evacuation site
11520,800,filterLoc,,
11520,801,evacuee,,Evacuee;173;in triage state;B;is at the evacuation site
11520,803,filterLoc,,
11520,804,evacuee,,Evacuee;157;in triage state;B;is at the evacuation site
11520,806,filterLoc,,
11520,807,evacuee,,Evacuee;451;in triage state;B;is at the evacuation site
11520,809,filterLoc,,
11520,810,evacuee,,Evacuee;359;in triage state;B;is at the evacuation site
11520,812,filterLoc,,
11520,813,evacuee,,Evacuee;286;in triage state;B;is at the evacuation site
11520,815,filterLoc,,
11520,816,evacuee,,Evacuee;196;in triage state;B;is at the evacuation site
11520,818,filterLoc,,
11520,819,evacuee,,Evacuee;407;in triage state;B;is at the evacuation site
11520,821,filterLoc,,
11520,822,evacuee,,Evacuee;132;in triage state;B;is at the evacuation site
11520,824,filterLoc,,
11520,825,evacuee,,Evacuee;31;in triage state;B;is at the evacuation site
11520,827,filterLoc,,
11520,828,evacuee,,Evacuee;38;in triage state;B;is at the evacuation site
11520,830,filterLoc,,
11520,831,evacuee,,Evacuee;2;in triage state;Y;is at the FOL
11520,833,filterLoc,,
11520,834,evacuee,,Evacuee;33;in triage state;B;is at the evacuation site
11520,836,filterLoc,,
11520,837,evacuee,,Evacuee;271;in triage state;B;is at the evacuation site
11520,839,filterLoc,,
11520,840,evacuee,,Evacuee;9;in triage state;Y;is at the FOL
11520,842,filterLoc,,
11520,843,evacuee,,Evacuee;25;in triage state;B;is at the evacuation site
11520,845,filterLoc,,
11520,846,evacuee,,Evacuee;334;in triage state;B;is at the evacuation site
11520,848,filterLoc,,
11520,849,evacuee,,Evacuee;70;in triage state;B;is at the evacuation site
11520,851,filterLoc,,
11520,852,evacuee,,Evacuee;5;in triage state;Y;is at the FOL
11520,854,filterLoc,,
11520,855,evacuee,,Evacuee;250;in triage state;B;is at the evacuation site
11520,857,filterLoc,,
11520,858,evacuee,,Evacuee;107;in triage state;B;is at the evacuation site
11520,860,filterLoc,,
11520,861,evacuee,,Evacuee;229;in triage state;B;is at the evacuation site
11520,863,filterLoc,,
11520,864,evacuee,,Evacuee;110;in triage state;B;is at the evacuation site
11520,866,filterLoc,,
11520,867,evacuee,,Evacuee;141;in triage state;B;is at the evacuation site
11520,869,filterLoc,,
11520,870,evacuee,,Evacuee;133;in triage state;B;is at the evacuation site
11520,872,filterLoc,,
11520,873,evacuee,,Evacuee;493;in triage state;B;is at the evacuation site
11520,875,filterLoc,,
11520,876,evacuee,,Evacuee;473;in triage state;B;is at the evacuation site
11520,878,filterLoc,,
11520,879,evacuee,,Evacuee;400;in triage state;B;is at the evacuation site
11520,881,filterLoc,,
11520,882,evacuee,,Evacuee;268;in triage state;B;is at the evacuation site
11520,884,filterLoc,,
11520,885,evacuee,,Evacuee;100;in triage state;B;is at the evacuation site
11520,887,filterLoc,,
11520,888,evacuee,,Evacuee;29;in triage state;B;is at the evacuation site
11520,890,filterLoc,,
11520,891,evacuee,,Evacuee;158;in triage state;B;is at the evacuation site
11520,893,filterLoc,,
11520,894,evacuee,,Evacuee;187;in triage state;B;is at the evacuation site
11520,896,filterLoc,,
11520,897,evacuee,,Evacuee;85;in triage state;B;is at the evacuation site
11520,899,filterLoc,,
11520,900,evacuee,,Evacuee;487;in triage state;B;is at the evacuation site
11520,902,filterLoc,,
11520,903,evacuee,,Evacuee;71;in triage state;B;is at the evacuation site
11520,905,filterLoc,,
11520,906,evacuee,,Evacuee;332;in triage state;B;is at the evacuation site
11520,908,filterLoc,,
11520,909,evacuee,,Evacuee;81;in triage state;B;is at the evacuation site
11520,911,filterLoc,,
11520,912,evacuee,,Evacuee;104;in triage state;B;is at the evacuation site
11520,914,filterLoc,,
11520,915,evacuee,,Evacuee;40;in triage state;B;is at the evacuation site
11520,917,filterLoc,,
11520,918,evacuee,,Evacuee;97;in triage state;B;is at the evacuation site
11520,920,filterLoc,,
11520,921,evacuee,,Evacuee;3;in triage state;Y;is at the FOL
11520,923,filterLoc,,
11520,924,evacuee,,Evacuee;172;in triage state;B;is at the evacuation site
11520,926,filterLoc,,
11520,927,evacuee,,Evacuee;256;in triage state;B;is at the evacuation site
11520,929,filterLoc,,
11520,930,evacuee,,Evacuee;119;in triage state;B;is at the evacuation site
11520,932,filterLoc,,
11520,933,evacuee,,Evacuee;6;in triage state;Y;is at the FOL
11520,935,filterLoc,,
11520,936,evacuee,,Evacuee;347;in triage state;B;is at the evacuation site
11520,938,filterLoc,,
11520,939,evacuee,,Evacuee;82;in triage state;B;is at the evacuation site
11520,941,filterLoc,,
11520,942,evacuee,,Evacuee;54;in triage state;B;is at the evacuation site
11520,944,filterLoc,,
11520,945,evacuee,,Evacuee;22;in triage state;B;is at the evacuation site
11520,947,filterLoc,,
11520,948,evacuee,,Evacuee;92;in triage state;B;is at the evacuation site
11520,950,filterLoc,,
11520,951,evacuee,,Evacuee;44;in triage state;B;is at the evacuation site
11520,953,filterLoc,,
11520,954,evacuee,,Evacuee;150;in triage state;B;is at the evacuation site
11520,956,filterLoc,,
11520,957,evacuee,,Evacuee;10;in triage state;R;is at the FOL
11520,959,filterLoc,,
11520,960,evacuee,,Evacuee;26;in triage state;B;is at the evacuation site
11520,962,filterLoc,,
11520,963,evacuee,,Evacuee;343;in triage state;B;is at the evacuation site
11520,965,filterLoc,,
11520,966,evacuee,,Evacuee;241;in triage state;B;is at the evacuation site
11520,968,filterLoc,,
11520,969,evacuee,,Evacuee;418;in triage state;B;is at the evacuation site
11520,971,filterLoc,,
11520,972,evacuee,,Evacuee;75;in triage state;B;is at the evacuation site
11520,974,filterLoc,,
11520,975,evacuee,,Evacuee;37;in triage state;B;is at the evacuation site
11520,977,filterLoc,,
11520,978,evacuee,,Evacuee;496;in triage state;B;is at the evacuation site
11520,980,filterLoc,,
11520,981,evacuee,,Evacuee;209;in triage state;B;is at the evacuation site
11520,983,filterLoc,,
11520,984,evacuee,,Evacuee;402;in triage state;B;is at the evacuation site
11520,986,filterLoc,,
11520,987,evacuee,,Evacuee;320;in triage state;B;is at the evacuation site
11520,989,filterLoc,,
11520,990,evacuee,,Evacuee;116;in triage state;B;is at the evacuation site
11520,992,filterLoc,,
11520,993,evacuee,,Evacuee;61;in triage state;B;is at the evacuation site
11520,995,filterLoc,,
11520,996,evacuee,,Evacuee;52;in triage state;B;is at the evacuation site
11520,998,filterLoc,,
11520,999,evacuee,,Evacuee;41;in triage state;B;is at the evacuation site
11520,1001,filterLoc,,
11520,1002,evacuee,,Evacuee;304;in triage state;B;is at the evacuation site
11520,1004,filterLoc,,
11520,1005,evacuee,,Evacuee;154;in triage state;B;is at the evacuation site
11520,1007,filterLoc,,
11520,1008,evacuee,,Evacuee;421;in triage state;B;is at the evacuation site
11520,1010,filterLoc,,
11520,1011,evacuee,,Evacuee;405;in triage state;B;is at the evacuation site
11520,1013,filterLoc,,
11520,1014,evacuee,,Evacuee;21;in triage state;B;is at the evacuation site
11520,1016,filterLoc,,
11520,1017,evacuee,,Evacuee;68;in triage state;B;is at the evacuation site
11520,1019,filterLoc,,
11520,1020,evacuee,,Evacuee;72;in triage state;B;is at the evacuation site
11520,1022,filterLoc,,
11520,1023,evacuee,,Evacuee;46;in triage state;B;is at the evacuation site
11520,1025,filterLoc,,
11520,1026,evacuee,,Evacuee;53;in triage state;B;is at the evacuation site
11520,1028,filterLoc,,
11520,1029,evacuee,,Evacuee;13;in triage state;B;is at the evacuation site
11520,1031,filterLoc,,
11520,1032,evacuee,,Evacuee;24;in triage state;B;is at the evacuation site
11520,1034,filterLoc,,
11520,1035,evacuee,,Evacuee;32;in triage state;B;is at the evacuation site
11520,1037,filterLoc,,
11520,1038,evacuee,,Evacuee;34;in triage state;B;is at the evacuation site
11520,1040,filterLoc,,
11520,1041,evacuee,,Evacuee;64;in triage state;B;is at the evacuation site
11520,1043,filterLoc,,
11520,1044,evacuee,,Evacuee;429;in triage state;B;is at the evacuation site
11520,1046,filterLoc,,
11520,1047,evacuee,,Evacuee;102;in triage state;B;is at the evacuation site
11520,1049,filterLoc,,
11520,1050,evacuee,,Evacuee;160;in triage state;B;is at the evacuation site
11520,1052,filterLoc,,
11520,1053,evacuee,,Evacuee;20;in triage state;B;is at the evacuation site
11520,1055,filterLoc,,
11520,1056,evacuee,,Evacuee;35;in triage state;B;is at the evacuation site
11520,1058,filterLoc,,
11520,1059,evacuee,,Evacuee;155;in triage state;B;is at the evacuation site
11520,1061,filterLoc,,
11520,1062,evacuee,,Evacuee;36;in triage state;B;is at the evacuation site
11520,1064,filterLoc,,
11520,1065,evacuee,,Evacuee;198;in triage state;B;is at the evacuation site
11520,1067,filterLoc,,
11520,1068,evacuee,,Evacuee;84;in triage state;B;is at the evacuation site
11520,1070,filterLoc,,
11520,1071,evacuee,,Evacuee;42;in triage state;B;is at the evacuation site
11520,1073,filterLoc,,
11520,1074,evacuee,,Evacuee;91;in triage state;B;is at the evacuation site
11520,1076,filterLoc,,
11520,1077,evacuee,,Evacuee;43;in triage state;B;is at the evacuation site
11520,1079,filterLoc,,
11520,1080,evacuee,,Evacuee;30;in triage state;B;is at the evacuation site
11520,1082,filterLoc,,
11520,1083,evacuee,,Evacuee;336;in triage state;B;is at the evacuation site
11520,1085,filterLoc,,
11520,1086,evacuee,,Evacuee;307;in triage state;B;is at the evacuation site
11520,1088,filterLoc,,
11520,1089,evacuee,,Evacuee;212;in triage state;B;is at the evacuation site
11520,1091,filterLoc,,
11520,1092,evacuee,,Evacuee;391;in triage state;B;is at the evacuation site
11520,1094,filterLoc,,
11520,1095,evacuee,,Evacuee;388;in triage state;B;is at the evacuation site
11520,1097,filterLoc,,
11520,1098,evacuee,,Evacuee;55;in triage state;B;is at the evacuation site
11520,1100,filterLoc,,
11520,1101,evacuee,,Evacuee;48;in triage state;B;is at the evacuation site
11520,1103,filterLoc,,
11520,1104,evacuee,,Evacuee;144;in triage state;B;is at the evacuation site
11520,1106,filterLoc,,
11520,1107,evacuee,,Evacuee;50;in triage state;B;is at the evacuation site
11520,1109,filterLoc,,
11520,1110,evacuee,,Evacuee;19;in triage state;B;is at the evacuation site
11520,1112,filterLoc,,
11520,1113,evacuee,,Evacuee;182;in triage state;B;is at the evacuation site
11520,1115,filterLoc,,
11520,1116,evacuee,,Evacuee;490;in triage state;B;is at the evacuation site
11520,1118,filterLoc,,
11520,1119,evacuee,,Evacuee;266;in triage state;B;is at the evacuation site
11520,1121,filterLoc,,
11520,1122,evacuee,,Evacuee;120;in triage state;B;is at the evacuation site
11520,1124,filterLoc,,
11520,1125,evacuee,,Evacuee;94;in triage state;B;is at the evacuation site
11520,1127,filterLoc,,
11520,1128,evacuee,,Evacuee;63;in triage state;B;is at the evacuation site
11520,1130,filterLoc,,
11520,1131,evacuee,,Evacuee;175;in triage state;B;is at the evacuation site
11520,1133,filterLoc,,
11520,1134,evacuee,,Evacuee;47;in triage state;B;is at the evacuation site
11520,1136,filterLoc,,
11520,1137,evacuee,,Evacuee;56;in triage state;B;is at the evacuation site
11520,1139,filterLoc,,
11520,1140,evacuee,,Evacuee;367;in triage state;B;is at the evacuation site
11520,1142,filterLoc,,
11520,1143,evacuee,,Evacuee;364;in triage state;B;is at the evacuation site
11520,1145,filterLoc,,
11520,1146,evacuee,,Evacuee;208;in triage state;B;is at the evacuation site
11520,1148,filterLoc,,
11520,1149,evacuee,,Evacuee;57;in triage state;B;is at the evacuation site
11520,1151,filterLoc,,
11520,1152,evacuee,,Evacuee;231;in triage state;B;is at the evacuation site
11520,1154,filterLoc,,
11520,1155,evacuee,,Evacuee;261;in triage state;B;is at the evacuation site
11520,1157,filterLoc,,
11520,1158,evacuee,,Evacuee;45;in triage state;B;is at the evacuation site
11520,1160,filterEvac,,
11520,1161,filterES,,
11520,1162,helicopter,,Helicopter;1;is unloading people at the FOL;;and has;0;spots taken
11520,1164,filterLoc,,
11520,1165,evacuee,,Evacuee;263;in triage state;B;is at the evacuation site
11520,1167,filterLoc,,
11520,1168,evacuee,,Evacuee;190;in triage state;B;is at the evacuation site
11520,1170,filterLoc,,
11520,1171,evacuee,,Evacuee;128;in triage state;B;is at the evacuation site
11520,1173,filterLoc,,
11520,1174,evacuee,,Evacuee;416;in triage state;B;is at the evacuation site
11520,1176,filterLoc,,
11520,1177,evacuee,,Evacuee;129;in triage state;B;is at the evacuation site
11520,1179,filterLoc,,
11520,1180,evacuee,,Evacuee;308;in triage state;B;is at the evacuation site
11520,1182,filterLoc,,
11520,1183,evacuee,,Evacuee;131;in triage state;B;is at the evacuation site
11520,1185,filterLoc,,
11520,1186,evacuee,,Evacuee;137;in triage state;B;is at the evacuation site
11520,1188,filterLoc,,
11520,1189,evacuee,,Evacuee;138;in triage state;B;is at the evacuation site
11520,1191,filterLoc,,
11520,1192,evacuee,,Evacuee;265;in triage state;B;is at the evacuation site
11520,1194,filterLoc,,
11520,1195,evacuee,,Evacuee;139;in triage state;B;is at the evacuation site
11520,1197,filterLoc,,
11520,1198,evacuee,,Evacuee;194;in triage state;B;is at the evacuation site
11520,1200,filterLoc,,
11520,1201,evacuee,,Evacuee;140;in triage state;B;is at the evacuation site
11520,1203,filterLoc,,
11520,1204,evacuee,,Evacuee;130;in triage state;B;is at the evacuation site
11520,1206,filterLoc,,
11520,1207,evacuee,,Evacuee;143;in triage state;B;is at the evacuation site
11520,1209,filterLoc,,
11520,1210,evacuee,,Evacuee;149;in triage state;B;is at the evacuation site
11520,1212,filterLoc,,
11520,1213,evacuee,,Evacuee;296;in triage state;B;is at the evacuation site
11520,1215,filterLoc,,
11520,1216,evacuee,,Evacuee;151;in triage state;B;is at the evacuation site
11520,1218,filterLoc,,
11520,1219,evacuee,,Evacuee;222;in triage state;B;is at the evacuation site
11520,1221,filterLoc,,
11520,1222,evacuee,,Evacuee;152;in triage state;B;is at the evacuation site
11520,1224,filterLoc,,
11520,1225,evacuee,,Evacuee;153;in triage state;B;is at the evacuation site
11520,1227,filterLoc,,
11520,1228,evacuee,,Evacuee;67;in triage state;B;is at the evacuation site
11520,1230,filterLoc,,
11520,1231,evacuee,,Evacuee;123;in triage state;B;is at the evacuation site
11520,1233,filterLoc,,
11520,1234,evacuee,,Evacuee;159;in triage state;B;is at the evacuation site
11520,1236,filterLoc,,
11520,1237,evacuee,,Evacuee;161;in triage state;B;is at the evacuation site
11520,1239,filterLoc,,
11520,1240,evacuee,,Evacuee;28;in triage state;B;is at the evacuation site
11520,1242,filterLoc,,
11520,1243,evacuee,,Evacuee;126;in triage state;B;is at the evacuation site
11520,1245,filterLoc,,
11520,1246,evacuee,,Evacuee;234;in triage state;B;is at the evacuation site
11520,1248,filterLoc,,
11520,1249,evacuee,,Evacuee;162;in triage state;B;is at the evacuation site
11520,1251,filterLoc,,
11520,1252,evacuee,,Evacuee;163;in triage state;B;is at the evacuation site
11520,1254,filterLoc,,
11520,1255,evacuee,,Evacuee;166;in triage state;B;is at the evacuation site
11520,1257,filterLoc,,
11520,1258,evacuee,,Evacuee;16;in triage state;B;is at the evacuation site
11520,1260,filterLoc,,
11520,1261,evacuee,,Evacuee;242;in triage state;B;is at the evacuation site
11520,1263,filterLoc,,
11520,1264,evacuee,,Evacuee;178;in triage state;B;is at the evacuation site
11520,1266,filterLoc,,
11520,1267,evacuee,,Evacuee;438;in triage state;B;is at the evacuation site
11520,1269,filterLoc,,
11520,1270,evacuee,,Evacuee;146;in triage state;B;is at the evacuation site
11520,1272,filterLoc,,
11520,1273,evacuee,,Evacuee;167;in triage state;B;is at the evacuation site
11520,1275,filterLoc,,
11520,1276,evacuee,,Evacuee;145;in triage state;B;is at the evacuation site
11520,1278,filterLoc,,
11520,1279,evacuee,,Evacuee;168;in triage state;B;is at the evacuation site
11520,1281,filterLoc,,
11520,1282,evacuee,,Evacuee;176;in triage state;B;is at the evacuation site
11520,1284,filterLoc,,
11520,1285,evacuee,,Evacuee;230;in triage state;B;is at the evacuation site
11520,1287,filterLoc,,
11520,1288,evacuee,,Evacuee;169;in triage state;B;is at the evacuation site
11520,1290,filterLoc,,
11520,1291,evacuee,,Evacuee;170;in triage state;B;is at the evacuation site
11520,1293,filterLoc,,
11520,1294,evacuee,,Evacuee;171;in triage state;B;is at the evacuation site
11520,1296,filterLoc,,
11520,1297,evacuee,,Evacuee;174;in triage state;B;is at the evacuation site
11520,1299,filterLoc,,
11520,1300,evacuee,,Evacuee;177;in triage state;B;is at the evacuation site
11520,1302,filterLoc,,
11520,1303,evacuee,,Evacuee;435;in triage state;B;is at the evacuation site
11520,1305,filterLoc,,
11520,1306,evacuee,,Evacuee;58;in triage state;B;is at the evacuation site
11520,1308,filterLoc,,
11520,1309,evacuee,,Evacuee;203;in triage state;B;is at the evacuation site
11520,1311,filterLoc,,
11520,1312,evacuee,,Evacuee;232;in triage state;B;is at the evacuation site
11520,1314,filterLoc,,
11520,1315,evacuee,,Evacuee;183;in triage state;B;is at the evacuation site
11520,1317,filterLoc,,
11520,1318,evacuee,,Evacuee;184;in triage state;B;is at the evacuation site
11520,1320,filterLoc,,
11520,1321,evacuee,,Evacuee;185;in triage state;B;is at the evacuation site
11520,1323,filterLoc,,
11520,1324,evacuee,,Evacuee;186;in triage state;B;is at the evacuation site
11520,1326,filterLoc,,
11520,1327,evacuee,,Evacuee;417;in triage state;B;is at the evacuation site
11520,1329,filterLoc,,
11520,1330,evacuee,,Evacuee;217;in triage state;B;is at the evacuation site
11520,1332,filterLoc,,
11520,1333,evacuee,,Evacuee;189;in triage state;B;is at the evacuation site
11520,1335,filterLoc,,
11520,1336,evacuee,,Evacuee;253;in triage state;B;is at the evacuation site
11520,1338,filterLoc,,
11520,1339,evacuee,,Evacuee;191;in triage state;B;is at the evacuation site
11520,1341,filterLoc,,
11520,1342,evacuee,,Evacuee;314;in triage state;B;is at the evacuation site
11520,1344,filterLoc,,
11520,1345,evacuee,,Evacuee;249;in triage state;B;is at the evacuation site
11520,1347,filterLoc,,
11520,1348,evacuee,,Evacuee;193;in triage state;B;is at the evacuation site
11520,1350,filterLoc,,
11520,1351,evacuee,,Evacuee;195;in triage state;B;is at the evacuation site
11520,1353,filterLoc,,
11520,1354,evacuee,,Evacuee;399;in triage state;B;is at the evacuation site
11520,1356,filterLoc,,
11520,1357,evacuee,,Evacuee;197;in triage state;B;is at the evacuation site
11520,1359,filterLoc,,
11520,1360,evacuee,,Evacuee;450;in triage state;B;is at the evacuation site
11520,1362,filterLoc,,
11520,1363,evacuee,,Evacuee;252;in triage state;B;is at the evacuation site
11520,1365,filterLoc,,
11520,1366,evacuee,,Evacuee;329;in triage state;B;is at the evacuation site
11520,1368,filterLoc,,
11520,1369,evacuee,,Evacuee;201;in triage state;B;is at the evacuation site
11520,1371,filterLoc,,
11520,1372,evacuee,,Evacuee;11;in triage state;R;is at the FOL
11520,1374,filterLoc,,
11520,1375,evacuee,,Evacuee;202;in triage state;B;is at the evacuation site
11520,1377,filterLoc,,
11520,1378,evacuee,,Evacuee;390;in triage state;B;is at the evacuation site
11520,1380,filterLoc,,
11520,1381,evacuee,,Evacuee;204;in triage state;B;is at the evacuation site
11520,1383,filterLoc,,
11520,1384,evacuee,,Evacuee;258;in triage state;B;is at the evacuation site
11520,1386,filterLoc,,
11520,1387,evacuee,,Evacuee;210;in triage state;B;is at the evacuation site
11520,1389,filterLoc,,
11520,1390,evacuee,,Evacuee;275;in triage state;B;is at the evacuation site
11520,1392,filterLoc,,
11520,1393,evacuee,,Evacuee;205;in triage state;B;is at the evacuation site
11520,1395,filterLoc,,
11520,1396,evacuee,,Evacuee;323;in triage state;B;is at the evacuation site
11520,1398,filterLoc,,
11520,1399,evacuee,,Evacuee;180;in triage state;B;is at the evacuation site
11520,1401,filterLoc,,
11520,1402,evacuee,,Evacuee;206;in triage state;B;is at the evacuation site
11520,1404,filterLoc,,
11520,1405,evacuee,,Evacuee;69;in triage state;B;is at the evacuation site
11520,1407,filterLoc,,
11520,1408,evacuee,,Evacuee;207;in triage state;B;is at the evacuation site
11520,1410,filterLoc,,
11520,1411,evacuee,,Evacuee;27;in triage state;B;is at the evacuation site
11520,1413,filterLoc,,
11520,1414,evacuee,,Evacuee;211;in triage state;B;is at the evacuation site
11520,1416,filterLoc,,
11520,1417,evacuee,,Evacuee;294;in triage state;B;is at the evacuation site
11520,1419,filterLoc,,
11520,1420,evacuee,,Evacuee;214;in triage state;B;is at the evacuation site
11520,1422,filterLoc,,
11520,1423,evacuee,,Evacuee;12;in triage state;R;is at the FOL
11520,1425,filterLoc,,
11520,1426,evacuee,,Evacuee;216;in triage state;B;is at the evacuation site
11520,1428,filterLoc,,
11520,1429,evacuee,,Evacuee;219;in triage state;B;is at the evacuation site
11520,1431,filterLoc,,
11520,1432,evacuee,,Evacuee;221;in triage state;B;is at the evacuation site
11520,1434,filterLoc,,
11520,1435,evacuee,,Evacuee;224;in triage state;B;is at the evacuation site
11520,1437,filterLoc,,
11520,1438,evacuee,,Evacuee;339;in triage state;B;is at the evacuation site
11520,1440,filterLoc,,
11520,1441,evacuee,,Evacuee;225;in triage state;B;is at the evacuation site
11520,1443,filterLoc,,
11520,1444,evacuee,,Evacuee;164;in triage state;B;is at the evacuation site
11520,1446,filterLoc,,
11520,1447,evacuee,,Evacuee;226;in triage state;B;is at the evacuation site
11520,1449,filterLoc,,
11520,1450,evacuee,,Evacuee;464;in triage state;B;is at the evacuation site
11520,1452,filterLoc,,
11520,1453,evacuee,,Evacuee;227;in triage state;B;is at the evacuation site
11520,1455,filterLoc,,
11520,1456,evacuee,,Evacuee;267;in triage state;B;is at the evacuation site
11520,1458,filterLoc,,
11520,1459,evacuee,,Evacuee;73;in triage state;B;is at the evacuation site
11520,1461,filterLoc,,
11520,1462,evacuee,,Evacuee;233;in triage state;B;is at the evacuation site
11520,1464,filterLoc,,
11520,1465,evacuee,,Evacuee;236;in triage state;B;is at the evacuation site
11520,1467,filterLoc,,
11520,1468,evacuee,,Evacuee;7;in triage state;Y;is at the FOL
11520,1470,filterLoc,,
11520,1471,evacuee,,Evacuee;237;in triage state;B;is at the evacuation site
11520,1473,filterLoc,,
11520,1474,evacuee,,Evacuee;238;in triage state;B;is at the evacuation site
11520,1476,filterLoc,,
11520,1477,evacuee,,Evacuee;113;in triage state;B;is at the evacuation site
11520,1479,filterLoc,,
11520,1480,evacuee,,Evacuee;239;in triage state;B;is at the evacuation site
11520,1482,filterLoc,,
11520,1483,evacuee,,Evacuee;243;in triage state;B;is at the evacuation site
11520,1485,filterLoc,,
11520,1486,evacuee,,Evacuee;96;in triage state;B;is at the evacuation site
11520,1488,filterLoc,,
11520,1489,evacuee,,Evacuee;244;in triage state;B;is at the evacuation site
11520,1491,filterLoc,,
11520,1492,evacuee,,Evacuee;247;in triage state;B;is at the evacuation site
11520,1494,filterLoc,,
11520,1495,evacuee,,Evacuee;59;in triage state;B;is at the evacuation site
11520,1497,filterLoc,,
11520,1498,evacuee,,Evacuee;248;in triage state;B;is at the evacuation site
11520,1500,filterLoc,,
11520,1501,evacuee,,Evacuee;467;in triage state;B;is at the evacuation site
11520,1503,filterLoc,,
11520,1504,evacuee,,Evacuee;298;in triage state;B;is at the evacuation site
11520,1506,filterLoc,,
11520,1507,evacuee,,Evacuee;254;in triage state;B;is at the evacuation site
11520,1509,filterLoc,,
11520,1510,evacuee,,Evacuee;257;in triage state;B;is at the evacuation site
